crop_name,date,farm_price,retail_price_pettah,retail_price_dambulla,average_spread,year,month,spread_pct,dambulla_premium,month_sin,month_cos
Beans,2000-01-01,50.64,64.7,65.25,14.34,2000,1,28.31747962583012,0.5499999999999972,0.49999999999999994,0.8660254037844387
Beans,2000-02-01,47.56,62.8,64.52,16.1,2000,2,33.851905273538115,1.7199999999999989,0.8660254037844386,0.5000000000000001
Beans,2000-03-01,55.79,72.08,73.53,17.02,2000,3,30.507204683268174,1.4500000000000028,1.0,6.123233995736766e-17
Beans,2000-04-01,55.54,72.53,71.72,16.58,2000,4,29.852304911226295,-0.8100000000000023,0.8660254037844387,-0.49999999999999983
Beans,2000-05-01,46.64,59.6,64.71,15.51,2000,5,33.25464568043379,5.109999999999992,0.49999999999999994,-0.8660254037844387
Beans,2000-06-01,53.84,69.66,74.2,18.09,2000,6,33.59949182858129,4.540000000000006,1.2246467991473532e-16,-1.0
Beans,2000-07-01,42.95,53.38,53.71,10.6,2000,7,24.679802840971263,0.3299999999999983,-0.4999999999999998,-0.8660254037844388
Beans,2000-08-01,46.73,65.21,59.48,15.61,2000,8,33.40459361311018,-5.729999999999997,-0.8660254037844384,-0.5000000000000004
Beans,2000-09-01,47.85,64.9,63.68,16.44,2000,9,34.35729496908053,-1.220000000000006,-1.0,-1.8369701987210297e-16
Beans,2000-10-01,44.2,54.79,60.06,13.22,2000,10,29.909434594039375,5.270000000000003,-0.8660254037844386,0.5000000000000001
Beans,2000-11-01,51.53,66.44,67.0,15.19,2000,11,29.477916790380764,0.5600000000000023,-0.5000000000000004,0.8660254037844384
Beans,2000-12-01,45.46,60.89,64.4,17.19,2000,12,37.813379205061146,3.510000000000005,-2.4492935982947064e-16,1.0
Beans,2001-01-01,58.04,70.39,72.81,13.56,2001,1,23.363157541079357,2.4200000000000017,0.49999999999999994,0.8660254037844387
Beans,2001-02-01,55.2,69.92,76.99,18.25,2001,2,33.06153430881466,7.069999999999993,0.8660254037844386,0.5000000000000001
Beans,2001-03-01,56.36,77.03,76.13,20.22,2001,3,35.87644450595368,-0.9000000000000057,1.0,6.123233995736766e-17
Beans,2001-04-01,58.46,72.71,82.88,19.33,2001,4,33.06528726430505,10.170000000000002,0.8660254037844387,-0.49999999999999983
Beans,2001-05-01,53.66,68.43,73.84,17.48,2001,5,32.57541450724094,5.409999999999997,0.49999999999999994,-0.8660254037844387
Beans,2001-06-01,55.65,77.84,76.97,21.76,2001,6,39.10145714023874,-0.8700000000000045,1.2246467991473532e-16,-1.0
Beans,2001-07-01,58.58,73.25,76.99,16.54,2001,7,28.234844255984537,3.739999999999995,-0.4999999999999998,-0.8660254037844388
Beans,2001-08-01,55.64,74.15,73.93,18.4,2001,8,33.069674569240526,-0.21999999999999886,-0.8660254037844384,-0.5000000000000004
Beans,2001-09-01,48.03,64.79,60.28,14.51,2001,9,30.210222339741115,-4.510000000000005,-1.0,-1.8369701987210297e-16
Beans,2001-10-01,51.34,64.22,73.61,17.57,2001,10,34.222761545069055,9.39,-0.8660254037844386,0.5000000000000001
Beans,2001-11-01,47.57,63.41,68.56,18.42,2001,11,38.72180214042014,5.150000000000006,-0.5000000000000004,0.8660254037844384
Beans,2001-12-01,54.05,66.99,76.73,17.81,2001,12,32.95091035909277,9.740000000000009,-2.4492935982947064e-16,1.0
Beans,2002-01-01,62.01,79.95,88.9,22.42,2002,1,36.1554004912103,8.950000000000003,0.49999999999999994,0.8660254037844387
Beans,2002-02-01,57.23,77.13,82.22,22.44,2002,2,39.21013592497655,5.090000000000003,0.8660254037844386,0.5000000000000001
Beans,2002-03-01,58.92,81.57,75.63,19.68,2002,3,33.40116530691563,-5.939999999999998,1.0,6.123233995736766e-17
Beans,2002-04-01,65.98,82.71,83.01,16.88,2002,4,25.583471380007,0.30000000000001137,0.8660254037844387,-0.49999999999999983
Beans,2002-05-01,55.05,70.56,70.84,15.65,2002,5,28.428649539237895,0.28000000000000114,0.49999999999999994,-0.8660254037844387
Beans,2002-06-01,59.67,82.74,84.65,24.02,2002,6,40.25466691022807,1.9100000000000108,1.2246467991473532e-16,-1.0
Beans,2002-07-01,50.95,70.91,73.4,21.2,2002,7,41.60933933397579,2.490000000000009,-0.4999999999999998,-0.8660254037844388
Beans,2002-08-01,59.16,74.12,77.04,16.42,2002,8,27.75519311157351,2.9200000000000017,-0.8660254037844384,-0.5000000000000004
Beans,2002-09-01,54.1,68.43,74.24,17.24,2002,9,31.866854220232486,5.809999999999988,-1.0,-1.8369701987210297e-16
Beans,2002-10-01,59.37,74.7,82.4,19.18,2002,10,32.30582397536807,7.700000000000003,-0.8660254037844386,0.5000000000000001
Beans,2002-11-01,50.92,66.74,65.5,15.2,2002,11,29.850687645939416,-1.2399999999999949,-0.5000000000000004,0.8660254037844384
Beans,2002-12-01,54.64,68.53,76.63,17.94,2002,12,32.83302922212807,8.099999999999994,-2.4492935982947064e-16,1.0
Beans,2003-01-01,66.17,81.5,91.92,20.54,2003,1,31.041210456082126,10.420000000000002,0.49999999999999994,0.8660254037844387
Beans,2003-02-01,55.62,76.11,77.37,21.12,2003,2,37.97188426486108,1.2600000000000051,0.8660254037844386,0.5000000000000001
Beans,2003-03-01,58.14,72.13,83.09,19.47,2003,3,33.488074495915896,10.960000000000008,1.0,6.123233995736766e-17
Beans,2003-04-01,63.25,79.7,80.59,16.9,2003,4,26.719325344940163,0.8900000000000006,0.8660254037844387,-0.49999999999999983
Beans,2003-05-01,60.67,83.78,83.21,22.82,2003,5,37.61325595309716,-0.5700000000000074,0.49999999999999994,-0.8660254037844387
Beans,2003-06-01,61.91,75.0,88.0,19.59,2003,6,31.642656044813368,13.0,1.2246467991473532e-16,-1.0
Beans,2003-07-01,59.47,77.57,78.69,18.66,2003,7,31.377112195876585,1.1200000000000045,-0.4999999999999998,-0.8660254037844388
Beans,2003-08-01,57.78,76.14,73.75,17.16,2003,8,29.698806336437627,-2.3900000000000006,-0.8660254037844384,-0.5000000000000004
Beans,2003-09-01,62.78,78.82,84.96,19.11,2003,9,30.43958196944573,6.140000000000001,-1.0,-1.8369701987210297e-16
Beans,2003-10-01,51.99,66.34,72.02,17.19,2003,10,33.06398718217507,5.679999999999993,-0.8660254037844386,0.5000000000000001
Beans,2003-11-01,54.58,75.51,76.8,21.58,2003,11,39.53821997394654,1.289999999999992,-0.5000000000000004,0.8660254037844384
Beans,2003-12-01,53.94,73.65,69.48,17.63,2003,12,32.6844036255031,-4.170000000000002,-2.4492935982947064e-16,1.0
Beans,2004-01-01,61.34,74.93,82.85,17.55,2004,1,28.61097389798843,7.9199999999999875,0.49999999999999994,0.8660254037844387
Beans,2004-02-01,69.08,96.05,91.5,24.7,2004,2,35.75559386856707,-4.549999999999997,0.8660254037844386,0.5000000000000001
Beans,2004-03-01,76.45,100.65,97.16,22.46,2004,3,29.378640446513476,-3.490000000000009,1.0,6.123233995736766e-17
Beans,2004-04-01,70.89,93.28,100.75,26.12,2004,4,36.84576548770562,7.469999999999999,0.8660254037844387,-0.49999999999999983
Beans,2004-05-01,66.47,82.51,93.21,21.39,2004,5,32.17988238320689,10.699999999999989,0.49999999999999994,-0.8660254037844387
Beans,2004-06-01,61.98,74.91,84.72,17.84,2004,6,28.7834321015939,9.810000000000002,1.2246467991473532e-16,-1.0
Beans,2004-07-01,69.75,85.0,98.73,22.12,2004,7,31.713216181768917,13.730000000000004,-0.4999999999999998,-0.8660254037844388
Beans,2004-08-01,59.34,74.02,75.57,15.45,2004,8,26.036356527879118,1.5499999999999972,-0.8660254037844384,-0.5000000000000004
Beans,2004-09-01,64.12,85.25,81.62,19.31,2004,9,30.115361641669296,-3.6299999999999955,-1.0,-1.8369701987210297e-16
Beans,2004-10-01,59.34,78.67,84.01,22.0,2004,10,37.07442353484405,5.340000000000003,-0.8660254037844386,0.5000000000000001
Beans,2004-11-01,60.71,78.06,85.85,21.24,2004,11,34.98594138372362,7.789999999999992,-0.5000000000000004,0.8660254037844384
Beans,2004-12-01,61.38,81.72,88.72,23.84,2004,12,38.83994975570258,7.0,-2.4492935982947064e-16,1.0
Beans,2005-01-01,66.14,86.45,86.9,20.54,2005,1,31.05529020972148,0.45000000000000284,0.49999999999999994,0.8660254037844387
Beans,2005-02-01,80.29,101.11,115.73,28.13,2005,2,35.03545268968403,14.620000000000005,0.8660254037844386,0.5000000000000001
Beans,2005-03-01,62.83,76.44,87.69,19.24,2005,3,30.62226544283711,11.25,1.0,6.123233995736766e-17
Beans,2005-04-01,75.47,92.27,104.24,22.78,2005,4,30.184139149146482,11.969999999999999,0.8660254037844387,-0.49999999999999983
Beans,2005-05-01,61.6,77.55,77.15,15.75,2005,5,25.56814031146053,-0.3999999999999915,0.49999999999999994,-0.8660254037844387
Beans,2005-06-01,73.72,101.06,100.2,26.91,2005,6,36.50293474913897,-0.8599999999999994,1.2246467991473532e-16,-1.0
Beans,2005-07-01,61.71,85.73,87.29,24.8,2005,7,40.18791089303048,1.5600000000000023,-0.4999999999999998,-0.8660254037844388
Beans,2005-08-01,58.91,74.21,81.81,19.1,2005,8,32.422284124454045,7.6000000000000085,-0.8660254037844384,-0.5000000000000004
Beans,2005-09-01,66.6,92.71,90.48,25.0,2005,9,37.53748117495319,-2.2299999999999898,-1.0,-1.8369701987210297e-16
Beans,2005-10-01,71.41,93.91,94.99,23.04,2005,10,32.264343559244416,1.0799999999999983,-0.8660254037844386,0.5000000000000001
Beans,2005-11-01,71.15,98.3,103.01,29.5,2005,11,41.461642358900406,4.710000000000008,-0.5000000000000004,0.8660254037844384
Beans,2005-12-01,62.84,84.35,80.16,19.41,2005,12,30.88792029293397,-4.189999999999998,-2.4492935982947064e-16,1.0
Beans,2006-01-01,60.05,82.96,81.82,22.34,2006,1,37.20226943835231,-1.1400000000000006,0.49999999999999994,0.8660254037844387
Beans,2006-02-01,68.48,93.65,93.3,24.99,2006,2,36.49235325298882,-0.3500000000000085,0.8660254037844386,0.5000000000000001
Beans,2006-03-01,73.04,93.73,101.3,24.47,2006,3,33.50214471228817,7.569999999999993,1.0,6.123233995736766e-17
Beans,2006-04-01,70.2,95.08,100.25,27.46,2006,4,39.11675339493818,5.170000000000002,0.8660254037844387,-0.49999999999999983
Beans,2006-05-01,79.8,101.09,106.57,24.03,2006,5,30.112744219618776,5.47999999999999,0.49999999999999994,-0.8660254037844387
Beans,2006-06-01,71.98,89.91,90.68,18.31,2006,6,25.437586221747395,0.7700000000000102,1.2246467991473532e-16,-1.0
Beans,2006-07-01,65.72,83.19,85.16,18.45,2006,7,28.07360305294727,1.9699999999999989,-0.4999999999999998,-0.8660254037844388
Beans,2006-08-01,74.12,102.19,96.07,25.01,2006,8,33.7425340764516,-6.1200000000000045,-0.8660254037844384,-0.5000000000000004
Beans,2006-09-01,67.21,91.77,90.48,23.92,2006,9,35.589889019656276,-1.289999999999992,-1.0,-1.8369701987210297e-16
Beans,2006-10-01,65.88,90.33,87.97,23.27,2006,10,35.321743591767465,-2.3599999999999994,-0.8660254037844386,0.5000000000000001
Beans,2006-11-01,75.5,99.33,103.21,25.77,2006,11,34.13240512264222,3.8799999999999955,-0.5000000000000004,0.8660254037844384
Beans,2006-12-01,68.69,88.38,94.52,22.76,2006,12,33.134323577924626,6.140000000000001,-2.4492935982947064e-16,1.0
Beans,2007-01-01,82.0,110.46,107.89,27.17,2007,1,33.13410593401716,-2.569999999999993,0.49999999999999994,0.8660254037844387
Beans,2007-02-01,74.91,97.63,99.92,23.86,2007,2,31.851512679865596,2.2900000000000063,0.8660254037844386,0.5000000000000001
Beans,2007-03-01,76.26,99.33,107.62,27.21,2007,3,35.68051969509612,8.290000000000006,1.0,6.123233995736766e-17
Beans,2007-04-01,92.99,118.33,123.21,27.78,2007,4,29.87414789316282,4.8799999999999955,0.8660254037844387,-0.49999999999999983
Beans,2007-05-01,75.03,103.12,102.51,27.79,2007,5,37.03846856128406,-0.6099999999999994,0.49999999999999994,-0.8660254037844387
Beans,2007-06-01,82.24,109.13,104.17,24.41,2007,6,29.681384142285822,-4.959999999999994,1.2246467991473532e-16,-1.0
Beans,2007-07-01,79.85,107.72,113.39,30.71,2007,7,38.4595636073092,5.670000000000002,-0.4999999999999998,-0.8660254037844388
Beans,2007-08-01,75.65,97.58,108.33,27.3,2007,8,36.08719618348158,10.75,-0.8660254037844384,-0.5000000000000004
Beans,2007-09-01,89.48,113.26,124.56,29.43,2007,9,32.88999453509774,11.299999999999997,-1.0,-1.8369701987210297e-16
Beans,2007-10-01,83.98,103.71,116.21,25.98,2007,10,30.935900290664097,12.5,-0.8660254037844386,0.5000000000000001
Beans,2007-11-01,89.33,122.23,123.93,33.75,2007,11,37.78121820080801,1.7000000000000028,-0.5000000000000004,0.8660254037844384
Beans,2007-12-01,78.53,99.43,99.95,21.16,2007,12,26.945082204148473,0.519999999999996,-2.4492935982947064e-16,1.0
Beans,2008-01-01,67.62,84.85,90.62,20.11,2008,1,29.739677995152324,5.77000000000001,0.49999999999999994,0.8660254037844387
Beans,2008-02-01,85.36,107.32,107.35,21.97,2008,2,25.7380204568645,0.030000000000001137,0.8660254037844386,0.5000000000000001
Beans,2008-03-01,85.01,114.81,117.75,31.27,2008,3,36.783864505511694,2.9399999999999977,1.0,6.123233995736766e-17
Beans,2008-04-01,82.79,105.02,113.36,26.4,2008,4,31.887870651201045,8.340000000000003,0.8660254037844387,-0.49999999999999983
Beans,2008-05-01,84.34,111.56,116.2,29.54,2008,5,35.02485768928422,4.640000000000001,0.49999999999999994,-0.8660254037844387
Beans,2008-06-01,86.75,116.66,117.81,30.48,2008,6,35.13540618396981,1.1500000000000057,1.2246467991473532e-16,-1.0
Beans,2008-07-01,96.56,121.89,135.73,32.25,2008,7,33.39888836072042,13.83999999999999,-0.4999999999999998,-0.8660254037844388
Beans,2008-08-01,78.25,104.12,108.4,28.01,2008,8,35.79548141152535,4.280000000000001,-0.8660254037844384,-0.5000000000000004
Beans,2008-09-01,75.05,91.79,97.34,19.52,2008,9,26.00929245930385,5.549999999999997,-1.0,-1.8369701987210297e-16
Beans,2008-10-01,78.6,95.78,101.8,20.19,2008,10,25.686990220114225,6.019999999999996,-0.8660254037844386,0.5000000000000001
Beans,2008-11-01,85.02,107.81,116.17,26.97,2008,11,31.721910465878068,8.36,-0.5000000000000004,0.8660254037844384
Beans,2008-12-01,81.54,113.09,108.55,29.28,2008,12,35.90871240040176,-4.540000000000006,-2.4492935982947064e-16,1.0
Beans,2009-01-01,77.02,107.26,100.46,26.84,2009,1,34.84804615937917,-6.800000000000011,0.49999999999999994,0.8660254037844387
Beans,2009-02-01,90.6,116.84,124.22,29.93,2009,2,33.03528362551476,7.3799999999999955,0.8660254037844386,0.5000000000000001
Beans,2009-03-01,85.54,107.31,121.87,29.05,2009,3,33.96068042941264,14.560000000000002,1.0,6.123233995736766e-17
Beans,2009-04-01,101.02,134.57,126.95,29.74,2009,4,29.439685765506074,-7.61999999999999,0.8660254037844387,-0.49999999999999983
Beans,2009-05-01,93.85,130.66,122.2,32.58,2009,5,34.71493370811539,-8.459999999999994,0.49999999999999994,-0.8660254037844387
Beans,2009-06-01,87.45,122.31,114.87,31.14,2009,6,35.60887866337488,-7.439999999999998,1.2246467991473532e-16,-1.0
Beans,2009-07-01,87.73,113.38,121.07,29.49,2009,7,33.614460715307516,7.689999999999998,-0.4999999999999998,-0.8660254037844388
Beans,2009-08-01,101.92,126.16,131.18,26.75,2009,8,26.246049601599687,5.02000000000001,-0.8660254037844384,-0.5000000000000004
Beans,2009-09-01,77.85,100.78,105.67,25.38,2009,9,32.60111419253155,4.890000000000001,-1.0,-1.8369701987210297e-16
Beans,2009-10-01,76.11,102.85,103.46,27.04,2009,10,35.527479270162566,0.6099999999999994,-0.8660254037844386,0.5000000000000001
Beans,2009-11-01,75.26,92.02,105.17,23.33,2009,11,30.999161574326894,13.150000000000006,-0.5000000000000004,0.8660254037844384
Beans,2009-12-01,80.76,111.06,109.72,29.63,2009,12,36.688909498626174,-1.3400000000000034,-2.4492935982947064e-16,1.0
Beans,2010-01-01,88.38,121.54,127.95,36.37,2010,1,41.151797746325244,6.409999999999997,0.49999999999999994,0.8660254037844387
Beans,2010-02-01,99.78,119.77,138.79,29.5,2010,2,29.565013464608676,19.019999999999996,0.8660254037844386,0.5000000000000001
Beans,2010-03-01,94.49,128.47,136.98,38.24,2010,3,40.46984816398756,8.509999999999991,1.0,6.123233995736766e-17
Beans,2010-04-01,96.26,127.23,139.19,36.95,2010,4,38.38558239602909,11.959999999999994,0.8660254037844387,-0.49999999999999983
Beans,2010-05-01,85.56,106.08,122.74,28.85,2010,5,33.718988173225604,16.659999999999997,0.49999999999999994,-0.8660254037844387
Beans,2010-06-01,104.19,130.7,150.34,36.33,2010,6,34.8689558796853,19.640000000000015,1.2246467991473532e-16,-1.0
Beans,2010-07-01,93.76,114.16,132.8,29.72,2010,7,31.697918410923194,18.640000000000015,-0.4999999999999998,-0.8660254037844388
Beans,2010-08-01,114.5,155.95,161.81,44.38,2010,8,38.75979147616465,5.860000000000014,-0.8660254037844384,-0.5000000000000004
Beans,2010-09-01,80.21,104.01,111.39,27.49,2010,9,34.27249186823106,7.3799999999999955,-1.0,-1.8369701987210297e-16
Beans,2010-10-01,85.22,112.47,107.9,24.97,2010,10,29.30059927176804,-4.569999999999993,-0.8660254037844386,0.5000000000000001
Beans,2010-11-01,100.55,125.91,133.23,29.02,2010,11,28.86123434984152,7.319999999999993,-0.5000000000000004,0.8660254037844384
Beans,2010-12-01,82.3,109.71,104.2,24.66,2010,12,29.96351158747073,-5.509999999999991,-2.4492935982947064e-16,1.0
Beans,2011-01-01,100.53,135.62,133.76,34.16,2011,1,33.97987269484462,-1.8600000000000136,0.49999999999999994,0.8660254037844387
Beans,2011-02-01,118.36,151.67,149.81,32.38,2011,2,27.357192161885635,-1.8599999999999852,0.8660254037844386,0.5000000000000001
Beans,2011-03-01,119.79,164.0,167.72,46.07,2011,3,38.45893775862947,3.719999999999999,1.0,6.123233995736766e-17
Beans,2011-04-01,113.29,158.04,143.9,37.68,2011,4,33.25974643856788,-14.139999999999986,0.8660254037844387,-0.49999999999999983
Beans,2011-05-01,104.04,127.4,144.49,31.9,2011,5,30.661254650850967,17.090000000000003,0.49999999999999994,-0.8660254037844387
Beans,2011-06-01,100.32,129.33,130.42,29.56,2011,6,29.465680357176677,1.089999999999975,1.2246467991473532e-16,-1.0
Beans,2011-07-01,93.5,118.42,118.45,24.94,2011,7,26.67376826334945,0.030000000000001137,-0.4999999999999998,-0.8660254037844388
Beans,2011-08-01,111.5,152.06,143.99,36.53,2011,8,32.76230245533412,-8.069999999999993,-0.8660254037844384,-0.5000000000000004
Beans,2011-09-01,91.12,121.58,131.32,35.33,2011,9,38.77300398046095,9.739999999999995,-1.0,-1.8369701987210297e-16
Beans,2011-10-01,98.53,129.39,141.38,36.85,2011,10,37.399738760033735,11.990000000000009,-0.8660254037844386,0.5000000000000001
Beans,2011-11-01,105.76,145.3,132.53,33.16,2011,11,31.353979430806127,-12.77000000000001,-0.5000000000000004,0.8660254037844384
Beans,2011-12-01,85.35,108.07,119.74,28.56,2011,12,33.46217520541862,11.670000000000002,-2.4492935982947064e-16,1.0
Beans,2012-01-01,101.73,135.55,136.7,34.39,2012,1,33.80513731923983,1.1499999999999773,0.49999999999999994,0.8660254037844387
Beans,2012-02-01,95.13,116.53,122.74,24.51,2012,2,25.76471589959435,6.209999999999994,0.8660254037844386,0.5000000000000001
Beans,2012-03-01,90.6,125.44,124.0,34.12,2012,3,37.66000258277861,-1.4399999999999977,1.0,6.123233995736766e-17
Beans,2012-04-01,120.51,149.51,166.43,37.46,2012,4,31.08453150399842,16.920000000000016,0.8660254037844387,-0.49999999999999983
Beans,2012-05-01,119.1,151.1,159.42,36.16,2012,5,30.36101564986091,8.319999999999993,0.49999999999999994,-0.8660254037844387
Beans,2012-06-01,104.07,128.06,150.34,35.13,2012,6,33.75609324868527,22.28,1.2246467991473532e-16,-1.0
Beans,2012-07-01,94.85,122.89,124.15,28.67,2012,7,30.22664182747304,1.2600000000000051,-0.4999999999999998,-0.8660254037844388
Beans,2012-08-01,89.44,117.33,118.05,28.25,2012,8,31.58538507895228,0.7199999999999989,-0.8660254037844384,-0.5000000000000004
Beans,2012-09-01,116.62,146.33,148.63,30.86,2012,9,26.461990685996668,2.299999999999983,-1.0,-1.8369701987210297e-16
Beans,2012-10-01,112.03,151.37,147.16,37.24,2012,10,33.241066463387966,-4.210000000000008,-0.8660254037844386,0.5000000000000001
Beans,2012-11-01,107.13,141.1,136.64,31.74,2012,11,29.627527650958974,-4.460000000000008,-0.5000000000000004,0.8660254037844384
Beans,2012-12-01,111.65,150.1,145.92,36.36,2012,12,32.56602546706183,-4.180000000000007,-2.4492935982947064e-16,1.0
Beans,2013-01-01,95.83,123.29,134.38,33.01,2013,1,34.44637958219807,11.08999999999999,0.49999999999999994,0.8660254037844387
Beans,2013-02-01,112.73,146.44,160.86,40.92,2013,2,36.29908959541418,14.420000000000016,0.8660254037844386,0.5000000000000001
Beans,2013-03-01,111.17,137.29,157.32,36.13,2013,3,32.4997458849097,20.03,1.0,6.123233995736766e-17
Beans,2013-04-01,124.18,156.74,176.1,42.24,2013,4,34.015111922119566,19.359999999999985,0.8660254037844387,-0.49999999999999983
Beans,2013-05-01,135.22,168.62,188.65,43.42,2013,5,32.11061077458159,20.03,0.49999999999999994,-0.8660254037844387
Beans,2013-06-01,119.45,148.21,153.64,31.47,2013,6,26.345729304538047,5.429999999999978,1.2246467991473532e-16,-1.0
Beans,2013-07-01,120.04,161.79,159.27,40.49,2013,7,33.7303950929731,-2.519999999999982,-0.4999999999999998,-0.8660254037844388
Beans,2013-08-01,131.06,172.69,186.34,48.46,2013,8,36.975402887682826,13.650000000000006,-0.8660254037844384,-0.5000000000000004
Beans,2013-09-01,106.43,133.26,150.1,35.25,2013,9,33.120329681171015,16.840000000000003,-1.0,-1.8369701987210297e-16
Beans,2013-10-01,114.46,154.88,144.97,35.47,2013,10,30.988964713467837,-9.909999999999997,-0.8660254037844386,0.5000000000000001
Beans,2013-11-01,98.9,126.55,141.58,35.16,2013,11,35.55102573202655,15.030000000000015,-0.5000000000000004,0.8660254037844384
Beans,2013-12-01,122.64,161.27,157.51,36.75,2013,12,29.965728990762404,-3.7600000000000193,-2.4492935982947064e-16,1.0
Beans,2014-01-01,112.36,155.45,152.08,41.4,2014,1,36.845819823941056,-3.369999999999976,0.49999999999999994,0.8660254037844387
Beans,2014-02-01,142.26,191.49,185.54,46.26,2014,2,32.517902068113266,-5.950000000000017,0.8660254037844386,0.5000000000000001
Beans,2014-03-01,132.53,177.24,169.17,40.67,2014,3,30.68736837895693,-8.070000000000022,1.0,6.123233995736766e-17
Beans,2014-04-01,114.09,139.23,149.75,30.4,2014,4,26.64560728757359,10.52000000000001,0.8660254037844387,-0.49999999999999983
Beans,2014-05-01,121.61,158.5,174.73,45.0,2014,5,37.00350546541776,16.22999999999999,0.49999999999999994,-0.8660254037844387
Beans,2014-06-01,110.3,154.01,156.4,44.9,2014,6,40.70712537885278,2.390000000000015,1.2246467991473532e-16,-1.0
Beans,2014-07-01,108.33,150.31,153.37,43.51,2014,7,40.16427567222775,3.0600000000000023,-0.4999999999999998,-0.8660254037844388
Beans,2014-08-01,128.93,167.65,185.09,47.44,2014,8,36.795131625586265,17.439999999999998,-0.8660254037844384,-0.5000000000000004
Beans,2014-09-01,94.54,129.97,125.86,33.37,2014,9,35.297191350548594,-4.109999999999999,-1.0,-1.8369701987210297e-16
Beans,2014-10-01,112.86,150.4,154.76,39.72,2014,10,35.19401453658113,4.359999999999985,-0.8660254037844386,0.5000000000000001
Beans,2014-11-01,121.36,147.65,158.86,31.9,2014,11,26.285410114197333,11.210000000000008,-0.5000000000000004,0.8660254037844384
Beans,2014-12-01,123.07,148.91,169.16,35.97,2014,12,29.227245285410508,20.25,-2.4492935982947064e-16,1.0
Beans,2015-01-01,123.33,148.03,165.8,33.59,2015,1,27.235849156045443,17.77000000000001,0.49999999999999994,0.8660254037844387
Beans,2015-02-01,149.93,180.71,211.25,46.05,2015,2,30.714312869797322,30.539999999999992,0.8660254037844386,0.5000000000000001
Beans,2015-03-01,150.17,197.48,189.03,43.09,2015,3,28.694127526052128,-8.449999999999989,1.0,6.123233995736766e-17
Beans,2015-04-01,160.22,220.89,204.36,52.4,2015,4,32.70501017038436,-16.529999999999973,0.8660254037844387,-0.49999999999999983
Beans,2015-05-01,113.06,141.1,143.1,29.04,2015,5,25.685454019587812,2.0,0.49999999999999994,-0.8660254037844387
Beans,2015-06-01,108.38,136.05,142.97,31.13,2015,6,28.722985123652773,6.9199999999999875,1.2246467991473532e-16,-1.0
Beans,2015-07-01,103.3,134.01,144.91,36.16,2015,7,35.00480638450495,10.900000000000006,-0.4999999999999998,-0.8660254037844388
Beans,2015-08-01,141.17,170.99,177.21,32.93,2015,8,23.32646927359264,6.219999999999999,-0.8660254037844384,-0.5000000000000004
Beans,2015-09-01,140.68,171.6,180.65,35.44,2015,9,25.19190702878374,9.050000000000011,-1.0,-1.8369701987210297e-16
Beans,2015-10-01,113.2,151.85,163.4,44.42,2015,10,39.240248020982314,11.550000000000011,-0.8660254037844386,0.5000000000000001
Beans,2015-11-01,103.15,129.23,129.04,25.98,2015,11,25.18659700766165,-0.18999999999999773,-0.5000000000000004,0.8660254037844384
Beans,2015-12-01,127.92,174.15,161.23,39.77,2015,12,31.089719285710377,-12.920000000000016,-2.4492935982947064e-16,1.0
Beans,2016-01-01,126.12,154.34,171.84,36.97,2016,1,29.31332912041776,17.5,0.49999999999999994,0.8660254037844387
Beans,2016-02-01,168.45,210.43,230.18,51.86,2016,2,30.786565279569437,19.75,0.8660254037844386,0.5000000000000001
Beans,2016-03-01,143.84,173.0,192.89,39.1,2016,3,27.182962192045196,19.889999999999986,1.0,6.123233995736766e-17
Beans,2016-04-01,168.31,202.06,216.32,40.88,2016,4,24.28850080892353,14.259999999999991,0.8660254037844387,-0.49999999999999983
Beans,2016-05-01,125.35,153.67,176.95,39.96,2016,5,31.878714097555566,23.28,0.49999999999999994,-0.8660254037844387
Beans,2016-06-01,143.32,183.25,197.98,47.3,2016,6,33.00304702550444,14.72999999999999,1.2246467991473532e-16,-1.0
Beans,2016-07-01,121.73,169.35,157.78,41.83,2016,7,34.3629061341443,-11.569999999999993,-0.4999999999999998,-0.8660254037844388
Beans,2016-08-01,141.65,189.01,199.69,52.7,2016,8,37.20435072054308,10.680000000000007,-0.8660254037844384,-0.5000000000000004
Beans,2016-09-01,126.53,160.8,165.53,36.64,2016,9,28.95753658615618,4.72999999999999,-1.0,-1.8369701987210297e-16
Beans,2016-10-01,128.38,175.79,164.13,41.58,2016,10,32.38819723617601,-11.659999999999997,-0.8660254037844386,0.5000000000000001
Beans,2016-11-01,125.59,175.49,165.58,44.95,2016,11,35.79103766937043,-9.909999999999997,-0.5000000000000004,0.8660254037844384
Beans,2016-12-01,144.9,201.14,187.76,49.55,2016,12,34.19597363976974,-13.379999999999995,-2.4492935982947064e-16,1.0
Beans,2017-01-01,117.0,145.98,166.46,39.22,2017,1,33.52133887065054,20.480000000000018,0.49999999999999994,0.8660254037844387
Beans,2017-02-01,183.55,243.75,264.4,70.52,2017,2,38.42002810131947,20.649999999999977,0.8660254037844386,0.5000000000000001
Beans,2017-03-01,148.45,194.14,192.87,45.06,2017,3,30.35363398205862,-1.2699999999999818,1.0,6.123233995736766e-17
Beans,2017-04-01,119.54,145.79,167.04,36.87,2017,4,30.84320658925331,21.25,0.8660254037844387,-0.49999999999999983
Beans,2017-05-01,186.47,226.66,244.21,48.96,2017,5,26.256220166128514,17.55000000000001,0.49999999999999994,-0.8660254037844387
Beans,2017-06-01,164.08,219.5,229.87,60.6,2017,6,36.933180806203794,10.370000000000005,1.2246467991473532e-16,-1.0
Beans,2017-07-01,163.44,205.19,216.63,47.47,2017,7,29.044279830959475,11.439999999999998,-0.4999999999999998,-0.8660254037844388
Beans,2017-08-01,146.3,199.87,188.97,48.12,2017,8,32.89129672501932,-10.900000000000006,-0.8660254037844384,-0.5000000000000004
Beans,2017-09-01,157.81,200.44,205.62,45.22,2017,9,28.654693204047142,5.180000000000007,-1.0,-1.8369701987210297e-16
Beans,2017-10-01,122.6,167.31,160.1,41.1,2017,10,33.52362681596508,-7.210000000000008,-0.8660254037844386,0.5000000000000001
Beans,2017-11-01,152.09,190.38,197.81,42.0,2017,11,27.615209668479405,7.430000000000007,-0.5000000000000004,0.8660254037844384
Beans,2017-12-01,155.45,196.07,204.79,44.98,2017,12,28.9353303728978,8.719999999999999,-2.4492935982947064e-16,1.0
Beans,2018-01-01,205.01,271.23,270.26,65.74,2018,1,32.066712810734685,-0.9700000000000273,0.49999999999999994,0.8660254037844387
Beans,2018-02-01,197.84,247.83,256.16,54.16,2018,2,27.375643259379668,8.330000000000013,0.8660254037844386,0.5000000000000001
Beans,2018-03-01,167.63,210.11,222.98,48.92,2018,3,29.1833029986858,12.869999999999976,1.0,6.123233995736766e-17
Beans,2018-04-01,191.97,256.12,248.03,60.1,2018,4,31.30695873992877,-8.090000000000003,0.8660254037844387,-0.49999999999999983
Beans,2018-05-01,171.51,212.16,238.85,54.0,2018,5,31.48502624626771,26.689999999999998,0.49999999999999994,-0.8660254037844387
Beans,2018-06-01,121.72,150.41,172.23,39.6,2018,6,32.533657136331634,21.819999999999993,1.2246467991473532e-16,-1.0
Beans,2018-07-01,152.96,186.01,201.03,40.56,2018,7,26.516719065952493,15.02000000000001,-0.4999999999999998,-0.8660254037844388
Beans,2018-08-01,154.47,195.44,217.78,52.14,2018,8,33.75410516339408,22.340000000000003,-0.8660254037844384,-0.5000000000000004
Beans,2018-09-01,150.76,187.07,208.58,47.07,2018,9,31.221788788943496,21.51000000000002,-1.0,-1.8369701987210297e-16
Beans,2018-10-01,153.36,205.47,196.95,47.85,2018,10,31.201075116669845,-8.52000000000001,-0.8660254037844386,0.5000000000000001
Beans,2018-11-01,124.35,163.33,158.28,36.46,2018,11,29.320442846447246,-5.050000000000011,-0.5000000000000004,0.8660254037844384
Beans,2018-12-01,120.28,160.89,163.66,41.99,2018,12,34.91018048704649,2.7700000000000102,-2.4492935982947064e-16,1.0
Beans,2019-01-01,163.43,225.04,216.38,57.28,2019,1,35.04862323403094,-8.659999999999997,0.49999999999999994,0.8660254037844387
Beans,2019-02-01,205.86,251.13,265.91,52.66,2019,2,25.580479170077155,14.78000000000003,0.8660254037844386,0.5000000000000001
Beans,2019-03-01,184.81,224.55,246.29,50.61,2019,3,27.38486695261785,21.73999999999998,1.0,6.123233995736766e-17
Beans,2019-04-01,205.75,268.35,290.42,73.64,2019,4,35.79099111008938,22.069999999999993,0.8660254037844387,-0.49999999999999983
Beans,2019-05-01,153.34,192.66,214.06,50.02,2019,5,32.62029958243147,21.400000000000006,0.49999999999999994,-0.8660254037844387
Beans,2019-06-01,140.7,189.84,195.54,51.99,2019,6,36.95093322606026,5.699999999999989,1.2246467991473532e-16,-1.0
Beans,2019-07-01,157.73,219.63,218.05,61.11,2019,7,38.743397740824356,-1.579999999999984,-0.4999999999999998,-0.8660254037844388
Beans,2019-08-01,142.85,195.75,200.65,55.35,2019,8,38.74691022267398,4.900000000000006,-0.8660254037844384,-0.5000000000000004
Beans,2019-09-01,118.34,164.54,170.31,49.08,2019,9,41.473684744224485,5.77000000000001,-1.0,-1.8369701987210297e-16
Beans,2019-10-01,153.63,201.86,214.7,54.65,2019,10,35.57245617883474,12.839999999999975,-0.8660254037844386,0.5000000000000001
Beans,2019-11-01,181.94,229.91,262.06,64.04,2019,11,35.19839771441261,32.150000000000006,-0.5000000000000004,0.8660254037844384
Beans,2019-12-01,176.38,220.71,225.68,46.82,2019,12,26.544944696142025,4.969999999999999,-2.4492935982947064e-16,1.0
Beans,2020-01-01,160.48,215.04,214.16,54.12,2020,1,33.72380750011995,-0.8799999999999955,0.49999999999999994,0.8660254037844387
Beans,2020-02-01,183.42,232.77,230.35,48.14,2020,2,26.245760415570597,-2.420000000000016,0.8660254037844386,0.5000000000000001
Beans,2020-03-01,201.31,274.94,260.3,66.31,2020,3,32.939231563642366,-14.639999999999986,1.0,6.123233995736766e-17
Beans,2020-04-01,189.25,230.46,274.35,63.16,2020,4,33.37382648674954,43.890000000000015,0.8660254037844387,-0.49999999999999983
Beans,2020-05-01,199.63,276.86,253.64,65.62,2020,5,32.870794534491544,-23.220000000000027,0.49999999999999994,-0.8660254037844387
Beans,2020-06-01,173.97,228.65,233.4,57.06,2020,6,32.79873955352098,4.75,1.2246467991473532e-16,-1.0
Beans,2020-07-01,179.59,233.81,250.09,62.36,2020,7,34.723517610380526,16.28,-0.4999999999999998,-0.8660254037844388
Beans,2020-08-01,196.65,235.98,274.6,58.64,2020,8,29.81946106307599,38.62000000000003,-0.8660254037844384,-0.5000000000000004
Beans,2020-09-01,130.23,166.96,186.67,46.59,2020,9,35.77513954147313,19.70999999999998,-1.0,-1.8369701987210297e-16
Beans,2020-10-01,140.36,178.87,200.6,49.37,2020,10,35.17381364077112,21.72999999999999,-0.8660254037844386,0.5000000000000001
Beans,2020-11-01,189.7,239.23,242.53,51.18,2020,11,26.979427000829205,3.3000000000000114,-0.5000000000000004,0.8660254037844384
Beans,2020-12-01,201.49,280.28,257.69,67.49,2020,12,33.49544220783056,-22.589999999999975,-2.4492935982947064e-16,1.0
Beans,2021-01-01,214.94,266.01,284.67,60.4,2021,1,28.100852283961903,18.660000000000025,0.49999999999999994,0.8660254037844387
Beans,2021-02-01,197.3,259.39,279.65,72.22,2021,2,36.60413755492268,20.25999999999999,0.8660254037844386,0.5000000000000001
Beans,2021-03-01,178.11,238.25,234.32,58.17,2021,3,32.65957404998369,-3.930000000000007,1.0,6.123233995736766e-17
Beans,2021-04-01,167.46,219.27,236.19,60.27,2021,4,35.99066285043423,16.919999999999987,0.8660254037844387,-0.49999999999999983
Beans,2021-05-01,149.91,204.74,195.26,50.09,2021,5,33.41335907320454,-9.480000000000018,0.49999999999999994,-0.8660254037844387
Beans,2021-06-01,160.16,223.87,231.79,67.67,2021,6,42.25147212070922,7.9199999999999875,1.2246467991473532e-16,-1.0
Beans,2021-07-01,221.25,268.89,317.02,71.7,2021,7,32.40676501389152,48.129999999999995,-0.4999999999999998,-0.8660254037844388
Beans,2021-08-01,160.76,224.65,216.81,59.97,2021,8,37.304032530459985,-7.840000000000003,-0.8660254037844384,-0.5000000000000004
Beans,2021-09-01,237.7,309.62,328.4,81.31,2021,9,34.206969201948176,18.779999999999973,-1.0,-1.8369701987210297e-16
Beans,2021-10-01,213.33,284.15,307.15,82.32,2021,10,38.58808485066101,23.0,-0.8660254037844386,0.5000000000000001
Beans,2021-11-01,194.25,243.73,246.09,50.66,2021,11,26.079780653909573,2.3600000000000136,-0.5000000000000004,0.8660254037844384
Beans,2021-12-01,191.55,264.99,247.29,64.59,2021,12,33.71963783887348,-17.700000000000017,-2.4492935982947064e-16,1.0
Beans,2022-01-01,183.5,230.77,254.31,59.04,2022,1,32.17436938726464,23.539999999999992,0.49999999999999994,0.8660254037844387
Beans,2022-02-01,194.99,237.09,264.85,55.98,2022,2,28.709149849146183,27.76000000000002,0.8660254037844386,0.5000000000000001
Beans,2022-03-01,303.36,396.0,394.32,91.8,2022,3,30.26106597406844,-1.6800000000000068,1.0,6.123233995736766e-17
Beans,2022-04-01,267.38,367.2,341.39,86.92,2022,4,32.508028832362626,-25.810000000000002,0.8660254037844387,-0.49999999999999983
Beans,2022-05-01,202.87,245.64,263.81,51.85,2022,5,25.558226668198024,18.170000000000016,0.49999999999999994,-0.8660254037844387
Beans,2022-06-01,182.88,232.69,243.57,55.25,2022,6,30.211050846975695,10.879999999999995,1.2246467991473532e-16,-1.0
Beans,2022-07-01,151.03,181.88,200.08,39.95,2022,7,26.45168082388875,18.200000000000017,-0.4999999999999998,-0.8660254037844388
Beans,2022-08-01,267.82,335.37,381.89,90.81,2022,8,33.90708912437865,46.51999999999998,-0.8660254037844384,-0.5000000000000004
Beans,2022-09-01,221.95,292.16,310.34,79.3,2022,9,35.72875164282422,18.17999999999995,-1.0,-1.8369701987210297e-16
Beans,2022-10-01,143.11,171.9,184.48,35.08,2022,10,24.51259554706481,12.579999999999984,-0.8660254037844386,0.5000000000000001
Beans,2022-11-01,169.34,222.72,222.88,53.46,2022,11,31.569604600446084,0.1599999999999966,-0.5000000000000004,0.8660254037844384
Beans,2022-12-01,201.58,259.66,279.15,67.82,2022,12,33.64419404494788,19.489999999999952,-2.4492935982947064e-16,1.0
Beans,2023-01-01,229.26,288.04,296.82,63.17,2023,1,27.55385695112233,8.779999999999973,0.49999999999999994,0.8660254037844387
Beans,2023-02-01,178.45,245.84,258.51,73.73,2023,2,41.3168723357398,12.669999999999987,0.8660254037844386,0.5000000000000001
Beans,2023-03-01,200.94,256.7,275.22,65.02,2023,3,32.35790168313841,18.52000000000004,1.0,6.123233995736766e-17
Beans,2023-04-01,174.04,239.66,250.6,71.09,2023,4,40.84690826999066,10.939999999999998,0.8660254037844387,-0.49999999999999983
Beans,2023-05-01,183.34,248.28,237.82,59.71,2023,5,32.56788885792034,-10.460000000000008,0.49999999999999994,-0.8660254037844387
Beans,2023-06-01,188.3,260.68,253.81,68.94,2023,6,36.611770253972246,-6.8700000000000045,1.2246467991473532e-16,-1.0
Beans,2023-07-01,167.37,212.55,221.43,49.62,2023,7,29.646872410305065,8.879999999999995,-0.4999999999999998,-0.8660254037844388
Beans,2023-08-01,216.58,289.44,309.13,82.7,2023,8,38.18448694039757,19.689999999999998,-0.8660254037844384,-0.5000000000000004
Beans,2023-09-01,180.57,218.6,246.29,51.88,2023,9,28.731224050936454,27.689999999999998,-1.0,-1.8369701987210297e-16
Beans,2023-10-01,283.1,363.42,380.77,88.99,2023,10,31.43411111476117,17.349999999999966,-0.8660254037844386,0.5000000000000001
Beans,2023-11-01,199.95,251.03,263.33,57.23,2023,11,28.62214122423545,12.299999999999983,-0.5000000000000004,0.8660254037844384
Beans,2023-12-01,219.43,288.88,275.04,62.53,2023,12,28.49654628056953,-13.839999999999975,-2.4492935982947064e-16,1.0
Beans,2024-01-01,267.67,340.87,343.85,74.69,2024,1,27.90375167043312,2.980000000000018,0.49999999999999994,0.8660254037844387
Beans,2024-02-01,327.03,405.77,472.71,112.21,2024,2,34.311826342590486,66.94,0.8660254037844386,0.5000000000000001
Beans,2024-03-01,297.64,369.92,386.68,80.66,2024,3,27.099843065500924,16.75999999999999,1.0,6.123233995736766e-17
Beans,2024-04-01,243.47,296.68,325.58,67.66,2024,4,27.789860027987007,28.899999999999977,0.8660254037844387,-0.49999999999999983
Beans,2024-05-01,293.37,373.2,377.43,81.94,2024,5,27.9305900635409,4.230000000000018,0.49999999999999994,-0.8660254037844387
Beans,2024-06-01,230.37,309.9,300.25,74.7,2024,6,32.42608307241261,-9.649999999999977,1.2246467991473532e-16,-1.0
Beans,2024-07-01,169.0,231.32,238.47,65.9,2024,7,38.99405976682854,7.150000000000006,-0.4999999999999998,-0.8660254037844388
Beans,2024-08-01,227.21,298.23,328.51,86.16,2024,8,37.92084946927975,30.279999999999973,-0.8660254037844384,-0.5000000000000004
Beans,2024-09-01,180.72,239.27,230.09,53.96,2024,9,29.858327878304625,-9.180000000000007,-1.0,-1.8369701987210297e-16
Beans,2024-10-01,229.41,286.75,322.68,75.31,2024,10,32.82767410850699,35.93000000000001,-0.8660254037844386,0.5000000000000001
Beans,2024-11-01,161.37,196.22,228.2,50.84,2024,11,31.505216889622055,31.97999999999999,-0.5000000000000004,0.8660254037844384
Beans,2024-12-01,264.65,344.32,337.79,76.41,2024,12,28.872084310567054,-6.529999999999973,-2.4492935982947064e-16,1.0
Beans,2025-01-01,177.96,243.11,257.62,72.4,2025,1,40.683276756980916,14.509999999999991,0.49999999999999994,0.8660254037844387
Beans,2025-02-01,325.43,439.8,426.38,107.66,2025,2,33.08237314249665,-13.420000000000016,0.8660254037844386,0.5000000000000001
Beans,2025-03-01,303.36,381.88,408.5,91.83,2025,3,30.27095521131487,26.620000000000005,1.0,6.123233995736766e-17
Beans,2025-04-01,186.4,253.76,238.84,59.9,2025,4,32.13517589314598,-14.919999999999987,0.8660254037844387,-0.49999999999999983
Beans,2025-05-01,200.18,255.88,264.88,60.2,2025,5,30.07291933613781,9.0,0.49999999999999994,-0.8660254037844387
Beans,2025-06-01,241.82,330.42,320.16,83.47,2025,6,34.51739536953297,-10.259999999999991,1.2246467991473532e-16,-1.0
Beans,2025-07-01,194.88,236.27,254.99,50.75,2025,7,26.041653303749328,18.72,-0.4999999999999998,-0.8660254037844388
Beans,2025-08-01,155.39,210.51,223.17,61.45,2025,8,39.54563385955734,12.659999999999997,-0.8660254037844384,-0.5000000000000004
Brinjal,2000-01-01,40.85,54.25,55.08,13.81,2000,1,33.8065267894081,0.8299999999999983,0.49999999999999994,0.8660254037844387
Brinjal,2000-02-01,44.85,61.58,64.22,18.05,2000,2,40.245172251566885,2.6400000000000006,0.8660254037844386,0.5000000000000001
Brinjal,2000-03-01,42.39,52.7,54.45,11.19,2000,3,26.39767304158282,1.75,1.0,6.123233995736766e-17
Brinjal,2000-04-01,42.66,52.84,59.28,13.4,2000,4,31.411084362202622,6.439999999999998,0.8660254037844387,-0.49999999999999983
Brinjal,2000-05-01,39.71,51.16,54.74,13.24,2000,5,33.34164356171351,3.5800000000000054,0.49999999999999994,-0.8660254037844387
Brinjal,2000-06-01,42.03,57.52,58.38,15.92,2000,6,37.877616279761405,0.8599999999999994,1.2246467991473532e-16,-1.0
Brinjal,2000-07-01,42.13,57.53,56.83,15.05,2000,7,35.722678085264455,-0.7000000000000028,-0.4999999999999998,-0.8660254037844388
Brinjal,2000-08-01,37.73,51.22,53.71,14.74,2000,8,39.066951850114364,2.490000000000002,-0.8660254037844384,-0.5000000000000004
Brinjal,2000-09-01,36.68,44.44,49.05,10.06,2000,9,27.426315631636772,4.609999999999999,-1.0,-1.8369701987210297e-16
Brinjal,2000-10-01,40.56,56.57,51.87,13.66,2000,10,33.67841795261845,-4.700000000000003,-0.8660254037844386,0.5000000000000001
Brinjal,2000-11-01,41.76,57.74,55.79,15.01,2000,11,35.94340051867692,-1.9500000000000028,-0.5000000000000004,0.8660254037844384
Brinjal,2000-12-01,40.93,53.46,57.7,14.65,2000,12,35.79272955599913,4.240000000000002,-2.4492935982947064e-16,1.0
Brinjal,2001-01-01,44.1,60.58,61.53,16.95,2001,1,38.435286994814064,0.9500000000000028,0.49999999999999994,0.8660254037844387
Brinjal,2001-02-01,40.72,51.21,55.2,12.49,2001,2,30.67281268955626,3.990000000000002,0.8660254037844386,0.5000000000000001
Brinjal,2001-03-01,44.44,53.68,63.61,14.21,2001,3,31.975625617404102,9.93,1.0,6.123233995736766e-17
Brinjal,2001-04-01,46.9,64.7,66.27,18.58,2001,4,39.616120221492054,1.5699999999999932,0.8660254037844387,-0.49999999999999983
Brinjal,2001-05-01,46.62,56.21,63.98,13.48,2001,5,28.914566892820908,7.769999999999996,0.49999999999999994,-0.8660254037844387
Brinjal,2001-06-01,41.24,56.39,58.82,16.36,2001,6,39.67012689105991,2.4299999999999997,1.2246467991473532e-16,-1.0
Brinjal,2001-07-01,44.3,56.51,63.02,15.47,2001,7,34.92091439974176,6.510000000000005,-0.4999999999999998,-0.8660254037844388
Brinjal,2001-08-01,45.39,60.97,62.14,16.16,2001,8,35.60247719216304,1.1700000000000017,-0.8660254037844384,-0.5000000000000004
Brinjal,2001-09-01,43.01,55.21,58.9,14.05,2001,9,32.66674571786627,3.6899999999999977,-1.0,-1.8369701987210297e-16
Brinjal,2001-10-01,42.22,52.62,54.85,11.52,2001,10,27.285581985831392,2.230000000000004,-0.8660254037844386,0.5000000000000001
Brinjal,2001-11-01,41.34,53.02,52.93,11.63,2001,11,28.132491213132045,-0.09000000000000341,-0.5000000000000004,0.8660254037844384
Brinjal,2001-12-01,42.8,58.26,60.75,16.71,2001,12,39.0419648552223,2.490000000000002,-2.4492935982947064e-16,1.0
Brinjal,2002-01-01,46.5,62.68,60.63,15.16,2002,1,32.60208042563349,-2.049999999999997,0.49999999999999994,0.8660254037844387
Brinjal,2002-02-01,45.08,60.61,63.1,16.78,2002,2,37.2226326028558,2.490000000000002,0.8660254037844386,0.5000000000000001
Brinjal,2002-03-01,52.64,71.78,66.92,16.71,2002,3,31.743860668957698,-4.859999999999999,1.0,6.123233995736766e-17
Brinjal,2002-04-01,42.72,56.98,54.25,12.9,2002,4,30.196558528655125,-2.729999999999997,0.8660254037844387,-0.49999999999999983
Brinjal,2002-05-01,43.75,53.41,60.14,13.02,2002,5,29.759931977298333,6.730000000000004,0.49999999999999994,-0.8660254037844387
Brinjal,2002-06-01,43.47,57.93,59.02,15.01,2002,6,34.52948118361816,1.0900000000000034,1.2246467991473532e-16,-1.0
Brinjal,2002-07-01,47.18,56.93,64.72,13.64,2002,7,28.910494043039332,7.789999999999999,-0.4999999999999998,-0.8660254037844388
Brinjal,2002-08-01,42.29,55.32,55.23,12.98,2002,8,30.692762608742946,-0.09000000000000341,-0.8660254037844384,-0.5000000000000004
Brinjal,2002-09-01,47.11,60.85,61.95,14.29,2002,9,30.333198188923387,1.1000000000000014,-1.0,-1.8369701987210297e-16
Brinjal,2002-10-01,47.02,65.6,66.83,19.19,2002,10,40.81233344888675,1.230000000000004,-0.8660254037844386,0.5000000000000001
Brinjal,2002-11-01,44.63,56.39,57.3,12.21,2002,11,27.35821788434263,0.9099999999999966,-0.5000000000000004,0.8660254037844384
Brinjal,2002-12-01,41.12,54.13,57.85,14.87,2002,12,36.1623634183769,3.719999999999999,-2.4492935982947064e-16,1.0
Brinjal,2003-01-01,51.56,67.57,68.93,16.69,2003,1,32.36999152445399,1.3600000000000136,0.49999999999999994,0.8660254037844387
Brinjal,2003-02-01,51.65,68.74,68.68,17.06,2003,2,33.029945730986,-0.05999999999998806,0.8660254037844386,0.5000000000000001
Brinjal,2003-03-01,51.38,70.44,65.54,16.61,2003,3,32.327691071056684,-4.8999999999999915,1.0,6.123233995736766e-17
Brinjal,2003-04-01,54.66,71.57,76.4,19.33,2003,4,35.364004090735286,4.8300000000000125,0.8660254037844387,-0.49999999999999983
Brinjal,2003-05-01,52.61,72.25,71.16,19.1,2003,5,36.30481599540772,-1.0900000000000034,0.49999999999999994,-0.8660254037844387
Brinjal,2003-06-01,49.17,60.58,70.2,16.22,2003,6,32.98752697269275,9.620000000000005,1.2246467991473532e-16,-1.0
Brinjal,2003-07-01,43.52,53.28,57.29,11.76,2003,7,27.021996732544267,4.009999999999998,-0.4999999999999998,-0.8660254037844388
Brinjal,2003-08-01,45.95,61.0,59.39,14.24,2003,8,30.990139303287695,-1.6099999999999994,-0.8660254037844384,-0.5000000000000004
Brinjal,2003-09-01,51.26,64.24,71.78,16.75,2003,9,32.67648717033326,7.540000000000006,-1.0,-1.8369701987210297e-16
Brinjal,2003-10-01,39.12,53.43,52.71,13.95,2003,10,35.65941804852237,-0.7199999999999989,-0.8660254037844386,0.5000000000000001
Brinjal,2003-11-01,43.95,61.08,58.86,16.02,2003,11,36.45042900926277,-2.219999999999999,-0.5000000000000004,0.8660254037844384
Brinjal,2003-12-01,46.38,64.75,64.25,18.12,2003,12,39.06847980060413,-0.5,-2.4492935982947064e-16,1.0
Brinjal,2004-01-01,60.32,77.98,78.12,17.73,2004,1,29.393187345511695,0.14000000000000057,0.49999999999999994,0.8660254037844387
Brinjal,2004-02-01,56.24,71.57,79.94,19.51,2004,2,34.69054998124114,8.370000000000005,0.8660254037844386,0.5000000000000001
Brinjal,2004-03-01,49.91,65.04,64.01,14.62,2004,3,29.29266821745498,-1.0300000000000011,1.0,6.123233995736766e-17
Brinjal,2004-04-01,51.7,71.1,65.22,16.46,2004,4,31.837462596784142,-5.8799999999999955,0.8660254037844387,-0.49999999999999983
Brinjal,2004-05-01,51.12,63.94,67.58,14.64,2004,5,28.638441630591487,3.6400000000000006,0.49999999999999994,-0.8660254037844387
Brinjal,2004-06-01,48.05,61.17,69.01,17.04,2004,6,35.462985508875114,7.840000000000003,1.2246467991473532e-16,-1.0
Brinjal,2004-07-01,50.44,68.02,64.77,15.95,2004,7,31.621666095031532,-3.25,-0.4999999999999998,-0.8660254037844388
Brinjal,2004-08-01,45.06,56.62,61.01,13.75,2004,8,30.514801343095105,4.390000000000001,-0.8660254037844384,-0.5000000000000004
Brinjal,2004-09-01,43.42,59.6,61.69,17.22,2004,9,39.65905191374501,2.0899999999999963,-1.0,-1.8369701987210297e-16
Brinjal,2004-10-01,51.26,64.87,73.22,17.79,2004,10,34.70535562747634,8.349999999999994,-0.8660254037844386,0.5000000000000001
Brinjal,2004-11-01,50.33,68.99,65.91,17.12,2004,11,34.015430130279896,-3.0799999999999983,-0.5000000000000004,0.8660254037844384
Brinjal,2004-12-01,56.5,75.28,81.06,21.67,2004,12,38.35391441785059,5.780000000000001,-2.4492935982947064e-16,1.0
Brinjal,2005-01-01,49.02,62.1,65.43,14.74,2005,1,30.06929810424703,3.3300000000000054,0.49999999999999994,0.8660254037844387
Brinjal,2005-02-01,56.71,79.31,77.97,21.93,2005,2,38.67036030618884,-1.3400000000000034,0.8660254037844386,0.5000000000000001
Brinjal,2005-03-01,54.84,74.68,78.17,21.58,2005,3,39.350767048200126,3.489999999999995,1.0,6.123233995736766e-17
Brinjal,2005-04-01,60.97,77.22,77.41,16.34,2005,4,26.80002164995629,0.18999999999999773,0.8660254037844387,-0.49999999999999983
Brinjal,2005-05-01,54.14,69.82,76.66,19.1,2005,5,35.27884137635505,6.840000000000003,0.49999999999999994,-0.8660254037844387
Brinjal,2005-06-01,58.83,75.97,83.42,20.86,2005,6,35.458039337006056,7.450000000000003,1.2246467991473532e-16,-1.0
Brinjal,2005-07-01,49.05,64.83,69.41,18.07,2005,7,36.83988411848294,4.579999999999998,-0.4999999999999998,-0.8660254037844388
Brinjal,2005-08-01,47.88,65.44,60.05,14.86,2005,8,31.035858321097905,-5.390000000000001,-0.8660254037844384,-0.5000000000000004
Brinjal,2005-09-01,51.36,66.87,68.89,16.52,2005,9,32.16504640761992,2.019999999999996,-1.0,-1.8369701987210297e-16
Brinjal,2005-10-01,50.13,62.52,68.96,15.61,2005,10,31.138976383450256,6.439999999999991,-0.8660254037844386,0.5000000000000001
Brinjal,2005-11-01,47.28,62.52,59.64,13.8,2005,11,29.187755525051767,-2.8800000000000026,-0.5000000000000004,0.8660254037844384
Brinjal,2005-12-01,51.19,70.18,64.32,16.06,2005,12,31.373253812748946,-5.860000000000014,-2.4492935982947064e-16,1.0
Brinjal,2006-01-01,69.02,89.36,89.48,20.4,2006,1,29.55660742305502,0.12000000000000455,0.49999999999999994,0.8660254037844387
Brinjal,2006-02-01,67.05,89.3,95.49,25.34,2006,2,37.79263565602437,6.189999999999998,0.8660254037844386,0.5000000000000001
Brinjal,2006-03-01,69.82,88.09,88.15,18.3,2006,3,26.210217401579207,0.060000000000002274,1.0,6.123233995736766e-17
Brinjal,2006-04-01,55.75,76.22,73.39,19.06,2006,4,34.18827948290675,-2.8299999999999983,0.8660254037844387,-0.49999999999999983
Brinjal,2006-05-01,71.35,86.77,89.32,16.7,2006,5,23.405713516869632,2.549999999999997,0.49999999999999994,-0.8660254037844387
Brinjal,2006-06-01,57.36,74.84,76.36,18.24,2006,6,31.79910774214131,1.519999999999996,1.2246467991473532e-16,-1.0
Brinjal,2006-07-01,55.71,73.77,75.7,19.02,2006,7,34.14102649250315,1.9300000000000068,-0.4999999999999998,-0.8660254037844388
Brinjal,2006-08-01,52.47,64.55,74.93,17.27,2006,8,32.91398339244636,10.38000000000001,-0.8660254037844384,-0.5000000000000004
Brinjal,2006-09-01,49.72,64.52,68.91,16.99,2006,9,34.17129088638196,4.390000000000001,-1.0,-1.8369701987210297e-16
Brinjal,2006-10-01,62.0,84.71,81.43,21.07,2006,10,33.98381615513523,-3.279999999999987,-0.8660254037844386,0.5000000000000001
Brinjal,2006-11-01,62.31,76.83,89.86,21.03,2006,11,33.75054766402236,13.030000000000001,-0.5000000000000004,0.8660254037844384
Brinjal,2006-12-01,56.12,72.47,76.49,18.36,2006,12,32.71555111270293,4.019999999999996,-2.4492935982947064e-16,1.0
Brinjal,2007-01-01,61.81,83.94,82.4,21.36,2007,1,34.55745905604424,-1.539999999999992,0.49999999999999994,0.8660254037844387
Brinjal,2007-02-01,61.73,85.45,77.3,19.65,2007,2,31.832120796823588,-8.150000000000006,0.8660254037844386,0.5000000000000001
Brinjal,2007-03-01,58.26,79.89,83.47,23.42,2007,3,40.199038449985494,3.5799999999999983,1.0,6.123233995736766e-17
Brinjal,2007-04-01,76.04,93.15,101.86,21.46,2007,4,28.22195131253115,8.709999999999994,0.8660254037844387,-0.49999999999999983
Brinjal,2007-05-01,61.36,81.75,88.68,23.86,2007,5,38.88520390286195,6.930000000000007,0.49999999999999994,-0.8660254037844387
Brinjal,2007-06-01,65.97,86.55,91.66,23.14,2007,6,35.076496776569996,5.109999999999999,1.2246467991473532e-16,-1.0
Brinjal,2007-07-01,53.98,74.0,77.4,21.72,2007,7,40.237050320395845,3.4000000000000057,-0.4999999999999998,-0.8660254037844388
Brinjal,2007-08-01,57.38,76.3,82.06,21.8,2007,8,37.9922656112485,5.760000000000005,-0.8660254037844384,-0.5000000000000004
Brinjal,2007-09-01,58.31,71.36,76.71,15.72,2007,9,26.959308936187725,5.349999999999994,-1.0,-1.8369701987210297e-16
Brinjal,2007-10-01,61.99,79.79,78.96,17.38,2007,10,28.03673489799177,-0.8300000000000125,-0.8660254037844386,0.5000000000000001
Brinjal,2007-11-01,63.93,86.85,80.34,19.66,2007,11,30.75233731841496,-6.509999999999991,-0.5000000000000004,0.8660254037844384
Brinjal,2007-12-01,65.64,80.22,83.45,16.2,2007,12,24.680035527063485,3.230000000000004,-2.4492935982947064e-16,1.0
Brinjal,2008-01-01,64.79,87.18,92.95,25.28,2008,1,39.018306809219304,5.769999999999996,0.49999999999999994,0.8660254037844387
Brinjal,2008-02-01,70.05,94.42,92.85,23.58,2008,2,33.661622181838425,-1.5700000000000074,0.8660254037844386,0.5000000000000001
Brinjal,2008-03-01,74.3,100.49,93.73,22.81,2008,3,30.699824091757616,-6.759999999999991,1.0,6.123233995736766e-17
Brinjal,2008-04-01,67.88,94.16,94.09,26.25,2008,4,38.671127473294824,-0.06999999999999318,0.8660254037844387,-0.49999999999999983
Brinjal,2008-05-01,69.71,89.79,95.54,22.96,2008,5,32.93640376358663,5.75,0.49999999999999994,-0.8660254037844387
Brinjal,2008-06-01,65.81,84.27,95.26,23.96,2008,6,36.407785431111634,10.990000000000009,1.2246467991473532e-16,-1.0
Brinjal,2008-07-01,67.19,89.77,94.52,24.96,2008,7,37.14832988788527,4.75,-0.4999999999999998,-0.8660254037844388
Brinjal,2008-08-01,58.78,82.1,78.85,21.69,2008,8,36.90024344973894,-3.25,-0.8660254037844384,-0.5000000000000004
Brinjal,2008-09-01,68.55,84.85,92.94,20.34,2008,9,29.671729144085855,8.090000000000003,-1.0,-1.8369701987210297e-16
Brinjal,2008-10-01,51.9,69.97,65.92,16.05,2008,10,30.92479590598091,-4.049999999999997,-0.8660254037844386,0.5000000000000001
Brinjal,2008-11-01,72.38,89.73,102.55,23.76,2008,11,32.826702367087094,12.819999999999993,-0.5000000000000004,0.8660254037844384
Brinjal,2008-12-01,66.58,91.34,95.27,26.72,2008,12,40.132111546843575,3.9299999999999926,-2.4492935982947064e-16,1.0
Brinjal,2009-01-01,63.11,83.44,79.88,18.55,2009,1,29.39307654400801,-3.5600000000000023,0.49999999999999994,0.8660254037844387
Brinjal,2009-02-01,73.37,91.25,99.54,22.02,2009,2,30.01222568866609,8.290000000000006,0.8660254037844386,0.5000000000000001
Brinjal,2009-03-01,64.98,78.14,81.49,14.83,2009,3,22.82237177228105,3.3499999999999943,1.0,6.123233995736766e-17
Brinjal,2009-04-01,77.95,105.8,105.85,27.87,2009,4,35.75364239430097,0.04999999999999716,0.8660254037844387,-0.49999999999999983
Brinjal,2009-05-01,74.35,94.94,93.82,20.03,2009,5,26.940111714711882,-1.1200000000000045,0.49999999999999994,-0.8660254037844387
Brinjal,2009-06-01,72.89,95.0,98.68,23.95,2009,6,32.85768574881911,3.680000000000007,1.2246467991473532e-16,-1.0
Brinjal,2009-07-01,82.8,110.92,108.99,27.16,2009,7,32.801892751337256,-1.9300000000000068,-0.4999999999999998,-0.8660254037844388
Brinjal,2009-08-01,74.15,103.16,98.1,26.48,2009,8,35.711347658330865,-5.060000000000002,-0.8660254037844384,-0.5000000000000004
Brinjal,2009-09-01,81.29,100.76,105.68,21.93,2009,9,26.977454819221524,4.920000000000002,-1.0,-1.8369701987210297e-16
Brinjal,2009-10-01,68.19,84.4,98.54,23.28,2009,10,34.13985314583788,14.14,-0.8660254037844386,0.5000000000000001
Brinjal,2009-11-01,72.95,91.87,98.43,22.2,2009,11,30.43176088860741,6.560000000000002,-0.5000000000000004,0.8660254037844384
Brinjal,2009-12-01,63.83,84.58,83.0,19.96,2009,12,31.270513441150804,-1.5799999999999983,-2.4492935982947064e-16,1.0
Brinjal,2010-01-01,61.89,77.96,79.52,16.85,2010,1,27.225679066603544,1.5600000000000023,0.49999999999999994,0.8660254037844387
Brinjal,2010-02-01,74.96,94.81,107.75,26.32,2010,2,35.11201292420901,12.939999999999998,0.8660254037844386,0.5000000000000001
Brinjal,2010-03-01,69.28,86.85,91.53,19.91,2010,3,28.738411174348766,4.680000000000007,1.0,6.123233995736766e-17
Brinjal,2010-04-01,73.56,92.81,93.56,19.62,2010,4,26.672068145638733,0.75,0.8660254037844387,-0.49999999999999983
Brinjal,2010-05-01,73.83,91.76,103.86,23.98,2010,5,32.47997767848073,12.099999999999994,0.49999999999999994,-0.8660254037844387
Brinjal,2010-06-01,73.14,93.59,105.09,26.2,2010,6,35.821662808773844,11.5,1.2246467991473532e-16,-1.0
Brinjal,2010-07-01,67.34,90.88,88.91,22.55,2010,7,33.48673375893412,-1.9699999999999989,-0.4999999999999998,-0.8660254037844388
Brinjal,2010-08-01,86.95,106.92,109.94,21.48,2010,8,24.703824377430273,3.019999999999996,-0.8660254037844384,-0.5000000000000004
Brinjal,2010-09-01,67.44,90.81,89.34,22.64,2010,9,33.570531479045854,-1.4699999999999989,-1.0,-1.8369701987210297e-16
Brinjal,2010-10-01,81.86,102.82,102.79,20.94,2010,10,25.580227729993,-0.029999999999986926,-0.8660254037844386,0.5000000000000001
Brinjal,2010-11-01,82.26,106.02,109.2,25.35,2010,11,30.81688449199551,3.180000000000007,-0.5000000000000004,0.8660254037844384
Brinjal,2010-12-01,73.48,101.07,101.01,27.56,2010,12,37.50675352918681,-0.05999999999998806,-2.4492935982947064e-16,1.0
Brinjal,2011-01-01,65.13,89.36,88.42,23.76,2011,1,36.480828372749315,-0.9399999999999977,0.49999999999999994,0.8660254037844387
Brinjal,2011-02-01,86.26,106.17,115.34,24.49,2011,2,28.39087828555728,9.170000000000002,0.8660254037844386,0.5000000000000001
Brinjal,2011-03-01,90.4,111.43,117.53,24.08,2011,3,26.63713867573155,6.099999999999994,1.0,6.123233995736766e-17
Brinjal,2011-04-01,99.88,137.49,134.41,36.07,2011,4,36.11329984651597,-3.0800000000000125,0.8660254037844387,-0.49999999999999983
Brinjal,2011-05-01,99.96,135.03,138.96,37.04,2011,5,37.05478485915881,3.930000000000007,0.49999999999999994,-0.8660254037844387
Brinjal,2011-06-01,84.94,114.58,115.14,29.92,2011,6,35.224823140071656,0.5600000000000023,1.2246467991473532e-16,-1.0
Brinjal,2011-07-01,82.93,114.15,117.63,32.96,2011,7,39.74431479040782,3.4799999999999898,-0.4999999999999998,-0.8660254037844388
Brinjal,2011-08-01,75.85,102.77,95.56,23.32,2011,8,30.744850698944365,-7.209999999999994,-0.8660254037844384,-0.5000000000000004
Brinjal,2011-09-01,76.56,98.5,103.68,24.53,2011,9,32.040188035282085,5.180000000000007,-1.0,-1.8369701987210297e-16
Brinjal,2011-10-01,73.13,92.19,91.69,18.81,2011,10,25.72128302846571,-0.5,-0.8660254037844386,0.5000000000000001
Brinjal,2011-11-01,73.07,99.54,94.06,23.73,2011,11,32.475663780397184,-5.480000000000004,-0.5000000000000004,0.8660254037844384
Brinjal,2011-12-01,66.77,86.31,84.06,18.42,2011,12,27.587198461586848,-2.25,-2.4492935982947064e-16,1.0
Brinjal,2012-01-01,105.5,133.49,148.55,35.52,2012,1,33.66821453249808,15.060000000000002,0.49999999999999994,0.8660254037844387
Brinjal,2012-02-01,95.97,124.78,127.75,30.3,2012,2,31.572333466360874,2.969999999999999,0.8660254037844386,0.5000000000000001
Brinjal,2012-03-01,78.47,103.88,109.3,28.12,2012,3,35.835305422065225,5.420000000000002,1.0,6.123233995736766e-17
Brinjal,2012-04-01,97.44,119.78,135.47,30.18,2012,4,30.972874617329005,15.689999999999998,0.8660254037844387,-0.49999999999999983
Brinjal,2012-05-01,86.09,105.37,123.63,28.41,2012,5,33.00031014019033,18.25999999999999,0.49999999999999994,-0.8660254037844387
Brinjal,2012-06-01,82.64,112.82,116.2,31.87,2012,6,38.564812966102416,3.3800000000000097,1.2246467991473532e-16,-1.0
Brinjal,2012-07-01,86.64,105.91,123.47,28.05,2012,7,32.37530889276444,17.560000000000002,-0.4999999999999998,-0.8660254037844388
Brinjal,2012-08-01,93.03,123.71,121.34,29.49,2012,8,31.69941771534159,-2.3699999999999903,-0.8660254037844384,-0.5000000000000004
Brinjal,2012-09-01,70.12,93.28,92.95,22.99,2012,9,32.78660469679877,-0.3299999999999983,-1.0,-1.8369701987210297e-16
Brinjal,2012-10-01,75.57,99.56,95.95,22.19,2012,10,29.363465180011673,-3.6099999999999994,-0.8660254037844386,0.5000000000000001
Brinjal,2012-11-01,70.99,92.9,96.79,23.86,2012,11,33.6103203122689,3.8900000000000006,-0.5000000000000004,0.8660254037844384
Brinjal,2012-12-01,70.09,88.37,99.81,24.0,2012,12,34.241640402852894,11.439999999999998,-2.4492935982947064e-16,1.0
Brinjal,2013-01-01,84.89,104.78,118.7,26.85,2013,1,31.629129898539404,13.920000000000002,0.49999999999999994,0.8660254037844387
Brinjal,2013-02-01,82.2,105.51,113.63,27.37,2013,2,33.29679647591669,8.11999999999999,0.8660254037844386,0.5000000000000001
Brinjal,2013-03-01,88.58,106.79,126.8,28.22,2013,3,31.858171304841605,20.00999999999999,1.0,6.123233995736766e-17
Brinjal,2013-04-01,101.66,129.14,141.7,33.76,2013,4,33.20870233257689,12.560000000000002,0.8660254037844387,-0.49999999999999983
Brinjal,2013-05-01,118.92,165.95,153.41,40.76,2013,5,34.275114131252835,-12.539999999999992,0.49999999999999994,-0.8660254037844387
Brinjal,2013-06-01,95.46,125.77,124.76,29.81,2013,6,31.227706654403253,-1.009999999999991,1.2246467991473532e-16,-1.0
Brinjal,2013-07-01,98.66,126.95,140.09,34.86,2013,7,35.333432664268535,13.14,-0.4999999999999998,-0.8660254037844388
Brinjal,2013-08-01,73.1,95.28,93.97,21.53,2013,8,29.45276408650604,-1.3100000000000023,-0.8660254037844384,-0.5000000000000004
Brinjal,2013-09-01,74.09,95.21,95.07,21.05,2013,9,28.411353203734368,-0.14000000000000057,-1.0,-1.8369701987210297e-16
Brinjal,2013-10-01,108.9,132.14,140.55,27.44,2013,10,25.19740569567888,8.410000000000025,-0.8660254037844386,0.5000000000000001
Brinjal,2013-11-01,91.89,124.66,119.03,29.96,2013,11,32.60416519298597,-5.6299999999999955,-0.5000000000000004,0.8660254037844384
Brinjal,2013-12-01,103.95,142.6,133.76,34.23,2013,12,32.92926125131192,-8.840000000000003,-2.4492935982947064e-16,1.0
Brinjal,2014-01-01,79.89,104.1,114.75,29.53,2014,1,36.96327830356953,10.650000000000006,0.49999999999999994,0.8660254037844387
Brinjal,2014-02-01,96.27,119.17,122.45,24.54,2014,2,25.490780626591224,3.280000000000001,0.8660254037844386,0.5000000000000001
Brinjal,2014-03-01,84.92,106.23,114.47,25.43,2014,3,29.945796107164263,8.239999999999995,1.0,6.123233995736766e-17
Brinjal,2014-04-01,94.56,115.7,135.47,31.02,2014,4,32.80453383615288,19.769999999999996,0.8660254037844387,-0.49999999999999983
Brinjal,2014-05-01,107.19,144.07,138.38,34.03,2014,5,31.747334875142386,-5.689999999999998,0.49999999999999994,-0.8660254037844387
Brinjal,2014-06-01,96.76,119.81,124.99,25.64,2014,6,26.498525735297918,5.179999999999993,1.2246467991473532e-16,-1.0
Brinjal,2014-07-01,114.44,139.37,155.11,32.8,2014,7,28.661282190421012,15.740000000000009,-0.4999999999999998,-0.8660254037844388
Brinjal,2014-08-01,118.6,149.29,160.69,36.39,2014,8,30.682942088581715,11.400000000000006,-0.8660254037844384,-0.5000000000000004
Brinjal,2014-09-01,83.88,113.51,108.62,27.19,2014,9,32.41531662456292,-4.890000000000001,-1.0,-1.8369701987210297e-16
Brinjal,2014-10-01,96.48,133.32,128.56,34.46,2014,10,35.71721007751857,-4.759999999999991,-0.8660254037844386,0.5000000000000001
Brinjal,2014-11-01,110.16,138.71,147.82,33.11,2014,11,30.05625448778641,9.109999999999985,-0.5000000000000004,0.8660254037844384
Brinjal,2014-12-01,102.92,137.6,139.3,35.53,2014,12,34.52192526046905,1.700000000000017,-2.4492935982947064e-16,1.0
Brinjal,2015-01-01,111.96,146.09,140.64,31.4,2015,1,28.045705568322997,-5.450000000000017,0.49999999999999994,0.8660254037844387
Brinjal,2015-02-01,99.44,125.06,140.92,33.55,2015,2,33.73890412419134,15.859999999999985,0.8660254037844386,0.5000000000000001
Brinjal,2015-03-01,122.49,154.29,164.5,36.9,2015,3,30.12488356201848,10.210000000000008,1.0,6.123233995736766e-17
Brinjal,2015-04-01,87.11,110.32,117.28,26.69,2015,4,30.639386247978134,6.960000000000008,0.8660254037844387,-0.49999999999999983
Brinjal,2015-05-01,112.32,155.24,142.78,36.69,2015,5,32.66556920800462,-12.460000000000008,0.49999999999999994,-0.8660254037844387
Brinjal,2015-06-01,84.71,117.67,116.33,32.29,2015,6,38.11824091814317,-1.3400000000000034,1.2246467991473532e-16,-1.0
Brinjal,2015-07-01,117.65,142.95,163.64,35.64,2015,7,30.29321692034261,20.689999999999998,-0.4999999999999998,-0.8660254037844388
Brinjal,2015-08-01,95.92,118.13,120.99,23.64,2015,8,24.645512254470127,2.8599999999999994,-0.8660254037844384,-0.5000000000000004
Brinjal,2015-09-01,87.49,116.9,118.55,30.24,2015,9,34.56391065960606,1.6499999999999915,-1.0,-1.8369701987210297e-16
Brinjal,2015-10-01,101.29,125.88,133.0,28.15,2015,10,27.79146234429623,7.1200000000000045,-0.8660254037844386,0.5000000000000001
Brinjal,2015-11-01,108.58,145.7,156.95,42.74,2015,11,39.362645641328385,11.25,-0.5000000000000004,0.8660254037844384
Brinjal,2015-12-01,86.76,119.72,123.69,34.94,2015,12,40.271968335675034,3.969999999999999,-2.4492935982947064e-16,1.0
Brinjal,2016-01-01,119.81,161.03,157.79,39.6,2016,1,33.052305273094674,-3.240000000000009,0.49999999999999994,0.8660254037844387
Brinjal,2016-02-01,110.22,135.27,157.19,36.01,2016,2,32.67099195155874,21.919999999999987,0.8660254037844386,0.5000000000000001
Brinjal,2016-03-01,121.56,161.42,170.03,44.16,2016,3,36.327709503365,8.610000000000014,1.0,6.123233995736766e-17
Brinjal,2016-04-01,103.4,134.3,148.46,37.98,2016,4,36.73110567591327,14.159999999999997,0.8660254037844387,-0.49999999999999983
Brinjal,2016-05-01,141.42,175.38,193.93,43.24,2016,5,30.575568819425246,18.55000000000001,0.49999999999999994,-0.8660254037844387
Brinjal,2016-06-01,134.65,186.26,193.12,55.04,2016,6,40.87631572497904,6.860000000000014,1.2246467991473532e-16,-1.0
Brinjal,2016-07-01,85.64,114.06,122.13,32.46,2016,7,37.902804877621584,8.069999999999993,-0.4999999999999998,-0.8660254037844388
Brinjal,2016-08-01,101.62,124.44,135.37,28.28,2016,8,27.82914010122013,10.930000000000007,-0.8660254037844384,-0.5000000000000004
Brinjal,2016-09-01,93.14,122.92,131.25,33.94,2016,9,36.439728967437226,8.329999999999998,-1.0,-1.8369701987210297e-16
Brinjal,2016-10-01,107.2,138.48,148.78,36.43,2016,10,33.98317725449883,10.300000000000011,-0.8660254037844386,0.5000000000000001
Brinjal,2016-11-01,126.99,169.8,181.75,48.79,2016,11,38.42031780430128,11.949999999999989,-0.5000000000000004,0.8660254037844384
Brinjal,2016-12-01,86.09,110.67,118.53,28.51,2016,12,33.11646751484781,7.859999999999999,-2.4492935982947064e-16,1.0
Brinjal,2017-01-01,101.28,127.63,131.31,28.19,2017,1,27.833700796109007,3.680000000000007,0.49999999999999994,0.8660254037844387
Brinjal,2017-02-01,127.12,153.62,174.03,36.7,2017,2,28.87033600508496,20.409999999999997,0.8660254037844386,0.5000000000000001
Brinjal,2017-03-01,107.05,149.04,152.3,43.62,2017,3,40.74727627531408,3.2600000000000193,1.0,6.123233995736766e-17
Brinjal,2017-04-01,122.54,162.0,165.97,41.44,2017,4,33.81750137301993,3.969999999999999,0.8660254037844387,-0.49999999999999983
Brinjal,2017-05-01,124.42,150.33,175.61,38.55,2017,5,30.983739765520195,25.28,0.49999999999999994,-0.8660254037844387
Brinjal,2017-06-01,85.37,105.31,110.59,22.58,2017,6,26.449541467094445,5.280000000000001,1.2246467991473532e-16,-1.0
Brinjal,2017-07-01,93.8,130.55,134.44,38.7,2017,7,41.257951750584496,3.8899999999999864,-0.4999999999999998,-0.8660254037844388
Brinjal,2017-08-01,96.41,116.07,135.96,29.61,2017,8,30.712549826211156,19.890000000000015,-0.8660254037844384,-0.5000000000000004
Brinjal,2017-09-01,98.21,128.63,127.76,29.99,2017,9,30.53657414054155,-0.8699999999999903,-1.0,-1.8369701987210297e-16
Brinjal,2017-10-01,122.93,169.86,172.61,48.31,2017,10,39.29875595968766,2.75,-0.8660254037844386,0.5000000000000001
Brinjal,2017-11-01,99.02,124.28,129.71,27.98,2017,11,28.256889257837553,5.430000000000007,-0.5000000000000004,0.8660254037844384
Brinjal,2017-12-01,95.44,133.08,124.23,33.22,2017,12,34.80717224730485,-8.850000000000009,-2.4492935982947064e-16,1.0
Brinjal,2018-01-01,135.95,166.84,179.6,37.27,2018,1,27.41447045643954,12.759999999999991,0.49999999999999994,0.8660254037844387
Brinjal,2018-02-01,106.42,133.53,138.11,29.4,2018,2,27.626360057921385,4.5800000000000125,0.8660254037844386,0.5000000000000001
Brinjal,2018-03-01,124.25,169.03,159.15,39.84,2018,3,32.06436051158108,-9.879999999999995,1.0,6.123233995736766e-17
Brinjal,2018-04-01,168.36,215.63,235.37,57.14,2018,4,33.93915779332514,19.74000000000001,0.8660254037844387,-0.49999999999999983
Brinjal,2018-05-01,140.68,188.37,203.21,55.11,2018,5,39.17398409583161,14.840000000000003,0.49999999999999994,-0.8660254037844387
Brinjal,2018-06-01,95.18,129.18,126.74,32.78,2018,6,34.43997222108403,-2.440000000000012,1.2246467991473532e-16,-1.0
Brinjal,2018-07-01,132.49,164.29,175.77,37.54,2018,7,28.334192517025798,11.480000000000018,-0.4999999999999998,-0.8660254037844388
Brinjal,2018-08-01,136.98,167.82,172.37,33.12,2018,8,24.17869456950316,4.550000000000011,-0.8660254037844384,-0.5000000000000004
Brinjal,2018-09-01,95.92,120.16,136.95,32.63,2018,9,34.01789614481219,16.789999999999992,-1.0,-1.8369701987210297e-16
Brinjal,2018-10-01,126.83,175.84,176.43,49.31,2018,10,38.87878350643893,0.5900000000000034,-0.8660254037844386,0.5000000000000001
Brinjal,2018-11-01,117.56,145.41,158.92,34.6,2018,11,29.431754481324873,13.509999999999991,-0.5000000000000004,0.8660254037844384
Brinjal,2018-12-01,98.23,136.97,128.43,34.47,2018,12,35.0910769713153,-8.539999999999992,-2.4492935982947064e-16,1.0
Brinjal,2019-01-01,156.14,209.72,203.2,50.32,2019,1,32.22746751154892,-6.52000000000001,0.49999999999999994,0.8660254037844387
Brinjal,2019-02-01,108.93,130.99,151.58,32.36,2019,2,29.707124109864946,20.590000000000003,0.8660254037844386,0.5000000000000001
Brinjal,2019-03-01,159.11,215.16,207.82,52.38,2019,3,32.92060026359106,-7.340000000000003,1.0,6.123233995736766e-17
Brinjal,2019-04-01,182.16,229.1,253.15,58.96,2019,4,32.367131989936325,24.05000000000001,0.8660254037844387,-0.49999999999999983
Brinjal,2019-05-01,139.16,186.44,196.31,52.22,2019,5,37.52512393997992,9.870000000000005,0.49999999999999994,-0.8660254037844387
Brinjal,2019-06-01,154.17,212.34,207.61,55.81,2019,6,36.2002748911754,-4.72999999999999,1.2246467991473532e-16,-1.0
Brinjal,2019-07-01,131.92,174.67,169.9,40.37,2019,7,30.60185672994487,-4.769999999999982,-0.4999999999999998,-0.8660254037844388
Brinjal,2019-08-01,147.88,196.65,213.46,57.18,2019,8,38.66646019308886,16.810000000000002,-0.8660254037844384,-0.5000000000000004
Brinjal,2019-09-01,114.64,151.09,146.22,34.02,2019,9,29.67548004581294,-4.8700000000000045,-1.0,-1.8369701987210297e-16
Brinjal,2019-10-01,171.2,209.31,227.31,47.11,2019,10,27.517507291175647,18.0,-0.8660254037844386,0.5000000000000001
Brinjal,2019-11-01,164.31,204.85,227.89,52.06,2019,11,31.683992645613383,23.039999999999992,-0.5000000000000004,0.8660254037844384
Brinjal,2019-12-01,152.59,209.31,214.1,59.11,2019,12,38.737768701901366,4.789999999999992,-2.4492935982947064e-16,1.0
Brinjal,2020-01-01,131.63,161.31,182.98,40.52,2020,1,30.783232710451486,21.669999999999987,0.49999999999999994,0.8660254037844387
Brinjal,2020-02-01,137.98,184.61,179.84,44.25,2020,2,32.06984195547039,-4.77000000000001,0.8660254037844386,0.5000000000000001
Brinjal,2020-03-01,168.84,217.52,243.57,61.7,2020,3,36.543451466802026,26.049999999999983,1.0,6.123233995736766e-17
Brinjal,2020-04-01,116.28,159.86,162.24,44.77,2020,4,38.50185887353038,2.3799999999999955,0.8660254037844387,-0.49999999999999983
Brinjal,2020-05-01,172.64,212.13,235.62,51.24,2020,5,29.680242307551957,23.49000000000001,0.49999999999999994,-0.8660254037844387
Brinjal,2020-06-01,102.77,139.05,132.14,32.83,2020,6,31.945089087195594,-6.910000000000025,1.2246467991473532e-16,-1.0
Brinjal,2020-07-01,136.66,176.44,186.79,44.96,2020,7,32.89914173924942,10.349999999999994,-0.4999999999999998,-0.8660254037844388
Brinjal,2020-08-01,177.28,230.34,248.87,62.32,2020,8,35.15340977357301,18.53,-0.8660254037844384,-0.5000000000000004
Brinjal,2020-09-01,175.99,245.38,242.67,68.03,2020,9,38.65558346747913,-2.710000000000008,-1.0,-1.8369701987210297e-16
Brinjal,2020-10-01,115.05,138.39,164.73,36.51,2020,10,31.734001100390174,26.340000000000003,-0.8660254037844386,0.5000000000000001
Brinjal,2020-11-01,94.93,114.3,131.17,27.8,2020,11,29.284705272616375,16.86999999999999,-0.5000000000000004,0.8660254037844384
Brinjal,2020-12-01,127.04,165.92,171.6,41.72,2020,12,32.8400245276885,5.680000000000007,-2.4492935982947064e-16,1.0
Brinjal,2021-01-01,153.03,212.06,202.44,54.22,2021,1,35.43093809649213,-9.620000000000005,0.49999999999999994,0.8660254037844387
Brinjal,2021-02-01,147.35,187.47,198.55,45.66,2021,2,30.987423829369643,11.080000000000013,0.8660254037844386,0.5000000000000001
Brinjal,2021-03-01,179.36,226.31,224.24,45.91,2021,3,25.596551295410734,-2.069999999999993,1.0,6.123233995736766e-17
Brinjal,2021-04-01,177.16,233.19,254.46,66.67,2021,4,37.632627211206135,21.27000000000001,0.8660254037844387,-0.49999999999999983
Brinjal,2021-05-01,171.15,238.86,231.53,64.04,2021,5,37.41744819313573,-7.3300000000000125,0.49999999999999994,-0.8660254037844387
Brinjal,2021-06-01,203.21,256.47,284.01,67.03,2021,6,32.98556518598239,27.539999999999964,1.2246467991473532e-16,-1.0
Brinjal,2021-07-01,168.65,233.71,241.43,68.92,2021,7,40.865673960466076,7.719999999999999,-0.4999999999999998,-0.8660254037844388
Brinjal,2021-08-01,117.91,149.45,162.27,37.95,2021,8,32.18553796494109,12.820000000000022,-0.8660254037844384,-0.5000000000000004
Brinjal,2021-09-01,132.48,178.2,189.71,51.48,2021,9,38.85866632045115,11.51000000000002,-1.0,-1.8369701987210297e-16
Brinjal,2021-10-01,158.44,221.08,199.19,51.7,2021,10,32.630628231110684,-21.890000000000015,-0.8660254037844386,0.5000000000000001
Brinjal,2021-11-01,120.09,167.48,167.44,47.37,2021,11,39.445383091528775,-0.03999999999999204,-0.5000000000000004,0.8660254037844384
Brinjal,2021-12-01,137.78,168.54,172.72,32.85,2021,12,23.842340076687417,4.180000000000007,-2.4492935982947064e-16,1.0
Brinjal,2022-01-01,125.1,150.6,177.55,38.98,2022,1,31.159047834494135,26.950000000000017,0.49999999999999994,0.8660254037844387
Brinjal,2022-02-01,132.53,168.04,182.85,42.91,2022,2,32.3775504583487,14.810000000000002,0.8660254037844386,0.5000000000000001
Brinjal,2022-03-01,142.97,177.92,195.89,43.93,2022,3,30.726704394835004,17.97,1.0,6.123233995736766e-17
Brinjal,2022-04-01,231.54,310.0,291.57,69.24,2022,4,29.904107323094358,-18.430000000000007,0.8660254037844387,-0.49999999999999983
Brinjal,2022-05-01,168.48,209.01,222.51,47.28,2022,5,28.062661406302585,13.5,0.49999999999999994,-0.8660254037844387
Brinjal,2022-06-01,151.41,190.64,217.73,52.77,2022,6,34.85236453842908,27.090000000000003,1.2246467991473532e-16,-1.0
Brinjal,2022-07-01,143.51,194.64,192.44,50.03,2022,7,34.86165782059939,-2.1999999999999886,-0.4999999999999998,-0.8660254037844388
Brinjal,2022-08-01,177.57,245.01,249.64,69.76,2022,8,39.2858932894671,4.6299999999999955,-0.8660254037844384,-0.5000000000000004
Brinjal,2022-09-01,200.51,250.73,261.3,55.51,2022,9,27.684390960854337,10.570000000000022,-1.0,-1.8369701987210297e-16
Brinjal,2022-10-01,138.21,166.85,185.95,38.19,2022,10,27.631844561287483,19.099999999999994,-0.8660254037844386,0.5000000000000001
Brinjal,2022-11-01,124.36,164.91,162.47,39.33,2022,11,31.625899303715578,-2.4399999999999977,-0.5000000000000004,0.8660254037844384
Brinjal,2022-12-01,136.34,188.88,188.94,52.57,2022,12,38.557988442138445,0.060000000000002274,-2.4492935982947064e-16,1.0
Brinjal,2023-01-01,243.55,333.21,305.28,75.69,2023,1,31.077794671404362,-27.930000000000007,0.49999999999999994,0.8660254037844387
Brinjal,2023-02-01,160.56,220.27,219.83,59.49,2023,2,37.05154643027751,-0.4399999999999977,0.8660254037844386,0.5000000000000001
Brinjal,2023-03-01,143.6,173.69,196.43,41.46,2023,3,28.871846189522156,22.74000000000001,1.0,6.123233995736766e-17
Brinjal,2023-04-01,214.54,268.46,297.51,68.44,2023,4,31.900796168175553,29.05000000000001,0.8660254037844387,-0.49999999999999983
Brinjal,2023-05-01,181.47,232.01,250.79,59.93,2023,5,33.02472418321255,18.78,0.49999999999999994,-0.8660254037844387
Brinjal,2023-06-01,166.61,215.83,218.98,50.79,2023,6,30.484346387163804,3.1499999999999773,1.2246467991473532e-16,-1.0
Brinjal,2023-07-01,213.08,297.08,278.7,74.81,2023,7,35.108862817316115,-18.379999999999995,-0.4999999999999998,-0.8660254037844388
Brinjal,2023-08-01,214.76,277.89,287.53,67.95,2023,8,31.63995546658807,9.639999999999986,-0.8660254037844384,-0.5000000000000004
Brinjal,2023-09-01,216.96,264.41,302.11,66.3,2023,9,30.558614233677066,37.69999999999999,-1.0,-1.8369701987210297e-16
Brinjal,2023-10-01,148.64,194.47,187.47,42.33,2023,10,28.478183208972546,-7.0,-0.8660254037844386,0.5000000000000001
Brinjal,2023-11-01,208.54,282.84,275.98,70.87,2023,11,33.98387168702806,-6.859999999999957,-0.5000000000000004,0.8660254037844384
Brinjal,2023-12-01,238.22,311.74,312.93,74.12,2023,12,31.11408315251316,1.1899999999999977,-2.4492935982947064e-16,1.0
Brinjal,2024-01-01,151.42,201.15,215.51,56.91,2024,1,37.58417805826307,14.359999999999985,0.49999999999999994,0.8660254037844387
Brinjal,2024-02-01,149.05,183.62,188.8,37.16,2024,2,24.93121440374746,5.180000000000007,0.8660254037844386,0.5000000000000001
Brinjal,2024-03-01,170.21,210.14,232.39,51.05,2024,3,29.992344755099726,22.25,1.0,6.123233995736766e-17
Brinjal,2024-04-01,195.38,252.53,258.34,60.05,2024,4,30.73496226074201,5.809999999999974,0.8660254037844387,-0.49999999999999983
Brinjal,2024-05-01,193.73,268.08,255.8,68.21,2024,5,35.20877757250938,-12.279999999999973,0.49999999999999994,-0.8660254037844387
Brinjal,2024-06-01,154.33,214.13,202.91,54.19,2024,6,35.11304664482171,-11.219999999999999,1.2246467991473532e-16,-1.0
Brinjal,2024-07-01,248.8,325.76,317.54,72.85,2024,7,29.28053485509049,-8.21999999999997,-0.4999999999999998,-0.8660254037844388
Brinjal,2024-08-01,199.55,272.02,279.15,76.03,2024,8,38.10070754161486,7.1299999999999955,-0.8660254037844384,-0.5000000000000004
Brinjal,2024-09-01,180.23,247.43,256.1,71.54,2024,9,39.6937026612092,8.670000000000016,-1.0,-1.8369701987210297e-16
Brinjal,2024-10-01,204.41,283.29,284.48,79.48,2024,10,38.882618813845305,1.1899999999999977,-0.8660254037844386,0.5000000000000001
Brinjal,2024-11-01,218.3,289.18,281.21,66.89,2024,11,30.64130524905852,-7.970000000000027,-0.5000000000000004,0.8660254037844384
Brinjal,2024-12-01,122.39,156.87,161.99,37.04,2024,12,30.26388572278313,5.1200000000000045,-2.4492935982947064e-16,1.0
Brinjal,2025-01-01,241.82,304.49,343.73,82.29,2025,1,34.02942931542911,39.24000000000001,0.49999999999999994,0.8660254037844387
Brinjal,2025-02-01,229.22,290.48,299.3,65.67,2025,2,28.649320020364705,8.819999999999993,0.8660254037844386,0.5000000000000001
Brinjal,2025-03-01,247.03,327.35,319.02,76.16,2025,3,30.83025105037807,-8.330000000000041,1.0,6.123233995736766e-17
Brinjal,2025-04-01,168.88,226.73,215.78,52.38,2025,4,31.016087745092523,-10.949999999999989,0.8660254037844387,-0.49999999999999983
Brinjal,2025-05-01,135.39,183.51,187.92,50.32,2025,5,37.16667614544934,4.409999999999997,0.49999999999999994,-0.8660254037844387
Brinjal,2025-06-01,170.78,238.06,245.87,71.18,2025,6,41.67932914900507,7.810000000000002,1.2246467991473532e-16,-1.0
Brinjal,2025-07-01,138.1,165.95,181.05,35.4,2025,7,25.63358027981153,15.100000000000023,-0.4999999999999998,-0.8660254037844388
Brinjal,2025-08-01,241.03,316.07,337.56,85.78,2025,8,35.58891607313775,21.49000000000001,-0.8660254037844384,-0.5000000000000004
Cabbage,2000-01-01,46.88,62.56,65.61,17.2,2000,1,36.68934153297454,3.049999999999997,0.49999999999999994,0.8660254037844387
Cabbage,2000-02-01,44.86,60.16,61.91,16.17,2000,2,36.04539445966461,1.75,0.8660254037844386,0.5000000000000001
Cabbage,2000-03-01,44.64,62.26,62.4,17.69,2000,3,39.628047428209165,0.14000000000000057,1.0,6.123233995736766e-17
Cabbage,2000-04-01,48.15,67.1,62.52,16.66,2000,4,34.60013582526308,-4.579999999999991,0.8660254037844387,-0.49999999999999983
Cabbage,2000-05-01,41.17,57.58,56.65,15.94,2000,5,38.717418709208864,-0.9299999999999997,0.49999999999999994,-0.8660254037844387
Cabbage,2000-06-01,47.34,62.17,61.84,14.66,2000,6,30.96740395563169,-0.3299999999999983,1.2246467991473532e-16,-1.0
Cabbage,2000-07-01,43.98,59.01,56.94,14.0,2000,7,31.83257882542332,-2.0700000000000003,-0.4999999999999998,-0.8660254037844388
Cabbage,2000-08-01,42.01,54.17,54.42,12.29,2000,8,29.25486966229549,0.25,-0.8660254037844384,-0.5000000000000004
Cabbage,2000-09-01,42.92,52.75,61.32,14.11,2000,9,32.87503989972064,8.57,-1.0,-1.8369701987210297e-16
Cabbage,2000-10-01,43.61,56.7,61.38,15.43,2000,10,35.381712034597484,4.68,-0.8660254037844386,0.5000000000000001
Cabbage,2000-11-01,44.58,54.84,59.14,12.41,2000,11,27.837532890235778,4.299999999999997,-0.5000000000000004,0.8660254037844384
Cabbage,2000-12-01,45.51,59.2,59.57,13.88,2000,12,30.498724458966255,0.36999999999999744,-2.4492935982947064e-16,1.0
Cabbage,2001-01-01,48.64,62.42,68.52,16.83,2001,1,34.601080178700286,6.099999999999994,0.49999999999999994,0.8660254037844387
Cabbage,2001-02-01,46.93,56.91,64.67,13.86,2001,2,29.533284608385657,7.760000000000005,0.8660254037844386,0.5000000000000001
Cabbage,2001-03-01,44.68,57.71,63.6,15.98,2001,3,35.765363103484546,5.890000000000001,1.0,6.123233995736766e-17
Cabbage,2001-04-01,52.75,68.24,72.49,17.61,2001,4,33.383822969055984,4.25,0.8660254037844387,-0.49999999999999983
Cabbage,2001-05-01,55.01,70.25,77.14,18.69,2001,5,33.97557903003267,6.890000000000001,0.49999999999999994,-0.8660254037844387
Cabbage,2001-06-01,54.53,65.93,78.42,17.65,2001,6,32.367444769035814,12.489999999999995,1.2246467991473532e-16,-1.0
Cabbage,2001-07-01,49.13,65.93,62.53,15.1,2001,7,30.73472270563259,-3.4000000000000057,-0.4999999999999998,-0.8660254037844388
Cabbage,2001-08-01,46.68,61.82,63.34,15.9,2001,8,34.06162368975216,1.5200000000000031,-0.8660254037844384,-0.5000000000000004
Cabbage,2001-09-01,44.69,56.19,60.79,13.8,2001,9,30.87932226600522,4.600000000000001,-1.0,-1.8369701987210297e-16
Cabbage,2001-10-01,42.07,51.49,54.2,10.78,2001,10,25.623899158784972,2.710000000000001,-0.8660254037844386,0.5000000000000001
Cabbage,2001-11-01,45.27,55.02,63.78,14.13,2001,11,31.21265471028338,8.759999999999998,-0.5000000000000004,0.8660254037844384
Cabbage,2001-12-01,49.76,66.35,62.26,14.54,2001,12,29.22019851246279,-4.089999999999996,-2.4492935982947064e-16,1.0
Cabbage,2002-01-01,55.13,73.28,75.91,19.46,2002,1,35.298321606527104,2.6299999999999955,0.49999999999999994,0.8660254037844387
Cabbage,2002-02-01,56.6,68.26,72.2,13.63,2002,2,24.08122953846371,3.9399999999999977,0.8660254037844386,0.5000000000000001
Cabbage,2002-03-01,55.82,69.55,77.32,17.61,2002,3,31.547775801189893,7.769999999999996,1.0,6.123233995736766e-17
Cabbage,2002-04-01,53.42,71.66,77.15,20.98,2002,4,39.273606751016935,5.490000000000009,0.8660254037844387,-0.49999999999999983
Cabbage,2002-05-01,47.04,57.45,61.84,12.61,2002,5,26.80691580162457,4.390000000000001,0.49999999999999994,-0.8660254037844387
Cabbage,2002-06-01,49.76,61.01,66.99,14.24,2002,6,28.617305833388595,5.979999999999997,1.2246467991473532e-16,-1.0
Cabbage,2002-07-01,48.46,61.58,62.17,13.42,2002,7,27.69288548723589,0.5900000000000034,-0.4999999999999998,-0.8660254037844388
Cabbage,2002-08-01,53.12,72.26,73.68,19.85,2002,8,37.368152544893555,1.4200000000000017,-0.8660254037844384,-0.5000000000000004
Cabbage,2002-09-01,45.03,57.5,58.97,13.2,2002,9,29.313725707915367,1.4699999999999989,-1.0,-1.8369701987210297e-16
Cabbage,2002-10-01,48.19,62.23,61.02,13.44,2002,10,27.889545778074748,-1.2099999999999937,-0.8660254037844386,0.5000000000000001
Cabbage,2002-11-01,50.9,65.5,66.18,14.94,2002,11,29.35161227581085,0.6800000000000068,-0.5000000000000004,0.8660254037844384
Cabbage,2002-12-01,49.09,61.95,62.16,12.96,2002,12,26.400435118282505,0.20999999999999375,-2.4492935982947064e-16,1.0
Cabbage,2003-01-01,48.83,60.44,69.61,16.2,2003,1,33.176258086712906,9.170000000000002,0.49999999999999994,0.8660254037844387
Cabbage,2003-02-01,52.5,65.52,71.71,16.11,2003,2,30.68565583684602,6.189999999999998,0.8660254037844386,0.5000000000000001
Cabbage,2003-03-01,60.85,73.26,87.76,19.66,2003,3,32.30890335430837,14.5,1.0,6.123233995736766e-17
Cabbage,2003-04-01,65.43,85.65,86.53,20.66,2003,4,31.57568152883764,0.8799999999999955,0.8660254037844387,-0.49999999999999983
Cabbage,2003-05-01,53.23,67.44,71.25,16.12,2003,5,30.283617727563914,3.8100000000000023,0.49999999999999994,-0.8660254037844387
Cabbage,2003-06-01,50.55,70.23,70.9,20.02,2003,6,39.60427377987383,0.6700000000000017,1.2246467991473532e-16,-1.0
Cabbage,2003-07-01,54.63,74.78,71.93,18.73,2003,7,34.285128528045895,-2.8499999999999943,-0.4999999999999998,-0.8660254037844388
Cabbage,2003-08-01,55.31,75.19,78.61,21.59,2003,8,39.0344620602747,3.4200000000000017,-0.8660254037844384,-0.5000000000000004
Cabbage,2003-09-01,53.99,65.95,70.9,14.44,2003,9,26.745644108827353,4.950000000000003,-1.0,-1.8369701987210297e-16
Cabbage,2003-10-01,47.0,62.06,67.85,17.95,2003,10,38.19140810338701,5.789999999999992,-0.8660254037844386,0.5000000000000001
Cabbage,2003-11-01,54.08,74.74,71.05,18.81,2003,11,34.7817404183794,-3.6899999999999977,-0.5000000000000004,0.8660254037844384
Cabbage,2003-12-01,48.11,59.03,61.89,12.35,2003,12,25.67028544941706,2.8599999999999994,-2.4492935982947064e-16,1.0
Cabbage,2004-01-01,59.94,83.36,86.61,25.04,2004,1,41.77503874701577,3.25,0.49999999999999994,0.8660254037844387
Cabbage,2004-02-01,52.59,66.13,72.27,16.61,2004,2,31.58389126470571,6.140000000000001,0.8660254037844386,0.5000000000000001
Cabbage,2004-03-01,58.15,72.59,83.45,19.87,2004,3,34.17019059296545,10.86,1.0,6.123233995736766e-17
Cabbage,2004-04-01,59.78,77.24,81.96,19.82,2004,4,33.15484584334921,4.719999999999999,0.8660254037844387,-0.49999999999999983
Cabbage,2004-05-01,58.63,77.91,84.55,22.6,2004,5,38.54675328883969,6.640000000000001,0.49999999999999994,-0.8660254037844387
Cabbage,2004-06-01,61.32,79.56,85.07,20.99,2004,6,34.2302116271826,5.509999999999991,1.2246467991473532e-16,-1.0
Cabbage,2004-07-01,58.72,73.63,81.3,18.74,2004,7,31.914114587679514,7.670000000000002,-0.4999999999999998,-0.8660254037844388
Cabbage,2004-08-01,63.88,82.6,89.96,22.4,2004,8,35.06569338495086,7.359999999999999,-0.8660254037844384,-0.5000000000000004
Cabbage,2004-09-01,62.36,86.43,89.13,25.42,2004,9,40.76324444636875,2.6999999999999886,-1.0,-1.8369701987210297e-16
Cabbage,2004-10-01,51.11,69.5,68.8,18.04,2004,10,35.29635042780194,-0.7000000000000028,-0.8660254037844386,0.5000000000000001
Cabbage,2004-11-01,53.28,73.78,74.17,20.7,2004,11,38.85127843228522,0.39000000000000057,-0.5000000000000004,0.8660254037844384
Cabbage,2004-12-01,54.8,68.96,73.4,16.38,2004,12,29.890456404276634,4.440000000000012,-2.4492935982947064e-16,1.0
Cabbage,2005-01-01,65.67,79.63,91.58,19.93,2005,1,30.348667049387775,11.950000000000003,0.49999999999999994,0.8660254037844387
Cabbage,2005-02-01,60.71,82.58,83.09,22.12,2005,2,36.435453079471124,0.5100000000000051,0.8660254037844386,0.5000000000000001
Cabbage,2005-03-01,59.19,81.86,75.68,19.58,2005,3,33.07985625974614,-6.179999999999993,1.0,6.123233995736766e-17
Cabbage,2005-04-01,61.71,75.66,83.17,17.7,2005,4,28.682500919622555,7.510000000000005,0.8660254037844387,-0.49999999999999983
Cabbage,2005-05-01,65.13,90.46,88.98,24.59,2005,5,37.7552007443563,-1.4799999999999898,0.49999999999999994,-0.8660254037844387
Cabbage,2005-06-01,69.51,96.88,87.73,22.79,2005,6,32.78660223478314,-9.149999999999991,1.2246467991473532e-16,-1.0
Cabbage,2005-07-01,59.95,80.7,86.11,23.46,2005,7,39.13254523345249,5.409999999999997,-0.4999999999999998,-0.8660254037844388
Cabbage,2005-08-01,57.12,79.4,79.96,22.56,2005,8,39.4957291741436,0.5599999999999881,-0.8660254037844384,-0.5000000000000004
Cabbage,2005-09-01,61.29,84.73,81.52,21.84,2005,9,35.63381361753366,-3.210000000000008,-1.0,-1.8369701987210297e-16
Cabbage,2005-10-01,57.68,76.45,75.01,18.05,2005,10,31.29328832647655,-1.4399999999999977,-0.8660254037844386,0.5000000000000001
Cabbage,2005-11-01,59.23,80.31,85.62,23.74,2005,11,40.080972343453745,5.310000000000002,-0.5000000000000004,0.8660254037844384
Cabbage,2005-12-01,55.37,76.72,77.91,21.94,2005,12,39.62427375063437,1.1899999999999977,-2.4492935982947064e-16,1.0
Cabbage,2006-01-01,69.09,82.93,89.28,17.02,2006,1,24.634499009264708,6.349999999999994,0.49999999999999994,0.8660254037844387
Cabbage,2006-02-01,68.06,83.01,90.79,18.84,2006,2,27.681416865388087,7.780000000000001,0.8660254037844386,0.5000000000000001
Cabbage,2006-03-01,59.08,76.7,77.86,18.2,2006,3,30.805635061552028,1.1599999999999966,1.0,6.123233995736766e-17
Cabbage,2006-04-01,71.84,95.17,95.25,23.37,2006,4,32.5305783260324,0.0799999999999983,0.8660254037844387,-0.49999999999999983
Cabbage,2006-05-01,68.09,85.44,86.96,18.11,2006,5,26.59711176808376,1.519999999999996,0.49999999999999994,-0.8660254037844387
Cabbage,2006-06-01,69.39,84.23,96.66,21.06,2006,6,30.350150814021013,12.429999999999993,1.2246467991473532e-16,-1.0
Cabbage,2006-07-01,76.48,94.5,100.94,21.24,2006,7,27.771930214526385,6.439999999999998,-0.4999999999999998,-0.8660254037844388
Cabbage,2006-08-01,69.41,88.81,87.07,18.53,2006,8,26.696402973054354,-1.740000000000009,-0.8660254037844384,-0.5000000000000004
Cabbage,2006-09-01,59.24,74.06,85.31,20.44,2006,9,34.50365546310692,11.25,-1.0,-1.8369701987210297e-16
Cabbage,2006-10-01,71.68,89.17,94.68,20.24,2006,10,28.236567750324003,5.510000000000005,-0.8660254037844386,0.5000000000000001
Cabbage,2006-11-01,61.98,85.51,79.66,20.61,2006,11,33.25260849853421,-5.8500000000000085,-0.5000000000000004,0.8660254037844384
Cabbage,2006-12-01,52.58,69.08,69.24,16.58,2006,12,31.532842273027246,0.1599999999999966,-2.4492935982947064e-16,1.0
Cabbage,2007-01-01,63.34,87.76,81.13,21.1,2007,1,33.31223032486529,-6.63000000000001,0.49999999999999994,0.8660254037844387
Cabbage,2007-02-01,71.13,96.57,98.81,26.56,2007,2,37.34002904536898,2.240000000000009,0.8660254037844386,0.5000000000000001
Cabbage,2007-03-01,73.85,89.26,94.51,18.04,2007,3,24.427861302828298,5.25,1.0,6.123233995736766e-17
Cabbage,2007-04-01,74.75,101.37,94.95,23.41,2007,4,31.31768385594133,-6.420000000000002,0.8660254037844387,-0.49999999999999983
Cabbage,2007-05-01,60.78,75.22,86.3,19.98,2007,5,32.87260139420633,11.079999999999998,0.49999999999999994,-0.8660254037844387
Cabbage,2007-06-01,66.97,88.96,89.6,22.31,2007,6,33.31337417743141,0.6400000000000006,1.2246467991473532e-16,-1.0
Cabbage,2007-07-01,79.01,98.41,104.62,22.5,2007,7,28.47737188030391,6.210000000000008,-0.4999999999999998,-0.8660254037844388
Cabbage,2007-08-01,76.2,101.85,109.3,29.37,2007,8,38.54325650491272,7.450000000000003,-0.8660254037844384,-0.5000000000000004
Cabbage,2007-09-01,72.05,88.96,91.55,18.2,2007,9,25.260200887993218,2.5900000000000034,-1.0,-1.8369701987210297e-16
Cabbage,2007-10-01,62.52,79.27,86.75,20.49,2007,10,32.773460055246225,7.480000000000004,-0.8660254037844386,0.5000000000000001
Cabbage,2007-11-01,58.05,76.18,81.71,20.9,2007,11,36.00338328443878,5.529999999999987,-0.5000000000000004,0.8660254037844384
Cabbage,2007-12-01,74.09,91.05,94.84,18.85,2007,12,25.441995624246694,3.7900000000000063,-2.4492935982947064e-16,1.0
Cabbage,2008-01-01,62.91,81.29,85.29,20.38,2008,1,32.39543411948161,4.0,0.49999999999999994,0.8660254037844387
Cabbage,2008-02-01,92.36,123.6,126.36,32.62,2008,2,35.31828137908036,2.760000000000005,0.8660254037844386,0.5000000000000001
Cabbage,2008-03-01,81.0,107.47,111.69,28.58,2008,3,35.28390705690486,4.219999999999999,1.0,6.123233995736766e-17
Cabbage,2008-04-01,75.74,104.99,100.12,26.82,2008,4,35.41056850994387,-4.86999999999999,0.8660254037844387,-0.49999999999999983
Cabbage,2008-05-01,65.17,87.84,83.81,20.66,2008,5,31.701654593133966,-4.030000000000001,0.49999999999999994,-0.8660254037844387
Cabbage,2008-06-01,75.12,101.54,103.32,27.31,2008,6,36.355116673167366,1.779999999999987,1.2246467991473532e-16,-1.0
Cabbage,2008-07-01,68.69,84.54,93.59,20.38,2008,7,29.669486578124065,9.049999999999997,-0.4999999999999998,-0.8660254037844388
Cabbage,2008-08-01,74.79,98.99,96.54,22.97,2008,8,30.71262105546054,-2.4499999999999886,-0.8660254037844384,-0.5000000000000004
Cabbage,2008-09-01,66.64,81.18,86.34,17.12,2008,9,25.69023755966753,5.159999999999997,-1.0,-1.8369701987210297e-16
Cabbage,2008-10-01,67.47,88.2,90.25,21.76,2008,10,32.25132317871176,2.049999999999997,-0.8660254037844386,0.5000000000000001
Cabbage,2008-11-01,79.16,95.31,109.16,23.08,2008,11,29.156102632513093,13.849999999999994,-0.5000000000000004,0.8660254037844384
Cabbage,2008-12-01,66.55,84.72,94.58,23.1,2008,12,34.71069164434013,9.86,-2.4492935982947064e-16,1.0
Cabbage,2009-01-01,70.52,87.92,101.58,24.23,2009,1,34.35899835649695,13.659999999999997,0.49999999999999994,0.8660254037844387
Cabbage,2009-02-01,85.46,115.41,123.88,34.18,2009,2,39.99527264770343,8.469999999999999,0.8660254037844386,0.5000000000000001
Cabbage,2009-03-01,91.02,111.37,125.73,27.53,2009,3,30.246066528162462,14.36,1.0,6.123233995736766e-17
Cabbage,2009-04-01,82.08,101.23,108.88,22.98,2009,4,27.997041913935288,7.6499999999999915,0.8660254037844387,-0.49999999999999983
Cabbage,2009-05-01,96.45,118.02,131.78,28.45,2009,5,29.49711819894432,13.760000000000005,0.49999999999999994,-0.8660254037844387
Cabbage,2009-06-01,80.56,108.22,115.82,31.46,2009,6,39.051590055126546,7.599999999999994,1.2246467991473532e-16,-1.0
Cabbage,2009-07-01,89.04,108.57,119.44,24.96,2009,7,28.03231353064518,10.870000000000005,-0.4999999999999998,-0.8660254037844388
Cabbage,2009-08-01,80.47,98.79,108.51,23.18,2009,8,28.805730327164998,9.719999999999999,-0.8660254037844384,-0.5000000000000004
Cabbage,2009-09-01,69.1,94.51,89.06,22.69,2009,9,32.83642136552625,-5.450000000000003,-1.0,-1.8369701987210297e-16
Cabbage,2009-10-01,69.57,85.23,88.46,17.28,2009,10,24.83825666486034,3.2299999999999898,-0.8660254037844386,0.5000000000000001
Cabbage,2009-11-01,74.72,98.1,95.09,21.88,2009,11,29.282616056456025,-3.009999999999991,-0.5000000000000004,0.8660254037844384
Cabbage,2009-12-01,84.76,106.37,113.82,25.33,2009,12,29.884344166653882,7.449999999999989,-2.4492935982947064e-16,1.0
Cabbage,2010-01-01,96.19,132.13,121.8,30.78,2010,1,31.999135046122213,-10.329999999999998,0.49999999999999994,0.8660254037844387
Cabbage,2010-02-01,84.24,106.45,116.14,27.06,2010,2,32.122468990421424,9.689999999999998,0.8660254037844386,0.5000000000000001
Cabbage,2010-03-01,94.03,117.62,119.03,24.3,2010,3,25.8427886389571,1.4099999999999966,1.0,6.123233995736766e-17
Cabbage,2010-04-01,77.77,99.69,99.4,21.78,2010,4,28.005621697799025,-0.28999999999999204,0.8660254037844387,-0.49999999999999983
Cabbage,2010-05-01,80.16,104.21,101.48,22.68,2010,5,28.29337787752261,-2.7299999999999898,0.49999999999999994,-0.8660254037844387
Cabbage,2010-06-01,84.41,113.36,114.98,29.76,2010,6,35.25644443022814,1.6200000000000045,1.2246467991473532e-16,-1.0
Cabbage,2010-07-01,73.43,90.44,103.64,23.61,2010,7,32.153027164609604,13.200000000000003,-0.4999999999999998,-0.8660254037844388
Cabbage,2010-08-01,80.34,104.75,108.47,26.27,2010,8,32.698490542082965,3.719999999999999,-0.8660254037844384,-0.5000000000000004
Cabbage,2010-09-01,73.12,90.2,95.13,19.54,2010,9,26.723158201370072,4.929999999999993,-1.0,-1.8369701987210297e-16
Cabbage,2010-10-01,86.48,110.42,112.74,25.1,2010,10,29.024018242347083,2.319999999999993,-0.8660254037844386,0.5000000000000001
Cabbage,2010-11-01,74.94,99.35,95.43,22.45,2010,11,29.95725919767921,-3.9199999999999875,-0.5000000000000004,0.8660254037844384
Cabbage,2010-12-01,86.04,104.47,107.81,20.1,2010,12,23.361200184565103,3.3400000000000034,-2.4492935982947064e-16,1.0
Cabbage,2011-01-01,95.73,121.23,123.35,26.56,2011,1,27.744669649357935,2.1199999999999903,0.49999999999999994,0.8660254037844387
Cabbage,2011-02-01,91.96,119.44,128.08,31.8,2011,2,34.58021468006233,8.640000000000015,0.8660254037844386,0.5000000000000001
Cabbage,2011-03-01,88.8,111.03,113.49,23.46,2011,3,26.4188891679176,2.4599999999999937,1.0,6.123233995736766e-17
Cabbage,2011-04-01,93.29,123.98,116.69,27.04,2011,4,28.984854770227493,-7.290000000000006,0.8660254037844387,-0.49999999999999983
Cabbage,2011-05-01,92.46,116.7,119.54,25.66,2011,5,27.752511623932918,2.8400000000000034,0.49999999999999994,-0.8660254037844387
Cabbage,2011-06-01,90.4,115.15,126.78,30.56,2011,6,33.80527233930051,11.629999999999995,1.2246467991473532e-16,-1.0
Cabbage,2011-07-01,92.11,122.72,127.05,32.78,2011,7,35.587845415432184,4.329999999999998,-0.4999999999999998,-0.8660254037844388
Cabbage,2011-08-01,74.44,99.04,107.65,28.91,2011,8,38.836594792322956,8.61,-0.8660254037844384,-0.5000000000000004
Cabbage,2011-09-01,74.8,90.42,106.33,23.58,2011,9,31.524022026708522,15.909999999999997,-1.0,-1.8369701987210297e-16
Cabbage,2011-10-01,82.99,113.46,114.75,31.12,2011,10,37.498448610135426,1.2900000000000063,-0.8660254037844386,0.5000000000000001
Cabbage,2011-11-01,77.18,97.22,103.37,23.11,2011,11,29.942951615766233,6.150000000000006,-0.5000000000000004,0.8660254037844384
Cabbage,2011-12-01,85.35,106.73,121.03,28.53,2011,12,33.42702586171546,14.299999999999997,-2.4492935982947064e-16,1.0
Cabbage,2012-01-01,93.87,113.86,124.31,25.21,2012,1,26.85626200462128,10.450000000000003,0.49999999999999994,0.8660254037844387
Cabbage,2012-02-01,122.09,157.03,152.73,32.79,2012,2,26.85721446702067,-4.300000000000011,0.8660254037844386,0.5000000000000001
Cabbage,2012-03-01,114.82,158.84,154.47,41.84,2012,3,36.43961292491472,-4.3700000000000045,1.0,6.123233995736766e-17
Cabbage,2012-04-01,101.06,136.52,127.85,31.12,2012,4,30.79355749697457,-8.670000000000016,0.8660254037844387,-0.49999999999999983
Cabbage,2012-05-01,100.67,124.0,130.29,26.47,2012,5,26.293805211279214,6.289999999999992,0.49999999999999994,-0.8660254037844387
Cabbage,2012-06-01,95.74,123.73,120.16,26.21,2012,6,27.37619868790611,-3.5700000000000074,1.2246467991473532e-16,-1.0
Cabbage,2012-07-01,81.51,107.68,118.03,31.34,2012,7,38.44922285704471,10.349999999999994,-0.4999999999999998,-0.8660254037844388
Cabbage,2012-08-01,101.17,127.62,132.48,28.88,2012,8,28.545983447678708,4.859999999999985,-0.8660254037844384,-0.5000000000000004
Cabbage,2012-09-01,72.7,94.79,96.82,23.1,2012,9,31.774371699626276,2.029999999999987,-1.0,-1.8369701987210297e-16
Cabbage,2012-10-01,110.41,136.48,140.4,28.03,2012,10,25.38717019548031,3.920000000000016,-0.8660254037844386,0.5000000000000001
Cabbage,2012-11-01,94.18,120.98,120.21,26.41,2012,11,28.04201736884968,-0.7700000000000102,-0.5000000000000004,0.8660254037844384
Cabbage,2012-12-01,78.38,103.44,100.82,23.75,2012,12,30.301058559506817,-2.6200000000000045,-2.4492935982947064e-16,1.0
Cabbage,2013-01-01,110.01,141.14,146.43,33.77,2013,1,30.697181440613182,5.2900000000000205,0.49999999999999994,0.8660254037844387
Cabbage,2013-02-01,120.17,153.04,164.91,38.8,2013,2,32.28756570894091,11.870000000000005,0.8660254037844386,0.5000000000000001
Cabbage,2013-03-01,108.12,140.32,139.81,31.94,2013,3,29.541223139823213,-0.5099999999999909,1.0,6.123233995736766e-17
Cabbage,2013-04-01,78.14,105.54,105.07,27.16,2013,4,34.758081957919174,-0.4700000000000131,0.8660254037844387,-0.49999999999999983
Cabbage,2013-05-01,118.79,149.68,164.62,38.36,2013,5,32.29225331067151,14.939999999999998,0.49999999999999994,-0.8660254037844387
Cabbage,2013-06-01,114.66,144.92,144.33,29.97,2013,6,26.13812477051738,-0.589999999999975,1.2246467991473532e-16,-1.0
Cabbage,2013-07-01,92.53,120.71,122.7,29.17,2013,7,31.524876769829497,1.990000000000009,-0.4999999999999998,-0.8660254037844388
Cabbage,2013-08-01,89.44,109.44,117.53,24.04,2013,8,26.878324152142046,8.090000000000003,-0.8660254037844384,-0.5000000000000004
Cabbage,2013-09-01,104.37,128.52,132.84,26.31,2013,9,25.208369063553636,4.319999999999993,-1.0,-1.8369701987210297e-16
Cabbage,2013-10-01,90.37,116.92,120.81,28.49,2013,10,31.525913991463987,3.8900000000000006,-0.8660254037844386,0.5000000000000001
Cabbage,2013-11-01,93.11,116.49,131.56,30.92,2013,11,33.20799784341333,15.070000000000007,-0.5000000000000004,0.8660254037844384
Cabbage,2013-12-01,109.98,142.86,141.65,32.28,2013,12,29.350764365553406,-1.210000000000008,-2.4492935982947064e-16,1.0
Cabbage,2014-01-01,103.01,142.45,146.37,41.4,2014,1,40.19023377319311,3.920000000000016,0.49999999999999994,0.8660254037844387
Cabbage,2014-02-01,130.63,178.28,167.86,42.44,2014,2,32.4886836954117,-10.419999999999987,0.8660254037844386,0.5000000000000001
Cabbage,2014-03-01,110.14,148.24,147.76,37.86,2014,3,34.374401330668846,-0.4800000000000182,1.0,6.123233995736766e-17
Cabbage,2014-04-01,125.43,158.32,172.59,40.02,2014,4,31.906217088242773,14.27000000000001,0.8660254037844387,-0.49999999999999983
Cabbage,2014-05-01,99.16,120.23,124.63,23.27,2014,5,23.467100174364486,4.3999999999999915,0.49999999999999994,-0.8660254037844387
Cabbage,2014-06-01,104.47,128.65,139.95,29.83,2014,6,28.553624434168245,11.299999999999983,1.2246467991473532e-16,-1.0
Cabbage,2014-07-01,97.05,118.24,123.63,23.88,2014,7,24.605847907421012,5.390000000000001,-0.4999999999999998,-0.8660254037844388
Cabbage,2014-08-01,103.01,127.93,144.2,33.05,2014,8,32.0842325170056,16.269999999999982,-0.8660254037844384,-0.5000000000000004
Cabbage,2014-09-01,120.81,168.94,159.25,43.28,2014,9,35.82481928249376,-9.689999999999998,-1.0,-1.8369701987210297e-16
Cabbage,2014-10-01,99.77,129.74,133.35,31.78,2014,10,31.853230577096745,3.609999999999985,-0.8660254037844386,0.5000000000000001
Cabbage,2014-11-01,95.0,121.62,126.32,28.97,2014,11,30.494704742416058,4.699999999999989,-0.5000000000000004,0.8660254037844384
Cabbage,2014-12-01,109.32,150.12,150.43,40.96,2014,12,37.467949626829835,0.3100000000000023,-2.4492935982947064e-16,1.0
Cabbage,2015-01-01,89.98,115.73,124.75,30.26,2015,1,33.629658113293935,9.019999999999996,0.49999999999999994,0.8660254037844387
Cabbage,2015-02-01,102.56,142.68,132.12,34.84,2015,2,33.97032569196013,-10.560000000000002,0.8660254037844386,0.5000000000000001
Cabbage,2015-03-01,123.97,154.96,159.56,33.29,2015,3,26.853249291563046,4.599999999999994,1.0,6.123233995736766e-17
Cabbage,2015-04-01,101.05,133.78,133.77,32.73,2015,4,32.389873933820944,-0.009999999999990905,0.8660254037844387,-0.49999999999999983
Cabbage,2015-05-01,100.61,138.12,139.71,38.31,2015,5,38.0776880253573,1.5900000000000034,0.49999999999999994,-0.8660254037844387
Cabbage,2015-06-01,115.16,141.25,152.33,31.63,2015,6,27.46611022394041,11.080000000000013,1.2246467991473532e-16,-1.0
Cabbage,2015-07-01,112.99,140.21,157.16,35.7,2015,7,31.59568847182187,16.94999999999999,-0.4999999999999998,-0.8660254037844388
Cabbage,2015-08-01,110.02,147.53,144.06,35.78,2015,8,32.52133019330105,-3.469999999999999,-0.8660254037844384,-0.5000000000000004
Cabbage,2015-09-01,92.73,123.63,127.47,32.82,2015,9,35.39303850637495,3.8400000000000034,-1.0,-1.8369701987210297e-16
Cabbage,2015-10-01,130.54,180.0,168.93,43.93,2015,10,33.652494520840726,-11.069999999999993,-0.8660254037844386,0.5000000000000001
Cabbage,2015-11-01,149.21,194.72,197.36,46.83,2015,11,31.38527485739906,2.640000000000015,-0.5000000000000004,0.8660254037844384
Cabbage,2015-12-01,96.69,123.16,123.32,26.55,2015,12,27.458860834770054,0.1599999999999966,-2.4492935982947064e-16,1.0
Cabbage,2016-01-01,114.4,148.25,143.54,31.49,2016,1,27.526199714860383,-4.710000000000008,0.49999999999999994,0.8660254037844387
Cabbage,2016-02-01,119.09,146.3,159.89,34.0,2016,2,28.549812284984228,13.589999999999975,0.8660254037844386,0.5000000000000001
Cabbage,2016-03-01,102.54,136.46,130.3,30.84,2016,3,30.076038544920475,-6.159999999999997,1.0,6.123233995736766e-17
Cabbage,2016-04-01,149.04,196.68,188.0,43.3,2016,4,29.052583834820293,-8.680000000000007,0.8660254037844387,-0.49999999999999983
Cabbage,2016-05-01,120.41,166.04,161.27,43.24,2016,5,35.91060882766479,-4.769999999999982,0.49999999999999994,-0.8660254037844387
Cabbage,2016-06-01,166.63,227.81,222.06,58.31,2016,6,34.99367761286826,-5.75,1.2246467991473532e-16,-1.0
Cabbage,2016-07-01,102.51,129.29,141.52,32.89,2016,7,32.084643366848724,12.230000000000018,-0.4999999999999998,-0.8660254037844388
Cabbage,2016-08-01,144.55,174.68,190.69,38.13,2016,8,26.378397524456922,16.00999999999999,-0.8660254037844384,-0.5000000000000004
Cabbage,2016-09-01,107.3,133.36,142.48,30.62,2016,9,28.536786079416515,9.119999999999976,-1.0,-1.8369701987210297e-16
Cabbage,2016-10-01,98.55,129.47,124.4,28.39,2016,10,28.80768258987053,-5.069999999999993,-0.8660254037844386,0.5000000000000001
Cabbage,2016-11-01,95.85,120.07,127.86,28.12,2016,11,29.33747591290985,7.790000000000006,-0.5000000000000004,0.8660254037844384
Cabbage,2016-12-01,114.46,147.76,164.18,41.51,2016,12,36.265912750382014,16.420000000000016,-2.4492935982947064e-16,1.0
Cabbage,2017-01-01,100.05,138.41,130.22,34.26,2017,1,34.24284433498817,-8.189999999999998,0.49999999999999994,0.8660254037844387
Cabbage,2017-02-01,109.72,138.6,143.32,31.24,2017,2,28.472449441806923,4.719999999999999,0.8660254037844386,0.5000000000000001
Cabbage,2017-03-01,159.1,192.3,199.68,36.89,2017,3,23.186660473500645,7.3799999999999955,1.0,6.123233995736766e-17
Cabbage,2017-04-01,145.1,177.07,195.41,41.14,2017,4,28.352840556278046,18.340000000000003,0.8660254037844387,-0.49999999999999983
Cabbage,2017-05-01,102.82,125.15,133.44,26.48,2017,5,25.75371936031963,8.289999999999992,0.49999999999999994,-0.8660254037844387
Cabbage,2017-06-01,151.6,197.34,193.63,43.89,2017,6,28.951168238015672,-3.710000000000008,1.2246467991473532e-16,-1.0
Cabbage,2017-07-01,135.69,172.21,189.58,45.21,2017,7,33.31856929871818,17.370000000000005,-0.4999999999999998,-0.8660254037844388
Cabbage,2017-08-01,154.54,195.74,202.94,44.8,2017,8,28.989239686010297,7.199999999999989,-0.8660254037844384,-0.5000000000000004
Cabbage,2017-09-01,131.48,178.32,177.71,46.54,2017,9,35.39699163599663,-0.6099999999999852,-1.0,-1.8369701987210297e-16
Cabbage,2017-10-01,114.47,138.81,162.63,36.25,2017,10,31.667658191964538,23.819999999999993,-0.8660254037844386,0.5000000000000001
Cabbage,2017-11-01,139.32,182.69,199.13,51.59,2017,11,37.029832737702606,16.439999999999998,-0.5000000000000004,0.8660254037844384
Cabbage,2017-12-01,151.29,190.88,207.75,48.03,2017,12,31.746955022172635,16.870000000000005,-2.4492935982947064e-16,1.0
Cabbage,2018-01-01,141.64,171.71,196.75,42.59,2018,1,30.06916826520174,25.039999999999992,0.49999999999999994,0.8660254037844387
Cabbage,2018-02-01,142.24,194.19,194.61,52.16,2018,2,36.67039041732957,0.4200000000000159,0.8660254037844386,0.5000000000000001
Cabbage,2018-03-01,131.65,164.72,177.38,39.4,2018,3,29.927816234093246,12.659999999999997,1.0,6.123233995736766e-17
Cabbage,2018-04-01,170.58,232.32,221.04,56.1,2018,4,32.88777530321532,-11.280000000000001,0.8660254037844387,-0.49999999999999983
Cabbage,2018-05-01,170.65,231.73,237.05,63.74,2018,5,37.351281950611224,5.320000000000022,0.49999999999999994,-0.8660254037844387
Cabbage,2018-06-01,148.47,184.0,198.92,42.99,2018,6,28.955325011567982,14.919999999999987,1.2246467991473532e-16,-1.0
Cabbage,2018-07-01,146.04,203.7,195.43,53.53,2018,7,36.654316177543016,-8.269999999999982,-0.4999999999999998,-0.8660254037844388
Cabbage,2018-08-01,118.61,164.08,161.59,44.23,2018,8,37.29024762646688,-2.490000000000009,-0.8660254037844384,-0.5000000000000004
Cabbage,2018-09-01,127.11,165.77,164.01,37.78,2018,9,29.72226439913115,-1.7600000000000193,-1.0,-1.8369701987210297e-16
Cabbage,2018-10-01,170.73,233.06,247.32,69.46,2018,10,40.68409729743027,14.259999999999991,-0.8660254037844386,0.5000000000000001
Cabbage,2018-11-01,126.34,166.43,161.92,37.83,2018,11,29.942987222584115,-4.510000000000019,-0.5000000000000004,0.8660254037844384
Cabbage,2018-12-01,142.34,188.81,179.15,41.64,2018,12,29.253878562681912,-9.659999999999997,-2.4492935982947064e-16,1.0
Cabbage,2019-01-01,209.58,274.76,279.2,67.4,2019,1,32.15954186490034,4.439999999999998,0.49999999999999994,0.8660254037844387
Cabbage,2019-02-01,162.58,213.38,232.84,60.53,2019,2,37.230878809891244,19.460000000000008,0.8660254037844386,0.5000000000000001
Cabbage,2019-03-01,162.22,204.75,225.2,52.76,2019,3,32.523713152685765,20.44999999999999,1.0,6.123233995736766e-17
Cabbage,2019-04-01,182.78,223.09,234.29,45.91,2019,4,25.11761400721413,11.199999999999989,0.8660254037844387,-0.49999999999999983
Cabbage,2019-05-01,155.64,193.12,210.63,46.24,2019,5,29.709567135975885,17.50999999999999,0.49999999999999994,-0.8660254037844387
Cabbage,2019-06-01,149.81,198.14,192.76,45.64,2019,6,30.465235655005902,-5.3799999999999955,1.2246467991473532e-16,-1.0
Cabbage,2019-07-01,103.79,126.98,150.06,34.73,2019,7,33.461765621191226,23.08,-0.4999999999999998,-0.8660254037844388
Cabbage,2019-08-01,124.3,154.31,174.4,40.06,2019,8,32.22845355715724,20.090000000000003,-0.8660254037844384,-0.5000000000000004
Cabbage,2019-09-01,129.89,174.92,163.68,39.41,2019,9,30.341034459131215,-11.23999999999998,-1.0,-1.8369701987210297e-16
Cabbage,2019-10-01,119.0,153.87,167.54,41.7,2019,10,35.041987359674486,13.669999999999987,-0.8660254037844386,0.5000000000000001
Cabbage,2019-11-01,156.0,188.39,216.36,46.38,2019,11,29.730750172596043,27.970000000000027,-0.5000000000000004,0.8660254037844384
Cabbage,2019-12-01,119.84,165.9,156.76,41.49,2019,12,34.621132659268476,-9.140000000000015,-2.4492935982947064e-16,1.0
Cabbage,2020-01-01,156.25,209.86,198.45,47.9,2020,1,30.655980380172554,-11.410000000000025,0.49999999999999994,0.8660254037844387
Cabbage,2020-02-01,227.68,306.15,286.67,68.73,2020,2,30.187091449801716,-19.47999999999996,0.8660254037844386,0.5000000000000001
Cabbage,2020-03-01,194.55,267.74,261.36,70.0,2020,3,35.980449251889354,-6.3799999999999955,1.0,6.123233995736766e-17
Cabbage,2020-04-01,192.89,239.94,272.58,63.37,2020,4,32.85290432220213,32.639999999999986,0.8660254037844387,-0.49999999999999983
Cabbage,2020-05-01,168.67,204.2,224.17,45.52,2020,5,26.987592940301813,19.97,0.49999999999999994,-0.8660254037844387
Cabbage,2020-06-01,184.31,239.18,247.42,58.99,2020,6,32.005842327685784,8.23999999999998,1.2246467991473532e-16,-1.0
Cabbage,2020-07-01,182.64,234.67,261.7,65.54,2020,7,35.88478105301082,27.03,-0.4999999999999998,-0.8660254037844388
Cabbage,2020-08-01,181.63,245.17,254.25,68.08,2020,8,37.48277405562184,9.080000000000013,-0.8660254037844384,-0.5000000000000004
Cabbage,2020-09-01,134.18,179.08,181.77,46.24,2020,9,34.461145877816456,2.6899999999999977,-1.0,-1.8369701987210297e-16
Cabbage,2020-10-01,158.41,211.18,226.6,60.48,2020,10,38.179383764040296,15.419999999999987,-0.8660254037844386,0.5000000000000001
Cabbage,2020-11-01,127.74,176.53,174.26,47.66,2020,11,37.31013205720052,-2.2700000000000102,-0.5000000000000004,0.8660254037844384
Cabbage,2020-12-01,169.69,224.76,229.91,57.64,2020,12,33.96780366090892,5.150000000000006,-2.4492935982947064e-16,1.0
Cabbage,2021-01-01,191.55,250.08,244.88,55.93,2021,1,29.198627408704038,-5.200000000000017,0.49999999999999994,0.8660254037844387
Cabbage,2021-02-01,170.42,229.23,225.93,57.16,2021,2,33.540644560119375,-3.299999999999983,0.8660254037844386,0.5000000000000001
Cabbage,2021-03-01,149.21,189.85,192.39,41.91,2021,3,28.087910939004797,2.539999999999992,1.0,6.123233995736766e-17
Cabbage,2021-04-01,178.26,214.23,231.84,44.78,2021,4,25.120596252330163,17.610000000000014,0.8660254037844387,-0.49999999999999983
Cabbage,2021-05-01,259.85,329.7,336.14,73.07,2021,5,28.12005844908276,6.439999999999998,0.49999999999999994,-0.8660254037844387
Cabbage,2021-06-01,187.43,251.39,255.05,65.79,2021,6,35.101085684743275,3.660000000000025,1.2246467991473532e-16,-1.0
Cabbage,2021-07-01,152.47,185.02,195.08,37.58,2021,7,24.64745546831805,10.060000000000002,-0.4999999999999998,-0.8660254037844388
Cabbage,2021-08-01,184.77,242.72,267.69,70.43,2021,8,38.117639163479375,24.97,-0.8660254037844384,-0.5000000000000004
Cabbage,2021-09-01,144.69,193.77,184.61,44.5,2021,9,30.75538685784307,-9.159999999999997,-1.0,-1.8369701987210297e-16
Cabbage,2021-10-01,173.03,222.29,227.31,51.77,2021,10,29.919649818153026,5.02000000000001,-0.8660254037844386,0.5000000000000001
Cabbage,2021-11-01,135.91,168.74,191.76,44.34,2021,11,32.624506935099014,23.019999999999982,-0.5000000000000004,0.8660254037844384
Cabbage,2021-12-01,157.67,209.64,203.4,48.85,2021,12,30.982412010901246,-6.239999999999981,-2.4492935982947064e-16,1.0
Cabbage,2022-01-01,143.74,200.1,198.72,55.67,2022,1,38.72962381409224,-1.3799999999999955,0.49999999999999994,0.8660254037844387
Cabbage,2022-02-01,189.45,237.67,270.0,64.39,2022,2,33.98784165329023,32.33000000000001,0.8660254037844386,0.5000000000000001
Cabbage,2022-03-01,191.39,251.87,269.22,69.16,2022,3,36.13562038997837,17.350000000000023,1.0,6.123233995736766e-17
Cabbage,2022-04-01,162.6,219.72,226.39,60.46,2022,4,37.18324896479154,6.6699999999999875,0.8660254037844387,-0.49999999999999983
Cabbage,2022-05-01,144.75,185.41,183.23,39.57,2022,5,27.33676867926171,-2.180000000000007,0.49999999999999994,-0.8660254037844387
Cabbage,2022-06-01,214.57,292.11,302.84,82.9,2022,6,38.63539234963306,10.729999999999961,1.2246467991473532e-16,-1.0
Cabbage,2022-07-01,212.58,285.42,274.08,67.17,2022,7,31.597501365367687,-11.340000000000032,-0.4999999999999998,-0.8660254037844388
Cabbage,2022-08-01,196.41,274.56,246.95,64.34,2022,8,32.75798953312483,-27.610000000000014,-0.8660254037844384,-0.5000000000000004
Cabbage,2022-09-01,172.86,223.3,235.42,56.5,2022,9,32.68539124991828,12.119999999999976,-1.0,-1.8369701987210297e-16
Cabbage,2022-10-01,157.21,192.81,212.83,45.61,2022,10,29.012130899986705,20.02000000000001,-0.8660254037844386,0.5000000000000001
Cabbage,2022-11-01,127.47,160.22,172.23,38.75,2022,11,30.39928579329584,12.009999999999991,-0.5000000000000004,0.8660254037844384
Cabbage,2022-12-01,197.21,255.39,255.35,58.16,2022,12,29.49139014685353,-0.03999999999999204,-2.4492935982947064e-16,1.0
Cabbage,2023-01-01,205.43,247.46,258.8,47.7,2023,1,23.21957687797455,11.340000000000003,0.49999999999999994,0.8660254037844387
Cabbage,2023-02-01,192.59,254.5,264.86,67.09,2023,2,34.835643161304766,10.360000000000014,0.8660254037844386,0.5000000000000001
Cabbage,2023-03-01,247.06,299.11,339.36,72.18,2023,3,29.21556333863704,40.25,1.0,6.123233995736766e-17
Cabbage,2023-04-01,167.84,204.52,222.02,45.43,2023,4,27.067429058967434,17.5,0.8660254037844387,-0.49999999999999983
Cabbage,2023-05-01,206.26,248.7,296.12,66.15,2023,5,32.071156757899374,47.420000000000016,0.49999999999999994,-0.8660254037844387
Cabbage,2023-06-01,252.73,306.49,328.12,64.58,2023,6,25.552951547916138,21.629999999999995,1.2246467991473532e-16,-1.0
Cabbage,2023-07-01,157.87,213.92,220.21,59.19,2023,7,37.492850134382635,6.2900000000000205,-0.4999999999999998,-0.8660254037844388
Cabbage,2023-08-01,252.54,324.64,347.83,83.7,2023,8,33.143251309396014,23.189999999999998,-0.8660254037844384,-0.5000000000000004
Cabbage,2023-09-01,154.91,203.82,194.32,44.16,2023,9,28.50685655744848,-9.5,-1.0,-1.8369701987210297e-16
Cabbage,2023-10-01,139.16,179.32,175.01,38.0,2023,10,27.30667770431323,-4.310000000000002,-0.8660254037844386,0.5000000000000001
Cabbage,2023-11-01,154.75,204.63,211.33,53.23,2023,11,34.397392958065936,6.700000000000017,-0.5000000000000004,0.8660254037844384
Cabbage,2023-12-01,175.39,243.97,224.1,58.65,2023,12,33.43974374836436,-19.870000000000005,-2.4492935982947064e-16,1.0
Cabbage,2024-01-01,153.88,201.07,194.02,43.67,2024,1,28.37923812110858,-7.049999999999983,0.49999999999999994,0.8660254037844387
Cabbage,2024-02-01,214.7,286.81,281.98,69.7,2024,2,32.463888000052165,-4.829999999999984,0.8660254037844386,0.5000000000000001
Cabbage,2024-03-01,240.85,316.17,309.42,71.95,2024,3,29.873352761738523,-6.75,1.0,6.123233995736766e-17
Cabbage,2024-04-01,179.66,221.6,231.95,47.11,2024,4,26.221737603396633,10.349999999999994,0.8660254037844387,-0.49999999999999983
Cabbage,2024-05-01,200.1,247.44,263.05,55.15,2024,5,27.561205616588897,15.610000000000014,0.49999999999999994,-0.8660254037844387
Cabbage,2024-06-01,201.19,243.67,290.67,65.98,2024,6,32.7948542199641,47.00000000000003,1.2246467991473532e-16,-1.0
Cabbage,2024-07-01,262.5,329.51,379.74,92.12,2024,7,35.09331996444954,50.23000000000002,-0.4999999999999998,-0.8660254037844388
Cabbage,2024-08-01,156.78,191.87,202.08,40.2,2024,8,25.641009286255077,10.210000000000008,-0.8660254037844384,-0.5000000000000004
Cabbage,2024-09-01,175.8,241.09,220.72,55.1,2024,9,31.34241675630446,-20.370000000000005,-1.0,-1.8369701987210297e-16
Cabbage,2024-10-01,188.6,258.66,268.76,75.11,2024,10,39.825005395013044,10.099999999999966,-0.8660254037844386,0.5000000000000001
Cabbage,2024-11-01,233.24,312.64,335.61,90.88,2024,11,38.964140385808435,22.970000000000027,-0.5000000000000004,0.8660254037844384
Cabbage,2024-12-01,260.43,313.85,334.15,63.57,2024,12,24.409620854117865,20.299999999999955,-2.4492935982947064e-16,1.0
Cabbage,2025-01-01,340.33,436.47,473.94,114.88,2025,1,33.755462711056126,37.46999999999997,0.49999999999999994,0.8660254037844387
Cabbage,2025-02-01,315.59,403.66,432.41,102.45,2025,2,32.462995512216644,28.75,0.8660254037844386,0.5000000000000001
Cabbage,2025-03-01,226.46,284.98,302.46,67.26,2025,3,29.70059626397763,17.47999999999996,1.0,6.123233995736766e-17
Cabbage,2025-04-01,242.86,335.35,334.04,91.84,2025,4,37.81601012270027,-1.3100000000000023,0.8660254037844387,-0.49999999999999983
Cabbage,2025-05-01,248.6,333.06,326.22,81.04,2025,5,32.59853877773983,-6.839999999999975,0.49999999999999994,-0.8660254037844387
Cabbage,2025-06-01,177.27,221.49,249.58,58.26,2025,6,32.86510246228777,28.090000000000003,1.2246467991473532e-16,-1.0
Cabbage,2025-07-01,174.34,228.81,239.01,59.57,2025,7,34.168845836385316,10.199999999999989,-0.4999999999999998,-0.8660254037844388
Cabbage,2025-08-01,177.94,229.56,237.12,55.4,2025,8,31.13407264579485,7.560000000000002,-0.8660254037844384,-0.5000000000000004
Carrot,2000-01-01,62.64,82.46,84.85,21.01,2000,1,33.540814909299314,2.3900000000000006,0.49999999999999994,0.8660254037844387
Carrot,2000-02-01,61.56,74.14,85.7,18.36,2000,2,29.82451295563197,11.560000000000002,0.8660254037844386,0.5000000000000001
Carrot,2000-03-01,57.65,76.73,81.32,21.38,2000,3,37.085798636949455,4.589999999999989,1.0,6.123233995736766e-17
Carrot,2000-04-01,62.25,77.99,80.65,17.07,2000,4,27.42164269615631,2.660000000000011,0.8660254037844387,-0.49999999999999983
Carrot,2000-05-01,63.36,80.57,90.97,22.41,2000,5,35.36926235911875,10.400000000000006,0.49999999999999994,-0.8660254037844387
Carrot,2000-06-01,64.55,82.19,84.03,18.56,2000,6,28.752860181471444,1.8400000000000034,1.2246467991473532e-16,-1.0
Carrot,2000-07-01,60.56,74.89,79.45,16.61,2000,7,27.42729949257019,4.560000000000002,-0.4999999999999998,-0.8660254037844388
Carrot,2000-08-01,58.15,79.8,83.14,23.32,2000,8,40.10311246240333,3.3400000000000034,-0.8660254037844384,-0.5000000000000004
Carrot,2000-09-01,54.44,72.03,71.01,17.08,2000,9,31.37393208315194,-1.019999999999996,-1.0,-1.8369701987210297e-16
Carrot,2000-10-01,58.66,72.07,76.63,15.69,2000,10,26.74731205708821,4.560000000000002,-0.8660254037844386,0.5000000000000001
Carrot,2000-11-01,50.72,67.72,72.93,19.61,2000,11,38.66317298270311,5.210000000000008,-0.5000000000000004,0.8660254037844384
Carrot,2000-12-01,54.13,70.63,72.73,17.55,2000,12,32.42188726789716,2.1000000000000085,-2.4492935982947064e-16,1.0
Carrot,2001-01-01,65.73,84.26,91.12,21.96,2001,1,33.40935127133535,6.859999999999999,0.49999999999999994,0.8660254037844387
Carrot,2001-02-01,58.95,78.04,76.65,18.4,2001,2,31.212839333605874,-1.3900000000000006,0.8660254037844386,0.5000000000000001
Carrot,2001-03-01,59.06,82.0,79.64,21.76,2001,3,36.84382518824045,-2.3599999999999994,1.0,6.123233995736766e-17
Carrot,2001-04-01,63.17,86.84,89.32,24.91,2001,4,39.43321286494718,2.4799999999999898,0.8660254037844387,-0.49999999999999983
Carrot,2001-05-01,73.24,98.3,104.07,27.94,2001,5,38.148500616465576,5.769999999999996,0.49999999999999994,-0.8660254037844387
Carrot,2001-06-01,63.05,76.24,86.46,18.3,2001,6,29.02453762959932,10.219999999999999,1.2246467991473532e-16,-1.0
Carrot,2001-07-01,65.08,78.28,81.78,14.95,2001,7,22.97169180748032,3.5,-0.4999999999999998,-0.8660254037844388
Carrot,2001-08-01,62.72,78.0,87.44,20.0,2001,8,31.887704260675605,9.439999999999998,-0.8660254037844384,-0.5000000000000004
Carrot,2001-09-01,58.81,82.12,76.93,20.72,2001,9,35.23204347552546,-5.189999999999998,-1.0,-1.8369701987210297e-16
Carrot,2001-10-01,57.63,72.47,79.16,18.18,2001,10,31.546015016458412,6.689999999999998,-0.8660254037844386,0.5000000000000001
Carrot,2001-11-01,55.39,75.85,75.25,20.16,2001,11,36.39639574581017,-0.5999999999999943,-0.5000000000000004,0.8660254037844384
Carrot,2001-12-01,60.49,72.88,83.35,17.62,2001,12,29.12873346216984,10.469999999999999,-2.4492935982947064e-16,1.0
Carrot,2002-01-01,68.07,88.58,86.85,19.65,2002,1,28.867300033347977,-1.730000000000004,0.49999999999999994,0.8660254037844387
Carrot,2002-02-01,65.01,90.07,88.9,24.47,2002,2,37.64030512181953,-1.1699999999999875,0.8660254037844386,0.5000000000000001
Carrot,2002-03-01,69.51,92.69,100.01,26.84,2002,3,38.61309363675207,7.320000000000007,1.0,6.123233995736766e-17
Carrot,2002-04-01,74.47,90.43,98.6,20.05,2002,4,26.923557239751254,8.169999999999987,0.8660254037844387,-0.49999999999999983
Carrot,2002-05-01,65.45,82.97,91.48,21.78,2002,5,33.277260080580476,8.510000000000005,0.49999999999999994,-0.8660254037844387
Carrot,2002-06-01,69.55,91.43,90.61,21.47,2002,6,30.86983340067088,-0.8200000000000074,1.2246467991473532e-16,-1.0
Carrot,2002-07-01,69.42,89.46,99.22,24.92,2002,7,35.8973841870006,9.760000000000005,-0.4999999999999998,-0.8660254037844388
Carrot,2002-08-01,61.9,82.23,81.07,19.75,2002,8,31.906248939824007,-1.1600000000000108,-0.8660254037844384,-0.5000000000000004
Carrot,2002-09-01,60.32,76.06,85.59,20.51,2002,9,34.00193302066807,9.530000000000001,-1.0,-1.8369701987210297e-16
Carrot,2002-10-01,64.11,89.6,82.78,22.08,2002,10,34.44075114529536,-6.819999999999993,-0.8660254037844386,0.5000000000000001
Carrot,2002-11-01,68.86,93.0,98.02,26.65,2002,11,38.70165741844696,5.019999999999996,-0.5000000000000004,0.8660254037844384
Carrot,2002-12-01,68.89,91.08,87.29,20.3,2002,12,29.4672238826769,-3.789999999999992,-2.4492935982947064e-16,1.0
Carrot,2003-01-01,69.9,91.04,90.31,20.78,2003,1,29.728140589212316,-0.730000000000004,0.49999999999999994,0.8660254037844387
Carrot,2003-02-01,68.95,89.59,99.44,25.56,2003,2,37.07028706267286,9.849999999999994,0.8660254037844386,0.5000000000000001
Carrot,2003-03-01,65.06,88.25,88.68,23.4,2003,3,35.96674459461328,0.4300000000000068,1.0,6.123233995736766e-17
Carrot,2003-04-01,75.42,90.94,108.78,24.44,2003,4,32.4051545940671,17.840000000000003,0.8660254037844387,-0.49999999999999983
Carrot,2003-05-01,73.42,101.54,91.97,23.34,2003,5,31.78965977981506,-9.570000000000007,0.49999999999999994,-0.8660254037844387
Carrot,2003-06-01,66.27,85.7,94.64,23.9,2003,6,36.0645298558475,8.939999999999998,1.2246467991473532e-16,-1.0
Carrot,2003-07-01,67.11,91.02,94.01,25.4,2003,7,37.848252349497315,2.990000000000009,-0.4999999999999998,-0.8660254037844388
Carrot,2003-08-01,69.32,87.46,87.77,18.3,2003,8,26.399269475952863,0.3100000000000023,-0.8660254037844384,-0.5000000000000004
Carrot,2003-09-01,63.14,77.17,81.84,16.37,2003,9,25.926471449997702,4.670000000000002,-1.0,-1.8369701987210297e-16
Carrot,2003-10-01,65.18,78.53,88.61,18.39,2003,10,28.214132841158573,10.079999999999998,-0.8660254037844386,0.5000000000000001
Carrot,2003-11-01,72.89,94.34,97.83,23.2,2003,11,31.828739431006404,3.489999999999995,-0.5000000000000004,0.8660254037844384
Carrot,2003-12-01,66.98,85.63,97.05,24.36,2003,12,36.36901109433995,11.420000000000002,-2.4492935982947064e-16,1.0
Carrot,2004-01-01,80.0,96.91,111.33,24.12,2004,1,30.149962312547107,14.420000000000002,0.49999999999999994,0.8660254037844387
Carrot,2004-02-01,81.63,106.86,103.18,23.39,2004,2,28.653646142783117,-3.6799999999999926,0.8660254037844386,0.5000000000000001
Carrot,2004-03-01,74.25,98.94,104.38,27.41,2004,3,36.91577519760916,5.439999999999998,1.0,6.123233995736766e-17
Carrot,2004-04-01,82.99,99.85,115.05,24.46,2004,4,29.473395019405928,15.200000000000003,0.8660254037844387,-0.49999999999999983
Carrot,2004-05-01,74.45,103.55,97.76,26.2,2004,5,35.191356358151296,-5.789999999999992,0.49999999999999994,-0.8660254037844387
Carrot,2004-06-01,71.51,85.9,92.78,17.83,2004,6,24.933540856466426,6.8799999999999955,1.2246467991473532e-16,-1.0
Carrot,2004-07-01,88.52,110.47,116.11,24.77,2004,7,27.982345252660128,5.640000000000001,-0.4999999999999998,-0.8660254037844388
Carrot,2004-08-01,70.33,98.11,92.11,24.78,2004,8,35.2338472432145,-6.0,-0.8660254037844384,-0.5000000000000004
Carrot,2004-09-01,76.41,100.69,96.07,21.97,2004,9,28.752743420045256,-4.6200000000000045,-1.0,-1.8369701987210297e-16
Carrot,2004-10-01,79.77,101.45,101.68,21.8,2004,10,27.328535378544096,0.23000000000000398,-0.8660254037844386,0.5000000000000001
Carrot,2004-11-01,75.01,93.93,95.07,19.49,2004,11,25.983167600096515,1.1399999999999864,-0.5000000000000004,0.8660254037844384
Carrot,2004-12-01,66.67,86.98,91.35,22.49,2004,12,33.73326273696904,4.36999999999999,-2.4492935982947064e-16,1.0
Carrot,2005-01-01,82.52,106.65,116.58,29.1,2005,1,35.26413564695147,9.929999999999993,0.49999999999999994,0.8660254037844387
Carrot,2005-02-01,93.51,113.57,121.16,23.85,2005,2,25.505266276049326,7.590000000000003,0.8660254037844386,0.5000000000000001
Carrot,2005-03-01,84.09,109.87,105.99,23.84,2005,3,28.350543048468246,-3.8800000000000097,1.0,6.123233995736766e-17
Carrot,2005-04-01,93.7,129.32,120.96,31.44,2005,4,33.55385960100363,-8.36,0.8660254037844387,-0.49999999999999983
Carrot,2005-05-01,87.7,117.69,122.7,32.49,2005,5,37.046708042522184,5.010000000000005,0.49999999999999994,-0.8660254037844387
Carrot,2005-06-01,71.08,88.2,91.99,19.02,2005,6,26.7585442338995,3.789999999999992,1.2246467991473532e-16,-1.0
Carrot,2005-07-01,82.59,103.12,110.18,24.06,2005,7,29.131820884101117,7.060000000000002,-0.4999999999999998,-0.8660254037844388
Carrot,2005-08-01,76.48,107.05,107.37,30.73,2005,8,40.18038679342731,0.3200000000000074,-0.8660254037844384,-0.5000000000000004
Carrot,2005-09-01,86.86,118.55,119.44,32.14,2005,9,37.00202970063355,0.8900000000000006,-1.0,-1.8369701987210297e-16
Carrot,2005-10-01,82.01,112.9,104.7,26.79,2005,10,32.666708124974846,-8.200000000000003,-0.8660254037844386,0.5000000000000001
Carrot,2005-11-01,76.43,105.34,104.78,28.63,2005,11,37.45906390283409,-0.5600000000000023,-0.5000000000000004,0.8660254037844384
Carrot,2005-12-01,78.61,98.42,100.98,21.09,2005,12,26.82861362598445,2.5600000000000023,-2.4492935982947064e-16,1.0
Carrot,2006-01-01,80.89,102.23,115.99,28.22,2006,1,34.886840293187916,13.759999999999991,0.49999999999999994,0.8660254037844387
Carrot,2006-02-01,95.08,125.29,132.51,33.82,2006,2,35.570008866208596,7.219999999999985,0.8660254037844386,0.5000000000000001
Carrot,2006-03-01,106.37,143.54,143.11,36.96,2006,3,34.746606424173706,-0.4299999999999784,1.0,6.123233995736766e-17
Carrot,2006-04-01,91.96,116.0,122.55,27.32,2006,4,29.708536637084997,6.549999999999997,0.8660254037844387,-0.49999999999999983
Carrot,2006-05-01,94.0,120.3,117.94,25.12,2006,5,26.723375826195927,-2.3599999999999994,0.49999999999999994,-0.8660254037844387
Carrot,2006-06-01,88.32,112.4,117.82,26.79,2006,6,30.332846090527525,5.4199999999999875,1.2246467991473532e-16,-1.0
Carrot,2006-07-01,95.66,119.89,137.53,33.05,2006,7,34.54940983753937,17.64,-0.4999999999999998,-0.8660254037844388
Carrot,2006-08-01,78.94,98.77,106.5,23.7,2006,8,30.02276409581442,7.730000000000004,-0.8660254037844384,-0.5000000000000004
Carrot,2006-09-01,87.17,117.53,124.03,33.61,2006,9,38.55679871882675,6.5,-1.0,-1.8369701987210297e-16
Carrot,2006-10-01,82.96,105.87,117.86,28.91,2006,10,34.84807756981971,11.989999999999995,-0.8660254037844386,0.5000000000000001
Carrot,2006-11-01,70.31,96.37,101.32,28.53,2006,11,40.577385041409414,4.949999999999989,-0.5000000000000004,0.8660254037844384
Carrot,2006-12-01,84.89,108.91,109.26,24.2,2006,12,28.507446686951717,0.3500000000000085,-2.4492935982947064e-16,1.0
Carrot,2007-01-01,91.76,127.19,125.03,34.35,2007,1,37.43457123521007,-2.1599999999999966,0.49999999999999994,0.8660254037844387
Carrot,2007-02-01,97.35,133.06,133.47,35.92,2007,2,36.89775357190183,0.4099999999999966,0.8660254037844386,0.5000000000000001
Carrot,2007-03-01,112.46,139.84,155.11,35.02,2007,3,31.13993318519191,15.27000000000001,1.0,6.123233995736766e-17
Carrot,2007-04-01,109.74,145.66,157.29,41.74,2007,4,38.03532163721375,11.629999999999995,0.8660254037844387,-0.49999999999999983
Carrot,2007-05-01,105.58,147.64,148.98,42.73,2007,5,40.471641909791714,1.3400000000000034,0.49999999999999994,-0.8660254037844387
Carrot,2007-06-01,90.74,120.49,118.96,28.98,2007,6,31.937368374070562,-1.5300000000000011,1.2246467991473532e-16,-1.0
Carrot,2007-07-01,79.16,96.29,103.45,20.71,2007,7,26.162170083160586,7.159999999999997,-0.4999999999999998,-0.8660254037844388
Carrot,2007-08-01,81.05,107.16,114.03,29.54,2007,8,36.446592909817504,6.8700000000000045,-0.8660254037844384,-0.5000000000000004
Carrot,2007-09-01,91.77,118.37,131.47,33.15,2007,9,36.12287662321388,13.099999999999994,-1.0,-1.8369701987210297e-16
Carrot,2007-10-01,84.54,113.85,107.73,26.25,2007,10,31.050353619170075,-6.11999999999999,-0.8660254037844386,0.5000000000000001
Carrot,2007-11-01,96.43,120.06,122.47,24.83,2007,11,25.749221456785794,2.4099999999999966,-0.5000000000000004,0.8660254037844384
Carrot,2007-12-01,94.98,125.23,124.86,30.06,2007,12,31.648734840245478,-0.37000000000000455,-2.4492935982947064e-16,1.0
Carrot,2008-01-01,86.77,105.04,118.47,24.99,2008,1,28.80024340181698,13.429999999999993,0.49999999999999994,0.8660254037844387
Carrot,2008-02-01,97.3,133.68,130.94,35.01,2008,2,35.9814635339532,-2.740000000000009,0.8660254037844386,0.5000000000000001
Carrot,2008-03-01,99.76,130.01,128.64,29.56,2008,3,29.631084972849862,-1.3700000000000045,1.0,6.123233995736766e-17
Carrot,2008-04-01,92.0,125.35,118.24,29.79,2008,4,32.38039958652219,-7.109999999999999,0.8660254037844387,-0.49999999999999983
Carrot,2008-05-01,94.69,122.65,123.35,28.31,2008,5,29.89752888633553,0.6999999999999886,0.49999999999999994,-0.8660254037844387
Carrot,2008-06-01,118.16,144.07,165.99,36.87,2008,6,31.203426537384445,21.920000000000016,1.2246467991473532e-16,-1.0
Carrot,2008-07-01,103.07,141.91,148.16,41.96,2008,7,40.71015745594504,6.25,-0.4999999999999998,-0.8660254037844388
Carrot,2008-08-01,97.57,127.28,141.07,36.61,2008,8,37.52174077919362,13.789999999999992,-0.8660254037844384,-0.5000000000000004
Carrot,2008-09-01,111.4,146.47,160.62,42.14,2008,9,37.827614158335585,14.150000000000006,-1.0,-1.8369701987210297e-16
Carrot,2008-10-01,88.84,109.78,122.03,27.06,2008,10,30.4592183034463,12.25,-0.8660254037844386,0.5000000000000001
Carrot,2008-11-01,88.67,112.19,127.37,31.11,2008,11,35.08510760673553,15.180000000000007,-0.5000000000000004,0.8660254037844384
Carrot,2008-12-01,102.33,136.17,131.38,31.44,2008,12,30.72409779722682,-4.789999999999992,-2.4492935982947064e-16,1.0
Carrot,2009-01-01,96.13,130.68,138.29,38.36,2009,1,39.904254754754234,7.609999999999985,0.49999999999999994,0.8660254037844387
Carrot,2009-02-01,118.42,156.25,167.97,43.69,2009,2,36.89407457011099,11.719999999999999,0.8660254037844386,0.5000000000000001
Carrot,2009-03-01,131.81,172.83,164.79,37.0,2009,3,28.070686540712735,-8.04000000000002,1.0,6.123233995736766e-17
Carrot,2009-04-01,115.33,143.24,165.17,38.88,2009,4,33.71192776213668,21.92999999999998,0.8660254037844387,-0.49999999999999983
Carrot,2009-05-01,105.42,146.12,152.79,44.04,2009,5,41.77571449846851,6.6699999999999875,0.49999999999999994,-0.8660254037844387
Carrot,2009-06-01,117.06,147.31,158.97,36.08,2009,6,30.821774456027285,11.659999999999997,1.2246467991473532e-16,-1.0
Carrot,2009-07-01,100.68,133.77,137.32,34.86,2009,7,34.62451864867039,3.549999999999983,-0.4999999999999998,-0.8660254037844388
Carrot,2009-08-01,98.1,133.33,139.99,38.56,2009,8,39.30678969746209,6.659999999999997,-0.8660254037844384,-0.5000000000000004
Carrot,2009-09-01,107.98,146.03,139.87,34.97,2009,9,32.38559697573905,-6.159999999999997,-1.0,-1.8369701987210297e-16
Carrot,2009-10-01,100.74,127.18,138.48,32.09,2009,10,31.8542467200251,11.299999999999983,-0.8660254037844386,0.5000000000000001
Carrot,2009-11-01,95.05,120.26,125.37,27.77,2009,11,29.216171261261163,5.109999999999999,-0.5000000000000004,0.8660254037844384
Carrot,2009-12-01,118.17,143.09,156.92,31.83,2009,12,26.935747706061008,13.829999999999984,-2.4492935982947064e-16,1.0
Carrot,2010-01-01,108.13,133.77,142.51,30.01,2010,1,27.753604223060925,8.73999999999998,0.49999999999999994,0.8660254037844387
Carrot,2010-02-01,104.28,125.33,133.94,25.35,2010,2,24.309527896501827,8.61,0.8660254037844386,0.5000000000000001
Carrot,2010-03-01,104.4,135.29,134.27,30.38,2010,3,29.09958898506802,-1.0199999999999818,1.0,6.123233995736766e-17
Carrot,2010-04-01,132.45,174.63,185.99,47.86,2010,4,36.13436305446353,11.360000000000014,0.8660254037844387,-0.49999999999999983
Carrot,2010-05-01,131.47,158.37,166.31,30.87,2010,5,23.480624111489988,7.939999999999998,0.49999999999999994,-0.8660254037844387
Carrot,2010-06-01,116.01,145.66,166.79,40.21,2010,6,34.660775225605356,21.129999999999995,1.2246467991473532e-16,-1.0
Carrot,2010-07-01,88.56,112.73,112.36,23.98,2010,7,27.0776568680478,-0.37000000000000455,-0.4999999999999998,-0.8660254037844388
Carrot,2010-08-01,105.92,132.0,134.2,27.18,2010,8,25.660851906295406,2.1999999999999886,-0.8660254037844384,-0.5000000000000004
Carrot,2010-09-01,96.88,129.5,139.52,37.63,2010,9,38.84182613354033,10.02000000000001,-1.0,-1.8369701987210297e-16
Carrot,2010-10-01,116.43,155.21,149.16,35.75,2010,10,30.705118349979944,-6.050000000000011,-0.8660254037844386,0.5000000000000001
Carrot,2010-11-01,105.45,143.17,143.69,37.98,2010,11,36.01703554572257,0.5200000000000102,-0.5000000000000004,0.8660254037844384
Carrot,2010-12-01,111.28,147.52,160.22,42.59,2010,12,38.27279091230148,12.699999999999989,-2.4492935982947064e-16,1.0
Carrot,2011-01-01,127.97,167.01,160.43,35.75,2011,1,27.936213224807982,-6.579999999999984,0.49999999999999994,0.8660254037844387
Carrot,2011-02-01,116.42,140.08,165.2,36.22,2011,2,31.11146614716874,25.119999999999976,0.8660254037844386,0.5000000000000001
Carrot,2011-03-01,116.69,150.53,162.73,39.94,2011,3,34.227410894326084,12.199999999999989,1.0,6.123233995736766e-17
Carrot,2011-04-01,122.3,153.85,171.68,40.47,2011,4,33.09073336816568,17.830000000000013,0.8660254037844387,-0.49999999999999983
Carrot,2011-05-01,110.12,145.68,140.07,32.75,2011,5,29.740256320145004,-5.610000000000014,0.49999999999999994,-0.8660254037844387
Carrot,2011-06-01,120.8,164.98,151.79,37.58,2011,6,31.10924577049191,-13.189999999999998,1.2246467991473532e-16,-1.0
Carrot,2011-07-01,116.38,156.77,153.83,38.92,2011,7,33.44214345923401,-2.9399999999999977,-0.4999999999999998,-0.8660254037844388
Carrot,2011-08-01,101.22,123.7,128.48,24.87,2011,8,24.57021876089828,4.779999999999987,-0.8660254037844384,-0.5000000000000004
Carrot,2011-09-01,97.73,118.52,133.45,28.25,2011,9,28.90614048281952,14.929999999999993,-1.0,-1.8369701987210297e-16
Carrot,2011-10-01,138.49,183.09,178.23,42.17,2011,10,30.449829987847504,-4.860000000000014,-0.8660254037844386,0.5000000000000001
Carrot,2011-11-01,140.45,187.42,194.49,50.51,2011,11,35.96295054257704,7.070000000000022,-0.5000000000000004,0.8660254037844384
Carrot,2011-12-01,126.08,167.79,179.42,47.52,2011,12,37.69032543597285,11.629999999999995,-2.4492935982947064e-16,1.0
Carrot,2012-01-01,115.58,144.31,151.72,32.44,2012,1,28.06711535982405,7.409999999999997,0.49999999999999994,0.8660254037844387
Carrot,2012-02-01,127.11,160.96,167.06,36.9,2012,2,29.02995119978664,6.099999999999994,0.8660254037844386,0.5000000000000001
Carrot,2012-03-01,125.14,154.87,173.54,39.06,2012,3,31.21301645116154,18.669999999999987,1.0,6.123233995736766e-17
Carrot,2012-04-01,152.62,183.65,204.39,41.4,2012,4,27.12617800669768,20.73999999999998,0.8660254037844387,-0.49999999999999983
Carrot,2012-05-01,153.18,213.14,193.58,50.18,2012,5,32.75882441648752,-19.559999999999974,0.49999999999999994,-0.8660254037844387
Carrot,2012-06-01,111.43,148.63,141.63,33.7,2012,6,30.24317486926782,-7.0,1.2246467991473532e-16,-1.0
Carrot,2012-07-01,148.56,188.98,211.51,51.68,2012,7,34.78726791379381,22.53,-0.4999999999999998,-0.8660254037844388
Carrot,2012-08-01,120.95,156.83,172.18,43.56,2012,8,36.0148524060749,15.349999999999994,-0.8660254037844384,-0.5000000000000004
Carrot,2012-09-01,126.87,172.71,175.8,47.39,2012,9,37.35316674299145,3.0900000000000034,-1.0,-1.8369701987210297e-16
Carrot,2012-10-01,108.91,151.84,141.95,37.98,2012,10,34.87279875787461,-9.890000000000015,-0.8660254037844386,0.5000000000000001
Carrot,2012-11-01,109.2,133.47,151.68,33.38,2012,11,30.567737575331893,18.210000000000008,-0.5000000000000004,0.8660254037844384
Carrot,2012-12-01,135.28,186.18,175.3,45.46,2012,12,33.604351268220526,-10.879999999999995,-2.4492935982947064e-16,1.0
Carrot,2013-01-01,137.12,169.94,195.67,45.68,2013,1,33.313861352201464,25.72999999999999,0.49999999999999994,0.8660254037844387
Carrot,2013-02-01,117.39,145.83,159.68,35.37,2013,2,30.130309114652764,13.849999999999994,0.8660254037844386,0.5000000000000001
Carrot,2013-03-01,142.84,196.16,194.6,52.54,2013,3,36.78238813890497,-1.5600000000000023,1.0,6.123233995736766e-17
Carrot,2013-04-01,154.58,209.79,203.96,52.29,2013,4,33.827122637389934,-5.829999999999984,0.8660254037844387,-0.49999999999999983
Carrot,2013-05-01,148.7,187.55,185.88,38.02,2013,5,25.568241043550078,-1.670000000000016,0.49999999999999994,-0.8660254037844387
Carrot,2013-06-01,131.64,164.65,175.77,38.57,2013,6,29.2995827259323,11.120000000000005,1.2246467991473532e-16,-1.0
Carrot,2013-07-01,165.16,207.35,220.27,48.65,2013,7,29.45626697973663,12.920000000000016,-0.4999999999999998,-0.8660254037844388
Carrot,2013-08-01,160.06,205.4,224.72,55.0,2013,8,34.362092738914946,19.319999999999993,-0.8660254037844384,-0.5000000000000004
Carrot,2013-09-01,127.98,175.57,176.7,48.15,2013,9,37.62303670648796,1.1299999999999955,-1.0,-1.8369701987210297e-16
Carrot,2013-10-01,121.13,161.32,165.3,42.18,2013,10,34.82206321962914,3.980000000000018,-0.8660254037844386,0.5000000000000001
Carrot,2013-11-01,113.44,145.82,150.34,34.64,2013,11,30.535939231365276,4.52000000000001,-0.5000000000000004,0.8660254037844384
Carrot,2013-12-01,134.65,178.14,178.01,43.42,2013,12,32.24654122054124,-0.12999999999999545,-2.4492935982947064e-16,1.0
Carrot,2014-01-01,139.68,183.74,195.04,49.71,2014,1,35.58846249394151,11.299999999999983,0.49999999999999994,0.8660254037844387
Carrot,2014-02-01,169.47,225.05,237.7,61.9,2014,2,36.52561720327066,12.649999999999977,0.8660254037844386,0.5000000000000001
Carrot,2014-03-01,188.6,259.58,263.4,72.89,2014,3,38.64791163949542,3.819999999999993,1.0,6.123233995736766e-17
Carrot,2014-04-01,194.03,255.26,256.87,62.04,2014,4,31.974420463629095,1.6100000000000136,0.8660254037844387,-0.49999999999999983
Carrot,2014-05-01,147.49,199.83,213.72,59.28,2014,5,40.192528176467434,13.889999999999986,0.49999999999999994,-0.8660254037844387
Carrot,2014-06-01,162.9,211.86,206.76,46.41,2014,6,28.489853597388827,-5.100000000000023,1.2246467991473532e-16,-1.0
Carrot,2014-07-01,141.6,192.26,186.43,47.74,2014,7,33.714665455744736,-5.829999999999984,-0.4999999999999998,-0.8660254037844388
Carrot,2014-08-01,152.9,206.5,205.22,52.96,2014,8,34.63699500523544,-1.2800000000000011,-0.8660254037844384,-0.5000000000000004
Carrot,2014-09-01,129.21,180.02,185.85,53.72,2014,9,41.57569725586467,5.829999999999984,-1.0,-1.8369701987210297e-16
Carrot,2014-10-01,111.8,140.19,149.14,32.86,2014,10,29.391744730103103,8.949999999999989,-0.8660254037844386,0.5000000000000001
Carrot,2014-11-01,149.46,185.18,201.24,43.75,2014,11,29.272026447192257,16.060000000000002,-0.5000000000000004,0.8660254037844384
Carrot,2014-12-01,126.88,161.72,159.45,33.7,2014,12,26.560508700734005,-2.2700000000000102,-2.4492935982947064e-16,1.0
Carrot,2015-01-01,160.73,220.55,201.53,50.31,2015,1,31.300919989473037,-19.02000000000001,0.49999999999999994,0.8660254037844387
Carrot,2015-02-01,136.62,179.52,174.36,40.32,2015,2,29.512494867153517,-5.159999999999997,0.8660254037844386,0.5000000000000001
Carrot,2015-03-01,148.92,207.27,194.22,51.83,2015,3,34.8038981977584,-13.050000000000011,1.0,6.123233995736766e-17
Carrot,2015-04-01,128.91,155.37,182.36,39.96,2015,4,30.998346909978352,26.99000000000001,0.8660254037844387,-0.49999999999999983
Carrot,2015-05-01,155.98,196.83,195.55,40.21,2015,5,25.77892949164669,-1.2800000000000011,0.49999999999999994,-0.8660254037844387
Carrot,2015-06-01,159.67,203.04,204.19,43.95,2015,6,27.525504148866947,1.1500000000000057,1.2246467991473532e-16,-1.0
Carrot,2015-07-01,166.82,231.4,233.86,65.81,2015,7,39.449682622178024,2.460000000000008,-0.4999999999999998,-0.8660254037844388
Carrot,2015-08-01,189.81,228.82,240.09,44.64,2015,8,23.518242706789575,11.27000000000001,-0.8660254037844384,-0.5000000000000004
Carrot,2015-09-01,187.85,230.56,236.9,45.88,2015,9,24.423729345898675,6.340000000000003,-1.0,-1.8369701987210297e-16
Carrot,2015-10-01,156.72,204.9,218.92,55.19,2015,10,35.21564879042318,14.019999999999982,-0.8660254037844386,0.5000000000000001
Carrot,2015-11-01,170.47,210.84,214.47,42.18,2015,11,24.7433420875567,3.6299999999999955,-0.5000000000000004,0.8660254037844384
Carrot,2015-12-01,168.44,212.8,231.15,53.54,2015,12,31.78578022691746,18.349999999999994,-2.4492935982947064e-16,1.0
Carrot,2016-01-01,157.29,202.3,218.3,53.01,2016,1,33.70205753572539,16.0,0.49999999999999994,0.8660254037844387
Carrot,2016-02-01,152.57,197.66,219.54,56.03,2016,2,36.72410256006911,21.879999999999995,0.8660254037844386,0.5000000000000001
Carrot,2016-03-01,168.38,229.49,210.63,51.68,2016,3,30.692463064221958,-18.860000000000014,1.0,6.123233995736766e-17
Carrot,2016-04-01,185.36,235.39,234.02,49.34,2016,4,26.618457801867823,-1.3699999999999761,0.8660254037844387,-0.49999999999999983
Carrot,2016-05-01,184.06,238.71,247.79,59.19,2016,5,32.157974487680924,9.079999999999984,0.49999999999999994,-0.8660254037844387
Carrot,2016-06-01,205.75,272.92,259.43,60.43,2016,6,29.370581107858513,-13.490000000000009,1.2246467991473532e-16,-1.0
Carrot,2016-07-01,186.8,227.44,268.58,61.21,2016,7,32.76764841132312,41.139999999999986,-0.4999999999999998,-0.8660254037844388
Carrot,2016-08-01,192.59,236.72,268.4,59.97,2016,8,31.13867223704645,31.67999999999998,-0.8660254037844384,-0.5000000000000004
Carrot,2016-09-01,155.87,206.78,210.14,52.59,2016,9,33.739633194563936,3.359999999999985,-1.0,-1.8369701987210297e-16
Carrot,2016-10-01,146.28,190.44,202.13,50.0,2016,10,34.180999329368795,11.689999999999998,-0.8660254037844386,0.5000000000000001
Carrot,2016-11-01,177.59,230.83,242.83,59.24,2016,11,33.35771532309515,12.0,-0.5000000000000004,0.8660254037844384
Carrot,2016-12-01,139.1,169.73,201.47,46.5,2016,12,33.429163602326675,31.74000000000001,-2.4492935982947064e-16,1.0
Carrot,2017-01-01,148.6,186.17,198.17,43.57,2017,1,29.320303283779758,12.0,0.49999999999999994,0.8660254037844387
Carrot,2017-02-01,149.47,200.27,209.67,55.5,2017,2,37.131172053808754,9.399999999999977,0.8660254037844386,0.5000000000000001
Carrot,2017-03-01,206.49,255.75,274.01,58.39,2017,3,28.27738472691911,18.25999999999999,1.0,6.123233995736766e-17
Carrot,2017-04-01,149.24,202.34,215.23,59.54,2017,4,39.89544365086863,12.889999999999986,0.8660254037844387,-0.49999999999999983
Carrot,2017-05-01,199.72,279.24,283.95,81.88,2017,5,40.99737582747054,4.7099999999999795,0.49999999999999994,-0.8660254037844387
Carrot,2017-06-01,172.84,230.46,250.14,67.46,2017,6,39.030294474488265,19.67999999999998,1.2246467991473532e-16,-1.0
Carrot,2017-07-01,221.77,300.63,287.66,72.38,2017,7,32.63740242710807,-12.96999999999997,-0.4999999999999998,-0.8660254037844388
Carrot,2017-08-01,138.71,176.4,196.77,47.88,2017,8,34.518034375290625,20.370000000000005,-0.8660254037844384,-0.5000000000000004
Carrot,2017-09-01,159.92,209.94,216.41,53.26,2017,9,33.30413125054324,6.469999999999999,-1.0,-1.8369701987210297e-16
Carrot,2017-10-01,200.1,268.96,271.62,70.19,2017,10,35.07744373940842,2.660000000000025,-0.8660254037844386,0.5000000000000001
Carrot,2017-11-01,154.09,189.97,217.71,49.75,2017,11,32.2863052201277,27.74000000000001,-0.5000000000000004,0.8660254037844384
Carrot,2017-12-01,160.55,200.09,207.45,43.22,2017,12,26.91994586113618,7.359999999999985,-2.4492935982947064e-16,1.0
Carrot,2018-01-01,232.34,286.65,308.35,65.16,2018,1,28.045094239005664,21.700000000000045,0.49999999999999994,0.8660254037844387
Carrot,2018-02-01,243.62,294.53,351.07,79.18,2018,2,32.50142332262404,56.54000000000002,0.8660254037844386,0.5000000000000001
Carrot,2018-03-01,190.93,263.44,256.46,69.02,2018,3,36.14935518286535,-6.980000000000018,1.0,6.123233995736766e-17
Carrot,2018-04-01,214.55,258.92,300.92,65.37,2018,4,30.468408078113224,42.0,0.8660254037844387,-0.49999999999999983
Carrot,2018-05-01,191.11,246.84,270.49,67.55,2018,5,35.3461172381784,23.650000000000006,0.49999999999999994,-0.8660254037844387
Carrot,2018-06-01,200.07,252.68,276.38,64.46,2018,6,32.21870734307625,23.69999999999999,1.2246467991473532e-16,-1.0
Carrot,2018-07-01,215.91,261.09,271.05,50.16,2018,7,23.23189142147588,9.960000000000036,-0.4999999999999998,-0.8660254037844388
Carrot,2018-08-01,159.62,210.46,206.84,49.03,2018,8,30.716682924017714,-3.6200000000000045,-0.8660254037844384,-0.5000000000000004
Carrot,2018-09-01,214.99,296.21,299.78,83.0,2018,9,38.60642885416584,3.569999999999993,-1.0,-1.8369701987210297e-16
Carrot,2018-10-01,234.38,299.41,336.32,83.49,2018,10,35.621624873442755,36.90999999999997,-0.8660254037844386,0.5000000000000001
Carrot,2018-11-01,173.32,238.85,224.91,58.56,2018,11,33.787194906995786,-13.939999999999998,-0.5000000000000004,0.8660254037844384
Carrot,2018-12-01,176.55,221.92,228.35,48.58,2018,12,27.516268753175442,6.430000000000007,-2.4492935982947064e-16,1.0
Carrot,2019-01-01,196.59,261.0,266.76,67.29,2019,1,34.22858017774038,5.759999999999991,0.49999999999999994,0.8660254037844387
Carrot,2019-02-01,254.09,325.47,343.56,80.43,2019,2,31.654125839613588,18.089999999999975,0.8660254037844386,0.5000000000000001
Carrot,2019-03-01,171.7,210.97,232.84,50.21,2019,3,29.24284843165496,21.870000000000005,1.0,6.123233995736766e-17
Carrot,2019-04-01,240.47,295.08,346.99,80.56,2019,4,33.50104649185076,51.910000000000025,0.8660254037844387,-0.49999999999999983
Carrot,2019-05-01,164.96,222.71,236.82,64.8,2019,5,39.282226429300174,14.109999999999985,0.49999999999999994,-0.8660254037844387
Carrot,2019-06-01,250.19,346.14,357.66,101.71,2019,6,40.65308739234686,11.520000000000039,1.2246467991473532e-16,-1.0
Carrot,2019-07-01,164.21,206.32,223.88,50.89,2019,7,30.990785585052315,17.560000000000002,-0.4999999999999998,-0.8660254037844388
Carrot,2019-08-01,205.15,250.45,262.53,51.34,2019,8,25.02557883227939,12.079999999999984,-0.8660254037844384,-0.5000000000000004
Carrot,2019-09-01,159.04,219.35,223.66,62.46,2019,9,39.27311413913849,4.310000000000002,-1.0,-1.8369701987210297e-16
Carrot,2019-10-01,218.77,295.99,275.05,66.75,2019,10,30.51148214495491,-20.939999999999998,-0.8660254037844386,0.5000000000000001
Carrot,2019-11-01,156.57,198.78,199.56,42.6,2019,11,27.208260070090013,0.7800000000000011,-0.5000000000000004,0.8660254037844384
Carrot,2019-12-01,200.01,265.66,285.88,75.76,2019,12,37.878087156598596,20.21999999999997,-2.4492935982947064e-16,1.0
Carrot,2020-01-01,271.97,355.1,351.57,81.36,2020,1,29.91505316209392,-3.5300000000000296,0.49999999999999994,0.8660254037844387
Carrot,2020-02-01,202.86,282.85,292.77,84.95,2020,2,41.87615011527649,9.919999999999959,0.8660254037844386,0.5000000000000001
Carrot,2020-03-01,212.47,294.38,283.99,76.72,2020,3,36.108610105610154,-10.389999999999986,1.0,6.123233995736766e-17
Carrot,2020-04-01,188.77,237.09,244.17,51.86,2020,4,27.47257113282241,7.079999999999984,0.8660254037844387,-0.49999999999999983
Carrot,2020-05-01,302.51,403.66,392.77,95.71,2020,5,31.638613057878068,-10.890000000000043,0.49999999999999994,-0.8660254037844387
Carrot,2020-06-01,228.13,286.48,301.25,65.74,2020,6,28.816890011445224,14.769999999999982,1.2246467991473532e-16,-1.0
Carrot,2020-07-01,162.68,211.47,214.91,50.51,2020,7,31.048665448324652,3.4399999999999977,-0.4999999999999998,-0.8660254037844388
Carrot,2020-08-01,227.56,278.76,326.33,74.98,2020,8,32.94953728707274,47.56999999999999,-0.8660254037844384,-0.5000000000000004
Carrot,2020-09-01,242.88,308.04,318.47,70.38,2020,9,28.977260796582343,10.430000000000007,-1.0,-1.8369701987210297e-16
Carrot,2020-10-01,190.74,241.26,269.05,64.41,2020,10,33.76846295037068,27.79000000000002,-0.8660254037844386,0.5000000000000001
Carrot,2020-11-01,163.69,227.78,219.3,59.85,2020,11,36.562993119315095,-8.47999999999999,-0.5000000000000004,0.8660254037844384
Carrot,2020-12-01,253.64,324.01,324.97,70.85,2020,12,27.93328026601472,0.9600000000000364,-2.4492935982947064e-16,1.0
Carrot,2021-01-01,237.23,290.39,306.38,61.16,2021,1,25.780876878608574,15.990000000000009,0.49999999999999994,0.8660254037844387
Carrot,2021-02-01,172.36,208.26,236.17,49.85,2021,2,28.922006891386115,27.909999999999997,0.8660254037844386,0.5000000000000001
Carrot,2021-03-01,209.89,258.51,302.88,70.81,2021,3,33.736703160368215,44.370000000000005,1.0,6.123233995736766e-17
Carrot,2021-04-01,194.61,254.23,254.93,59.97,2021,4,30.815461273592682,0.700000000000017,0.8660254037844387,-0.49999999999999983
Carrot,2021-05-01,308.96,428.2,413.94,112.11,2021,5,36.28623890269326,-14.259999999999991,0.49999999999999994,-0.8660254037844387
Carrot,2021-06-01,251.61,325.27,362.32,92.18,2021,6,36.63604918880443,37.05000000000001,1.2246467991473532e-16,-1.0
Carrot,2021-07-01,181.12,229.21,254.03,60.5,2021,7,33.40325010862958,24.819999999999993,-0.4999999999999998,-0.8660254037844388
Carrot,2021-08-01,231.96,298.95,296.01,65.52,2021,8,28.24623717613503,-2.9399999999999977,-0.8660254037844384,-0.5000000000000004
Carrot,2021-09-01,183.73,220.8,253.57,53.46,2021,9,29.097028739438997,32.76999999999998,-1.0,-1.8369701987210297e-16
Carrot,2021-10-01,161.46,198.57,204.78,40.21,2021,10,24.903985566712766,6.210000000000008,-0.8660254037844386,0.5000000000000001
Carrot,2021-11-01,167.21,227.99,225.52,59.54,2021,11,35.60789689139591,-2.469999999999999,-0.5000000000000004,0.8660254037844384
Carrot,2021-12-01,225.49,299.68,316.09,82.39,2021,12,36.53818948148943,16.409999999999968,-2.4492935982947064e-16,1.0
Carrot,2022-01-01,191.57,268.13,262.72,73.86,2022,1,38.55507722760493,-5.409999999999968,0.49999999999999994,0.8660254037844387
Carrot,2022-02-01,296.57,365.75,376.14,74.38,2022,2,25.08007381728637,10.389999999999986,0.8660254037844386,0.5000000000000001
Carrot,2022-03-01,190.67,229.44,248.57,48.34,2022,3,25.35269032742942,19.129999999999995,1.0,6.123233995736766e-17
Carrot,2022-04-01,251.09,304.47,348.61,75.45,2022,4,30.04897445180037,44.139999999999986,0.8660254037844387,-0.49999999999999983
Carrot,2022-05-01,188.97,241.99,264.47,64.26,2022,5,34.005379687051025,22.480000000000018,0.49999999999999994,-0.8660254037844387
Carrot,2022-06-01,272.1,357.85,350.97,82.31,2022,6,30.24989700481551,-6.8799999999999955,1.2246467991473532e-16,-1.0
Carrot,2022-07-01,228.92,317.0,294.2,76.68,2022,7,33.496403330244924,-22.80000000000001,-0.4999999999999998,-0.8660254037844388
Carrot,2022-08-01,174.24,226.25,229.6,53.68,2022,8,30.808063126685532,3.3499999999999943,-0.8660254037844384,-0.5000000000000004
Carrot,2022-09-01,205.08,274.07,289.5,76.7,2022,9,37.40002077237138,15.430000000000007,-1.0,-1.8369701987210297e-16
Carrot,2022-10-01,319.45,420.87,410.58,96.28,2022,10,30.13929249043904,-10.29000000000002,-0.8660254037844386,0.5000000000000001
Carrot,2022-11-01,348.5,424.59,491.32,109.45,2022,11,31.406016813194604,66.73000000000002,-0.5000000000000004,0.8660254037844384
Carrot,2022-12-01,226.55,274.32,327.45,74.33,2022,12,32.809519836892584,53.129999999999995,-2.4492935982947064e-16,1.0
Carrot,2023-01-01,264.64,365.44,368.84,102.5,2023,1,38.731847516683985,3.3999999999999773,0.49999999999999994,0.8660254037844387
Carrot,2023-02-01,254.73,307.81,348.88,73.62,2023,2,28.901178148950596,41.06999999999999,0.8660254037844386,0.5000000000000001
Carrot,2023-03-01,216.6,294.09,272.75,66.82,2023,3,30.849477908828295,-21.339999999999975,1.0,6.123233995736766e-17
Carrot,2023-04-01,213.46,264.11,281.85,59.52,2023,4,27.88343114240085,17.74000000000001,0.8660254037844387,-0.49999999999999983
Carrot,2023-05-01,235.24,316.16,309.41,77.55,2023,5,32.966318242510525,-6.75,0.49999999999999994,-0.8660254037844387
Carrot,2023-06-01,180.19,221.2,253.11,56.96,2023,6,31.611059653110797,31.910000000000025,1.2246467991473532e-16,-1.0
Carrot,2023-07-01,290.89,397.74,385.96,100.96,2023,7,34.70726573369118,-11.78000000000003,-0.4999999999999998,-0.8660254037844388
Carrot,2023-08-01,254.13,350.27,321.24,81.62,2023,8,32.11740757981837,-29.029999999999973,-0.8660254037844384,-0.5000000000000004
Carrot,2023-09-01,262.75,330.23,352.86,78.8,2023,9,29.990473838068947,22.629999999999995,-1.0,-1.8369701987210297e-16
Carrot,2023-10-01,299.48,413.59,413.79,114.21,2023,10,38.136089843699125,0.20000000000004547,-0.8660254037844386,0.5000000000000001
Carrot,2023-11-01,207.21,286.17,272.14,71.94,2023,11,34.71838486637475,-14.03000000000003,-0.5000000000000004,0.8660254037844384
Carrot,2023-12-01,173.41,219.87,230.99,52.02,2023,12,29.99825269693057,11.120000000000005,-2.4492935982947064e-16,1.0
Carrot,2024-01-01,297.94,395.96,420.19,110.14,2024,1,36.96716219132638,24.230000000000018,0.49999999999999994,0.8660254037844387
Carrot,2024-02-01,212.79,279.04,285.88,69.67,2024,2,32.74118485775419,6.839999999999975,0.8660254037844386,0.5000000000000001
Carrot,2024-03-01,277.27,368.08,358.11,85.83,2024,3,30.955375282080546,-9.96999999999997,1.0,6.123233995736766e-17
Carrot,2024-04-01,322.12,408.05,440.45,102.13,2024,4,31.70556571912153,32.39999999999998,0.8660254037844387,-0.49999999999999983
Carrot,2024-05-01,229.81,285.62,321.62,73.81,2024,5,32.117822497792744,36.0,0.49999999999999994,-0.8660254037844387
Carrot,2024-06-01,315.59,402.08,454.21,112.56,2024,6,35.66651805617477,52.129999999999995,1.2246467991473532e-16,-1.0
Carrot,2024-07-01,246.65,328.87,353.09,94.33,2024,7,38.244460472547956,24.21999999999997,-0.4999999999999998,-0.8660254037844388
Carrot,2024-08-01,280.7,369.81,398.47,103.44,2024,8,36.85071718891443,28.660000000000025,-0.8660254037844384,-0.5000000000000004
Carrot,2024-09-01,185.26,225.05,250.8,52.67,2024,9,28.43029880692065,25.75,-1.0,-1.8369701987210297e-16
Carrot,2024-10-01,226.57,275.15,313.1,67.56,2024,10,29.81858594757208,37.950000000000045,-0.8660254037844386,0.5000000000000001
Carrot,2024-11-01,224.43,314.03,322.3,93.73,2024,11,41.76356023545861,8.270000000000039,-0.5000000000000004,0.8660254037844384
Carrot,2024-12-01,181.11,235.16,254.48,63.71,2024,12,35.17749700320413,19.319999999999993,-2.4492935982947064e-16,1.0
Carrot,2025-01-01,330.38,423.26,473.26,117.88,2025,1,35.68011511589228,50.0,0.49999999999999994,0.8660254037844387
Carrot,2025-02-01,277.79,377.53,362.32,92.13,2025,2,33.16532878601505,-15.20999999999998,0.8660254037844386,0.5000000000000001
Carrot,2025-03-01,409.91,513.06,588.62,140.93,2025,3,34.38070933114359,75.56000000000006,1.0,6.123233995736766e-17
Carrot,2025-04-01,252.41,316.45,356.44,84.04,2025,4,33.29502266351466,39.99000000000001,0.8660254037844387,-0.49999999999999983
Carrot,2025-05-01,252.6,351.62,354.47,100.45,2025,5,39.76641339413563,2.8500000000000227,0.49999999999999994,-0.8660254037844387
Carrot,2025-06-01,276.2,381.16,367.49,98.13,2025,6,35.52858959862795,-13.670000000000016,1.2246467991473532e-16,-1.0
Carrot,2025-07-01,359.23,477.49,456.34,107.68,2025,7,29.975216442052044,-21.150000000000034,-0.4999999999999998,-0.8660254037844388
Carrot,2025-08-01,408.7,562.51,520.95,133.03,2025,8,32.549539381076734,-41.559999999999945,-0.8660254037844384,-0.5000000000000004
Green Chilli,2000-01-01,65.82,88.91,83.68,20.48,2000,1,31.115115291529488,-5.22999999999999,0.49999999999999994,0.8660254037844387
Green Chilli,2000-02-01,78.2,95.14,101.0,19.87,2000,2,25.40917466857459,5.859999999999999,0.8660254037844386,0.5000000000000001
Green Chilli,2000-03-01,75.87,106.19,108.23,31.34,2000,3,41.30744522545772,2.0400000000000063,1.0,6.123233995736766e-17
Green Chilli,2000-04-01,81.86,113.24,107.56,28.54,2000,4,34.864360048424075,-5.679999999999993,0.8660254037844387,-0.49999999999999983
Green Chilli,2000-05-01,70.1,90.66,93.08,21.77,2000,5,31.055590505577022,2.4200000000000017,0.49999999999999994,-0.8660254037844387
Green Chilli,2000-06-01,69.96,85.86,89.13,17.54,2000,6,25.071433574280196,3.269999999999996,1.2246467991473532e-16,-1.0
Green Chilli,2000-07-01,66.31,89.86,88.81,23.02,2000,7,34.715676797350625,-1.0499999999999972,-0.4999999999999998,-0.8660254037844388
Green Chilli,2000-08-01,68.88,85.97,88.42,18.32,2000,8,26.59694164207079,2.450000000000003,-0.8660254037844384,-0.5000000000000004
Green Chilli,2000-09-01,64.99,84.6,86.71,20.66,2000,9,31.78945716347567,2.1099999999999994,-1.0,-1.8369701987210297e-16
Green Chilli,2000-10-01,64.69,78.15,87.52,18.15,2000,10,28.056843319147752,9.36999999999999,-0.8660254037844386,0.5000000000000001
Green Chilli,2000-11-01,69.99,84.63,96.14,20.4,2000,11,29.146979358509274,11.510000000000005,-0.5000000000000004,0.8660254037844384
Green Chilli,2000-12-01,68.14,90.98,89.42,22.06,2000,12,32.37447552909373,-1.5600000000000023,-2.4492935982947064e-16,1.0
Green Chilli,2001-01-01,85.04,114.64,122.69,33.62,2001,1,39.53429029363794,8.049999999999997,0.49999999999999994,0.8660254037844387
Green Chilli,2001-02-01,75.71,99.6,103.21,25.7,2001,2,33.94527282357308,3.6099999999999994,0.8660254037844386,0.5000000000000001
Green Chilli,2001-03-01,84.2,117.63,117.04,33.14,2001,3,39.358623089521274,-0.5899999999999892,1.0,6.123233995736766e-17
Green Chilli,2001-04-01,86.71,117.43,109.95,26.98,2001,4,31.115175740772994,-7.480000000000004,0.8660254037844387,-0.49999999999999983
Green Chilli,2001-05-01,76.39,100.49,103.15,25.43,2001,5,33.2896540258489,2.660000000000011,0.49999999999999994,-0.8660254037844387
Green Chilli,2001-06-01,74.74,97.65,104.32,26.25,2001,6,35.12170842693548,6.6699999999999875,1.2246467991473532e-16,-1.0
Green Chilli,2001-07-01,79.77,111.03,110.83,31.16,2001,7,39.06225515575385,-0.20000000000000284,-0.4999999999999998,-0.8660254037844388
Green Chilli,2001-08-01,76.84,92.83,98.3,18.72,2001,8,24.362279590994802,5.469999999999999,-0.8660254037844384,-0.5000000000000004
Green Chilli,2001-09-01,71.44,95.64,91.56,22.16,2001,9,31.01899353444354,-4.079999999999998,-1.0,-1.8369701987210297e-16
Green Chilli,2001-10-01,70.76,85.55,89.71,16.87,2001,10,23.8411195009617,4.159999999999997,-0.8660254037844386,0.5000000000000001
Green Chilli,2001-11-01,77.44,105.36,109.78,30.13,2001,11,38.90749108020263,4.420000000000002,-0.5000000000000004,0.8660254037844384
Green Chilli,2001-12-01,77.91,96.39,112.86,26.72,2001,12,34.29593852401678,16.47,-2.4492935982947064e-16,1.0
Green Chilli,2002-01-01,80.31,107.99,112.0,29.68,2002,1,36.95674641172156,4.010000000000005,0.49999999999999994,0.8660254037844387
Green Chilli,2002-02-01,84.84,104.31,116.64,25.64,2002,2,30.22155796610329,12.329999999999998,0.8660254037844386,0.5000000000000001
Green Chilli,2002-03-01,87.95,120.48,123.66,34.12,2002,3,38.794725645564924,3.1799999999999926,1.0,6.123233995736766e-17
Green Chilli,2002-04-01,89.49,124.12,124.74,34.94,2002,4,39.04342491515821,0.6199999999999903,0.8660254037844387,-0.49999999999999983
Green Chilli,2002-05-01,85.76,116.89,121.56,33.46,2002,5,39.01581271477062,4.670000000000002,0.49999999999999994,-0.8660254037844387
Green Chilli,2002-06-01,84.42,102.5,118.77,26.21,2002,6,31.047108449291105,16.269999999999996,1.2246467991473532e-16,-1.0
Green Chilli,2002-07-01,84.27,117.72,108.6,28.89,2002,7,34.28262218746625,-9.120000000000005,-0.4999999999999998,-0.8660254037844388
Green Chilli,2002-08-01,79.28,104.55,107.97,26.98,2002,8,34.031238608427586,3.4200000000000017,-0.8660254037844384,-0.5000000000000004
Green Chilli,2002-09-01,82.67,112.97,112.52,30.07,2002,9,36.37348932685457,-0.45000000000000284,-1.0,-1.8369701987210297e-16
Green Chilli,2002-10-01,70.01,86.24,101.02,23.62,2002,10,33.737989232982095,14.780000000000001,-0.8660254037844386,0.5000000000000001
Green Chilli,2002-11-01,76.63,104.08,96.44,23.63,2002,11,30.8364467748313,-7.640000000000001,-0.5000000000000004,0.8660254037844384
Green Chilli,2002-12-01,81.39,98.75,111.72,23.84,2002,12,29.29103171024486,12.969999999999999,-2.4492935982947064e-16,1.0
Green Chilli,2003-01-01,95.73,132.93,137.47,39.47,2003,1,41.230501169433644,4.539999999999992,0.49999999999999994,0.8660254037844387
Green Chilli,2003-02-01,94.8,127.1,122.31,29.9,2003,2,31.540051118089536,-4.789999999999992,0.8660254037844386,0.5000000000000001
Green Chilli,2003-03-01,89.17,112.92,114.31,24.44,2003,3,27.40829044713419,1.3900000000000006,1.0,6.123233995736766e-17
Green Chilli,2003-04-01,93.98,114.45,124.38,25.43,2003,4,27.058919920280992,9.929999999999993,0.8660254037844387,-0.49999999999999983
Green Chilli,2003-05-01,84.96,115.71,116.28,31.04,2003,5,36.534796922320005,0.5700000000000074,0.49999999999999994,-0.8660254037844387
Green Chilli,2003-06-01,84.67,115.36,118.82,32.42,2003,6,38.28978588663531,3.4599999999999937,1.2246467991473532e-16,-1.0
Green Chilli,2003-07-01,83.98,113.11,109.73,27.44,2003,7,32.67440738936963,-3.3799999999999955,-0.4999999999999998,-0.8660254037844388
Green Chilli,2003-08-01,76.57,93.4,98.92,19.59,2003,8,25.58439913229838,5.519999999999996,-0.8660254037844384,-0.5000000000000004
Green Chilli,2003-09-01,82.05,99.55,112.83,24.14,2003,9,29.421048846984952,13.280000000000001,-1.0,-1.8369701987210297e-16
Green Chilli,2003-10-01,91.32,121.22,126.96,32.77,2003,10,35.88476140521091,5.739999999999995,-0.8660254037844386,0.5000000000000001
Green Chilli,2003-11-01,81.48,112.84,110.83,30.35,2003,11,37.24835880171968,-2.010000000000005,-0.5000000000000004,0.8660254037844384
Green Chilli,2003-12-01,91.4,121.71,132.07,35.49,2003,12,38.829279180219714,10.36,-2.4492935982947064e-16,1.0
Green Chilli,2004-01-01,84.91,116.76,113.08,30.01,2004,1,35.34326305115646,-3.680000000000007,0.49999999999999994,0.8660254037844387
Green Chilli,2004-02-01,87.0,118.56,112.0,28.28,2004,2,32.505709763552,-6.560000000000002,0.8660254037844386,0.5000000000000001
Green Chilli,2004-03-01,97.65,120.01,137.74,31.22,2004,3,31.97129342417468,17.730000000000004,1.0,6.123233995736766e-17
Green Chilli,2004-04-01,104.59,142.14,137.98,35.47,2004,4,33.91334361473982,-4.159999999999997,0.8660254037844387,-0.49999999999999983
Green Chilli,2004-05-01,99.79,121.42,136.73,29.28,2004,5,29.34158799319772,15.309999999999988,0.49999999999999994,-0.8660254037844387
Green Chilli,2004-06-01,84.95,109.05,116.14,27.64,2004,6,32.536748043851624,7.090000000000003,1.2246467991473532e-16,-1.0
Green Chilli,2004-07-01,101.23,125.18,128.74,25.73,2004,7,25.417341284855,3.5600000000000023,-0.4999999999999998,-0.8660254037844388
Green Chilli,2004-08-01,84.14,102.41,119.52,26.82,2004,8,31.8754078019874,17.11,-0.8660254037844384,-0.5000000000000004
Green Chilli,2004-09-01,91.39,115.95,130.99,32.08,2004,9,35.102270377207155,15.040000000000006,-1.0,-1.8369701987210297e-16
Green Chilli,2004-10-01,81.25,105.64,115.71,29.42,2004,10,36.20918620407852,10.069999999999993,-0.8660254037844386,0.5000000000000001
Green Chilli,2004-11-01,76.01,94.54,102.28,22.4,2004,11,29.46976783348528,7.739999999999995,-0.5000000000000004,0.8660254037844384
Green Chilli,2004-12-01,96.48,121.63,122.32,25.49,2004,12,26.41995603238388,0.6899999999999977,-2.4492935982947064e-16,1.0
Green Chilli,2005-01-01,87.67,117.2,111.37,26.62,2005,1,30.36382985761394,-5.829999999999998,0.49999999999999994,0.8660254037844387
Green Chilli,2005-02-01,96.26,132.42,138.84,39.37,2005,2,40.899604301262926,6.420000000000016,0.8660254037844386,0.5000000000000001
Green Chilli,2005-03-01,94.1,113.02,122.57,23.7,2005,3,25.185945604733682,9.549999999999997,1.0,6.123233995736766e-17
Green Chilli,2005-04-01,97.03,126.27,129.1,30.65,2005,4,31.588136052626965,2.8299999999999983,0.8660254037844387,-0.49999999999999983
Green Chilli,2005-05-01,109.41,134.53,151.26,33.48,2005,5,30.600465587729104,16.72999999999999,0.49999999999999994,-0.8660254037844387
Green Chilli,2005-06-01,92.83,124.17,126.38,32.44,2005,6,34.94556183823996,2.2099999999999937,1.2246467991473532e-16,-1.0
Green Chilli,2005-07-01,102.07,135.81,139.81,35.74,2005,7,35.01515135186504,4.0,-0.4999999999999998,-0.8660254037844388
Green Chilli,2005-08-01,95.13,124.81,135.02,34.79,2005,8,36.57096965103579,10.210000000000008,-0.8660254037844384,-0.5000000000000004
Green Chilli,2005-09-01,92.48,117.2,119.48,25.86,2005,9,27.96277253160409,2.280000000000001,-1.0,-1.8369701987210297e-16
Green Chilli,2005-10-01,84.8,114.3,117.38,31.04,2005,10,36.603730420129224,3.0799999999999983,-0.8660254037844386,0.5000000000000001
Green Chilli,2005-11-01,95.46,130.71,127.87,33.83,2005,11,35.43889017505743,-2.8400000000000034,-0.5000000000000004,0.8660254037844384
Green Chilli,2005-12-01,98.12,129.55,125.01,29.16,2005,12,29.718681493394318,-4.540000000000006,-2.4492935982947064e-16,1.0
Green Chilli,2006-01-01,101.82,142.42,138.69,38.74,2006,1,38.047497498038204,-3.7299999999999898,0.49999999999999994,0.8660254037844387
Green Chilli,2006-02-01,106.65,148.81,142.66,39.08,2006,2,36.6431911456248,-6.150000000000006,0.8660254037844386,0.5000000000000001
Green Chilli,2006-03-01,103.14,141.36,133.4,34.24,2006,3,33.19756331436561,-7.960000000000008,1.0,6.123233995736766e-17
Green Chilli,2006-04-01,88.79,109.76,121.02,26.6,2006,4,29.95829489999448,11.259999999999991,0.8660254037844387,-0.49999999999999983
Green Chilli,2006-05-01,105.02,127.7,145.06,31.36,2006,5,29.860950427584815,17.36,0.49999999999999994,-0.8660254037844387
Green Chilli,2006-06-01,103.84,144.46,143.07,39.92,2006,6,38.44372260812538,-1.3900000000000148,1.2246467991473532e-16,-1.0
Green Chilli,2006-07-01,100.45,137.34,142.09,39.26,2006,7,39.08408254446735,4.75,-0.4999999999999998,-0.8660254037844388
Green Chilli,2006-08-01,91.73,112.82,118.65,24.0,2006,8,26.16371289249657,5.8300000000000125,-0.8660254037844384,-0.5000000000000004
Green Chilli,2006-09-01,99.03,127.25,134.36,31.78,2006,9,32.091253063462524,7.110000000000014,-1.0,-1.8369701987210297e-16
Green Chilli,2006-10-01,85.11,115.25,111.06,28.04,2006,10,32.94556110261884,-4.189999999999998,-0.8660254037844386,0.5000000000000001
Green Chilli,2006-11-01,95.36,114.46,126.95,25.34,2006,11,26.57295871124296,12.490000000000009,-0.5000000000000004,0.8660254037844384
Green Chilli,2006-12-01,106.09,130.98,141.89,30.34,2006,12,28.598332926446478,10.909999999999997,-2.4492935982947064e-16,1.0
Green Chilli,2007-01-01,103.57,126.9,139.63,29.7,2007,1,28.67622991577685,12.72999999999999,0.49999999999999994,0.8660254037844387
Green Chilli,2007-02-01,127.14,155.18,168.44,34.67,2007,2,27.269130667665042,13.259999999999991,0.8660254037844386,0.5000000000000001
Green Chilli,2007-03-01,125.06,157.22,163.57,35.33,2007,3,28.25041719941052,6.349999999999994,1.0,6.123233995736766e-17
Green Chilli,2007-04-01,103.45,124.73,143.43,30.63,2007,4,29.608477903839624,18.700000000000003,0.8660254037844387,-0.49999999999999983
Green Chilli,2007-05-01,121.52,164.07,160.9,40.96,2007,5,33.70635804282584,-3.1699999999999875,0.49999999999999994,-0.8660254037844387
Green Chilli,2007-06-01,118.51,165.37,161.99,45.17,2007,6,38.114894848624715,-3.3799999999999955,1.2246467991473532e-16,-1.0
Green Chilli,2007-07-01,111.92,148.91,147.27,36.17,2007,7,32.3176980721068,-1.6399999999999864,-0.4999999999999998,-0.8660254037844388
Green Chilli,2007-08-01,113.78,148.88,161.41,41.36,2007,8,36.350820574072266,12.530000000000001,-0.8660254037844384,-0.5000000000000004
Green Chilli,2007-09-01,99.88,127.14,126.49,26.94,2007,9,26.972339835462723,-0.6500000000000057,-1.0,-1.8369701987210297e-16
Green Chilli,2007-10-01,128.93,156.9,167.39,33.21,2007,10,25.75814336605649,10.48999999999998,-0.8660254037844386,0.5000000000000001
Green Chilli,2007-11-01,117.3,157.97,166.25,44.81,2007,11,38.20116095382698,8.280000000000001,-0.5000000000000004,0.8660254037844384
Green Chilli,2007-12-01,108.34,142.21,146.5,36.02,2007,12,33.24715410083616,4.289999999999992,-2.4492935982947064e-16,1.0
Green Chilli,2008-01-01,121.35,162.3,172.68,46.14,2008,1,38.022218358287304,10.379999999999995,0.49999999999999994,0.8660254037844387
Green Chilli,2008-02-01,107.32,144.94,150.65,40.48,2008,2,37.71893615455073,5.710000000000008,0.8660254037844386,0.5000000000000001
Green Chilli,2008-03-01,100.05,139.23,138.02,38.58,2008,3,38.560681098769514,-1.2099999999999795,1.0,6.123233995736766e-17
Green Chilli,2008-04-01,114.35,158.9,160.44,45.32,2008,4,39.63267194344387,1.539999999999992,0.8660254037844387,-0.49999999999999983
Green Chilli,2008-05-01,115.28,145.78,162.3,38.76,2008,5,33.62245521993822,16.52000000000001,0.49999999999999994,-0.8660254037844387
Green Chilli,2008-06-01,122.46,166.18,164.13,42.7,2008,6,34.86850002572267,-2.0500000000000114,1.2246467991473532e-16,-1.0
Green Chilli,2008-07-01,116.87,147.35,164.27,38.94,2008,7,33.31904396419614,16.920000000000016,-0.4999999999999998,-0.8660254037844388
Green Chilli,2008-08-01,99.76,130.64,136.13,33.62,2008,8,33.70084833515604,5.490000000000009,-0.8660254037844384,-0.5000000000000004
Green Chilli,2008-09-01,102.29,132.86,142.63,35.46,2008,9,34.666111383213035,9.769999999999982,-1.0,-1.8369701987210297e-16
Green Chilli,2008-10-01,114.13,157.27,153.1,41.06,2008,10,35.976486483407975,-4.170000000000016,-0.8660254037844386,0.5000000000000001
Green Chilli,2008-11-01,113.27,146.88,144.99,32.67,2008,11,28.84256304179126,-1.8899999999999864,-0.5000000000000004,0.8660254037844384
Green Chilli,2008-12-01,109.58,136.84,147.07,32.38,2008,12,29.54916084216021,10.22999999999999,-2.4492935982947064e-16,1.0
Green Chilli,2009-01-01,131.4,183.08,184.93,52.6,2009,1,40.030410935760315,1.8499999999999943,0.49999999999999994,0.8660254037844387
Green Chilli,2009-02-01,111.21,153.69,155.25,43.26,2009,2,38.899344573919095,1.5600000000000023,0.8660254037844386,0.5000000000000001
Green Chilli,2009-03-01,152.76,213.38,209.49,58.68,2009,3,38.41317202594133,-3.8899999999999864,1.0,6.123233995736766e-17
Green Chilli,2009-04-01,124.1,154.67,155.58,31.03,2009,4,25.004008860589156,0.910000000000025,0.8660254037844387,-0.49999999999999983
Green Chilli,2009-05-01,138.56,170.35,194.8,44.02,2009,5,31.769607556576535,24.450000000000017,0.49999999999999994,-0.8660254037844387
Green Chilli,2009-06-01,140.51,184.54,199.8,51.66,2009,6,36.766040305999354,15.26000000000002,1.2246467991473532e-16,-1.0
Green Chilli,2009-07-01,111.05,145.84,139.84,31.79,2009,7,28.626718931365215,-6.0,-0.4999999999999998,-0.8660254037844388
Green Chilli,2009-08-01,129.38,165.79,183.01,45.02,2009,8,34.796695937010405,17.22,-0.8660254037844384,-0.5000000000000004
Green Chilli,2009-09-01,118.46,154.34,153.22,35.32,2009,9,29.815946466362934,-1.1200000000000045,-1.0,-1.8369701987210297e-16
Green Chilli,2009-10-01,109.77,146.8,150.65,38.96,2009,10,35.492360852363255,3.8499999999999943,-0.8660254037844386,0.5000000000000001
Green Chilli,2009-11-01,138.02,165.91,175.6,32.73,2009,11,23.713937317825444,9.689999999999998,-0.5000000000000004,0.8660254037844384
Green Chilli,2009-12-01,122.7,151.65,173.61,39.93,2009,12,32.542760763846154,21.960000000000008,-2.4492935982947064e-16,1.0
Green Chilli,2010-01-01,117.12,149.29,158.81,36.93,2010,1,31.531735372493703,9.52000000000001,0.49999999999999994,0.8660254037844387
Green Chilli,2010-02-01,137.04,172.6,196.22,47.37,2010,2,34.56652468875898,23.620000000000005,0.8660254037844386,0.5000000000000001
Green Chilli,2010-03-01,130.66,178.0,187.98,52.33,2010,3,40.050482128821265,9.97999999999999,1.0,6.123233995736766e-17
Green Chilli,2010-04-01,146.22,188.25,189.71,42.76,2010,4,29.243585526203304,1.460000000000008,0.8660254037844387,-0.49999999999999983
Green Chilli,2010-05-01,125.01,168.95,159.63,39.28,2010,5,31.421461145939407,-9.319999999999993,0.49999999999999994,-0.8660254037844387
Green Chilli,2010-06-01,147.47,194.46,203.43,51.48,2010,6,34.90877133737618,8.969999999999999,1.2246467991473532e-16,-1.0
Green Chilli,2010-07-01,145.82,202.06,203.25,56.84,2010,7,38.97953711456788,1.1899999999999977,-0.4999999999999998,-0.8660254037844388
Green Chilli,2010-08-01,143.95,184.95,191.54,44.3,2010,8,30.774553126395883,6.590000000000003,-0.8660254037844384,-0.5000000000000004
Green Chilli,2010-09-01,132.09,170.16,185.9,45.94,2010,9,34.779290802263,15.740000000000009,-1.0,-1.8369701987210297e-16
Green Chilli,2010-10-01,120.25,144.65,166.46,35.31,2010,10,29.36380094486408,21.810000000000002,-0.8660254037844386,0.5000000000000001
Green Chilli,2010-11-01,113.05,145.39,146.15,32.72,2010,11,28.94291999741707,0.7600000000000193,-0.5000000000000004,0.8660254037844384
Green Chilli,2010-12-01,150.97,205.71,211.62,57.7,2010,12,38.219488494741675,5.909999999999997,-2.4492935982947064e-16,1.0
Green Chilli,2011-01-01,130.82,179.18,164.85,41.2,2011,1,31.493631330353672,-14.330000000000013,0.49999999999999994,0.8660254037844387
Green Chilli,2011-02-01,146.93,180.09,190.53,38.38,2011,2,26.12126446521169,10.439999999999998,0.8660254037844386,0.5000000000000001
Green Chilli,2011-03-01,150.25,195.64,210.37,52.76,2011,3,35.11478528134091,14.730000000000018,1.0,6.123233995736766e-17
Green Chilli,2011-04-01,157.58,191.43,208.14,42.2,2011,4,26.78003123490847,16.70999999999998,0.8660254037844387,-0.49999999999999983
Green Chilli,2011-05-01,128.98,157.69,177.91,38.82,2011,5,30.09766622913147,20.22,0.49999999999999994,-0.8660254037844387
Green Chilli,2011-06-01,128.76,166.58,176.8,42.93,2011,6,33.34107382644157,10.219999999999999,1.2246467991473532e-16,-1.0
Green Chilli,2011-07-01,128.81,167.58,167.47,38.72,2011,7,30.05975463104213,-0.11000000000001364,-0.4999999999999998,-0.8660254037844388
Green Chilli,2011-08-01,152.49,199.12,210.35,52.24,2011,8,34.257961664396575,11.22999999999999,-0.8660254037844384,-0.5000000000000004
Green Chilli,2011-09-01,146.16,195.2,208.28,55.58,2011,9,38.026793906134436,13.080000000000013,-1.0,-1.8369701987210297e-16
Green Chilli,2011-10-01,121.65,147.57,154.27,29.27,2011,10,24.060810472001254,6.700000000000017,-0.8660254037844386,0.5000000000000001
Green Chilli,2011-11-01,135.27,181.0,178.12,44.29,2011,11,32.741899355437745,-2.8799999999999955,-0.5000000000000004,0.8660254037844384
Green Chilli,2011-12-01,131.84,163.26,183.35,41.46,2011,12,31.447184885326994,20.090000000000003,-2.4492935982947064e-16,1.0
Green Chilli,2012-01-01,124.21,157.67,160.58,34.92,2012,1,28.11365581381868,2.910000000000025,0.49999999999999994,0.8660254037844387
Green Chilli,2012-02-01,162.9,214.73,218.67,53.8,2012,2,33.02637628828957,3.9399999999999977,0.8660254037844386,0.5000000000000001
Green Chilli,2012-03-01,145.89,178.88,188.14,37.62,2012,3,25.786533836086207,9.259999999999991,1.0,6.123233995736766e-17
Green Chilli,2012-04-01,146.28,181.01,198.5,43.47,2012,4,29.716960816953225,17.49000000000001,0.8660254037844387,-0.49999999999999983
Green Chilli,2012-05-01,167.79,201.35,226.68,46.23,2012,5,27.552281094057395,25.330000000000013,0.49999999999999994,-0.8660254037844387
Green Chilli,2012-06-01,133.88,180.92,192.33,52.74,2012,6,39.393457280058804,11.410000000000025,1.2246467991473532e-16,-1.0
Green Chilli,2012-07-01,133.75,182.94,167.48,41.46,2012,7,30.99810766496623,-15.460000000000008,-0.4999999999999998,-0.8660254037844388
Green Chilli,2012-08-01,151.14,184.62,192.49,37.42,2012,8,24.75848566991818,7.8700000000000045,-0.8660254037844384,-0.5000000000000004
Green Chilli,2012-09-01,150.42,185.53,216.36,50.53,2012,9,33.59258503351614,30.830000000000013,-1.0,-1.8369701987210297e-16
Green Chilli,2012-10-01,138.98,180.27,191.92,47.12,2012,10,33.90413447680639,11.649999999999977,-0.8660254037844386,0.5000000000000001
Green Chilli,2012-11-01,162.93,224.84,208.69,53.83,2012,11,33.038708010367635,-16.150000000000006,-0.5000000000000004,0.8660254037844384
Green Chilli,2012-12-01,115.82,161.98,154.37,42.36,2012,12,36.573962550541744,-7.609999999999985,-2.4492935982947064e-16,1.0
Green Chilli,2013-01-01,134.66,177.21,172.54,40.22,2013,1,29.867793058225857,-4.670000000000016,0.49999999999999994,0.8660254037844387
Green Chilli,2013-02-01,154.07,213.37,198.51,51.87,2013,2,33.66649336892752,-14.860000000000014,0.8660254037844386,0.5000000000000001
Green Chilli,2013-03-01,132.97,167.26,179.91,40.61,2013,3,30.54070050334624,12.650000000000006,1.0,6.123233995736766e-17
Green Chilli,2013-04-01,153.75,200.64,202.32,47.73,2013,4,31.04388224788146,1.6800000000000068,0.8660254037844387,-0.49999999999999983
Green Chilli,2013-05-01,162.09,195.82,206.6,39.12,2013,5,24.1347250695755,10.780000000000001,0.49999999999999994,-0.8660254037844387
Green Chilli,2013-06-01,178.36,243.4,245.32,66.0,2013,6,37.003791767329126,1.9199999999999875,1.2246467991473532e-16,-1.0
Green Chilli,2013-07-01,181.28,239.83,233.69,55.48,2013,7,30.60457270268496,-6.140000000000015,-0.4999999999999998,-0.8660254037844388
Green Chilli,2013-08-01,168.64,207.92,212.91,41.78,2013,8,24.774653240836553,4.990000000000009,-0.8660254037844384,-0.5000000000000004
Green Chilli,2013-09-01,181.87,239.79,228.29,52.17,2013,9,28.685308910040735,-11.5,-1.0,-1.8369701987210297e-16
Green Chilli,2013-10-01,180.69,230.13,254.68,61.72,2013,10,34.15793117608546,24.55000000000001,-0.8660254037844386,0.5000000000000001
Green Chilli,2013-11-01,156.84,202.93,206.38,47.82,2013,11,30.489651562323665,3.4499999999999886,-0.5000000000000004,0.8660254037844384
Green Chilli,2013-12-01,132.37,173.32,189.51,49.04,2013,12,37.047641423554104,16.189999999999998,-2.4492935982947064e-16,1.0
Green Chilli,2014-01-01,177.14,238.05,227.38,55.58,2014,1,31.37629480845952,-10.670000000000016,0.49999999999999994,0.8660254037844387
Green Chilli,2014-02-01,200.42,250.92,278.53,64.3,2014,2,32.08261047669371,27.609999999999985,0.8660254037844386,0.5000000000000001
Green Chilli,2014-03-01,155.1,210.7,197.01,48.76,2014,3,31.437761806729974,-13.689999999999998,1.0,6.123233995736766e-17
Green Chilli,2014-04-01,190.1,257.76,260.53,69.04,2014,4,36.31770840730752,2.769999999999982,0.8660254037844387,-0.49999999999999983
Green Chilli,2014-05-01,190.26,233.35,271.73,62.28,2014,5,32.73413605900554,38.380000000000024,0.49999999999999994,-0.8660254037844387
Green Chilli,2014-06-01,161.35,218.79,202.59,49.34,2014,6,30.5794666380746,-16.19999999999999,1.2246467991473532e-16,-1.0
Green Chilli,2014-07-01,200.07,240.61,257.62,49.05,2014,7,24.516406999346728,17.00999999999999,-0.4999999999999998,-0.8660254037844388
Green Chilli,2014-08-01,199.36,264.81,254.39,60.24,2014,8,30.216678262099585,-10.420000000000016,-0.8660254037844384,-0.5000000000000004
Green Chilli,2014-09-01,151.08,206.94,199.0,51.89,2014,9,34.34601909847822,-7.939999999999998,-1.0,-1.8369701987210297e-16
Green Chilli,2014-10-01,138.2,176.29,181.94,40.92,2014,10,29.609240514297753,5.650000000000006,-0.8660254037844386,0.5000000000000001
Green Chilli,2014-11-01,176.95,214.87,224.26,42.62,2014,11,24.085886360052918,9.389999999999986,-0.5000000000000004,0.8660254037844384
Green Chilli,2014-12-01,140.65,169.54,190.24,39.24,2014,12,27.899020334859344,20.700000000000017,-2.4492935982947064e-16,1.0
Green Chilli,2015-01-01,169.66,216.87,236.32,56.94,2015,1,33.56122034585621,19.44999999999999,0.49999999999999994,0.8660254037844387
Green Chilli,2015-02-01,205.36,260.49,280.46,65.11,2015,2,31.705282574365707,19.96999999999997,0.8660254037844386,0.5000000000000001
Green Chilli,2015-03-01,188.09,236.48,258.47,59.39,2015,3,31.575292904836566,21.990000000000038,1.0,6.123233995736766e-17
Green Chilli,2015-04-01,238.62,321.84,336.08,90.34,2015,4,37.85934210906793,14.240000000000009,0.8660254037844387,-0.49999999999999983
Green Chilli,2015-05-01,201.25,249.94,286.65,67.04,2015,5,33.31178468979643,36.70999999999998,0.49999999999999994,-0.8660254037844387
Green Chilli,2015-06-01,242.76,321.28,342.63,89.2,2015,6,36.74409427249371,21.350000000000023,1.2246467991473532e-16,-1.0
Green Chilli,2015-07-01,191.48,259.68,251.49,64.11,2015,7,33.48128604486837,-8.189999999999998,-0.4999999999999998,-0.8660254037844388
Green Chilli,2015-08-01,193.64,259.33,248.79,60.42,2015,8,31.202214830502566,-10.539999999999992,-0.8660254037844384,-0.5000000000000004
Green Chilli,2015-09-01,167.5,212.97,220.44,49.2,2015,9,29.37311679216908,7.469999999999999,-1.0,-1.8369701987210297e-16
Green Chilli,2015-10-01,161.34,210.65,203.57,45.77,2015,10,28.368644868820585,-7.0800000000000125,-0.8660254037844386,0.5000000000000001
Green Chilli,2015-11-01,178.78,229.1,241.59,56.56,2015,11,31.636630698830576,12.490000000000009,-0.5000000000000004,0.8660254037844384
Green Chilli,2015-12-01,185.59,227.69,247.03,51.77,2015,12,27.894806888945045,19.340000000000003,-2.4492935982947064e-16,1.0
Green Chilli,2016-01-01,215.91,291.22,271.52,65.46,2016,1,30.318174091902133,-19.700000000000045,0.49999999999999994,0.8660254037844387
Green Chilli,2016-02-01,181.77,226.4,247.13,54.99,2016,2,30.25250027369738,20.72999999999999,0.8660254037844386,0.5000000000000001
Green Chilli,2016-03-01,193.57,257.53,254.99,62.69,2016,3,32.38620014144746,-2.5399999999999636,1.0,6.123233995736766e-17
Green Chilli,2016-04-01,155.08,194.07,204.9,44.4,2016,4,28.630365856096297,10.830000000000013,0.8660254037844387,-0.49999999999999983
Green Chilli,2016-05-01,172.08,209.88,223.93,44.82,2016,5,26.046009968613454,14.050000000000011,0.49999999999999994,-0.8660254037844387
Green Chilli,2016-06-01,153.18,205.99,209.62,54.62,2016,6,35.65737324887501,3.6299999999999955,1.2246467991473532e-16,-1.0
Green Chilli,2016-07-01,204.77,278.14,295.97,82.28,2016,7,40.18164761359202,17.83000000000004,-0.4999999999999998,-0.8660254037844388
Green Chilli,2016-08-01,243.76,294.38,330.2,68.53,2016,8,28.113706878197046,35.81999999999999,-0.8660254037844384,-0.5000000000000004
Green Chilli,2016-09-01,202.07,278.15,264.22,69.12,2016,9,34.2059513010584,-13.92999999999995,-1.0,-1.8369701987210297e-16
Green Chilli,2016-10-01,179.19,231.16,244.5,58.64,2016,10,32.72502219709683,13.340000000000003,-0.8660254037844386,0.5000000000000001
Green Chilli,2016-11-01,225.74,277.24,303.5,64.63,2016,11,28.630269943178018,26.25999999999999,-0.5000000000000004,0.8660254037844384
Green Chilli,2016-12-01,239.29,290.3,332.15,71.94,2016,12,30.0639265895246,41.849999999999966,-2.4492935982947064e-16,1.0
Green Chilli,2017-01-01,247.4,309.76,343.52,79.24,2017,1,32.02908972146737,33.75999999999999,0.49999999999999994,0.8660254037844387
Green Chilli,2017-02-01,189.83,240.99,258.05,59.69,2017,2,31.44390694626405,17.060000000000002,0.8660254037844386,0.5000000000000001
Green Chilli,2017-03-01,210.73,256.62,304.54,69.85,2017,3,33.146664857084964,47.920000000000016,1.0,6.123233995736766e-17
Green Chilli,2017-04-01,253.55,326.71,354.97,87.29,2017,4,34.4271211093981,28.260000000000048,0.8660254037844387,-0.49999999999999983
Green Chilli,2017-05-01,219.0,303.9,283.29,74.6,2017,5,34.06391138634183,-20.609999999999957,0.49999999999999994,-0.8660254037844387
Green Chilli,2017-06-01,201.66,257.02,279.96,66.83,2017,6,33.13992207680151,22.939999999999998,1.2246467991473532e-16,-1.0
Green Chilli,2017-07-01,217.47,273.55,273.18,55.9,2017,7,25.704683080570618,-0.37000000000000455,-0.4999999999999998,-0.8660254037844388
Green Chilli,2017-08-01,220.61,278.97,290.5,64.12,2017,8,29.064852425160954,11.529999999999973,-0.8660254037844384,-0.5000000000000004
Green Chilli,2017-09-01,203.11,263.18,272.81,64.88,2017,9,31.943266238360373,9.629999999999995,-1.0,-1.8369701987210297e-16
Green Chilli,2017-10-01,200.7,254.36,286.93,69.95,2017,10,34.85299708370848,32.56999999999999,-0.8660254037844386,0.5000000000000001
Green Chilli,2017-11-01,200.88,246.27,268.11,56.31,2017,11,28.03164673852711,21.840000000000003,-0.5000000000000004,0.8660254037844384
Green Chilli,2017-12-01,167.18,210.66,214.2,45.25,2017,12,27.066618574818413,3.539999999999992,-2.4492935982947064e-16,1.0
Green Chilli,2018-01-01,285.89,350.7,383.36,81.14,2018,1,28.38153542217797,32.660000000000025,0.49999999999999994,0.8660254037844387
Green Chilli,2018-02-01,205.12,280.5,295.56,82.91,2018,2,40.42022210402588,15.060000000000002,0.8660254037844386,0.5000000000000001
Green Chilli,2018-03-01,184.64,235.94,234.87,50.77,2018,3,27.496735541196095,-1.0699999999999932,1.0,6.123233995736766e-17
Green Chilli,2018-04-01,218.88,288.48,277.67,64.2,2018,4,29.331126950325775,-10.810000000000002,0.8660254037844387,-0.49999999999999983
Green Chilli,2018-05-01,174.45,243.49,241.93,68.26,2018,5,39.12866773937075,-1.5600000000000023,0.49999999999999994,-0.8660254037844387
Green Chilli,2018-06-01,189.64,251.33,269.17,70.61,2018,6,37.23368633532676,17.840000000000003,1.2246467991473532e-16,-1.0
Green Chilli,2018-07-01,220.49,301.3,304.6,82.46,2018,7,37.39850451335457,3.3000000000000114,-0.4999999999999998,-0.8660254037844388
Green Chilli,2018-08-01,244.45,341.35,341.48,96.97,2018,8,39.6686276667508,0.12999999999999545,-0.8660254037844384,-0.5000000000000004
Green Chilli,2018-09-01,186.68,231.86,245.79,52.14,2018,9,27.93013288507988,13.929999999999978,-1.0,-1.8369701987210297e-16
Green Chilli,2018-10-01,203.42,271.29,286.21,75.33,2018,10,37.03173875148031,14.919999999999959,-0.8660254037844386,0.5000000000000001
Green Chilli,2018-11-01,188.79,251.12,236.38,54.96,2018,11,29.111696005246042,-14.740000000000009,-0.5000000000000004,0.8660254037844384
Green Chilli,2018-12-01,279.99,369.81,397.23,103.53,2018,12,36.97630737658225,27.420000000000016,-2.4492935982947064e-16,1.0
Green Chilli,2019-01-01,159.31,209.65,216.44,53.74,2019,1,33.732952273584665,6.789999999999992,0.49999999999999994,0.8660254037844387
Green Chilli,2019-02-01,229.97,299.92,329.79,84.89,2019,2,36.91349440644675,29.870000000000005,0.8660254037844386,0.5000000000000001
Green Chilli,2019-03-01,246.91,322.22,311.55,69.98,2019,3,28.342299484711237,-10.670000000000016,1.0,6.123233995736766e-17
Green Chilli,2019-04-01,266.61,365.43,374.83,103.52,2019,4,38.82823643965476,9.399999999999977,0.8660254037844387,-0.49999999999999983
Green Chilli,2019-05-01,320.01,399.65,429.36,94.5,2019,5,29.53031794933973,29.710000000000036,0.49999999999999994,-0.8660254037844387
Green Chilli,2019-06-01,245.95,309.32,339.77,78.6,2019,6,31.957701989143324,30.44999999999999,1.2246467991473532e-16,-1.0
Green Chilli,2019-07-01,273.46,359.64,342.02,77.37,2019,7,28.292975830843336,-17.620000000000005,-0.4999999999999998,-0.8660254037844388
Green Chilli,2019-08-01,217.21,268.85,279.7,57.06,2019,8,26.26949667625953,10.849999999999966,-0.8660254037844384,-0.5000000000000004
Green Chilli,2019-09-01,270.61,375.96,384.73,109.73,2019,9,40.549114759574756,8.770000000000039,-1.0,-1.8369701987210297e-16
Green Chilli,2019-10-01,271.73,368.69,358.49,91.86,2019,10,33.80560342781311,-10.199999999999989,-0.8660254037844386,0.5000000000000001
Green Chilli,2019-11-01,188.42,256.62,249.22,64.5,2019,11,34.2320166479054,-7.400000000000006,-0.5000000000000004,0.8660254037844384
Green Chilli,2019-12-01,257.99,344.28,369.53,98.91,2019,12,38.33868043773773,25.25,-2.4492935982947064e-16,1.0
Green Chilli,2020-01-01,256.44,308.43,368.34,81.94,2020,1,31.95288100417993,59.90999999999997,0.49999999999999994,0.8660254037844387
Green Chilli,2020-02-01,217.68,261.56,313.93,70.06,2020,2,32.1848437225084,52.370000000000005,0.8660254037844386,0.5000000000000001
Green Chilli,2020-03-01,311.36,405.82,422.57,102.83,2020,3,33.02606852965425,16.75,1.0,6.123233995736766e-17
Green Chilli,2020-04-01,205.02,278.83,266.52,67.65,2020,4,32.99676470746039,-12.310000000000002,0.8660254037844387,-0.49999999999999983
Green Chilli,2020-05-01,320.38,397.29,419.0,87.77,2020,5,27.39558418266303,21.70999999999998,0.49999999999999994,-0.8660254037844387
Green Chilli,2020-06-01,224.95,308.69,288.44,73.62,2020,6,32.72725817859161,-20.25,1.2246467991473532e-16,-1.0
Green Chilli,2020-07-01,212.57,290.85,299.14,82.43,2020,7,38.777796124666644,8.289999999999964,-0.4999999999999998,-0.8660254037844388
Green Chilli,2020-08-01,220.84,294.16,301.95,77.22,2020,8,34.96647574421493,7.789999999999964,-0.8660254037844384,-0.5000000000000004
Green Chilli,2020-09-01,188.29,248.78,259.55,65.88,2020,9,34.988562861244425,10.77000000000001,-1.0,-1.8369701987210297e-16
Green Chilli,2020-10-01,229.92,312.94,296.43,74.77,2020,10,32.51999281489526,-16.50999999999999,-0.8660254037844386,0.5000000000000001
Green Chilli,2020-11-01,219.7,305.14,275.92,70.83,2020,11,32.239402713062034,-29.21999999999997,-0.5000000000000004,0.8660254037844384
Green Chilli,2020-12-01,331.89,450.94,466.92,127.04,2020,12,38.27773109231038,15.980000000000018,-2.4492935982947064e-16,1.0
Green Chilli,2021-01-01,221.95,310.27,289.04,77.71,2021,1,35.012374403075285,-21.22999999999996,0.49999999999999994,0.8660254037844387
Green Chilli,2021-02-01,316.64,399.6,405.61,85.97,2021,2,27.15069885336697,6.009999999999991,0.8660254037844386,0.5000000000000001
Green Chilli,2021-03-01,186.33,250.61,239.19,58.57,2021,3,31.433461367755395,-11.420000000000016,1.0,6.123233995736766e-17
Green Chilli,2021-04-01,393.98,510.63,510.28,116.47,2021,4,29.562406832223253,-0.35000000000002274,0.8660254037844387,-0.49999999999999983
Green Chilli,2021-05-01,216.64,265.28,312.75,72.38,2021,5,33.41025045686371,47.47000000000003,0.49999999999999994,-0.8660254037844387
Green Chilli,2021-06-01,291.51,350.59,376.54,72.06,2021,6,24.71955517150178,25.950000000000045,1.2246467991473532e-16,-1.0
Green Chilli,2021-07-01,345.53,456.05,467.88,116.44,2021,7,33.69894547537248,11.829999999999984,-0.4999999999999998,-0.8660254037844388
Green Chilli,2021-08-01,239.34,315.68,316.21,76.6,2021,8,32.00466616333827,0.5299999999999727,-0.8660254037844384,-0.5000000000000004
Green Chilli,2021-09-01,311.09,391.72,433.24,101.39,2021,9,32.591843970605304,41.51999999999998,-1.0,-1.8369701987210297e-16
Green Chilli,2021-10-01,313.1,390.37,406.13,85.15,2021,10,27.195775408567425,15.759999999999991,-0.8660254037844386,0.5000000000000001
Green Chilli,2021-11-01,212.12,262.29,292.92,65.49,2021,11,30.87401901092824,30.629999999999995,-0.5000000000000004,0.8660254037844384
Green Chilli,2021-12-01,265.29,342.43,355.75,83.8,2021,12,31.588061522084693,13.319999999999993,-2.4492935982947064e-16,1.0
Green Chilli,2022-01-01,240.17,297.98,324.09,70.87,2022,1,29.508252692570807,26.109999999999957,0.49999999999999994,0.8660254037844387
Green Chilli,2022-02-01,325.01,425.9,437.35,106.62,2022,2,32.80513436351671,11.450000000000045,0.8660254037844386,0.5000000000000001
Green Chilli,2022-03-01,301.98,393.79,435.5,112.66,2022,3,37.307094076728895,41.70999999999998,1.0,6.123233995736766e-17
Green Chilli,2022-04-01,318.74,386.72,450.82,100.03,2022,4,31.382935501369296,64.09999999999997,0.8660254037844387,-0.49999999999999983
Green Chilli,2022-05-01,270.17,339.99,343.13,71.39,2022,5,26.42409356179681,3.1399999999999864,0.49999999999999994,-0.8660254037844387
Green Chilli,2022-06-01,244.92,295.14,316.63,60.96,2022,6,24.889749759207188,21.49000000000001,1.2246467991473532e-16,-1.0
Green Chilli,2022-07-01,357.43,447.79,486.15,109.54,2022,7,30.646551591486006,38.35999999999996,-0.4999999999999998,-0.8660254037844388
Green Chilli,2022-08-01,246.69,338.84,356.73,101.1,2022,8,40.98259314013817,17.890000000000043,-0.8660254037844384,-0.5000000000000004
Green Chilli,2022-09-01,243.14,332.49,328.44,87.33,2022,9,35.91756357754233,-4.050000000000011,-1.0,-1.8369701987210297e-16
Green Chilli,2022-10-01,278.59,335.58,397.84,88.12,2022,10,31.630700444847115,62.25999999999999,-0.8660254037844386,0.5000000000000001
Green Chilli,2022-11-01,187.48,239.69,251.39,58.06,2022,11,30.96862013621713,11.699999999999989,-0.5000000000000004,0.8660254037844384
Green Chilli,2022-12-01,253.11,328.84,349.59,86.1,2022,12,34.01681718746111,20.75,-2.4492935982947064e-16,1.0
Green Chilli,2023-01-01,254.27,337.06,343.29,85.9,2023,1,33.78297330279887,6.230000000000018,0.49999999999999994,0.8660254037844387
Green Chilli,2023-02-01,353.36,459.04,462.71,107.51,2023,2,30.425053649237704,3.669999999999959,0.8660254037844386,0.5000000000000001
Green Chilli,2023-03-01,280.83,338.21,385.95,81.25,2023,3,28.932083847137473,47.74000000000001,1.0,6.123233995736766e-17
Green Chilli,2023-04-01,428.26,546.26,594.04,141.89,2023,4,33.13173466311711,47.77999999999997,0.8660254037844387,-0.49999999999999983
Green Chilli,2023-05-01,245.57,311.67,320.23,70.38,2023,5,28.65984091711491,8.560000000000002,0.49999999999999994,-0.8660254037844387
Green Chilli,2023-06-01,275.19,373.75,369.07,96.22,2023,6,34.964920613059846,-4.680000000000007,1.2246467991473532e-16,-1.0
Green Chilli,2023-07-01,244.68,299.62,325.33,67.79,2023,7,27.705563304903013,25.70999999999998,-0.4999999999999998,-0.8660254037844388
Green Chilli,2023-08-01,296.61,410.7,383.47,100.48,2023,8,33.87612222240578,-27.22999999999996,-0.8660254037844384,-0.5000000000000004
Green Chilli,2023-09-01,317.32,394.78,447.41,103.78,2023,9,32.70514537213369,52.63000000000005,-1.0,-1.8369701987210297e-16
Green Chilli,2023-10-01,259.03,345.27,373.6,100.41,2023,10,38.76383478213536,28.33000000000004,-0.8660254037844386,0.5000000000000001
Green Chilli,2023-11-01,313.23,389.26,451.88,107.34,2023,11,34.268737263755945,62.620000000000005,-0.5000000000000004,0.8660254037844384
Green Chilli,2023-12-01,249.94,348.1,333.21,90.72,2023,12,36.296696688526566,-14.890000000000043,-2.4492935982947064e-16,1.0
Green Chilli,2024-01-01,315.42,423.09,456.69,124.47,2024,1,39.461657643251016,33.60000000000002,0.49999999999999994,0.8660254037844387
Green Chilli,2024-02-01,462.31,601.65,599.37,138.2,2024,2,29.89335513111221,-2.2799999999999727,0.8660254037844386,0.5000000000000001
Green Chilli,2024-03-01,239.98,310.53,316.83,73.7,2024,3,30.71087977711485,6.300000000000011,1.0,6.123233995736766e-17
Green Chilli,2024-04-01,267.75,369.71,373.18,103.7,2024,4,38.73014426511886,3.4700000000000273,0.8660254037844387,-0.49999999999999983
Green Chilli,2024-05-01,240.28,331.74,313.24,82.21,2024,5,34.214235802299065,-18.5,0.49999999999999994,-0.8660254037844387
Green Chilli,2024-06-01,278.61,382.12,396.59,110.74,2024,6,39.74730277186649,14.46999999999997,1.2246467991473532e-16,-1.0
Green Chilli,2024-07-01,255.97,312.71,358.32,79.54,2024,7,31.073941839300762,45.610000000000014,-0.4999999999999998,-0.8660254037844388
Green Chilli,2024-08-01,308.01,394.13,425.55,101.83,2024,8,33.060604181486255,31.420000000000016,-0.8660254037844384,-0.5000000000000004
Green Chilli,2024-09-01,304.11,419.66,404.89,108.16,2024,9,35.56606636872633,-14.770000000000039,-1.0,-1.8369701987210297e-16
Green Chilli,2024-10-01,390.74,513.7,535.7,133.96,2024,10,34.28365811443464,22.0,-0.8660254037844386,0.5000000000000001
Green Chilli,2024-11-01,335.75,416.66,467.98,106.57,2024,11,31.74086917621171,51.31999999999999,-0.5000000000000004,0.8660254037844384
Green Chilli,2024-12-01,339.65,448.11,485.82,127.32,2024,12,37.48563595299987,37.70999999999998,-2.4492935982947064e-16,1.0
Green Chilli,2025-01-01,388.71,526.23,536.63,142.72,2025,1,36.71630863206282,10.399999999999977,0.49999999999999994,0.8660254037844387
Green Chilli,2025-02-01,363.04,445.86,478.53,99.15,2025,2,27.311032582902,32.66999999999996,0.8660254037844386,0.5000000000000001
Green Chilli,2025-03-01,266.35,351.19,336.82,77.65,2025,3,29.153358680924097,-14.370000000000005,1.0,6.123233995736766e-17
Green Chilli,2025-04-01,453.73,604.77,569.83,133.57,2025,4,29.438205664556964,-34.93999999999994,0.8660254037844387,-0.49999999999999983
Green Chilli,2025-05-01,349.31,434.61,478.24,107.12,2025,5,30.66616167124856,43.629999999999995,0.49999999999999994,-0.8660254037844387
Green Chilli,2025-06-01,343.79,437.87,457.43,103.86,2025,6,30.210294013701965,19.560000000000002,1.2246467991473532e-16,-1.0
Green Chilli,2025-07-01,377.56,502.93,527.72,137.77,2025,7,36.48955490794711,24.79000000000002,-0.4999999999999998,-0.8660254037844388
Green Chilli,2025-08-01,222.39,287.54,282.33,62.55,2025,8,28.12625202290929,-5.210000000000036,-0.8660254037844384,-0.5000000000000004
Lime,2000-01-01,83.0,107.15,111.53,26.34,2000,1,31.734901524215033,4.3799999999999955,0.49999999999999994,0.8660254037844387
Lime,2000-02-01,81.05,106.63,101.65,23.09,2000,2,28.488552142440295,-4.97999999999999,0.8660254037844386,0.5000000000000001
Lime,2000-03-01,74.42,92.6,98.47,21.11,2000,3,28.36599252083778,5.8700000000000045,1.0,6.123233995736766e-17
Lime,2000-04-01,92.54,124.27,127.37,33.28,2000,4,35.96278802378644,3.1000000000000085,0.8660254037844387,-0.49999999999999983
Lime,2000-05-01,86.74,108.95,122.89,29.18,2000,5,33.6407267227038,13.939999999999998,0.49999999999999994,-0.8660254037844387
Lime,2000-06-01,85.14,115.39,111.56,28.34,2000,6,33.28631279502843,-3.8299999999999983,1.2246467991473532e-16,-1.0
Lime,2000-07-01,77.39,103.84,102.65,25.86,2000,7,33.41512674101726,-1.1899999999999977,-0.4999999999999998,-0.8660254037844388
Lime,2000-08-01,74.65,90.25,105.41,23.18,2000,8,31.051532415897633,15.159999999999997,-0.8660254037844384,-0.5000000000000004
Lime,2000-09-01,77.46,94.3,98.67,19.03,2000,9,24.567487002986056,4.3700000000000045,-1.0,-1.8369701987210297e-16
Lime,2000-10-01,79.68,109.56,109.97,30.08,2000,10,37.75095663785562,0.4099999999999966,-0.8660254037844386,0.5000000000000001
Lime,2000-11-01,74.19,94.35,98.87,22.42,2000,11,30.219665427058327,4.52000000000001,-0.5000000000000004,0.8660254037844384
Lime,2000-12-01,85.7,109.9,109.13,23.82,2000,12,27.79460000630104,-0.7700000000000102,-2.4492935982947064e-16,1.0
Lime,2001-01-01,89.98,108.67,125.27,26.99,2001,1,29.995521231916833,16.599999999999994,0.49999999999999994,0.8660254037844387
Lime,2001-02-01,82.0,98.66,115.6,25.13,2001,2,30.646304089873063,16.939999999999998,0.8660254037844386,0.5000000000000001
Lime,2001-03-01,99.93,139.77,135.89,37.9,2001,3,37.92651063093101,-3.880000000000024,1.0,6.123233995736766e-17
Lime,2001-04-01,90.83,122.39,123.42,32.08,2001,4,35.31868840835802,1.0300000000000011,0.8660254037844387,-0.49999999999999983
Lime,2001-05-01,89.8,122.06,116.06,29.26,2001,5,32.58348264645585,-6.0,0.49999999999999994,-0.8660254037844387
Lime,2001-06-01,82.02,104.75,111.33,26.02,2001,6,31.723931085185214,6.579999999999998,1.2246467991473532e-16,-1.0
Lime,2001-07-01,92.79,128.07,134.21,38.35,2001,7,41.32984014458439,6.140000000000015,-0.4999999999999998,-0.8660254037844388
Lime,2001-08-01,87.27,121.72,124.76,35.97,2001,8,41.2168657993975,3.0400000000000063,-0.8660254037844384,-0.5000000000000004
Lime,2001-09-01,79.2,105.57,103.07,25.12,2001,9,31.717131670288296,-2.5,-1.0,-1.8369701987210297e-16
Lime,2001-10-01,72.52,100.46,97.45,26.44,2001,10,36.4588576132686,-3.009999999999991,-0.8660254037844386,0.5000000000000001
Lime,2001-11-01,77.81,98.33,109.85,26.28,2001,11,33.77453569652269,11.519999999999996,-0.5000000000000004,0.8660254037844384
Lime,2001-12-01,81.44,109.35,103.4,24.94,2001,12,30.62373449934369,-5.949999999999989,-2.4492935982947064e-16,1.0
Lime,2002-01-01,89.39,111.52,115.1,23.92,2002,1,26.759115383023403,3.5799999999999983,0.49999999999999994,0.8660254037844387
Lime,2002-02-01,97.72,125.66,126.47,28.34,2002,2,29.001198320509292,0.8100000000000023,0.8660254037844386,0.5000000000000001
Lime,2002-03-01,87.93,110.63,126.16,30.46,2002,3,34.64115246087517,15.530000000000001,1.0,6.123233995736766e-17
Lime,2002-04-01,86.74,114.5,116.46,28.74,2002,4,33.13346422242999,1.9599999999999937,0.8660254037844387,-0.49999999999999983
Lime,2002-05-01,87.38,118.37,118.64,31.13,2002,5,35.6259606020135,0.269999999999996,0.49999999999999994,-0.8660254037844387
Lime,2002-06-01,96.29,125.49,135.55,34.23,2002,6,35.548825891758334,10.060000000000016,1.2246467991473532e-16,-1.0
Lime,2002-07-01,82.52,104.97,119.43,29.68,2002,7,35.966994707956005,14.460000000000008,-0.4999999999999998,-0.8660254037844388
Lime,2002-08-01,84.62,102.9,120.17,26.92,2002,8,31.8127726154897,17.269999999999996,-0.8660254037844384,-0.5000000000000004
Lime,2002-09-01,95.81,115.84,135.03,29.62,2002,9,30.915321036091182,19.189999999999998,-1.0,-1.8369701987210297e-16
Lime,2002-10-01,97.34,123.24,139.69,34.12,2002,10,35.052357661436545,16.450000000000003,-0.8660254037844386,0.5000000000000001
Lime,2002-11-01,88.99,114.15,119.74,27.96,2002,11,31.419225284610313,5.589999999999989,-0.5000000000000004,0.8660254037844384
Lime,2002-12-01,89.46,108.8,126.29,28.09,2002,12,31.39947306117476,17.49000000000001,-2.4492935982947064e-16,1.0
Lime,2003-01-01,97.21,130.98,129.71,33.14,2003,1,34.091107816986096,-1.2699999999999818,0.49999999999999994,0.8660254037844387
Lime,2003-02-01,87.26,109.61,112.85,23.97,2003,2,27.469599507678765,3.239999999999995,0.8660254037844386,0.5000000000000001
Lime,2003-03-01,108.69,149.74,152.85,42.6,2003,3,39.194002029623675,3.109999999999985,1.0,6.123233995736766e-17
Lime,2003-04-01,108.13,134.78,140.41,29.47,2003,4,27.254205813182452,5.6299999999999955,0.8660254037844387,-0.49999999999999983
Lime,2003-05-01,101.55,125.15,134.72,28.39,2003,5,27.95664406041944,9.569999999999993,0.49999999999999994,-0.8660254037844387
Lime,2003-06-01,88.78,116.74,114.3,26.74,2003,6,30.119362334577225,-2.4399999999999977,1.2246467991473532e-16,-1.0
Lime,2003-07-01,99.91,122.91,144.1,33.6,2003,7,33.63023357998841,21.189999999999998,-0.4999999999999998,-0.8660254037844388
Lime,2003-08-01,100.55,137.94,139.78,38.31,2003,8,38.100409646534416,1.8400000000000034,-0.8660254037844384,-0.5000000000000004
Lime,2003-09-01,93.95,124.25,123.49,29.92,2003,9,31.84669308494616,-0.7600000000000051,-1.0,-1.8369701987210297e-16
Lime,2003-10-01,78.99,105.01,102.86,24.95,2003,10,31.586236756251733,-2.1500000000000057,-0.8660254037844386,0.5000000000000001
Lime,2003-11-01,88.54,117.11,111.28,25.65,2003,11,28.969924361955762,-5.829999999999998,-0.5000000000000004,0.8660254037844384
Lime,2003-12-01,99.88,137.26,133.66,35.58,2003,12,35.62271163124586,-3.5999999999999943,-2.4492935982947064e-16,1.0
Lime,2004-01-01,96.38,131.34,136.56,37.57,2004,1,38.9810759690019,5.219999999999999,0.49999999999999994,0.8660254037844387
Lime,2004-02-01,109.78,150.29,158.7,44.71,2004,2,40.72687126355323,8.409999999999997,0.8660254037844386,0.5000000000000001
Lime,2004-03-01,107.84,131.0,155.24,35.28,2004,3,32.715103194451785,24.24000000000001,1.0,6.123233995736766e-17
Lime,2004-04-01,106.05,137.94,148.09,36.97,2004,4,34.86088179077625,10.150000000000006,0.8660254037844387,-0.49999999999999983
Lime,2004-05-01,108.41,137.61,142.62,31.71,2004,5,29.25004220086505,5.009999999999991,0.49999999999999994,-0.8660254037844387
Lime,2004-06-01,105.72,135.89,135.2,29.82,2004,6,28.206556747486992,-0.6899999999999977,1.2246467991473532e-16,-1.0
Lime,2004-07-01,109.77,137.08,148.44,32.99,2004,7,30.053721368569402,11.359999999999985,-0.4999999999999998,-0.8660254037844388
Lime,2004-08-01,107.04,146.3,147.82,40.02,2004,8,37.38785744781629,1.5199999999999818,-0.8660254037844384,-0.5000000000000004
Lime,2004-09-01,104.67,141.62,149.14,40.71,2004,9,38.893628648487,7.519999999999982,-1.0,-1.8369701987210297e-16
Lime,2004-10-01,101.93,123.19,139.89,29.61,2004,10,29.049319092201415,16.69999999999999,-0.8660254037844386,0.5000000000000001
Lime,2004-11-01,95.23,117.0,128.44,27.49,2004,11,28.866923378217596,11.439999999999998,-0.5000000000000004,0.8660254037844384
Lime,2004-12-01,96.09,128.97,131.52,34.16,2004,12,35.54996820692246,2.5500000000000114,-2.4492935982947064e-16,1.0
Lime,2005-01-01,125.73,164.08,168.01,40.32,2005,1,32.0686931768924,3.9299999999999784,0.49999999999999994,0.8660254037844387
Lime,2005-02-01,111.45,138.89,151.29,33.64,2005,2,30.183911903174604,12.400000000000006,0.8660254037844386,0.5000000000000001
Lime,2005-03-01,114.43,159.28,151.39,40.9,2005,3,35.74234401612862,-7.890000000000015,1.0,6.123233995736766e-17
Lime,2005-04-01,101.59,136.08,139.35,36.12,2005,4,35.55464558062252,3.269999999999982,0.8660254037844387,-0.49999999999999983
Lime,2005-05-01,119.83,155.91,173.21,44.73,2005,5,37.32785001431193,17.30000000000001,0.49999999999999994,-0.8660254037844387
Lime,2005-06-01,105.16,141.33,133.34,32.18,2005,6,30.60095986976049,-7.990000000000009,1.2246467991473532e-16,-1.0
Lime,2005-07-01,108.97,136.51,143.45,31.01,2005,7,28.457347474215407,6.939999999999998,-0.4999999999999998,-0.8660254037844388
Lime,2005-08-01,92.84,121.06,133.25,34.32,2005,8,36.966784826815136,12.189999999999998,-0.8660254037844384,-0.5000000000000004
Lime,2005-09-01,111.44,147.45,140.0,32.28,2005,9,28.9662338781103,-7.449999999999989,-1.0,-1.8369701987210297e-16
Lime,2005-10-01,121.1,161.25,171.96,45.51,2005,10,37.58048094097362,10.710000000000008,-0.8660254037844386,0.5000000000000001
Lime,2005-11-01,105.65,143.4,145.48,38.79,2005,11,36.71553552717886,2.079999999999984,-0.5000000000000004,0.8660254037844384
Lime,2005-12-01,117.23,161.4,152.18,39.56,2005,12,33.74559946634866,-9.219999999999999,-2.4492935982947064e-16,1.0
Lime,2006-01-01,114.25,159.02,157.05,43.79,2006,1,38.32819402346256,-1.9699999999999989,0.49999999999999994,0.8660254037844387
Lime,2006-02-01,125.7,155.21,169.52,36.67,2006,2,29.17261004565629,14.310000000000002,0.8660254037844386,0.5000000000000001
Lime,2006-03-01,109.4,133.02,157.72,35.97,2006,3,32.879311810501086,24.69999999999999,1.0,6.123233995736766e-17
Lime,2006-04-01,116.59,146.52,152.25,32.8,2006,4,28.132748835450005,5.72999999999999,0.8660254037844387,-0.49999999999999983
Lime,2006-05-01,129.97,170.88,163.2,37.07,2006,5,28.521944662657027,-7.680000000000007,0.49999999999999994,-0.8660254037844387
Lime,2006-06-01,127.93,171.9,171.1,43.57,2006,6,34.057661175907775,-0.8000000000000114,1.2246467991473532e-16,-1.0
Lime,2006-07-01,120.29,165.41,163.07,43.95,2006,7,36.536672594003996,-2.3400000000000034,-0.4999999999999998,-0.8660254037844388
Lime,2006-08-01,112.88,136.77,145.14,28.08,2006,8,24.875952448660126,8.369999999999976,-0.8660254037844384,-0.5000000000000004
Lime,2006-09-01,105.43,128.47,141.08,29.34,2006,9,27.828864811851638,12.610000000000014,-1.0,-1.8369701987210297e-16
Lime,2006-10-01,125.18,159.91,157.94,33.74,2006,10,26.95316587860211,-1.9699999999999989,-0.8660254037844386,0.5000000000000001
Lime,2006-11-01,111.94,154.57,142.44,36.56,2006,11,32.66032458430893,-12.129999999999995,-0.5000000000000004,0.8660254037844384
Lime,2006-12-01,120.67,168.43,161.45,44.27,2006,12,36.68680145288684,-6.980000000000018,-2.4492935982947064e-16,1.0
Lime,2007-01-01,143.16,191.53,200.49,52.85,2007,1,36.916710731551596,8.960000000000008,0.49999999999999994,0.8660254037844387
Lime,2007-02-01,136.53,188.15,183.91,49.5,2007,2,36.255741407938615,-4.240000000000009,0.8660254037844386,0.5000000000000001
Lime,2007-03-01,123.87,172.1,158.7,41.53,2007,3,33.52705778069122,-13.400000000000006,1.0,6.123233995736766e-17
Lime,2007-04-01,116.82,147.8,146.54,30.35,2007,4,25.980118147476333,-1.2600000000000193,0.8660254037844387,-0.49999999999999983
Lime,2007-05-01,125.47,164.74,164.03,38.92,2007,5,31.01934245688814,-0.710000000000008,0.49999999999999994,-0.8660254037844387
Lime,2007-06-01,139.43,167.58,192.92,40.82,2007,6,29.27631838462427,25.339999999999975,1.2246467991473532e-16,-1.0
Lime,2007-07-01,144.08,172.97,188.85,36.83,2007,7,25.562169931864286,15.879999999999995,-0.4999999999999998,-0.8660254037844388
Lime,2007-08-01,119.41,163.38,154.59,39.58,2007,8,33.146274896344615,-8.789999999999992,-0.8660254037844384,-0.5000000000000004
Lime,2007-09-01,105.96,133.23,143.43,32.37,2007,9,30.54923504224703,10.200000000000017,-1.0,-1.8369701987210297e-16
Lime,2007-10-01,117.68,142.38,166.26,36.64,2007,10,31.13525566344692,23.879999999999995,-0.8660254037844386,0.5000000000000001
Lime,2007-11-01,127.27,160.79,164.14,35.19,2007,11,27.64985648632318,3.3499999999999943,-0.5000000000000004,0.8660254037844384
Lime,2007-12-01,120.6,167.43,165.62,45.93,2007,12,38.08454553520271,-1.8100000000000023,-2.4492935982947064e-16,1.0
Lime,2008-01-01,136.04,178.55,184.5,45.49,2008,1,33.438669921589295,5.949999999999989,0.49999999999999994,0.8660254037844387
Lime,2008-02-01,152.95,202.08,219.77,57.98,2008,2,37.907788226356175,17.689999999999998,0.8660254037844386,0.5000000000000001
Lime,2008-03-01,147.14,199.4,196.09,50.61,2008,3,34.395790134708356,-3.3100000000000023,1.0,6.123233995736766e-17
Lime,2008-04-01,147.5,201.26,200.12,53.19,2008,4,36.060992501022035,-1.1399999999999864,0.8660254037844387,-0.49999999999999983
Lime,2008-05-01,125.02,168.44,172.21,45.31,2008,5,36.242172258700805,3.7700000000000102,0.49999999999999994,-0.8660254037844387
Lime,2008-06-01,147.92,205.63,193.69,51.74,2008,6,34.97834303789681,-11.939999999999998,1.2246467991473532e-16,-1.0
Lime,2008-07-01,126.57,171.07,183.4,50.67,2008,7,40.03315158951443,12.330000000000013,-0.4999999999999998,-0.8660254037844388
Lime,2008-08-01,102.44,133.97,148.23,38.66,2008,8,37.73912754868454,14.259999999999991,-0.8660254037844384,-0.5000000000000004
Lime,2008-09-01,117.4,145.67,166.95,38.91,2008,9,33.14307228017693,21.28,-1.0,-1.8369701987210297e-16
Lime,2008-10-01,121.84,166.51,154.7,38.76,2008,10,31.81218662821189,-11.810000000000002,-0.8660254037844386,0.5000000000000001
Lime,2008-11-01,132.57,178.19,181.61,47.33,2008,11,35.701866408790515,3.420000000000016,-0.5000000000000004,0.8660254037844384
Lime,2008-12-01,125.38,156.65,168.8,37.35,2008,12,29.789416342784865,12.150000000000006,-2.4492935982947064e-16,1.0
Lime,2009-01-01,170.55,228.48,233.13,60.25,2009,1,35.32686289835068,4.650000000000006,0.49999999999999994,0.8660254037844387
Lime,2009-02-01,169.98,215.34,243.24,59.31,2009,2,34.89231974801756,27.900000000000006,0.8660254037844386,0.5000000000000001
Lime,2009-03-01,143.08,185.78,191.92,45.77,2009,3,31.989074651191885,6.139999999999986,1.0,6.123233995736766e-17
Lime,2009-04-01,142.88,197.82,185.73,48.9,2009,4,34.22450012283026,-12.090000000000003,0.8660254037844387,-0.49999999999999983
Lime,2009-05-01,141.7,174.92,199.86,45.69,2009,5,32.24415508528223,24.940000000000026,0.49999999999999994,-0.8660254037844387
Lime,2009-06-01,139.33,170.65,196.54,44.26,2009,6,31.76628739949228,25.889999999999986,1.2246467991473532e-16,-1.0
Lime,2009-07-01,155.97,213.75,214.72,58.26,2009,7,37.35331323118982,0.9699999999999989,-0.4999999999999998,-0.8660254037844388
Lime,2009-08-01,127.54,174.5,166.85,43.13,2009,8,33.81681526045534,-7.650000000000006,-0.8660254037844384,-0.5000000000000004
Lime,2009-09-01,127.48,160.93,170.85,38.41,2009,9,30.130192869318424,9.919999999999987,-1.0,-1.8369701987210297e-16
Lime,2009-10-01,137.07,176.63,175.31,38.9,2009,10,28.379639323236795,-1.3199999999999932,-0.8660254037844386,0.5000000000000001
Lime,2009-11-01,112.93,155.57,149.72,39.71,2009,11,35.16334440507889,-5.849999999999994,-0.5000000000000004,0.8660254037844384
Lime,2009-12-01,141.74,185.87,194.39,48.39,2009,12,34.139950515062424,8.519999999999982,-2.4492935982947064e-16,1.0
Lime,2010-01-01,147.17,181.53,204.56,45.88,2010,1,31.174810644281685,23.03,0.49999999999999994,0.8660254037844387
Lime,2010-02-01,129.96,164.83,187.34,46.12,2010,2,35.48781510632878,22.50999999999999,0.8660254037844386,0.5000000000000001
Lime,2010-03-01,148.5,201.24,196.85,50.54,2010,3,34.03364711538915,-4.390000000000015,1.0,6.123233995736766e-17
Lime,2010-04-01,128.37,174.77,163.77,40.9,2010,4,31.861001899975143,-11.0,0.8660254037844387,-0.49999999999999983
Lime,2010-05-01,151.05,199.95,192.03,44.94,2010,5,29.751718138551375,-7.9199999999999875,0.49999999999999994,-0.8660254037844387
Lime,2010-06-01,153.29,209.9,211.27,57.3,2010,6,37.3801047817178,1.3700000000000045,1.2246467991473532e-16,-1.0
Lime,2010-07-01,164.67,228.85,210.81,55.16,2010,7,33.497277283489844,-18.039999999999992,-0.4999999999999998,-0.8660254037844388
Lime,2010-08-01,147.55,177.97,206.54,44.7,2010,8,30.294794784957784,28.569999999999993,-0.8660254037844384,-0.5000000000000004
Lime,2010-09-01,136.42,190.48,185.9,51.77,2010,9,37.94895327008264,-4.579999999999984,-1.0,-1.8369701987210297e-16
Lime,2010-10-01,165.18,228.38,214.85,56.43,2010,10,34.162710883453876,-13.530000000000001,-0.8660254037844386,0.5000000000000001
Lime,2010-11-01,139.78,178.19,181.35,39.99,2010,11,28.60922262897222,3.1599999999999966,-0.5000000000000004,0.8660254037844384
Lime,2010-12-01,162.26,212.44,213.62,50.77,2010,12,31.289269512344692,1.1800000000000068,-2.4492935982947064e-16,1.0
Lime,2011-01-01,185.45,225.47,233.33,43.95,2011,1,23.699097493072262,7.860000000000014,0.49999999999999994,0.8660254037844387
Lime,2011-02-01,176.58,229.38,233.57,54.89,2011,2,31.085042991820703,4.189999999999998,0.8660254037844386,0.5000000000000001
Lime,2011-03-01,173.25,212.22,237.19,51.46,2011,3,29.702724558311942,24.97,1.0,6.123233995736766e-17
Lime,2011-04-01,137.65,169.86,172.35,33.46,2011,4,24.308009946959718,2.4899999999999807,0.8660254037844387,-0.49999999999999983
Lime,2011-05-01,179.31,222.37,239.63,51.69,2011,5,28.827154744768972,17.25999999999999,0.49999999999999994,-0.8660254037844387
Lime,2011-06-01,188.19,249.26,267.77,70.32,2011,6,37.36647145625619,18.50999999999999,1.2246467991473532e-16,-1.0
Lime,2011-07-01,183.96,242.25,262.47,68.4,2011,7,37.181975874116176,20.220000000000027,-0.4999999999999998,-0.8660254037844388
Lime,2011-08-01,156.08,215.92,209.29,56.52,2011,8,36.21217567133798,-6.6299999999999955,-0.8660254037844384,-0.5000000000000004
Lime,2011-09-01,166.15,209.62,207.75,42.54,2011,9,25.603355038606658,-1.8700000000000045,-1.0,-1.8369701987210297e-16
Lime,2011-10-01,148.91,205.63,196.7,52.26,2011,10,35.095000271976176,-8.930000000000007,-0.8660254037844386,0.5000000000000001
Lime,2011-11-01,183.31,222.75,243.79,49.96,2011,11,27.254362961997185,21.039999999999992,-0.5000000000000004,0.8660254037844384
Lime,2011-12-01,139.76,190.65,176.89,44.01,2011,12,31.48967409153256,-13.76000000000002,-2.4492935982947064e-16,1.0
Lime,2012-01-01,176.41,241.85,228.79,58.91,2012,1,33.393779607856914,-13.060000000000002,0.49999999999999994,0.8660254037844387
Lime,2012-02-01,193.1,255.7,269.54,69.52,2012,2,36.00205282130874,13.840000000000032,0.8660254037844386,0.5000000000000001
Lime,2012-03-01,191.56,268.13,269.12,77.06,2012,3,40.2275839279683,0.9900000000000091,1.0,6.123233995736766e-17
Lime,2012-04-01,147.38,199.66,203.47,54.18,2012,4,36.762086604636586,3.8100000000000023,0.8660254037844387,-0.49999999999999983
Lime,2012-05-01,174.61,220.39,234.69,52.93,2012,5,30.31325221164182,14.300000000000011,0.49999999999999994,-0.8660254037844387
Lime,2012-06-01,166.72,210.3,220.66,48.76,2012,6,29.24662353249548,10.359999999999985,1.2246467991473532e-16,-1.0
Lime,2012-07-01,188.86,231.73,236.67,45.34,2012,7,24.00718838971281,4.939999999999998,-0.4999999999999998,-0.8660254037844388
Lime,2012-08-01,138.41,183.35,199.14,52.83,2012,8,38.169179850314386,15.789999999999992,-0.8660254037844384,-0.5000000000000004
Lime,2012-09-01,167.43,218.91,212.39,48.22,2012,9,28.800078361059327,-6.52000000000001,-1.0,-1.8369701987210297e-16
Lime,2012-10-01,148.28,207.32,206.9,58.83,2012,10,39.67491254726696,-0.4199999999999875,-0.8660254037844386,0.5000000000000001
Lime,2012-11-01,167.89,211.91,221.74,48.94,2012,11,29.150021353254303,9.830000000000013,-0.5000000000000004,0.8660254037844384
Lime,2012-12-01,132.92,171.98,190.62,48.38,2012,12,36.397805899935385,18.640000000000015,-2.4492935982947064e-16,1.0
Lime,2013-01-01,215.87,293.71,298.88,80.42,2013,1,37.25388555432178,5.170000000000016,0.49999999999999994,0.8660254037844387
Lime,2013-02-01,166.46,223.67,212.97,51.86,2013,2,31.15461302738614,-10.699999999999989,0.8660254037844386,0.5000000000000001
Lime,2013-03-01,219.38,284.97,291.58,68.9,2013,3,31.406677269269185,6.609999999999957,1.0,6.123233995736766e-17
Lime,2013-04-01,223.91,288.16,317.48,78.91,2013,4,35.24182249929771,29.319999999999993,0.8660254037844387,-0.49999999999999983
Lime,2013-05-01,163.34,210.69,224.33,54.17,2013,5,33.16393218811547,13.640000000000015,0.49999999999999994,-0.8660254037844387
Lime,2013-06-01,202.27,260.17,291.7,73.66,2013,6,36.4166527825912,31.529999999999973,1.2246467991473532e-16,-1.0
Lime,2013-07-01,170.92,229.07,242.05,64.64,2013,7,37.81884049915721,12.980000000000018,-0.4999999999999998,-0.8660254037844388
Lime,2013-08-01,167.43,228.74,229.61,61.74,2013,8,36.87508996291587,0.8700000000000045,-0.8660254037844384,-0.5000000000000004
Lime,2013-09-01,201.59,243.13,259.55,49.75,2013,9,24.678791270007803,16.420000000000016,-1.0,-1.8369701987210297e-16
Lime,2013-10-01,144.91,201.3,205.8,58.64,2013,10,40.46646852082774,4.5,-0.8660254037844386,0.5000000000000001
Lime,2013-11-01,199.37,255.01,287.74,72.0,2013,11,36.113740224838125,32.73000000000002,-0.5000000000000004,0.8660254037844384
Lime,2013-12-01,220.9,288.74,290.02,68.48,2013,12,31.000438659828582,1.2799999999999727,-2.4492935982947064e-16,1.0
Lime,2014-01-01,186.95,245.35,248.62,60.04,2014,1,32.11552173547915,3.2700000000000102,0.49999999999999994,0.8660254037844387
Lime,2014-02-01,167.09,211.14,241.83,59.4,2014,2,35.549682476699694,30.690000000000026,0.8660254037844386,0.5000000000000001
Lime,2014-03-01,210.16,255.02,266.08,50.39,2014,3,23.976958518767358,11.059999999999974,1.0,6.123233995736766e-17
Lime,2014-04-01,181.09,246.83,257.03,70.84,2014,4,39.1186486726773,10.19999999999996,0.8660254037844387,-0.49999999999999983
Lime,2014-05-01,254.74,337.14,330.24,78.95,2014,5,30.99237222565273,-6.899999999999977,0.49999999999999994,-0.8660254037844387
Lime,2014-06-01,163.61,198.86,225.54,48.59,2014,6,29.69865552310035,26.67999999999998,1.2246467991473532e-16,-1.0
Lime,2014-07-01,184.07,229.63,232.95,47.22,2014,7,25.65327014001731,3.319999999999993,-0.4999999999999998,-0.8660254037844388
Lime,2014-08-01,177.59,223.44,237.54,52.9,2014,8,29.787696498847627,14.099999999999994,-0.8660254037844384,-0.5000000000000004
Lime,2014-09-01,203.31,268.97,289.41,75.88,2014,9,37.322297318234554,20.439999999999998,-1.0,-1.8369701987210297e-16
Lime,2014-10-01,183.04,238.58,239.77,56.14,2014,10,30.670874852013302,1.1899999999999977,-0.8660254037844386,0.5000000000000001
Lime,2014-11-01,231.77,323.39,304.06,81.95,2014,11,35.358314122486036,-19.329999999999984,-0.5000000000000004,0.8660254037844384
Lime,2014-12-01,205.17,281.2,275.48,73.17,2014,12,35.66309125939891,-5.71999999999997,-2.4492935982947064e-16,1.0
Lime,2015-01-01,234.62,296.11,339.44,83.16,2015,1,35.44453352462129,43.329999999999984,0.49999999999999994,0.8660254037844387
Lime,2015-02-01,183.6,224.4,253.14,55.17,2015,2,30.04900324128364,28.73999999999998,0.8660254037844386,0.5000000000000001
Lime,2015-03-01,159.66,217.47,206.64,52.4,2015,3,32.81972139563986,-10.830000000000013,1.0,6.123233995736766e-17
Lime,2015-04-01,217.93,281.02,288.05,66.6,2015,4,30.56025762388949,7.03000000000003,0.8660254037844387,-0.49999999999999983
Lime,2015-05-01,279.42,346.64,365.39,76.59,2015,5,27.410340201009163,18.75,0.49999999999999994,-0.8660254037844387
Lime,2015-06-01,223.98,285.22,306.87,72.07,2015,6,32.176965721508296,21.649999999999977,1.2246467991473532e-16,-1.0
Lime,2015-07-01,152.16,193.18,216.77,52.82,2015,7,34.713436702525826,23.590000000000003,-0.4999999999999998,-0.8660254037844388
Lime,2015-08-01,243.93,297.87,308.08,59.04,2015,8,24.20365506347925,10.20999999999998,-0.8660254037844384,-0.5000000000000004
Lime,2015-09-01,177.03,223.85,221.44,45.61,2015,9,25.76398024968635,-2.4099999999999966,-1.0,-1.8369701987210297e-16
Lime,2015-10-01,165.78,215.33,237.52,60.65,2015,10,36.58460816467115,22.189999999999998,-0.8660254037844386,0.5000000000000001
Lime,2015-11-01,225.12,270.68,300.83,60.63,2015,11,26.932290808328535,30.149999999999977,-0.5000000000000004,0.8660254037844384
Lime,2015-12-01,202.9,267.09,277.7,69.49,2015,12,34.24838134628814,10.610000000000014,-2.4492935982947064e-16,1.0
Lime,2016-01-01,189.26,249.69,240.95,56.06,2016,1,29.620612057163665,-8.740000000000009,0.49999999999999994,0.8660254037844387
Lime,2016-02-01,197.78,265.39,252.31,61.07,2016,2,30.87772733454984,-13.079999999999984,0.8660254037844386,0.5000000000000001
Lime,2016-03-01,231.62,286.6,332.01,77.68,2016,3,33.537676566066594,45.40999999999997,1.0,6.123233995736766e-17
Lime,2016-04-01,170.43,207.31,240.66,53.55,2016,4,31.420506119517615,33.349999999999994,0.8660254037844387,-0.49999999999999983
Lime,2016-05-01,215.96,285.05,304.58,78.85,2016,5,36.51137409178825,19.529999999999973,0.49999999999999994,-0.8660254037844387
Lime,2016-06-01,234.74,322.02,323.0,87.77,2016,6,37.39028823792781,0.9800000000000182,1.2246467991473532e-16,-1.0
Lime,2016-07-01,226.18,308.53,301.95,79.06,2016,7,34.954445594462115,-6.579999999999984,-0.4999999999999998,-0.8660254037844388
Lime,2016-08-01,268.8,340.04,337.04,69.74,2016,8,25.94493082405847,-3.0,-0.8660254037844384,-0.5000000000000004
Lime,2016-09-01,212.94,262.3,272.21,54.32,2016,9,25.509521222165294,9.909999999999968,-1.0,-1.8369701987210297e-16
Lime,2016-10-01,202.66,280.39,288.7,81.88,2016,10,40.40262488768139,8.310000000000002,-0.8660254037844386,0.5000000000000001
Lime,2016-11-01,234.71,283.72,310.22,62.26,2016,11,26.526340366264595,26.5,-0.5000000000000004,0.8660254037844384
Lime,2016-12-01,226.55,300.85,286.26,67.0,2016,12,29.574032410491096,-14.590000000000032,-2.4492935982947064e-16,1.0
Lime,2017-01-01,254.7,311.5,367.09,84.6,2017,1,33.21553466213794,55.589999999999975,0.49999999999999994,0.8660254037844387
Lime,2017-02-01,210.61,286.09,302.26,83.56,2017,2,39.67521025819749,16.170000000000016,0.8660254037844386,0.5000000000000001
Lime,2017-03-01,287.54,357.8,403.01,92.86,2017,3,32.29462603650761,45.20999999999998,1.0,6.123233995736766e-17
Lime,2017-04-01,204.0,258.52,291.19,70.85,2017,4,34.73037513216905,32.670000000000016,0.8660254037844387,-0.49999999999999983
Lime,2017-05-01,282.9,340.6,355.07,64.94,2017,5,22.955099697737825,14.46999999999997,0.49999999999999994,-0.8660254037844387
Lime,2017-06-01,228.66,277.7,289.02,54.7,2017,6,23.921969770852023,11.319999999999993,1.2246467991473532e-16,-1.0
Lime,2017-07-01,274.69,331.48,354.22,68.16,2017,7,24.813417010660377,22.74000000000001,-0.4999999999999998,-0.8660254037844388
Lime,2017-08-01,194.63,260.32,262.37,66.72,2017,8,34.28041191984179,2.0500000000000114,-0.8660254037844384,-0.5000000000000004
Lime,2017-09-01,234.7,290.83,327.73,74.58,2017,9,31.776722719760237,36.900000000000034,-1.0,-1.8369701987210297e-16
Lime,2017-10-01,251.49,323.17,333.12,76.66,2017,10,30.48231322028183,9.949999999999989,-0.8660254037844386,0.5000000000000001
Lime,2017-11-01,231.05,299.69,307.94,72.76,2017,11,31.4910056303806,8.25,-0.5000000000000004,0.8660254037844384
Lime,2017-12-01,218.93,278.27,301.62,71.01,2017,12,32.43501007855932,23.350000000000023,-2.4492935982947064e-16,1.0
Lime,2018-01-01,265.15,363.41,374.42,103.77,2018,1,39.13632316186191,11.009999999999991,0.49999999999999994,0.8660254037844387
Lime,2018-02-01,196.92,247.04,265.84,59.52,2018,2,30.225456923899596,18.799999999999983,0.8660254037844386,0.5000000000000001
Lime,2018-03-01,200.53,260.99,265.45,62.69,2018,3,31.262139698728518,4.4599999999999795,1.0,6.123233995736766e-17
Lime,2018-04-01,324.49,438.54,407.51,98.54,2018,4,30.367644498245095,-31.03000000000003,0.8660254037844387,-0.49999999999999983
Lime,2018-05-01,190.02,230.9,257.77,54.31,2018,5,28.58118693759239,26.869999999999976,0.49999999999999994,-0.8660254037844387
Lime,2018-06-01,284.64,382.22,411.27,112.11,2018,6,39.38657975457429,29.049999999999955,1.2246467991473532e-16,-1.0
Lime,2018-07-01,270.4,371.3,346.11,88.31,2018,7,32.659011590602226,-25.189999999999998,-0.4999999999999998,-0.8660254037844388
Lime,2018-08-01,222.63,306.29,284.16,72.6,2018,8,32.61014570806014,-22.129999999999995,-0.8660254037844384,-0.5000000000000004
Lime,2018-09-01,177.61,217.72,237.49,49.99,2018,9,28.14592188169479,19.77000000000001,-1.0,-1.8369701987210297e-16
Lime,2018-10-01,234.76,319.58,303.3,76.68,2018,10,32.66313142650732,-16.279999999999973,-0.8660254037844386,0.5000000000000001
Lime,2018-11-01,311.34,406.22,417.45,100.5,2018,11,32.27981233384328,11.229999999999961,-0.5000000000000004,0.8660254037844384
Lime,2018-12-01,284.03,391.0,408.92,115.93,2018,12,40.81609660384587,17.920000000000016,-2.4492935982947064e-16,1.0
Lime,2019-01-01,275.18,381.13,358.27,94.52,2019,1,34.348414002320666,-22.860000000000014,0.49999999999999994,0.8660254037844387
Lime,2019-02-01,243.53,329.26,306.15,74.17,2019,2,30.45619412138376,-23.110000000000014,0.8660254037844386,0.5000000000000001
Lime,2019-03-01,298.56,411.86,393.37,104.06,2019,3,34.85395402801647,-18.49000000000001,1.0,6.123233995736766e-17
Lime,2019-04-01,325.91,440.98,419.59,104.37,2019,4,32.02416862809714,-21.390000000000043,0.8660254037844387,-0.49999999999999983
Lime,2019-05-01,209.25,281.03,279.52,71.02,2019,5,33.94024662353805,-1.509999999999991,0.49999999999999994,-0.8660254037844387
Lime,2019-06-01,275.19,378.78,372.96,100.68,2019,6,36.585618450663745,-5.819999999999993,1.2246467991473532e-16,-1.0
Lime,2019-07-01,237.54,320.29,322.66,83.94,2019,7,35.337191488931765,2.3700000000000045,-0.4999999999999998,-0.8660254037844388
Lime,2019-08-01,251.55,311.35,314.76,61.5,2019,8,24.44841007815143,3.409999999999968,-0.8660254037844384,-0.5000000000000004
Lime,2019-09-01,314.22,377.45,423.62,86.31,2019,9,27.468007298069093,46.170000000000016,-1.0,-1.8369701987210297e-16
Lime,2019-10-01,312.52,392.38,422.49,94.92,2019,10,30.372446444244712,30.110000000000014,-0.8660254037844386,0.5000000000000001
Lime,2019-11-01,326.81,419.68,424.84,95.45,2019,11,29.2065636894331,5.159999999999968,-0.5000000000000004,0.8660254037844384
Lime,2019-12-01,239.42,330.74,319.98,85.94,2019,12,35.895064783616746,-10.759999999999991,-2.4492935982947064e-16,1.0
Lime,2020-01-01,257.63,320.75,322.54,64.02,2020,1,24.8495808525479,1.7900000000000205,0.49999999999999994,0.8660254037844387
Lime,2020-02-01,290.18,365.2,382.34,83.59,2020,2,28.806248257547644,17.139999999999986,0.8660254037844386,0.5000000000000001
Lime,2020-03-01,341.12,425.88,463.6,103.62,2020,3,30.376398224554933,37.72000000000003,1.0,6.123233995736766e-17
Lime,2020-04-01,380.72,468.01,499.64,103.1,2020,4,27.08026185116047,31.629999999999995,0.8660254037844387,-0.49999999999999983
Lime,2020-05-01,254.83,326.97,340.25,78.78,2020,5,30.91471533386362,13.279999999999973,0.49999999999999994,-0.8660254037844387
Lime,2020-06-01,360.66,439.62,467.87,93.08,2020,6,25.808233292232767,28.25,1.2246467991473532e-16,-1.0
Lime,2020-07-01,219.6,295.2,292.2,74.1,2020,7,33.74315403317211,-3.0,-0.4999999999999998,-0.8660254037844388
Lime,2020-08-01,301.46,373.17,387.8,79.03,2020,8,26.215741320327307,14.629999999999995,-0.8660254037844384,-0.5000000000000004
Lime,2020-09-01,323.49,411.9,405.34,85.13,2020,9,26.316106737114985,-6.560000000000002,-1.0,-1.8369701987210297e-16
Lime,2020-10-01,238.49,287.78,336.02,73.41,2020,10,30.781151922029466,48.24000000000001,-0.8660254037844386,0.5000000000000001
Lime,2020-11-01,326.48,413.74,432.41,96.6,2020,11,29.588327129279858,18.670000000000016,-0.5000000000000004,0.8660254037844384
Lime,2020-12-01,330.77,436.58,456.57,115.8,2020,12,35.00921032463334,19.99000000000001,-2.4492935982947064e-16,1.0
Lime,2021-01-01,346.44,447.62,486.47,120.61,2021,1,34.8140991761635,38.85000000000002,0.49999999999999994,0.8660254037844387
Lime,2021-02-01,352.13,485.72,449.47,115.47,2021,2,32.791857327732,-36.25,0.8660254037844386,0.5000000000000001
Lime,2021-03-01,246.87,336.05,309.09,75.7,2021,3,30.663899759428137,-26.960000000000036,1.0,6.123233995736766e-17
Lime,2021-04-01,321.15,431.83,455.65,122.59,2021,4,38.17218179287505,23.819999999999993,0.8660254037844387,-0.49999999999999983
Lime,2021-05-01,262.22,358.4,346.19,90.07,2021,5,34.34900680763984,-12.20999999999998,0.49999999999999994,-0.8660254037844387
Lime,2021-06-01,241.61,296.08,344.19,78.52,2021,6,32.49864140613327,48.110000000000014,1.2246467991473532e-16,-1.0
Lime,2021-07-01,227.7,280.06,299.65,62.16,2021,7,27.29906574481083,19.589999999999975,-0.4999999999999998,-0.8660254037844388
Lime,2021-08-01,249.2,331.92,334.03,83.78,2021,8,33.61956917352762,2.109999999999957,-0.8660254037844384,-0.5000000000000004
Lime,2021-09-01,220.25,282.42,277.01,59.46,2021,9,26.99658252141543,-5.410000000000025,-1.0,-1.8369701987210297e-16
Lime,2021-10-01,299.76,372.04,426.0,99.26,2021,10,33.11314614586799,53.95999999999998,-0.8660254037844386,0.5000000000000001
Lime,2021-11-01,279.05,354.27,360.31,78.24,2021,11,28.037975976356933,6.0400000000000205,-0.5000000000000004,0.8660254037844384
Lime,2021-12-01,265.89,351.49,332.42,76.07,2021,12,28.609564628393464,-19.069999999999993,-2.4492935982947064e-16,1.0
Lime,2022-01-01,381.04,490.63,519.87,124.21,2022,1,32.59761899075714,29.24000000000001,0.49999999999999994,0.8660254037844387
Lime,2022-02-01,251.63,324.71,348.8,85.12,2022,2,33.82743161489822,24.090000000000032,0.8660254037844386,0.5000000000000001
Lime,2022-03-01,426.01,548.4,542.46,119.42,2022,3,28.03219923659087,-5.939999999999941,1.0,6.123233995736766e-17
Lime,2022-04-01,445.27,622.14,616.38,173.99,2022,4,39.075159100060844,-5.759999999999991,0.8660254037844387,-0.49999999999999983
Lime,2022-05-01,243.75,333.36,329.31,87.58,2022,5,35.93024166964444,-4.050000000000011,0.49999999999999994,-0.8660254037844387
Lime,2022-06-01,247.55,340.65,331.82,88.68,2022,6,35.82305157622639,-8.829999999999984,1.2246467991473532e-16,-1.0
Lime,2022-07-01,361.46,493.83,477.51,124.21,2022,7,34.363405532173545,-16.319999999999993,-0.4999999999999998,-0.8660254037844388
Lime,2022-08-01,324.75,417.01,435.22,101.36,2022,8,31.21169169770849,18.210000000000036,-0.8660254037844384,-0.5000000000000004
Lime,2022-09-01,429.14,564.96,545.51,126.1,2022,9,29.384343248277194,-19.450000000000045,-1.0,-1.8369701987210297e-16
Lime,2022-10-01,375.37,478.1,538.83,133.1,2022,10,35.45833831730338,60.73000000000002,-0.8660254037844386,0.5000000000000001
Lime,2022-11-01,346.51,455.84,497.36,130.09,2022,11,37.54291721944036,41.52000000000004,-0.5000000000000004,0.8660254037844384
Lime,2022-12-01,373.96,470.47,524.87,123.71,2022,12,33.081069344028954,54.39999999999998,-2.4492935982947064e-16,1.0
Lime,2023-01-01,414.32,515.5,555.77,121.32,2023,1,29.28170754930789,40.26999999999998,0.49999999999999994,0.8660254037844387
Lime,2023-02-01,242.73,300.41,331.77,73.36,2023,2,30.222868939616472,31.359999999999957,0.8660254037844386,0.5000000000000001
Lime,2023-03-01,308.03,374.13,411.87,84.97,2023,3,27.58496653411469,37.74000000000001,1.0,6.123233995736766e-17
Lime,2023-04-01,305.61,408.76,439.84,118.69,2023,4,38.83706723043512,31.079999999999984,0.8660254037844387,-0.49999999999999983
Lime,2023-05-01,275.66,378.63,356.22,91.76,2023,5,33.28737093253612,-22.409999999999968,0.49999999999999994,-0.8660254037844387
Lime,2023-06-01,399.78,486.6,504.29,95.67,2023,6,23.930655878068972,17.689999999999998,1.2246467991473532e-16,-1.0
Lime,2023-07-01,250.5,320.98,337.4,78.69,2023,7,31.413161112510537,16.41999999999996,-0.4999999999999998,-0.8660254037844388
Lime,2023-08-01,434.89,581.9,543.86,127.99,2023,8,29.430423916295172,-38.039999999999964,-0.8660254037844384,-0.5000000000000004
Lime,2023-09-01,386.58,527.15,502.45,128.22,2023,9,33.16777040515019,-24.69999999999999,-1.0,-1.8369701987210297e-16
Lime,2023-10-01,340.2,409.19,467.67,98.23,2023,10,28.874183164555216,58.48000000000002,-0.8660254037844386,0.5000000000000001
Lime,2023-11-01,262.18,350.4,371.55,98.79,2023,11,37.68020532450785,21.150000000000034,-0.5000000000000004,0.8660254037844384
Lime,2023-12-01,399.92,542.59,526.42,134.58,2023,12,33.65172193145581,-16.170000000000073,-2.4492935982947064e-16,1.0
Lime,2024-01-01,548.05,725.14,703.6,166.32,2024,1,30.347590484884506,-21.539999999999964,0.49999999999999994,0.8660254037844387
Lime,2024-02-01,406.62,528.44,566.84,141.02,2024,2,34.681020441439074,38.39999999999998,0.8660254037844386,0.5000000000000001
Lime,2024-03-01,328.84,439.94,428.03,105.15,2024,3,31.976027254583617,-11.910000000000025,1.0,6.123233995736766e-17
Lime,2024-04-01,541.33,757.52,760.32,217.59,2024,4,40.1954371279188,2.800000000000068,0.8660254037844387,-0.49999999999999983
Lime,2024-05-01,441.21,537.64,562.36,108.79,2024,5,24.65718713148226,24.720000000000027,0.49999999999999994,-0.8660254037844387
Lime,2024-06-01,411.33,525.79,552.14,127.64,2024,6,31.03103808838692,26.350000000000023,1.2246467991473532e-16,-1.0
Lime,2024-07-01,358.08,440.26,507.61,115.86,2024,7,32.35588908738576,67.35000000000002,-0.4999999999999998,-0.8660254037844388
Lime,2024-08-01,279.04,339.84,349.29,65.52,2024,8,23.48049617241393,9.450000000000045,-0.8660254037844384,-0.5000000000000004
Lime,2024-09-01,412.25,555.41,539.74,135.32,2024,9,32.82473430570423,-15.669999999999959,-1.0,-1.8369701987210297e-16
Lime,2024-10-01,390.88,482.07,559.11,129.71,2024,10,33.184088931618675,77.04000000000002,-0.8660254037844386,0.5000000000000001
Lime,2024-11-01,482.17,591.79,617.25,122.35,2024,11,25.3748625225828,25.460000000000036,-0.5000000000000004,0.8660254037844384
Lime,2024-12-01,315.62,379.45,434.63,91.42,2024,12,28.965202152841346,55.18000000000001,-2.4492935982947064e-16,1.0
Lime,2025-01-01,458.22,638.01,649.95,185.76,2025,1,40.53947000578979,11.940000000000055,0.49999999999999994,0.8660254037844387
Lime,2025-02-01,483.9,634.81,628.7,147.86,2025,2,30.55589366482876,-6.1099999999999,0.8660254037844386,0.5000000000000001
Lime,2025-03-01,392.88,494.41,522.4,115.52,2025,3,29.403372682912675,27.989999999999952,1.0,6.123233995736766e-17
Lime,2025-04-01,495.29,679.7,641.53,165.32,2025,4,33.378418022084425,-38.17000000000007,0.8660254037844387,-0.49999999999999983
Lime,2025-05-01,534.86,655.38,722.97,154.32,2025,5,28.852404582058,67.59000000000003,0.49999999999999994,-0.8660254037844387
Lime,2025-06-01,318.27,418.14,444.57,113.08,2025,6,35.52957063827234,26.430000000000007,1.2246467991473532e-16,-1.0
Lime,2025-07-01,396.67,537.83,544.68,144.58,2025,7,36.44842401784254,6.849999999999909,-0.4999999999999998,-0.8660254037844388
Lime,2025-08-01,259.31,348.34,350.26,89.99,2025,8,34.70362319092084,1.920000000000016,-0.8660254037844384,-0.5000000000000004
Pumpkin,2000-01-01,32.76,42.45,45.75,11.34,2000,1,34.61527895213995,3.299999999999997,0.49999999999999994,0.8660254037844387
Pumpkin,2000-02-01,31.78,43.62,43.73,11.89,2000,2,37.413349863593886,0.10999999999999943,0.8660254037844386,0.5000000000000001
Pumpkin,2000-03-01,29.8,41.13,40.06,10.8,2000,3,36.241489122519724,-1.0700000000000003,1.0,6.123233995736766e-17
Pumpkin,2000-04-01,31.35,42.75,45.44,12.74,2000,4,40.63782890644687,2.6899999999999977,0.8660254037844387,-0.49999999999999983
Pumpkin,2000-05-01,32.36,41.2,46.75,11.62,2000,5,35.90841808276241,5.549999999999997,0.49999999999999994,-0.8660254037844387
Pumpkin,2000-06-01,32.51,39.93,44.63,9.77,2000,6,30.052199162721738,4.700000000000003,1.2246467991473532e-16,-1.0
Pumpkin,2000-07-01,30.37,36.94,38.54,7.37,2000,7,24.26728920879418,1.6000000000000014,-0.4999999999999998,-0.8660254037844388
Pumpkin,2000-08-01,29.56,35.52,39.39,7.9,2000,8,26.725214055432833,3.8699999999999974,-0.8660254037844384,-0.5000000000000004
Pumpkin,2000-09-01,25.81,33.33,34.98,8.34,2000,9,32.31293175927254,1.6499999999999986,-1.0,-1.8369701987210297e-16
Pumpkin,2000-10-01,30.51,37.43,44.19,10.3,2000,10,33.75931248996234,6.759999999999998,-0.8660254037844386,0.5000000000000001
Pumpkin,2000-11-01,30.94,39.65,39.06,8.41,2000,11,27.181554035054834,-0.5899999999999963,-0.5000000000000004,0.8660254037844384
Pumpkin,2000-12-01,27.62,37.09,36.52,9.19,2000,12,33.27287011994888,-0.5700000000000003,-2.4492935982947064e-16,1.0
Pumpkin,2001-01-01,30.4,40.24,38.97,9.21,2001,1,30.295952973838908,-1.2700000000000031,0.49999999999999994,0.8660254037844387
Pumpkin,2001-02-01,35.48,49.1,47.62,12.88,2001,2,36.302039734950014,-1.480000000000004,0.8660254037844386,0.5000000000000001
Pumpkin,2001-03-01,31.52,41.75,43.21,10.96,2001,3,34.7714632885048,1.4600000000000009,1.0,6.123233995736766e-17
Pumpkin,2001-04-01,32.9,40.44,46.83,10.74,2001,4,32.64427767696755,6.390000000000001,0.8660254037844387,-0.49999999999999983
Pumpkin,2001-05-01,36.46,50.76,46.94,12.39,2001,5,33.98235331225092,-3.8200000000000003,0.49999999999999994,-0.8660254037844387
Pumpkin,2001-06-01,32.13,41.61,46.07,11.71,2001,6,36.445575955256906,4.460000000000001,1.2246467991473532e-16,-1.0
Pumpkin,2001-07-01,30.53,37.36,41.4,8.85,2001,7,28.98778582448141,4.039999999999999,-0.4999999999999998,-0.8660254037844388
Pumpkin,2001-08-01,27.27,34.03,36.46,7.98,2001,8,29.262818984895546,2.4299999999999997,-0.8660254037844384,-0.5000000000000004
Pumpkin,2001-09-01,29.9,36.56,42.12,9.44,2001,9,31.571800763208152,5.559999999999995,-1.0,-1.8369701987210297e-16
Pumpkin,2001-10-01,28.45,35.37,36.57,7.52,2001,10,26.432244526381275,1.2000000000000028,-0.8660254037844386,0.5000000000000001
Pumpkin,2001-11-01,31.4,41.19,41.7,10.05,2001,11,32.00626749596339,0.5100000000000051,-0.5000000000000004,0.8660254037844384
Pumpkin,2001-12-01,33.52,46.02,46.37,12.67,2001,12,37.798216592432595,0.3499999999999943,-2.4492935982947064e-16,1.0
Pumpkin,2002-01-01,35.95,44.98,47.06,10.07,2002,1,28.011048647987067,2.0800000000000054,0.49999999999999994,0.8660254037844387
Pumpkin,2002-02-01,36.07,46.89,47.12,10.93,2002,2,30.302106176583926,0.22999999999999687,0.8660254037844386,0.5000000000000001
Pumpkin,2002-03-01,32.47,39.48,45.4,9.97,2002,3,30.705171835011285,5.920000000000002,1.0,6.123233995736766e-17
Pumpkin,2002-04-01,31.35,38.37,44.5,10.08,2002,4,32.1530074864195,6.130000000000003,0.8660254037844387,-0.49999999999999983
Pumpkin,2002-05-01,34.27,44.43,48.05,11.97,2002,5,34.9284069786782,3.6199999999999974,0.49999999999999994,-0.8660254037844387
Pumpkin,2002-06-01,34.07,47.26,46.25,12.68,2002,6,37.21738415795668,-1.009999999999998,1.2246467991473532e-16,-1.0
Pumpkin,2002-07-01,32.57,42.86,45.78,11.75,2002,7,36.07603292590443,2.9200000000000017,-0.4999999999999998,-0.8660254037844388
Pumpkin,2002-08-01,35.1,47.06,47.58,12.22,2002,8,34.8147156275908,0.519999999999996,-0.8660254037844384,-0.5000000000000004
Pumpkin,2002-09-01,33.94,45.06,43.52,10.35,2002,9,30.494901311428073,-1.5399999999999991,-1.0,-1.8369701987210297e-16
Pumpkin,2002-10-01,28.83,37.78,37.81,8.97,2002,10,31.113315597240387,0.030000000000001137,-0.8660254037844386,0.5000000000000001
Pumpkin,2002-11-01,34.65,47.49,46.07,12.13,2002,11,35.00711397658304,-1.4200000000000017,-0.5000000000000004,0.8660254037844384
Pumpkin,2002-12-01,33.09,43.21,44.41,10.72,2002,12,32.396396505299165,1.1999999999999957,-2.4492935982947064e-16,1.0
Pumpkin,2003-01-01,33.78,45.84,45.38,11.83,2003,1,35.020618648257404,-0.46000000000000085,0.49999999999999994,0.8660254037844387
Pumpkin,2003-02-01,39.01,46.91,53.7,11.3,2003,2,28.96685730105793,6.790000000000006,0.8660254037844386,0.5000000000000001
Pumpkin,2003-03-01,42.86,58.03,54.31,13.31,2003,3,31.054523904517257,-3.719999999999999,1.0,6.123233995736766e-17
Pumpkin,2003-04-01,39.28,52.2,53.65,13.64,2003,4,34.72496251282456,1.4499999999999957,0.8660254037844387,-0.49999999999999983
Pumpkin,2003-05-01,39.5,49.91,55.37,13.14,2003,5,33.26573856775046,5.460000000000001,0.49999999999999994,-0.8660254037844387
Pumpkin,2003-06-01,33.51,42.07,44.08,9.57,2003,6,28.558553988200575,2.009999999999998,1.2246467991473532e-16,-1.0
Pumpkin,2003-07-01,34.2,44.39,44.84,10.42,2003,7,30.467747170329908,0.45000000000000284,-0.4999999999999998,-0.8660254037844388
Pumpkin,2003-08-01,36.65,44.14,48.17,9.51,2003,8,25.948087454058786,4.030000000000001,-0.8660254037844384,-0.5000000000000004
Pumpkin,2003-09-01,31.42,42.81,45.5,12.74,2003,9,40.547292974879134,2.6899999999999977,-1.0,-1.8369701987210297e-16
Pumpkin,2003-10-01,32.99,39.84,47.64,10.75,2003,10,32.585533235728285,7.799999999999997,-0.8660254037844386,0.5000000000000001
Pumpkin,2003-11-01,35.65,45.71,45.96,10.19,2003,11,28.58337003262263,0.25,-0.5000000000000004,0.8660254037844384
Pumpkin,2003-12-01,35.98,45.67,51.16,12.44,2003,12,34.574667663514,5.489999999999995,-2.4492935982947064e-16,1.0
Pumpkin,2004-01-01,39.11,49.45,52.92,12.08,2004,1,30.88716213970304,3.469999999999999,0.49999999999999994,0.8660254037844387
Pumpkin,2004-02-01,43.83,57.33,58.58,14.12,2004,2,32.215304094674664,1.25,0.8660254037844386,0.5000000000000001
Pumpkin,2004-03-01,40.03,50.37,51.58,10.94,2004,3,27.32943460046315,1.2100000000000009,1.0,6.123233995736766e-17
Pumpkin,2004-04-01,45.57,59.43,58.06,13.18,2004,4,28.92247328840621,-1.3699999999999974,0.8660254037844387,-0.49999999999999983
Pumpkin,2004-05-01,40.41,55.53,53.69,14.2,2004,5,35.1397299190054,-1.8400000000000034,0.49999999999999994,-0.8660254037844387
Pumpkin,2004-06-01,39.55,50.16,54.67,12.87,2004,6,32.54100495321124,4.510000000000005,1.2246467991473532e-16,-1.0
Pumpkin,2004-07-01,37.7,46.66,49.56,10.41,2004,7,27.61265885236378,2.9000000000000057,-0.4999999999999998,-0.8660254037844388
Pumpkin,2004-08-01,32.18,39.94,44.47,10.02,2004,8,31.13725563313973,4.530000000000001,-0.8660254037844384,-0.5000000000000004
Pumpkin,2004-09-01,40.96,56.61,58.91,16.8,2004,9,41.01552486444125,2.299999999999997,-1.0,-1.8369701987210297e-16
Pumpkin,2004-10-01,37.18,45.62,52.73,11.99,2004,10,32.248433974088286,7.109999999999999,-0.8660254037844386,0.5000000000000001
Pumpkin,2004-11-01,36.01,49.16,46.47,11.8,2004,11,32.76858436938526,-2.6899999999999977,-0.5000000000000004,0.8660254037844384
Pumpkin,2004-12-01,39.19,48.73,53.32,11.84,2004,12,30.211711631253813,4.590000000000003,-2.4492935982947064e-16,1.0
Pumpkin,2005-01-01,45.31,56.27,63.9,14.77,2005,1,32.597588617107434,7.6299999999999955,0.49999999999999994,0.8660254037844387
Pumpkin,2005-02-01,43.25,56.43,54.86,12.4,2005,2,28.670453941146956,-1.5700000000000003,0.8660254037844386,0.5000000000000001
Pumpkin,2005-03-01,44.12,57.66,62.36,15.89,2005,3,36.015330880936354,4.700000000000003,1.0,6.123233995736766e-17
Pumpkin,2005-04-01,38.13,53.36,54.52,15.81,2005,4,41.4633058921954,1.1600000000000037,0.8660254037844387,-0.49999999999999983
Pumpkin,2005-05-01,38.42,53.41,49.4,12.98,2005,5,33.784399311818554,-4.009999999999998,0.49999999999999994,-0.8660254037844387
Pumpkin,2005-06-01,39.82,50.61,55.54,13.26,2005,6,33.29976569621874,4.93,1.2246467991473532e-16,-1.0
Pumpkin,2005-07-01,40.13,53.57,51.38,12.34,2005,7,30.74998567160311,-2.1899999999999977,-0.4999999999999998,-0.8660254037844388
Pumpkin,2005-08-01,41.95,54.07,56.49,13.33,2005,8,31.775847971756914,2.4200000000000017,-0.8660254037844384,-0.5000000000000004
Pumpkin,2005-09-01,38.44,48.61,53.37,12.55,2005,9,32.648198105624076,4.759999999999998,-1.0,-1.8369701987210297e-16
Pumpkin,2005-10-01,45.14,59.83,64.03,16.79,2005,10,37.1953097135363,4.200000000000003,-0.8660254037844386,0.5000000000000001
Pumpkin,2005-11-01,39.96,53.19,55.21,14.24,2005,11,35.635546457591445,2.020000000000003,-0.5000000000000004,0.8660254037844384
Pumpkin,2005-12-01,39.2,47.61,51.97,10.59,2005,12,27.015237206027532,4.359999999999999,-2.4492935982947064e-16,1.0
Pumpkin,2006-01-01,42.54,51.27,54.44,10.32,2006,1,24.25946342392237,3.1699999999999946,0.49999999999999994,0.8660254037844387
Pumpkin,2006-02-01,48.95,60.36,61.7,12.08,2006,2,24.67819269010686,1.3400000000000034,0.8660254037844386,0.5000000000000001
Pumpkin,2006-03-01,50.86,67.54,65.08,15.45,2006,3,30.377447154055925,-2.460000000000008,1.0,6.123233995736766e-17
Pumpkin,2006-04-01,41.79,55.18,56.56,14.08,2006,4,33.692190255586844,1.3800000000000026,0.8660254037844387,-0.49999999999999983
Pumpkin,2006-05-01,47.71,60.24,66.74,15.78,2006,5,33.07475775569533,6.499999999999993,0.49999999999999994,-0.8660254037844387
Pumpkin,2006-06-01,50.9,70.06,66.42,17.34,2006,6,34.06673071369211,-3.6400000000000006,1.2246467991473532e-16,-1.0
Pumpkin,2006-07-01,40.64,51.83,54.89,12.72,2006,7,31.299135582835667,3.0600000000000023,-0.4999999999999998,-0.8660254037844388
Pumpkin,2006-08-01,43.81,56.37,57.94,13.34,2006,8,30.449599521571507,1.5700000000000003,-0.8660254037844384,-0.5000000000000004
Pumpkin,2006-09-01,42.5,58.37,60.01,16.69,2006,9,39.27049583412745,1.6400000000000006,-1.0,-1.8369701987210297e-16
Pumpkin,2006-10-01,43.0,54.95,62.22,15.58,2006,10,36.23247387796773,7.269999999999996,-0.8660254037844386,0.5000000000000001
Pumpkin,2006-11-01,48.46,62.17,63.19,14.22,2006,11,29.343728139232066,1.019999999999996,-0.5000000000000004,0.8660254037844384
Pumpkin,2006-12-01,44.44,56.11,57.56,12.4,2006,12,27.902727491612307,1.4500000000000028,-2.4492935982947064e-16,1.0
Pumpkin,2007-01-01,46.88,58.41,64.09,14.37,2007,1,30.65266499004908,5.680000000000007,0.49999999999999994,0.8660254037844387
Pumpkin,2007-02-01,49.37,63.08,62.28,13.31,2007,2,26.959637513393737,-0.7999999999999972,0.8660254037844386,0.5000000000000001
Pumpkin,2007-03-01,47.24,65.5,66.26,18.64,2007,3,39.458002840806856,0.7600000000000051,1.0,6.123233995736766e-17
Pumpkin,2007-04-01,55.42,67.25,75.78,16.1,2007,4,29.050831737943454,8.530000000000001,0.8660254037844387,-0.49999999999999983
Pumpkin,2007-05-01,47.38,64.31,67.85,18.7,2007,5,39.4680467115941,3.539999999999992,0.49999999999999994,-0.8660254037844387
Pumpkin,2007-06-01,48.36,64.88,61.84,15.0,2007,6,31.017305588698118,-3.039999999999992,1.2246467991473532e-16,-1.0
Pumpkin,2007-07-01,41.73,51.89,52.58,10.51,2007,7,25.18565735524238,0.6899999999999977,-0.4999999999999998,-0.8660254037844388
Pumpkin,2007-08-01,40.55,56.27,58.6,16.89,2007,8,41.652178416329434,2.3299999999999983,-0.8660254037844384,-0.5000000000000004
Pumpkin,2007-09-01,40.15,52.26,50.94,11.45,2007,9,28.517986256572208,-1.3200000000000003,-1.0,-1.8369701987210297e-16
Pumpkin,2007-10-01,36.59,46.1,45.79,9.35,2007,10,25.553360061874653,-0.3100000000000023,-0.8660254037844386,0.5000000000000001
Pumpkin,2007-11-01,50.08,69.78,65.67,17.65,2007,11,35.243539849161635,-4.109999999999999,-0.5000000000000004,0.8660254037844384
Pumpkin,2007-12-01,48.83,66.13,68.55,18.51,2007,12,37.90694673981827,2.4200000000000017,-2.4492935982947064e-16,1.0
Pumpkin,2008-01-01,46.19,60.47,66.53,17.31,2008,1,37.47556294530646,6.060000000000002,0.49999999999999994,0.8660254037844387
Pumpkin,2008-02-01,48.31,60.79,65.46,14.81,2008,2,30.656115387879552,4.669999999999995,0.8660254037844386,0.5000000000000001
Pumpkin,2008-03-01,45.26,54.67,65.01,14.58,2008,3,32.21380421165662,10.340000000000003,1.0,6.123233995736766e-17
Pumpkin,2008-04-01,48.54,63.7,63.88,15.25,2008,4,31.417322996862385,0.17999999999999972,0.8660254037844387,-0.49999999999999983
Pumpkin,2008-05-01,58.32,70.73,73.88,13.98,2008,5,23.97115231283897,3.1499999999999915,0.49999999999999994,-0.8660254037844387
Pumpkin,2008-06-01,44.09,60.14,60.08,16.02,2008,6,36.334687378799316,-0.060000000000002274,1.2246467991473532e-16,-1.0
Pumpkin,2008-07-01,48.18,58.4,61.18,11.61,2008,7,24.097085726264574,2.780000000000001,-0.4999999999999998,-0.8660254037844388
Pumpkin,2008-08-01,46.85,60.32,60.7,13.66,2008,8,29.156821436880602,0.38000000000000256,-0.8660254037844384,-0.5000000000000004
Pumpkin,2008-09-01,45.2,56.47,58.41,12.24,2008,9,27.07958610711038,1.9399999999999977,-1.0,-1.8369701987210297e-16
Pumpkin,2008-10-01,44.76,59.12,60.22,14.91,2008,10,33.31091753593044,1.1000000000000014,-0.8660254037844386,0.5000000000000001
Pumpkin,2008-11-01,48.64,62.7,68.18,16.8,2008,11,34.53940267392542,5.480000000000004,-0.5000000000000004,0.8660254037844384
Pumpkin,2008-12-01,37.9,52.94,50.08,13.61,2008,12,35.91019548761085,-2.8599999999999994,-2.4492935982947064e-16,1.0
Pumpkin,2009-01-01,66.78,81.14,92.39,19.98,2009,1,29.919092663832487,11.25,0.49999999999999994,0.8660254037844387
Pumpkin,2009-02-01,67.36,86.44,87.24,19.48,2009,2,28.919196972688578,0.7999999999999972,0.8660254037844386,0.5000000000000001
Pumpkin,2009-03-01,53.0,65.4,71.06,15.23,2009,3,28.735794838122946,5.659999999999997,1.0,6.123233995736766e-17
Pumpkin,2009-04-01,61.48,83.21,79.97,20.11,2009,4,32.70977112919465,-3.239999999999995,0.8660254037844387,-0.49999999999999983
Pumpkin,2009-05-01,56.17,72.59,77.54,18.9,2009,5,33.64779482322445,4.950000000000003,0.49999999999999994,-0.8660254037844387
Pumpkin,2009-06-01,61.0,75.79,77.15,15.47,2009,6,25.360614162927604,1.3599999999999994,1.2246467991473532e-16,-1.0
Pumpkin,2009-07-01,49.58,62.06,62.14,12.52,2009,7,25.252066857469025,0.0799999999999983,-0.4999999999999998,-0.8660254037844388
Pumpkin,2009-08-01,50.97,69.56,70.81,19.22,2009,8,37.708381972960616,1.25,-0.8660254037844384,-0.5000000000000004
Pumpkin,2009-09-01,56.84,79.51,72.54,19.19,2009,9,33.76137621151265,-6.969999999999999,-1.0,-1.8369701987210297e-16
Pumpkin,2009-10-01,50.19,61.05,66.41,13.54,2009,10,26.977431804280123,5.359999999999999,-0.8660254037844386,0.5000000000000001
Pumpkin,2009-11-01,47.08,64.17,63.64,16.83,2009,11,35.74758762194642,-0.5300000000000011,-0.5000000000000004,0.8660254037844384
Pumpkin,2009-12-01,53.31,73.05,67.73,17.08,2009,12,32.03895697063032,-5.319999999999993,-2.4492935982947064e-16,1.0
Pumpkin,2010-01-01,58.85,77.83,81.23,20.68,2010,1,35.140127204541706,3.4000000000000057,0.49999999999999994,0.8660254037844387
Pumpkin,2010-02-01,52.1,71.72,70.46,18.99,2010,2,36.44906631657137,-1.2600000000000051,0.8660254037844386,0.5000000000000001
Pumpkin,2010-03-01,49.99,63.2,71.79,17.51,2010,3,35.02693533319597,8.590000000000003,1.0,6.123233995736766e-17
Pumpkin,2010-04-01,68.35,88.78,92.25,22.17,2010,4,32.43594376599303,3.469999999999999,0.8660254037844387,-0.49999999999999983
Pumpkin,2010-05-01,62.55,78.68,89.45,21.52,2010,5,34.4044214157931,10.769999999999996,0.49999999999999994,-0.8660254037844387
Pumpkin,2010-06-01,57.56,79.39,73.02,18.64,2010,6,32.383543461529776,-6.3700000000000045,1.2246467991473532e-16,-1.0
Pumpkin,2010-07-01,56.05,74.54,73.59,18.02,2010,7,32.1498088317416,-0.9500000000000028,-0.4999999999999998,-0.8660254037844388
Pumpkin,2010-08-01,53.24,68.07,71.31,16.45,2010,8,30.897763152210455,3.240000000000009,-0.8660254037844384,-0.5000000000000004
Pumpkin,2010-09-01,53.79,65.16,72.18,14.88,2010,9,27.663082983671718,7.02000000000001,-1.0,-1.8369701987210297e-16
Pumpkin,2010-10-01,55.23,75.18,70.05,17.39,2010,10,31.486453944497654,-5.13000000000001,-0.8660254037844386,0.5000000000000001
Pumpkin,2010-11-01,52.93,69.4,74.16,18.85,2010,11,35.613006587933896,4.759999999999991,-0.5000000000000004,0.8660254037844384
Pumpkin,2010-12-01,51.16,71.35,68.03,18.53,2010,12,36.219632096106146,-3.319999999999993,-2.4492935982947064e-16,1.0
Pumpkin,2011-01-01,64.64,86.88,81.33,19.46,2011,1,30.10515144623848,-5.549999999999997,0.49999999999999994,0.8660254037844387
Pumpkin,2011-02-01,75.29,92.34,107.76,24.76,2011,2,32.886129783331405,15.420000000000002,0.8660254037844386,0.5000000000000001
Pumpkin,2011-03-01,74.2,91.79,98.02,20.7,2011,3,27.897536526231093,6.22999999999999,1.0,6.123233995736766e-17
Pumpkin,2011-04-01,70.37,84.8,93.79,18.92,2011,4,26.88641908992598,8.990000000000009,0.8660254037844387,-0.49999999999999983
Pumpkin,2011-05-01,53.94,66.3,70.87,14.65,2011,5,27.159756841385168,4.570000000000007,0.49999999999999994,-0.8660254037844387
Pumpkin,2011-06-01,51.7,62.4,67.45,13.22,2011,6,25.57055015367475,5.050000000000004,1.2246467991473532e-16,-1.0
Pumpkin,2011-07-01,49.83,65.37,64.1,14.9,2011,7,29.901605656019154,-1.2700000000000102,-0.4999999999999998,-0.8660254037844388
Pumpkin,2011-08-01,55.07,66.6,79.68,18.07,2011,8,32.812724146133746,13.080000000000013,-0.8660254037844384,-0.5000000000000004
Pumpkin,2011-09-01,52.39,69.37,67.33,15.96,2011,9,30.463770826931043,-2.0400000000000063,-1.0,-1.8369701987210297e-16
Pumpkin,2011-10-01,46.68,64.96,64.62,18.11,2011,10,38.795975158579346,-0.3399999999999892,-0.8660254037844386,0.5000000000000001
Pumpkin,2011-11-01,62.36,78.88,82.55,18.35,2011,11,29.425866860380278,3.6700000000000017,-0.5000000000000004,0.8660254037844384
Pumpkin,2011-12-01,58.02,69.74,82.36,18.03,2011,12,31.075437650055754,12.620000000000005,-2.4492935982947064e-16,1.0
Pumpkin,2012-01-01,73.11,96.63,98.44,24.42,2012,1,33.40167774356758,1.8100000000000023,0.49999999999999994,0.8660254037844387
Pumpkin,2012-02-01,55.82,69.05,80.15,18.78,2012,2,33.64379497707815,11.100000000000009,0.8660254037844386,0.5000000000000001
Pumpkin,2012-03-01,63.59,79.73,86.97,19.76,2012,3,31.07401938352039,7.239999999999995,1.0,6.123233995736766e-17
Pumpkin,2012-04-01,76.1,93.74,103.1,22.32,2012,4,29.32979063102414,9.36,0.8660254037844387,-0.49999999999999983
Pumpkin,2012-05-01,62.09,86.91,83.71,23.22,2012,5,37.397266230848395,-3.200000000000003,0.49999999999999994,-0.8660254037844387
Pumpkin,2012-06-01,71.39,92.72,96.07,23.0,2012,6,32.21735226593043,3.3499999999999943,1.2246467991473532e-16,-1.0
Pumpkin,2012-07-01,68.08,85.31,91.7,20.43,2012,7,30.008769082301583,6.390000000000001,-0.4999999999999998,-0.8660254037844388
Pumpkin,2012-08-01,75.78,104.61,108.73,30.89,2012,8,40.76268043985162,4.1200000000000045,-0.8660254037844384,-0.5000000000000004
Pumpkin,2012-09-01,67.01,85.08,95.32,23.19,2012,9,34.60672346407482,10.239999999999995,-1.0,-1.8369701987210297e-16
Pumpkin,2012-10-01,50.3,65.37,66.94,15.86,2012,10,31.53075242395144,1.5699999999999932,-0.8660254037844386,0.5000000000000001
Pumpkin,2012-11-01,61.38,74.39,79.01,15.32,2012,11,24.959229457104172,4.6200000000000045,-0.5000000000000004,0.8660254037844384
Pumpkin,2012-12-01,54.75,66.76,73.49,15.38,2012,12,28.091272892652253,6.72999999999999,-2.4492935982947064e-16,1.0
Pumpkin,2013-01-01,56.77,69.08,81.85,18.69,2013,1,32.9222601334153,12.769999999999996,0.49999999999999994,0.8660254037844387
Pumpkin,2013-02-01,77.64,95.12,112.55,26.2,2013,2,33.74544855042691,17.429999999999993,0.8660254037844386,0.5000000000000001
Pumpkin,2013-03-01,63.53,76.74,89.79,19.74,2013,3,31.07188561012811,13.050000000000011,1.0,6.123233995736766e-17
Pumpkin,2013-04-01,58.22,79.5,81.18,22.12,2013,4,37.993751298950016,1.6800000000000068,0.8660254037844387,-0.49999999999999983
Pumpkin,2013-05-01,69.25,96.32,99.75,28.78,2013,5,41.559506773275416,3.430000000000007,0.49999999999999994,-0.8660254037844387
Pumpkin,2013-06-01,79.02,102.27,110.76,27.5,2013,6,34.801272081407134,8.490000000000009,1.2246467991473532e-16,-1.0
Pumpkin,2013-07-01,62.56,80.75,83.07,19.35,2013,7,30.930257464422212,2.319999999999993,-0.4999999999999998,-0.8660254037844388
Pumpkin,2013-08-01,71.94,91.42,93.56,20.55,2013,8,28.56543151872183,2.1400000000000006,-0.8660254037844384,-0.5000000000000004
Pumpkin,2013-09-01,62.44,75.1,85.48,17.85,2013,9,28.58739816239885,10.38000000000001,-1.0,-1.8369701987210297e-16
Pumpkin,2013-10-01,64.28,82.95,87.49,20.94,2013,10,32.57617831957324,4.539999999999992,-0.8660254037844386,0.5000000000000001
Pumpkin,2013-11-01,61.95,81.79,87.0,22.44,2013,11,36.222701819690364,5.209999999999994,-0.5000000000000004,0.8660254037844384
Pumpkin,2013-12-01,77.82,107.29,107.47,29.56,2013,12,37.98504499480212,0.1799999999999926,-2.4492935982947064e-16,1.0
Pumpkin,2014-01-01,74.23,102.03,107.08,30.32,2014,1,40.84596410351057,5.049999999999997,0.49999999999999994,0.8660254037844387
Pumpkin,2014-02-01,82.1,105.93,107.75,24.74,2014,2,30.133946243670835,1.8199999999999932,0.8660254037844386,0.5000000000000001
Pumpkin,2014-03-01,72.18,90.99,95.91,21.27,2014,3,29.467955849326888,4.920000000000002,1.0,6.123233995736766e-17
Pumpkin,2014-04-01,79.54,111.02,112.51,32.22,2014,4,40.507869615451824,1.490000000000009,0.8660254037844387,-0.49999999999999983
Pumpkin,2014-05-01,65.75,82.96,90.48,20.97,2014,5,31.893487614467503,7.52000000000001,0.49999999999999994,-0.8660254037844387
Pumpkin,2014-06-01,90.55,109.21,124.03,26.07,2014,6,28.790691561908822,14.820000000000007,1.2246467991473532e-16,-1.0
Pumpkin,2014-07-01,68.64,84.08,97.67,22.24,2014,7,32.40088519684557,13.590000000000003,-0.4999999999999998,-0.8660254037844388
Pumpkin,2014-08-01,69.99,85.33,94.78,20.07,2014,8,28.67548410418045,9.450000000000003,-0.8660254037844384,-0.5000000000000004
Pumpkin,2014-09-01,60.56,84.7,77.15,20.37,2014,9,33.636007866565606,-7.549999999999997,-1.0,-1.8369701987210297e-16
Pumpkin,2014-10-01,58.58,75.31,80.59,19.37,2014,10,33.06583635056956,5.280000000000001,-0.8660254037844386,0.5000000000000001
Pumpkin,2014-11-01,64.31,77.63,81.1,15.05,2014,11,23.402233863732132,3.469999999999999,-0.5000000000000004,0.8660254037844384
Pumpkin,2014-12-01,63.91,83.85,88.74,22.38,2014,12,35.01793926155647,4.890000000000001,-2.4492935982947064e-16,1.0
Pumpkin,2015-01-01,63.5,78.35,81.36,16.35,2015,1,25.74799094804575,3.010000000000005,0.49999999999999994,0.8660254037844387
Pumpkin,2015-02-01,89.9,119.05,120.91,30.08,2015,2,33.45936211416895,1.8599999999999994,0.8660254037844386,0.5000000000000001
Pumpkin,2015-03-01,75.6,99.78,97.23,22.91,2015,3,30.304192719321797,-2.549999999999997,1.0,6.123233995736766e-17
Pumpkin,2015-04-01,92.44,123.88,123.16,31.08,2015,4,33.62177236935053,-0.7199999999999989,0.8660254037844387,-0.49999999999999983
Pumpkin,2015-05-01,101.74,135.55,145.85,38.96,2015,5,38.29365215878499,10.299999999999983,0.49999999999999994,-0.8660254037844387
Pumpkin,2015-06-01,64.1,83.14,90.02,22.48,2015,6,35.07014809649283,6.8799999999999955,1.2246467991473532e-16,-1.0
Pumpkin,2015-07-01,82.34,100.97,110.85,23.57,2015,7,28.62517776879066,9.879999999999995,-0.4999999999999998,-0.8660254037844388
Pumpkin,2015-08-01,74.39,97.83,97.49,23.27,2015,8,31.2810441174296,-0.3400000000000034,-0.8660254037844384,-0.5000000000000004
Pumpkin,2015-09-01,72.36,88.08,93.95,18.66,2015,9,25.78769238848481,5.8700000000000045,-1.0,-1.8369701987210297e-16
Pumpkin,2015-10-01,63.13,81.81,86.48,21.02,2015,10,33.2963198220817,4.670000000000002,-0.8660254037844386,0.5000000000000001
Pumpkin,2015-11-01,80.31,109.77,103.39,26.27,2015,11,32.71070512924277,-6.3799999999999955,-0.5000000000000004,0.8660254037844384
Pumpkin,2015-12-01,69.38,94.89,88.72,22.43,2015,12,32.329154901765776,-6.170000000000002,-2.4492935982947064e-16,1.0
Pumpkin,2016-01-01,84.6,114.04,121.83,33.34,2016,1,39.408936868868956,7.789999999999992,0.49999999999999994,0.8660254037844387
Pumpkin,2016-02-01,62.74,77.43,85.96,18.95,2016,2,30.203968434860634,8.529999999999987,0.8660254037844386,0.5000000000000001
Pumpkin,2016-03-01,112.05,143.35,157.97,38.61,2016,3,34.45780057313648,14.620000000000005,1.0,6.123233995736766e-17
Pumpkin,2016-04-01,92.89,115.81,131.99,31.01,2016,4,33.38353602805896,16.180000000000007,0.8660254037844387,-0.49999999999999983
Pumpkin,2016-05-01,111.62,152.72,148.13,38.8,2016,5,34.760764414294556,-4.590000000000003,0.49999999999999994,-0.8660254037844387
Pumpkin,2016-06-01,72.78,90.78,92.53,18.88,2016,6,25.94115699208987,1.75,1.2246467991473532e-16,-1.0
Pumpkin,2016-07-01,61.68,83.05,78.53,19.11,2016,7,30.982440041439617,-4.519999999999996,-0.4999999999999998,-0.8660254037844388
Pumpkin,2016-08-01,73.16,99.59,95.05,24.16,2016,8,33.0234649761277,-4.540000000000006,-0.8660254037844384,-0.5000000000000004
Pumpkin,2016-09-01,74.48,97.0,98.87,23.46,2016,9,31.49834653820282,1.8700000000000045,-1.0,-1.8369701987210297e-16
Pumpkin,2016-10-01,86.98,110.2,111.95,24.1,2016,10,27.7074871148688,1.75,-0.8660254037844386,0.5000000000000001
Pumpkin,2016-11-01,80.26,111.4,115.89,33.38,2016,11,41.58978122379613,4.489999999999995,-0.5000000000000004,0.8660254037844384
Pumpkin,2016-12-01,68.78,88.53,96.24,23.6,2016,12,34.312250200275955,7.709999999999994,-2.4492935982947064e-16,1.0
Pumpkin,2017-01-01,121.26,158.55,161.64,38.83,2017,1,32.02207486221766,3.089999999999975,0.49999999999999994,0.8660254037844387
Pumpkin,2017-02-01,82.81,102.34,105.67,21.2,2017,2,25.600741938483345,3.3299999999999983,0.8660254037844386,0.5000000000000001
Pumpkin,2017-03-01,81.02,99.23,115.62,26.41,2017,3,32.59684942378496,16.39,1.0,6.123233995736766e-17
Pumpkin,2017-04-01,76.7,105.28,101.97,26.92,2017,4,35.09773781259737,-3.3100000000000023,0.8660254037844387,-0.49999999999999983
Pumpkin,2017-05-01,71.24,90.59,89.07,18.59,2017,5,26.094853881451595,-1.5200000000000102,0.49999999999999994,-0.8660254037844387
Pumpkin,2017-06-01,80.72,112.65,102.4,26.81,2017,6,33.21353665320038,-10.25,1.2246467991473532e-16,-1.0
Pumpkin,2017-07-01,100.88,130.36,133.87,31.24,2017,7,30.96745542480628,3.509999999999991,-0.4999999999999998,-0.8660254037844388
Pumpkin,2017-08-01,77.74,98.49,100.45,21.73,2017,8,27.952112230367597,1.960000000000008,-0.8660254037844384,-0.5000000000000004
Pumpkin,2017-09-01,81.81,113.47,103.56,26.7,2017,9,32.63655709991798,-9.909999999999997,-1.0,-1.8369701987210297e-16
Pumpkin,2017-10-01,95.77,123.46,138.12,35.02,2017,10,36.56673638223204,14.66000000000001,-0.8660254037844386,0.5000000000000001
Pumpkin,2017-11-01,76.17,101.63,100.78,25.03,2017,11,32.86066317360749,-0.8499999999999943,-0.5000000000000004,0.8660254037844384
Pumpkin,2017-12-01,80.68,102.37,106.99,24.0,2017,12,29.7471123610407,4.61999999999999,-2.4492935982947064e-16,1.0
Pumpkin,2018-01-01,91.84,115.8,125.98,29.05,2018,1,31.631063119487017,10.180000000000007,0.49999999999999994,0.8660254037844387
Pumpkin,2018-02-01,76.52,96.53,108.93,26.21,2018,2,34.25243824825112,12.400000000000006,0.8660254037844386,0.5000000000000001
Pumpkin,2018-03-01,131.81,164.21,178.34,39.47,2018,3,29.944594534106262,14.129999999999995,1.0,6.123233995736766e-17
Pumpkin,2018-04-01,117.77,159.69,152.44,38.3,2018,4,32.520987924778865,-7.25,0.8660254037844387,-0.49999999999999983
Pumpkin,2018-05-01,88.19,116.79,115.96,28.18,2018,5,31.9537000184828,-0.8300000000000125,0.49999999999999994,-0.8660254037844387
Pumpkin,2018-06-01,82.56,113.91,115.41,32.1,2018,6,38.880766859536266,1.5,1.2246467991473532e-16,-1.0
Pumpkin,2018-07-01,75.05,96.44,103.59,24.97,2018,7,33.271108233033665,7.150000000000006,-0.4999999999999998,-0.8660254037844388
Pumpkin,2018-08-01,74.28,91.59,93.23,18.13,2018,8,24.407613883126164,1.6400000000000006,-0.8660254037844384,-0.5000000000000004
Pumpkin,2018-09-01,76.86,106.08,100.64,26.5,2018,9,34.478227324710744,-5.439999999999998,-1.0,-1.8369701987210297e-16
Pumpkin,2018-10-01,115.51,143.88,164.51,38.68,2018,10,33.4862492543942,20.629999999999995,-0.8660254037844386,0.5000000000000001
Pumpkin,2018-11-01,77.78,108.52,108.52,30.74,2018,11,39.521677138496855,0.0,-0.5000000000000004,0.8660254037844384
Pumpkin,2018-12-01,101.17,129.23,142.9,34.89,2018,12,34.4864737704124,13.670000000000016,-2.4492935982947064e-16,1.0
Pumpkin,2019-01-01,80.88,101.23,103.73,21.6,2019,1,26.70619843447276,2.5,0.49999999999999994,0.8660254037844387
Pumpkin,2019-02-01,119.2,160.39,162.77,42.38,2019,2,35.553661448270596,2.380000000000024,0.8660254037844386,0.5000000000000001
Pumpkin,2019-03-01,112.46,145.35,151.72,36.08,2019,3,32.082489700791655,6.3700000000000045,1.0,6.123233995736766e-17
Pumpkin,2019-04-01,105.08,137.17,142.37,34.69,2019,4,33.01291110305376,5.200000000000017,0.8660254037844387,-0.49999999999999983
Pumpkin,2019-05-01,135.26,189.17,190.32,54.48,2019,5,40.27795336540487,1.1500000000000057,0.49999999999999994,-0.8660254037844387
Pumpkin,2019-06-01,78.34,100.37,108.63,26.16,2019,6,33.392860106126996,8.259999999999991,1.2246467991473532e-16,-1.0
Pumpkin,2019-07-01,101.61,134.19,133.8,32.39,2019,7,31.87675240945536,-0.38999999999998636,-0.4999999999999998,-0.8660254037844388
Pumpkin,2019-08-01,77.33,101.72,101.4,24.23,2019,8,31.3332066038968,-0.3199999999999932,-0.8660254037844384,-0.5000000000000004
Pumpkin,2019-09-01,117.31,160.29,165.68,45.68,2019,9,38.939528650985714,5.390000000000015,-1.0,-1.8369701987210297e-16
Pumpkin,2019-10-01,122.42,164.47,154.86,37.25,2019,10,30.42800977943981,-9.609999999999985,-0.8660254037844386,0.5000000000000001
Pumpkin,2019-11-01,123.97,153.21,166.24,35.76,2019,11,28.845665204755015,13.030000000000001,-0.5000000000000004,0.8660254037844384
Pumpkin,2019-12-01,97.08,117.85,128.9,26.3,2019,12,27.091031014595163,11.050000000000011,-2.4492935982947064e-16,1.0
Pumpkin,2020-01-01,106.8,140.47,146.5,36.68,2020,1,34.344537130583205,6.030000000000001,0.49999999999999994,0.8660254037844387
Pumpkin,2020-02-01,124.23,172.49,157.38,40.7,2020,2,32.76178639476262,-15.110000000000014,0.8660254037844386,0.5000000000000001
Pumpkin,2020-03-01,121.96,150.49,169.97,38.27,2020,3,31.37911497284768,19.47999999999999,1.0,6.123233995736766e-17
Pumpkin,2020-04-01,122.21,162.74,166.18,42.25,2020,4,34.57161069338786,3.4399999999999977,0.8660254037844387,-0.49999999999999983
Pumpkin,2020-05-01,91.36,110.68,128.59,28.28,2020,5,30.95443196756571,17.909999999999997,0.49999999999999994,-0.8660254037844387
Pumpkin,2020-06-01,110.46,151.51,143.61,37.1,2020,6,33.58678835163104,-7.899999999999977,1.2246467991473532e-16,-1.0
Pumpkin,2020-07-01,85.66,105.49,108.77,21.47,2020,7,25.064178071237365,3.280000000000001,-0.4999999999999998,-0.8660254037844388
Pumpkin,2020-08-01,112.17,145.4,159.52,40.29,2020,8,35.91866281656163,14.120000000000005,-0.8660254037844384,-0.5000000000000004
Pumpkin,2020-09-01,91.71,111.04,117.53,22.58,2020,9,24.621061366196308,6.489999999999995,-1.0,-1.8369701987210297e-16
Pumpkin,2020-10-01,108.54,151.17,144.72,39.4,2020,10,36.29994812976955,-6.449999999999989,-0.8660254037844386,0.5000000000000001
Pumpkin,2020-11-01,100.95,122.11,142.2,31.2,2020,11,30.90635868612314,20.08999999999999,-0.5000000000000004,0.8660254037844384
Pumpkin,2020-12-01,97.59,129.79,133.24,33.92,2020,12,34.757623980301275,3.450000000000017,-2.4492935982947064e-16,1.0
Pumpkin,2021-01-01,98.46,119.79,129.57,26.22,2021,1,26.63007654877458,9.779999999999987,0.49999999999999994,0.8660254037844387
Pumpkin,2021-02-01,106.76,130.55,151.7,34.36,2021,2,32.184308557223154,21.149999999999977,0.8660254037844386,0.5000000000000001
Pumpkin,2021-03-01,146.75,195.18,202.49,52.09,2021,3,35.49571686833603,7.310000000000002,1.0,6.123233995736766e-17
Pumpkin,2021-04-01,120.46,162.2,157.94,39.61,2021,4,32.88225727855116,-4.259999999999991,0.8660254037844387,-0.49999999999999983
Pumpkin,2021-05-01,110.28,152.14,143.83,37.7,2021,5,34.185678105115976,-8.309999999999974,0.49999999999999994,-0.8660254037844387
Pumpkin,2021-06-01,124.15,152.65,162.86,33.61,2021,6,27.07206840751638,10.210000000000008,1.2246467991473532e-16,-1.0
Pumpkin,2021-07-01,89.21,111.65,124.75,28.99,2021,7,32.4963204838914,13.099999999999994,-0.4999999999999998,-0.8660254037844388
Pumpkin,2021-08-01,151.93,206.08,200.83,51.53,2021,8,33.91691310675106,-5.25,-0.8660254037844384,-0.5000000000000004
Pumpkin,2021-09-01,106.29,131.46,138.83,28.86,2021,9,27.152105417155497,7.3700000000000045,-1.0,-1.8369701987210297e-16
Pumpkin,2021-10-01,87.79,105.9,125.45,27.88,2021,10,31.75756719721244,19.549999999999997,-0.8660254037844386,0.5000000000000001
Pumpkin,2021-11-01,125.61,169.57,177.97,48.16,2021,11,38.34086590170694,8.400000000000006,-0.5000000000000004,0.8660254037844384
Pumpkin,2021-12-01,84.24,113.45,113.04,29.01,2021,12,34.43728105735867,-0.4099999999999966,-2.4492935982947064e-16,1.0
Pumpkin,2022-01-01,105.54,129.73,150.21,34.43,2022,1,32.62267138272561,20.480000000000018,0.49999999999999994,0.8660254037844387
Pumpkin,2022-02-01,128.1,162.1,170.34,38.12,2022,2,29.757978331008328,8.240000000000009,0.8660254037844386,0.5000000000000001
Pumpkin,2022-03-01,97.82,127.65,133.59,32.8,2022,3,33.53094098247701,5.939999999999998,1.0,6.123233995736766e-17
Pumpkin,2022-04-01,118.8,164.95,157.15,42.25,2022,4,35.563943127994,-7.799999999999983,0.8660254037844387,-0.49999999999999983
Pumpkin,2022-05-01,107.31,128.88,154.38,34.32,2022,5,31.98207810821162,25.5,0.49999999999999994,-0.8660254037844387
Pumpkin,2022-06-01,118.08,153.02,148.65,32.76,2022,6,27.74387894319195,-4.3700000000000045,1.2246467991473532e-16,-1.0
Pumpkin,2022-07-01,117.08,154.42,156.48,38.37,2022,7,32.77243528148677,2.0600000000000023,-0.4999999999999998,-0.8660254037844388
Pumpkin,2022-08-01,133.11,164.15,167.61,32.77,2022,8,24.618717888424694,3.460000000000008,-0.8660254037844384,-0.5000000000000004
Pumpkin,2022-09-01,153.63,185.47,209.17,43.69,2022,9,28.43843751973083,23.69999999999999,-1.0,-1.8369701987210297e-16
Pumpkin,2022-10-01,128.58,161.2,177.25,40.64,2022,10,31.6067571887096,16.05000000000001,-0.8660254037844386,0.5000000000000001
Pumpkin,2022-11-01,151.43,193.29,211.22,50.82,2022,11,33.560038592063265,17.930000000000007,-0.5000000000000004,0.8660254037844384
Pumpkin,2022-12-01,99.69,123.96,135.45,30.01,2022,12,30.10329009600753,11.489999999999995,-2.4492935982947064e-16,1.0
Pumpkin,2023-01-01,157.66,196.25,224.21,52.57,2023,1,33.343883455611156,27.960000000000008,0.49999999999999994,0.8660254037844387
Pumpkin,2023-02-01,167.18,228.02,232.85,63.26,2023,2,37.83943184625442,4.829999999999984,0.8660254037844386,0.5000000000000001
Pumpkin,2023-03-01,124.15,171.61,164.97,44.14,2023,3,35.55373696839551,-6.640000000000015,1.0,6.123233995736766e-17
Pumpkin,2023-04-01,128.11,163.42,173.11,40.15,2023,4,31.340230005284514,9.690000000000026,0.8660254037844387,-0.49999999999999983
Pumpkin,2023-05-01,161.12,200.47,219.66,48.94,2023,5,30.374857016598174,19.189999999999998,0.49999999999999994,-0.8660254037844387
Pumpkin,2023-06-01,151.79,186.91,192.97,38.15,2023,6,25.133391439889692,6.060000000000002,1.2246467991473532e-16,-1.0
Pumpkin,2023-07-01,104.07,140.27,141.52,36.83,2023,7,35.38960758181264,1.25,-0.4999999999999998,-0.8660254037844388
Pumpkin,2023-08-01,122.14,156.94,153.67,33.16,2023,8,27.14915085217713,-3.2700000000000102,-0.8660254037844384,-0.5000000000000004
Pumpkin,2023-09-01,146.75,196.38,204.24,53.56,2023,9,36.497419763257405,7.860000000000014,-1.0,-1.8369701987210297e-16
Pumpkin,2023-10-01,141.11,184.47,191.32,46.78,2023,10,33.15141864402335,6.849999999999994,-0.8660254037844386,0.5000000000000001
Pumpkin,2023-11-01,113.89,155.46,145.73,36.7,2023,11,32.22404756866488,-9.730000000000018,-0.5000000000000004,0.8660254037844384
Pumpkin,2023-12-01,174.7,229.7,234.74,57.52,2023,12,32.924995463654575,5.0400000000000205,-2.4492935982947064e-16,1.0
Pumpkin,2024-01-01,132.55,162.64,179.61,38.57,2024,1,29.09843146100983,16.970000000000027,0.49999999999999994,0.8660254037844387
Pumpkin,2024-02-01,167.12,200.76,228.0,47.26,2024,2,28.27906397853998,27.24000000000001,0.8660254037844386,0.5000000000000001
Pumpkin,2024-03-01,140.86,196.54,180.05,47.43,2024,3,33.67170689215753,-16.48999999999998,1.0,6.123233995736766e-17
Pumpkin,2024-04-01,150.0,204.79,199.15,51.97,2024,4,34.64664356890428,-5.639999999999986,0.8660254037844387,-0.49999999999999983
Pumpkin,2024-05-01,135.1,168.04,192.3,45.07,2024,5,33.36044903001552,24.26000000000002,0.49999999999999994,-0.8660254037844387
Pumpkin,2024-06-01,107.25,130.56,143.09,29.58,2024,6,27.580393864434622,12.530000000000001,1.2246467991473532e-16,-1.0
Pumpkin,2024-07-01,116.93,155.42,150.02,35.79,2024,7,30.60802992557091,-5.399999999999977,-0.4999999999999998,-0.8660254037844388
Pumpkin,2024-08-01,101.42,130.13,141.27,34.28,2024,8,33.80000611318664,11.140000000000015,-0.8660254037844384,-0.5000000000000004
Pumpkin,2024-09-01,89.14,120.8,112.58,27.55,2024,9,30.906404637194708,-8.219999999999999,-1.0,-1.8369701987210297e-16
Pumpkin,2024-10-01,137.02,180.42,175.41,40.89,2024,10,29.842337000191936,-5.009999999999991,-0.8660254037844386,0.5000000000000001
Pumpkin,2024-11-01,126.39,154.24,178.43,39.95,2024,11,31.60848832305695,24.189999999999998,-0.5000000000000004,0.8660254037844384
Pumpkin,2024-12-01,132.15,183.73,175.91,47.67,2024,12,36.07261742518545,-7.819999999999993,-2.4492935982947064e-16,1.0
Pumpkin,2025-01-01,179.7,251.33,234.5,63.22,2025,1,35.18083740632309,-16.830000000000013,0.49999999999999994,0.8660254037844387
Pumpkin,2025-02-01,118.12,159.62,159.46,41.42,2025,2,35.06600485438126,-0.1599999999999966,0.8660254037844386,0.5000000000000001
Pumpkin,2025-03-01,210.56,278.44,293.19,75.26,2025,3,35.74276417991823,14.75,1.0,6.123233995736766e-17
Pumpkin,2025-04-01,119.29,146.51,163.46,35.69,2025,4,29.91866047559688,16.950000000000017,0.8660254037844387,-0.49999999999999983
Pumpkin,2025-05-01,139.58,181.58,188.58,45.5,2025,5,32.59777002595642,7.0,0.49999999999999994,-0.8660254037844387
Pumpkin,2025-06-01,201.37,242.06,273.64,56.48,2025,6,28.047858147758774,31.579999999999984,1.2246467991473532e-16,-1.0
Pumpkin,2025-07-01,187.22,236.14,266.44,64.07,2025,7,34.22175289939488,30.30000000000001,-0.4999999999999998,-0.8660254037844388
Pumpkin,2025-08-01,102.87,133.49,129.8,28.78,2025,8,27.97703122676074,-3.6899999999999977,-0.8660254037844384,-0.5000000000000004
Snake Gourd,2000-01-01,36.64,48.02,50.61,12.68,2000,1,34.606892448437634,2.5899999999999963,0.49999999999999994,0.8660254037844387
Snake Gourd,2000-02-01,34.68,45.91,49.21,12.88,2000,2,37.13945461518277,3.3000000000000043,0.8660254037844386,0.5000000000000001
Snake Gourd,2000-03-01,33.92,41.43,46.73,10.16,2000,3,29.952741884605288,5.299999999999997,1.0,6.123233995736766e-17
Snake Gourd,2000-04-01,37.11,46.12,50.45,11.18,2000,4,30.126569316708924,4.330000000000005,0.8660254037844387,-0.49999999999999983
Snake Gourd,2000-05-01,33.5,46.59,48.34,13.97,2000,5,41.70136805561774,1.75,0.49999999999999994,-0.8660254037844387
Snake Gourd,2000-06-01,37.24,51.08,49.6,13.1,2000,6,35.17713432563285,-1.4799999999999969,1.2246467991473532e-16,-1.0
Snake Gourd,2000-07-01,36.32,48.47,50.93,13.38,2000,7,36.83910561920259,2.460000000000001,-0.4999999999999998,-0.8660254037844388
Snake Gourd,2000-08-01,33.16,40.86,44.91,9.73,2000,8,29.34249293578729,4.049999999999997,-0.8660254037844384,-0.5000000000000004
Snake Gourd,2000-09-01,32.27,45.02,44.32,12.4,2000,9,38.425663384991054,-0.7000000000000028,-1.0,-1.8369701987210297e-16
Snake Gourd,2000-10-01,33.28,42.02,44.86,10.16,2000,10,30.528754420810028,2.8399999999999963,-0.8660254037844386,0.5000000000000001
Snake Gourd,2000-11-01,36.18,46.52,45.65,9.91,2000,11,27.39074795260378,-0.8700000000000045,-0.5000000000000004,0.8660254037844384
Snake Gourd,2000-12-01,35.7,47.0,51.14,13.37,2000,12,37.45087548774372,4.140000000000001,-2.4492935982947064e-16,1.0
Snake Gourd,2001-01-01,41.11,50.57,58.56,13.46,2001,1,32.74134580066699,7.990000000000002,0.49999999999999994,0.8660254037844387
Snake Gourd,2001-02-01,37.42,45.45,50.24,10.42,2001,2,27.84599720471083,4.789999999999999,0.8660254037844386,0.5000000000000001
Snake Gourd,2001-03-01,36.93,48.33,52.87,13.67,2001,3,37.01587593859751,4.539999999999999,1.0,6.123233995736766e-17
Snake Gourd,2001-04-01,37.77,51.24,48.34,12.02,2001,4,31.824114842163503,-2.8999999999999986,0.8660254037844387,-0.49999999999999983
Snake Gourd,2001-05-01,37.59,46.36,52.72,11.95,2001,5,31.790285208073392,6.359999999999999,0.49999999999999994,-0.8660254037844387
Snake Gourd,2001-06-01,37.89,52.0,51.14,13.68,2001,6,36.10441777667517,-0.8599999999999994,1.2246467991473532e-16,-1.0
Snake Gourd,2001-07-01,37.28,49.45,53.5,14.2,2001,7,38.09002658254671,4.049999999999997,-0.4999999999999998,-0.8660254037844388
Snake Gourd,2001-08-01,39.77,53.98,51.85,13.14,2001,8,33.03989680689764,-2.1299999999999955,-0.8660254037844384,-0.5000000000000004
Snake Gourd,2001-09-01,38.64,53.54,48.66,12.46,2001,9,32.24629335845404,-4.880000000000003,-1.0,-1.8369701987210297e-16
Snake Gourd,2001-10-01,36.29,50.73,49.29,13.72,2001,10,37.80645410180738,-1.4399999999999977,-0.8660254037844386,0.5000000000000001
Snake Gourd,2001-11-01,35.99,47.96,50.18,13.08,2001,11,36.343327748464155,2.219999999999999,-0.5000000000000004,0.8660254037844384
Snake Gourd,2001-12-01,39.21,48.06,53.7,11.67,2001,12,29.762739702270586,5.640000000000001,-2.4492935982947064e-16,1.0
Snake Gourd,2002-01-01,40.73,53.29,52.18,12.01,2002,1,29.486792323122213,-1.1099999999999994,0.49999999999999994,0.8660254037844387
Snake Gourd,2002-02-01,41.88,54.04,55.98,13.13,2002,2,31.35140556015864,1.9399999999999977,0.8660254037844386,0.5000000000000001
Snake Gourd,2002-03-01,43.3,57.44,60.51,15.68,2002,3,36.212387500259815,3.0700000000000003,1.0,6.123233995736766e-17
Snake Gourd,2002-04-01,40.39,53.17,53.97,13.18,2002,4,32.6317587725705,0.7999999999999972,0.8660254037844387,-0.49999999999999983
Snake Gourd,2002-05-01,38.71,50.36,50.73,11.83,2002,5,30.560499714544783,0.36999999999999744,0.49999999999999994,-0.8660254037844387
Snake Gourd,2002-06-01,42.63,58.63,59.65,16.51,2002,6,38.72850403822651,1.019999999999996,1.2246467991473532e-16,-1.0
Snake Gourd,2002-07-01,38.83,49.17,52.25,11.88,2002,7,30.594822058145617,3.0799999999999983,-0.4999999999999998,-0.8660254037844388
Snake Gourd,2002-08-01,41.56,55.91,53.06,12.92,2002,8,31.08750941407744,-2.8499999999999943,-0.8660254037844384,-0.5000000000000004
Snake Gourd,2002-09-01,42.68,55.17,57.84,13.83,2002,9,32.40386034709385,2.6700000000000017,-1.0,-1.8369701987210297e-16
Snake Gourd,2002-10-01,40.03,55.13,52.87,13.97,2002,10,34.8987386991289,-2.260000000000005,-0.8660254037844386,0.5000000000000001
Snake Gourd,2002-11-01,35.96,46.4,49.15,11.81,2002,11,32.84195538944552,2.75,-0.5000000000000004,0.8660254037844384
Snake Gourd,2002-12-01,41.68,50.83,60.21,13.84,2002,12,33.20529461301676,9.380000000000003,-2.4492935982947064e-16,1.0
Snake Gourd,2003-01-01,46.54,60.18,61.31,14.21,2003,1,30.53280934076205,1.1300000000000026,0.49999999999999994,0.8660254037844387
Snake Gourd,2003-02-01,49.83,61.48,65.99,13.9,2003,2,27.894786484474242,4.509999999999998,0.8660254037844386,0.5000000000000001
Snake Gourd,2003-03-01,45.85,58.26,66.4,16.48,2003,3,35.943214954820164,8.140000000000008,1.0,6.123233995736766e-17
Snake Gourd,2003-04-01,44.85,54.99,56.33,10.81,2003,4,24.102510362295735,1.3399999999999963,0.8660254037844387,-0.49999999999999983
Snake Gourd,2003-05-01,48.64,63.74,65.23,15.85,2003,5,32.58628168938797,1.490000000000002,0.49999999999999994,-0.8660254037844387
Snake Gourd,2003-06-01,45.62,58.79,60.86,14.21,2003,6,31.148550748463943,2.0700000000000003,1.2246467991473532e-16,-1.0
Snake Gourd,2003-07-01,39.75,50.62,53.03,12.08,2003,7,30.389860654438607,2.4100000000000037,-0.4999999999999998,-0.8660254037844388
Snake Gourd,2003-08-01,38.07,50.39,51.5,12.88,2003,8,33.83232510552901,1.1099999999999994,-0.8660254037844384,-0.5000000000000004
Snake Gourd,2003-09-01,41.67,50.57,57.62,12.42,2003,9,29.805544023172487,7.049999999999997,-1.0,-1.8369701987210297e-16
Snake Gourd,2003-10-01,40.38,53.32,56.69,14.62,2003,10,36.205952932261184,3.3699999999999974,-0.8660254037844386,0.5000000000000001
Snake Gourd,2003-11-01,37.73,47.39,52.78,12.36,2003,11,32.758990832253296,5.390000000000001,-0.5000000000000004,0.8660254037844384
Snake Gourd,2003-12-01,37.8,50.01,54.67,14.54,2003,12,38.465506705008714,4.660000000000004,-2.4492935982947064e-16,1.0
Snake Gourd,2004-01-01,50.7,61.62,73.21,16.71,2004,1,32.95851487472411,11.589999999999996,0.49999999999999994,0.8660254037844387
Snake Gourd,2004-02-01,45.11,60.28,60.68,15.37,2004,2,34.07219225849643,0.3999999999999986,0.8660254037844386,0.5000000000000001
Snake Gourd,2004-03-01,52.88,64.06,76.26,17.28,2004,3,32.677699172278416,12.200000000000003,1.0,6.123233995736766e-17
Snake Gourd,2004-04-01,41.03,51.0,55.91,12.42,2004,4,30.270459979380988,4.909999999999997,0.8660254037844387,-0.49999999999999983
Snake Gourd,2004-05-01,46.79,58.15,63.16,13.86,2004,5,29.621650733809073,5.009999999999998,0.49999999999999994,-0.8660254037844387
Snake Gourd,2004-06-01,54.48,74.31,69.95,17.65,2004,6,32.39715051918039,-4.359999999999999,1.2246467991473532e-16,-1.0
Snake Gourd,2004-07-01,47.31,61.59,64.93,15.95,2004,7,33.71373131741425,3.3400000000000034,-0.4999999999999998,-0.8660254037844388
Snake Gourd,2004-08-01,50.56,64.95,64.5,14.16,2004,8,28.006273721768743,-0.45000000000000284,-0.8660254037844384,-0.5000000000000004
Snake Gourd,2004-09-01,46.49,64.17,61.07,16.13,2004,9,34.69555883940881,-3.1000000000000014,-1.0,-1.8369701987210297e-16
Snake Gourd,2004-10-01,38.48,48.69,55.78,13.76,2004,10,35.7587428307099,7.090000000000003,-0.8660254037844386,0.5000000000000001
Snake Gourd,2004-11-01,38.17,48.82,49.0,10.74,2004,11,28.137206871346944,0.17999999999999972,-0.5000000000000004,0.8660254037844384
Snake Gourd,2004-12-01,45.42,59.34,65.43,16.97,2004,12,37.36231316091334,6.090000000000003,-2.4492935982947064e-16,1.0
Snake Gourd,2005-01-01,47.29,61.68,65.66,16.38,2005,1,34.637270802979906,3.979999999999997,0.49999999999999994,0.8660254037844387
Snake Gourd,2005-02-01,52.25,71.89,65.76,16.58,2005,2,31.7319966851738,-6.1299999999999955,0.8660254037844386,0.5000000000000001
Snake Gourd,2005-03-01,57.02,71.19,75.48,16.31,2005,3,28.60394843221951,4.290000000000006,1.0,6.123233995736766e-17
Snake Gourd,2005-04-01,49.72,69.47,64.62,17.33,2005,4,34.85511895591521,-4.849999999999994,0.8660254037844387,-0.49999999999999983
Snake Gourd,2005-05-01,49.63,68.72,62.77,16.11,2005,5,32.46014011658247,-5.949999999999996,0.49999999999999994,-0.8660254037844387
Snake Gourd,2005-06-01,54.4,76.16,74.99,21.17,2005,6,38.91536964086463,-1.1700000000000017,1.2246467991473532e-16,-1.0
Snake Gourd,2005-07-01,50.86,67.18,66.96,16.21,2005,7,31.871742289142173,-0.22000000000001307,-0.4999999999999998,-0.8660254037844388
Snake Gourd,2005-08-01,38.97,48.41,53.27,11.87,2005,8,30.45924952720162,4.8600000000000065,-0.8660254037844384,-0.5000000000000004
Snake Gourd,2005-09-01,48.82,68.31,61.52,16.1,2005,9,32.97822003641942,-6.789999999999999,-1.0,-1.8369701987210297e-16
Snake Gourd,2005-10-01,38.29,51.69,53.64,14.38,2005,10,37.5553994374525,1.9500000000000028,-0.8660254037844386,0.5000000000000001
Snake Gourd,2005-11-01,43.85,55.9,58.82,13.51,2005,11,30.80950784604824,2.9200000000000017,-0.5000000000000004,0.8660254037844384
Snake Gourd,2005-12-01,44.28,60.16,60.32,15.96,2005,12,36.04327903505186,0.1600000000000037,-2.4492935982947064e-16,1.0
Snake Gourd,2006-01-01,48.66,62.04,62.85,13.79,2006,1,28.339440321742043,0.8100000000000023,0.49999999999999994,0.8660254037844387
Snake Gourd,2006-02-01,49.31,61.25,67.96,15.29,2006,2,31.007846262733185,6.709999999999994,0.8660254037844386,0.5000000000000001
Snake Gourd,2006-03-01,57.15,76.25,79.62,20.79,2006,3,36.377889102556246,3.3700000000000045,1.0,6.123233995736766e-17
Snake Gourd,2006-04-01,49.06,61.42,62.34,12.82,2006,4,26.131214571515343,0.9200000000000017,0.8660254037844387,-0.49999999999999983
Snake Gourd,2006-05-01,51.88,63.99,75.1,17.66,2006,5,34.04002690819794,11.109999999999992,0.49999999999999994,-0.8660254037844387
Snake Gourd,2006-06-01,50.17,63.04,66.37,14.54,2006,6,28.98140525930783,3.3300000000000054,1.2246467991473532e-16,-1.0
Snake Gourd,2006-07-01,41.68,54.33,57.9,14.43,2006,7,34.62083824175085,3.5700000000000003,-0.4999999999999998,-0.8660254037844388
Snake Gourd,2006-08-01,51.25,63.14,74.1,17.37,2006,8,33.89261679489406,10.959999999999994,-0.8660254037844384,-0.5000000000000004
Snake Gourd,2006-09-01,43.17,52.59,54.22,10.24,2006,9,23.720121102337032,1.6299999999999955,-1.0,-1.8369701987210297e-16
Snake Gourd,2006-10-01,51.56,63.24,70.22,15.17,2006,10,29.42197551983025,6.979999999999997,-0.8660254037844386,0.5000000000000001
Snake Gourd,2006-11-01,53.15,72.58,73.78,20.03,2006,11,37.685724015571,1.2000000000000028,-0.5000000000000004,0.8660254037844384
Snake Gourd,2006-12-01,45.62,58.81,60.72,14.15,2006,12,31.01702977415657,1.9099999999999966,-2.4492935982947064e-16,1.0
Snake Gourd,2007-01-01,58.74,76.56,76.38,17.73,2007,1,30.18380969729367,-0.18000000000000682,0.49999999999999994,0.8660254037844387
Snake Gourd,2007-02-01,60.76,77.15,82.97,19.3,2007,2,31.76426635242536,5.819999999999993,0.8660254037844386,0.5000000000000001
Snake Gourd,2007-03-01,53.42,64.78,73.86,15.9,2007,3,29.76407756630931,9.079999999999998,1.0,6.123233995736766e-17
Snake Gourd,2007-04-01,57.79,76.72,73.77,17.45,2007,4,30.19548330942497,-2.950000000000003,0.8660254037844387,-0.49999999999999983
Snake Gourd,2007-05-01,64.2,82.65,83.57,18.91,2007,5,29.454782780712176,0.9199999999999875,0.49999999999999994,-0.8660254037844387
Snake Gourd,2007-06-01,50.51,65.9,71.63,18.26,2007,6,36.15118560446327,5.72999999999999,1.2246467991473532e-16,-1.0
Snake Gourd,2007-07-01,51.99,65.81,70.29,16.06,2007,7,30.890496459902938,4.480000000000004,-0.4999999999999998,-0.8660254037844388
Snake Gourd,2007-08-01,53.22,69.5,74.48,18.77,2007,8,35.26862970945188,4.980000000000004,-0.8660254037844384,-0.5000000000000004
Snake Gourd,2007-09-01,44.65,54.43,62.74,13.94,2007,9,31.22053478043722,8.310000000000002,-1.0,-1.8369701987210297e-16
Snake Gourd,2007-10-01,47.61,64.17,68.65,18.8,2007,10,39.48741968615903,4.480000000000004,-0.8660254037844386,0.5000000000000001
Snake Gourd,2007-11-01,45.12,56.45,63.32,14.77,2007,11,32.73485652735699,6.869999999999997,-0.5000000000000004,0.8660254037844384
Snake Gourd,2007-12-01,46.42,59.97,64.91,16.02,2007,12,34.510912298767124,4.939999999999998,-2.4492935982947064e-16,1.0
Snake Gourd,2008-01-01,55.44,74.79,77.49,20.7,2008,1,37.33759498990803,2.6999999999999886,0.49999999999999994,0.8660254037844387
Snake Gourd,2008-02-01,53.26,69.89,76.01,19.69,2008,2,36.969513763586626,6.1200000000000045,0.8660254037844386,0.5000000000000001
Snake Gourd,2008-03-01,56.61,69.24,78.76,17.39,2008,3,30.718899984278426,9.52000000000001,1.0,6.123233995736766e-17
Snake Gourd,2008-04-01,62.74,83.87,85.67,22.03,2008,4,35.11310947862691,1.7999999999999972,0.8660254037844387,-0.49999999999999983
Snake Gourd,2008-05-01,64.4,78.27,91.03,20.25,2008,5,31.44405055271653,12.760000000000005,0.49999999999999994,-0.8660254037844387
Snake Gourd,2008-06-01,55.5,68.93,69.86,13.9,2008,6,25.044999918919064,0.9299999999999926,1.2246467991473532e-16,-1.0
Snake Gourd,2008-07-01,55.75,68.53,72.08,14.56,2008,7,26.116545082430342,3.549999999999997,-0.4999999999999998,-0.8660254037844388
Snake Gourd,2008-08-01,63.39,86.14,89.39,24.38,2008,8,38.460264299945884,3.25,-0.8660254037844384,-0.5000000000000004
Snake Gourd,2008-09-01,49.27,60.31,70.99,16.38,2008,9,33.245315109975415,10.679999999999993,-1.0,-1.8369701987210297e-16
Snake Gourd,2008-10-01,48.97,65.57,64.72,16.17,2008,10,33.020149029714055,-0.8499999999999943,-0.8660254037844386,0.5000000000000001
Snake Gourd,2008-11-01,46.25,60.64,64.77,16.45,2008,11,35.56749066488504,4.1299999999999955,-0.5000000000000004,0.8660254037844384
Snake Gourd,2008-12-01,53.07,65.55,75.18,17.3,2008,12,32.59839344565019,9.63000000000001,-2.4492935982947064e-16,1.0
Snake Gourd,2009-01-01,49.34,68.87,64.51,17.35,2009,1,35.16409573551736,-4.359999999999999,0.49999999999999994,0.8660254037844387
Snake Gourd,2009-02-01,59.95,78.46,75.93,17.24,2009,2,28.757249779399864,-2.529999999999987,0.8660254037844386,0.5000000000000001
Snake Gourd,2009-03-01,53.54,67.44,74.43,17.4,2009,3,32.49900541836866,6.990000000000009,1.0,6.123233995736766e-17
Snake Gourd,2009-04-01,61.41,85.9,83.12,23.1,2009,4,37.6159621951438,-2.780000000000001,0.8660254037844387,-0.49999999999999983
Snake Gourd,2009-05-01,58.23,77.39,73.9,17.42,2009,5,29.915799560708294,-3.489999999999995,0.49999999999999994,-0.8660254037844387
Snake Gourd,2009-06-01,58.09,72.37,81.93,19.06,2009,6,32.811098620935404,9.560000000000002,1.2246467991473532e-16,-1.0
Snake Gourd,2009-07-01,58.53,72.32,77.9,16.58,2009,7,28.327305096010424,5.5800000000000125,-0.4999999999999998,-0.8660254037844388
Snake Gourd,2009-08-01,58.71,78.53,82.13,21.62,2009,8,36.825009666139216,3.5999999999999943,-0.8660254037844384,-0.5000000000000004
Snake Gourd,2009-09-01,62.87,78.26,79.89,16.21,2009,9,25.783321483503286,1.6299999999999955,-1.0,-1.8369701987210297e-16
Snake Gourd,2009-10-01,48.29,60.85,61.4,12.84,2009,10,26.589300912609414,0.5499999999999972,-0.8660254037844386,0.5000000000000001
Snake Gourd,2009-11-01,53.11,65.41,71.5,15.34,2009,11,28.883395060449896,6.090000000000003,-0.5000000000000004,0.8660254037844384
Snake Gourd,2009-12-01,67.17,84.67,96.68,23.51,2009,12,35.000692272305685,12.010000000000005,-2.4492935982947064e-16,1.0
Snake Gourd,2010-01-01,69.07,83.27,96.13,20.63,2010,1,29.868206358467702,12.86,0.49999999999999994,0.8660254037844387
Snake Gourd,2010-02-01,64.23,84.26,82.02,18.91,2010,2,29.441025313676917,-2.240000000000009,0.8660254037844386,0.5000000000000001
Snake Gourd,2010-03-01,67.03,84.33,91.88,21.07,2010,3,31.4336395141884,7.549999999999997,1.0,6.123233995736766e-17
Snake Gourd,2010-04-01,73.95,102.02,100.19,27.15,2010,4,36.713946296218666,-1.8299999999999983,0.8660254037844387,-0.49999999999999983
Snake Gourd,2010-05-01,60.37,80.68,83.98,21.96,2010,5,36.37562303193137,3.299999999999997,0.49999999999999994,-0.8660254037844387
Snake Gourd,2010-06-01,66.36,89.26,88.79,22.67,2010,6,34.16209439105728,-0.46999999999999886,1.2246467991473532e-16,-1.0
Snake Gourd,2010-07-01,73.43,96.6,103.68,26.71,2010,7,36.37472916419833,7.0800000000000125,-0.4999999999999998,-0.8660254037844388
Snake Gourd,2010-08-01,63.57,76.41,81.86,15.56,2010,8,24.47691603442499,5.450000000000003,-0.8660254037844384,-0.5000000000000004
Snake Gourd,2010-09-01,63.61,85.66,86.63,22.53,2010,9,35.41890360178651,0.9699999999999989,-1.0,-1.8369701987210297e-16
Snake Gourd,2010-10-01,63.67,88.74,84.89,23.14,2010,10,36.34358984829614,-3.8499999999999943,-0.8660254037844386,0.5000000000000001
Snake Gourd,2010-11-01,58.12,76.66,74.72,17.57,2010,11,30.230505453362948,-1.9399999999999977,-0.5000000000000004,0.8660254037844384
Snake Gourd,2010-12-01,65.59,79.69,92.82,20.66,2010,12,31.498656047177846,13.129999999999995,-2.4492935982947064e-16,1.0
Snake Gourd,2011-01-01,83.97,117.5,116.57,33.06,2011,1,39.37115711425853,-0.9300000000000068,0.49999999999999994,0.8660254037844387
Snake Gourd,2011-02-01,78.48,100.99,112.58,28.3,2011,2,36.06009676338333,11.590000000000003,0.8660254037844386,0.5000000000000001
Snake Gourd,2011-03-01,74.09,96.26,95.54,21.81,2011,3,29.437131276648294,-0.7199999999999989,1.0,6.123233995736766e-17
Snake Gourd,2011-04-01,90.67,119.85,122.09,30.3,2011,4,33.417852191626565,2.240000000000009,0.8660254037844387,-0.49999999999999983
Snake Gourd,2011-05-01,80.43,105.18,103.31,23.82,2011,5,29.615778172599562,-1.8700000000000045,0.49999999999999994,-0.8660254037844387
Snake Gourd,2011-06-01,63.8,85.81,83.52,20.86,2011,6,32.69587351743963,-2.2900000000000063,1.2246467991473532e-16,-1.0
Snake Gourd,2011-07-01,79.26,101.96,108.52,25.98,2011,7,32.778156979362876,6.560000000000002,-0.4999999999999998,-0.8660254037844388
Snake Gourd,2011-08-01,54.17,66.93,68.52,13.56,2011,8,25.03225949370594,1.5899999999999892,-0.8660254037844384,-0.5000000000000004
Snake Gourd,2011-09-01,86.98,119.85,115.74,30.81,2011,9,35.42189535307501,-4.109999999999999,-1.0,-1.8369701987210297e-16
Snake Gourd,2011-10-01,58.22,76.06,74.16,16.89,2011,10,29.010599432154876,-1.9000000000000057,-0.8660254037844386,0.5000000000000001
Snake Gourd,2011-11-01,59.16,73.13,81.97,18.39,2011,11,31.085140153583247,8.840000000000003,-0.5000000000000004,0.8660254037844384
Snake Gourd,2011-12-01,71.3,89.21,96.5,21.56,2011,12,30.238386762430906,7.290000000000006,-2.4492935982947064e-16,1.0
Snake Gourd,2012-01-01,82.53,113.61,118.57,33.56,2012,1,40.663951697623055,4.959999999999994,0.49999999999999994,0.8660254037844387
Snake Gourd,2012-02-01,72.11,95.03,103.19,27.0,2012,2,37.44274380426597,8.159999999999997,0.8660254037844386,0.5000000000000001
Snake Gourd,2012-03-01,75.91,94.31,107.44,24.97,2012,3,32.894173502603735,13.129999999999995,1.0,6.123233995736766e-17
Snake Gourd,2012-04-01,74.09,93.14,104.13,24.54,2012,4,33.121834091194366,10.989999999999995,0.8660254037844387,-0.49999999999999983
Snake Gourd,2012-05-01,84.93,117.72,112.77,30.31,2012,5,35.688171802458726,-4.950000000000003,0.49999999999999994,-0.8660254037844387
Snake Gourd,2012-06-01,74.56,96.63,99.75,23.63,2012,6,31.692554060415688,3.1200000000000045,1.2246467991473532e-16,-1.0
Snake Gourd,2012-07-01,83.56,106.49,114.22,26.79,2012,7,32.06075627003797,7.730000000000004,-0.4999999999999998,-0.8660254037844388
Snake Gourd,2012-08-01,67.75,86.81,88.41,19.86,2012,8,29.313609869210524,1.5999999999999943,-0.8660254037844384,-0.5000000000000004
Snake Gourd,2012-09-01,67.84,81.88,85.54,15.87,2012,9,23.393243818921253,3.660000000000011,-1.0,-1.8369701987210297e-16
Snake Gourd,2012-10-01,60.2,82.28,76.5,19.19,2012,10,31.877023460093916,-5.780000000000001,-0.8660254037844386,0.5000000000000001
Snake Gourd,2012-11-01,66.93,81.4,90.16,18.85,2012,11,28.163711095605713,8.759999999999991,-0.5000000000000004,0.8660254037844384
Snake Gourd,2012-12-01,71.4,97.52,94.86,24.79,2012,12,34.71983932795612,-2.6599999999999966,-2.4492935982947064e-16,1.0
Snake Gourd,2013-01-01,81.05,110.97,105.1,26.98,2013,1,33.28805269826935,-5.8700000000000045,0.49999999999999994,0.8660254037844387
Snake Gourd,2013-02-01,97.16,122.19,133.22,30.54,2013,2,31.43265599767806,11.030000000000001,0.8660254037844386,0.5000000000000001
Snake Gourd,2013-03-01,70.0,84.61,95.32,19.96,2013,3,28.514244979650027,10.709999999999994,1.0,6.123233995736766e-17
Snake Gourd,2013-04-01,85.78,116.12,120.17,32.36,2013,4,37.72436730663639,4.049999999999997,0.8660254037844387,-0.49999999999999983
Snake Gourd,2013-05-01,83.91,104.2,120.3,28.34,2013,5,33.774241718219855,16.099999999999994,0.49999999999999994,-0.8660254037844387
Snake Gourd,2013-06-01,72.16,98.25,96.26,25.1,2013,6,34.78376554356216,-1.9899999999999949,1.2246467991473532e-16,-1.0
Snake Gourd,2013-07-01,85.38,106.94,109.97,23.08,2013,7,27.03206016390236,3.030000000000001,-0.4999999999999998,-0.8660254037844388
Snake Gourd,2013-08-01,67.51,88.04,95.48,24.25,2013,8,35.920551147161675,7.439999999999998,-0.8660254037844384,-0.5000000000000004
Snake Gourd,2013-09-01,86.07,115.99,118.91,31.38,2013,9,36.458654050593644,2.9200000000000017,-1.0,-1.8369701987210297e-16
Snake Gourd,2013-10-01,85.22,112.86,115.4,28.91,2013,10,33.92392170391727,2.5400000000000063,-0.8660254037844386,0.5000000000000001
Snake Gourd,2013-11-01,67.53,90.62,88.86,22.21,2013,11,32.88903762914611,-1.7600000000000051,-0.5000000000000004,0.8660254037844384
Snake Gourd,2013-12-01,70.87,91.28,95.15,22.34,2013,12,31.522461517621675,3.8700000000000045,-2.4492935982947064e-16,1.0
Snake Gourd,2014-01-01,85.3,107.17,117.86,27.22,2014,1,31.91086528620717,10.689999999999998,0.49999999999999994,0.8660254037844387
Snake Gourd,2014-02-01,92.49,118.63,123.53,28.59,2014,2,30.91141646511356,4.900000000000006,0.8660254037844386,0.5000000000000001
Snake Gourd,2014-03-01,79.43,104.23,114.25,29.81,2014,3,37.52985329239167,10.019999999999996,1.0,6.123233995736766e-17
Snake Gourd,2014-04-01,73.26,91.19,94.95,19.81,2014,4,27.04064013016635,3.760000000000005,0.8660254037844387,-0.49999999999999983
Snake Gourd,2014-05-01,74.32,95.18,100.59,23.57,2014,5,31.714166154243607,5.409999999999997,0.49999999999999994,-0.8660254037844387
Snake Gourd,2014-06-01,78.14,100.16,101.73,22.8,2014,6,29.17836040650063,1.5700000000000074,1.2246467991473532e-16,-1.0
Snake Gourd,2014-07-01,77.96,106.25,106.29,28.31,2014,7,36.31344751994931,0.04000000000000625,-0.4999999999999998,-0.8660254037844388
Snake Gourd,2014-08-01,83.5,108.08,118.91,29.99,2014,8,35.91612465134772,10.829999999999998,-0.8660254037844384,-0.5000000000000004
Snake Gourd,2014-09-01,91.48,125.71,121.67,32.21,2014,9,35.20984345229181,-4.039999999999992,-1.0,-1.8369701987210297e-16
Snake Gourd,2014-10-01,81.39,103.39,106.43,23.52,2014,10,28.897863499369087,3.0400000000000063,-0.8660254037844386,0.5000000000000001
Snake Gourd,2014-11-01,81.23,104.94,110.0,26.24,2014,11,32.303296438143,5.060000000000002,-0.5000000000000004,0.8660254037844384
Snake Gourd,2014-12-01,84.06,116.66,112.53,30.53,2014,12,36.319252534793556,-4.1299999999999955,-2.4492935982947064e-16,1.0
Snake Gourd,2015-01-01,110.96,140.74,148.03,33.43,2015,1,30.127946892621765,7.289999999999992,0.49999999999999994,0.8660254037844387
Snake Gourd,2015-02-01,108.08,150.79,137.01,35.82,2015,2,33.14208628600455,-13.780000000000001,0.8660254037844386,0.5000000000000001
Snake Gourd,2015-03-01,90.42,113.01,118.31,25.24,2015,3,27.914147407490148,5.299999999999997,1.0,6.123233995736766e-17
Snake Gourd,2015-04-01,73.44,101.51,105.04,29.84,2015,4,40.63175295240611,3.530000000000001,0.8660254037844387,-0.49999999999999983
Snake Gourd,2015-05-01,113.41,152.14,153.81,39.56,2015,5,34.882254755087956,1.670000000000016,0.49999999999999994,-0.8660254037844387
Snake Gourd,2015-06-01,70.79,91.47,99.06,24.47,2015,6,34.566980411102676,7.590000000000003,1.2246467991473532e-16,-1.0
Snake Gourd,2015-07-01,99.41,127.69,126.34,27.61,2015,7,27.773837869592725,-1.3499999999999943,-0.4999999999999998,-0.8660254037844388
Snake Gourd,2015-08-01,102.88,124.01,145.8,32.03,2015,8,31.133328991709767,21.790000000000006,-0.8660254037844384,-0.5000000000000004
Snake Gourd,2015-09-01,86.21,107.57,117.09,26.12,2015,9,30.29807412356557,9.52000000000001,-1.0,-1.8369701987210297e-16
Snake Gourd,2015-10-01,79.29,97.12,111.7,25.12,2015,10,31.681130431163535,14.579999999999998,-0.8660254037844386,0.5000000000000001
Snake Gourd,2015-11-01,90.25,124.53,128.65,36.34,2015,11,40.26588336190209,4.1200000000000045,-0.5000000000000004,0.8660254037844384
Snake Gourd,2015-12-01,93.48,130.72,131.72,37.74,2015,12,40.37222895568148,1.0,-2.4492935982947064e-16,1.0
Snake Gourd,2016-01-01,125.74,166.48,165.11,40.06,2016,1,31.85936705951403,-1.3699999999999761,0.49999999999999994,0.8660254037844387
Snake Gourd,2016-02-01,133.45,164.84,191.95,44.95,2016,2,33.683002110901384,27.109999999999985,0.8660254037844386,0.5000000000000001
Snake Gourd,2016-03-01,90.31,110.28,127.83,28.74,2016,3,31.82368306534928,17.549999999999997,1.0,6.123233995736766e-17
Snake Gourd,2016-04-01,113.28,146.33,156.71,38.24,2016,4,33.75703234725252,10.379999999999995,0.8660254037844387,-0.49999999999999983
Snake Gourd,2016-05-01,86.52,117.86,122.44,33.63,2016,5,38.86958059456704,4.579999999999998,0.49999999999999994,-0.8660254037844387
Snake Gourd,2016-06-01,123.22,168.74,176.52,49.41,2016,6,40.09897735840175,7.780000000000001,1.2246467991473532e-16,-1.0
Snake Gourd,2016-07-01,85.46,104.32,110.91,22.16,2016,7,25.930229428704155,6.590000000000003,-0.4999999999999998,-0.8660254037844388
Snake Gourd,2016-08-01,85.78,111.27,111.88,25.79,2016,8,30.065248233564656,0.6099999999999994,-0.8660254037844384,-0.5000000000000004
Snake Gourd,2016-09-01,87.84,120.71,114.5,29.76,2016,9,33.87974285093026,-6.209999999999994,-1.0,-1.8369701987210297e-16
Snake Gourd,2016-10-01,76.86,102.82,104.79,26.94,2016,10,35.05069600481915,1.970000000000013,-0.8660254037844386,0.5000000000000001
Snake Gourd,2016-11-01,94.27,117.56,121.73,25.38,2016,11,26.922640370594703,4.170000000000002,-0.5000000000000004,0.8660254037844384
Snake Gourd,2016-12-01,106.94,129.7,150.05,32.94,2016,12,30.802290254076816,20.350000000000023,-2.4492935982947064e-16,1.0
Snake Gourd,2017-01-01,132.17,179.7,166.23,40.8,2017,1,30.86931159165348,-13.469999999999999,0.49999999999999994,0.8660254037844387
Snake Gourd,2017-02-01,120.45,149.74,169.46,39.15,2017,2,32.50308634031852,19.72,0.8660254037844386,0.5000000000000001
Snake Gourd,2017-03-01,97.24,122.16,127.74,27.71,2017,3,28.496474191203014,5.579999999999998,1.0,6.123233995736766e-17
Snake Gourd,2017-04-01,118.19,161.23,149.32,37.08,2017,4,31.373186079037076,-11.909999999999997,0.8660254037844387,-0.49999999999999983
Snake Gourd,2017-05-01,101.4,130.37,136.71,32.14,2017,5,31.696221206882434,6.340000000000003,0.49999999999999994,-0.8660254037844387
Snake Gourd,2017-06-01,103.19,143.6,131.44,34.33,2017,6,33.26869534965079,-12.159999999999997,1.2246467991473532e-16,-1.0
Snake Gourd,2017-07-01,114.98,147.93,163.44,40.7,2017,7,35.39742964217286,15.509999999999991,-0.4999999999999998,-0.8660254037844388
Snake Gourd,2017-08-01,80.45,112.38,107.33,29.4,2017,8,36.54439211386934,-5.049999999999997,-0.8660254037844384,-0.5000000000000004
Snake Gourd,2017-09-01,78.86,106.21,100.47,24.48,2017,9,31.042314174088038,-5.739999999999995,-1.0,-1.8369701987210297e-16
Snake Gourd,2017-10-01,88.17,113.75,121.75,29.58,2017,10,33.54878808122027,8.0,-0.8660254037844386,0.5000000000000001
Snake Gourd,2017-11-01,82.99,113.99,118.51,33.26,2017,11,40.07706943358304,4.52000000000001,-0.5000000000000004,0.8660254037844384
Snake Gourd,2017-12-01,133.82,165.01,193.92,45.64,2017,12,34.10548938462907,28.909999999999997,-2.4492935982947064e-16,1.0
Snake Gourd,2018-01-01,112.48,142.42,155.76,36.61,2018,1,32.54797959816892,13.340000000000003,0.49999999999999994,0.8660254037844387
Snake Gourd,2018-02-01,85.69,116.36,114.49,29.74,2018,2,34.70645967270431,-1.8700000000000045,0.8660254037844386,0.5000000000000001
Snake Gourd,2018-03-01,86.99,116.17,111.95,27.07,2018,3,31.118483597558804,-4.219999999999999,1.0,6.123233995736766e-17
Snake Gourd,2018-04-01,93.98,119.8,129.05,30.44,2018,4,32.38983572054084,9.250000000000014,0.8660254037844387,-0.49999999999999983
Snake Gourd,2018-05-01,92.41,112.74,126.4,27.16,2018,5,29.39072677120791,13.66000000000001,0.49999999999999994,-0.8660254037844387
Snake Gourd,2018-06-01,131.85,171.34,176.0,41.82,2018,6,31.717837149914942,4.659999999999997,1.2246467991473532e-16,-1.0
Snake Gourd,2018-07-01,142.07,192.0,205.35,56.6,2018,7,39.83948768952792,13.349999999999994,-0.4999999999999998,-0.8660254037844388
Snake Gourd,2018-08-01,144.09,175.51,201.9,44.61,2018,8,30.959795294749604,26.390000000000015,-0.8660254037844384,-0.5000000000000004
Snake Gourd,2018-09-01,99.06,132.23,124.09,29.1,2018,9,29.376106020486553,-8.139999999999986,-1.0,-1.8369701987210297e-16
Snake Gourd,2018-10-01,85.92,107.52,112.27,23.97,2018,10,27.89801222298391,4.75,-0.8660254037844386,0.5000000000000001
Snake Gourd,2018-11-01,97.22,129.65,123.39,29.3,2018,11,30.137800722278623,-6.260000000000005,-0.5000000000000004,0.8660254037844384
Snake Gourd,2018-12-01,107.32,142.81,153.44,40.81,2018,12,38.02642748189762,10.629999999999995,-2.4492935982947064e-16,1.0
Snake Gourd,2019-01-01,139.82,180.25,183.49,42.05,2019,1,30.07435983810625,3.240000000000009,0.49999999999999994,0.8660254037844387
Snake Gourd,2019-02-01,105.53,141.82,135.36,33.06,2019,2,31.327554887183844,-6.4599999999999795,0.8660254037844386,0.5000000000000001
Snake Gourd,2019-03-01,135.49,168.37,180.03,38.71,2019,3,28.570353110670077,11.659999999999997,1.0,6.123233995736766e-17
Snake Gourd,2019-04-01,99.5,127.54,141.33,34.94,2019,4,35.11554259744462,13.790000000000006,0.8660254037844387,-0.49999999999999983
Snake Gourd,2019-05-01,96.93,129.8,124.02,29.98,2019,5,30.92950487000426,-5.780000000000015,0.49999999999999994,-0.8660254037844387
Snake Gourd,2019-06-01,159.07,220.08,210.64,56.29,2019,6,35.38691432267912,-9.440000000000026,1.2246467991473532e-16,-1.0
Snake Gourd,2019-07-01,118.27,161.16,159.37,42.0,2019,7,35.51193412367116,-1.789999999999992,-0.4999999999999998,-0.8660254037844388
Snake Gourd,2019-08-01,138.65,174.77,200.48,48.97,2019,8,35.31912346258675,25.70999999999998,-0.8660254037844384,-0.5000000000000004
Snake Gourd,2019-09-01,127.26,174.33,179.22,49.52,2019,9,38.91243209772741,4.889999999999986,-1.0,-1.8369701987210297e-16
Snake Gourd,2019-10-01,130.42,170.89,167.78,38.92,2019,10,29.84202588404702,-3.109999999999985,-0.8660254037844386,0.5000000000000001
Snake Gourd,2019-11-01,94.49,122.72,126.72,30.23,2019,11,31.992769612901245,4.0,-0.5000000000000004,0.8660254037844384
Snake Gourd,2019-12-01,137.99,190.01,176.55,45.29,2019,12,32.82119514370958,-13.45999999999998,-2.4492935982947064e-16,1.0
Snake Gourd,2020-01-01,122.71,154.74,161.78,35.55,2020,1,28.970720421546392,7.039999999999992,0.49999999999999994,0.8660254037844387
Snake Gourd,2020-02-01,105.61,137.63,151.18,38.8,2020,2,36.73891038830566,13.550000000000011,0.8660254037844386,0.5000000000000001
Snake Gourd,2020-03-01,107.28,149.87,153.05,44.18,2020,3,41.1819153785278,3.180000000000007,1.0,6.123233995736766e-17
Snake Gourd,2020-04-01,177.72,237.13,247.96,64.82,2020,4,36.473083235942354,10.830000000000013,0.8660254037844387,-0.49999999999999983
Snake Gourd,2020-05-01,161.22,205.25,224.72,53.76,2020,5,33.34571805872841,19.47,0.49999999999999994,-0.8660254037844387
Snake Gourd,2020-06-01,117.49,164.23,150.53,39.89,2020,6,33.95179678968696,-13.699999999999989,1.2246467991473532e-16,-1.0
Snake Gourd,2020-07-01,140.32,191.88,202.94,57.09,2020,7,40.68554683185089,11.060000000000002,-0.4999999999999998,-0.8660254037844388
Snake Gourd,2020-08-01,121.46,150.08,153.82,30.49,2020,8,25.102893872144023,3.7399999999999807,-0.8660254037844384,-0.5000000000000004
Snake Gourd,2020-09-01,153.44,210.6,213.41,58.56,2020,9,38.16473008033754,2.8100000000000023,-1.0,-1.8369701987210297e-16
Snake Gourd,2020-10-01,89.42,117.97,125.0,32.06,2020,10,35.85323657656389,7.030000000000001,-0.8660254037844386,0.5000000000000001
Snake Gourd,2020-11-01,101.81,123.13,138.09,28.8,2020,11,28.287959642510906,14.960000000000008,-0.5000000000000004,0.8660254037844384
Snake Gourd,2020-12-01,138.49,175.88,194.99,46.94,2020,12,33.89411950745937,19.110000000000014,-2.4492935982947064e-16,1.0
Snake Gourd,2021-01-01,111.53,143.49,161.62,41.03,2021,1,36.78827509345011,18.129999999999995,0.49999999999999994,0.8660254037844387
Snake Gourd,2021-02-01,133.33,170.28,192.12,47.87,2021,2,35.90337065673842,21.840000000000003,0.8660254037844386,0.5000000000000001
Snake Gourd,2021-03-01,130.07,170.03,183.79,46.84,2021,3,36.011350802375034,13.759999999999991,1.0,6.123233995736766e-17
Snake Gourd,2021-04-01,169.43,214.61,214.23,44.99,2021,4,26.55372333487379,-0.3800000000000239,0.8660254037844387,-0.49999999999999983
Snake Gourd,2021-05-01,123.82,162.72,173.36,44.22,2021,5,35.71310312299861,10.640000000000015,0.49999999999999994,-0.8660254037844387
Snake Gourd,2021-06-01,154.13,186.75,214.04,46.26,2021,6,30.0136053892134,27.289999999999992,1.2246467991473532e-16,-1.0
Snake Gourd,2021-07-01,172.08,225.27,223.25,52.18,2021,7,30.323087910804325,-2.0200000000000102,-0.4999999999999998,-0.8660254037844388
Snake Gourd,2021-08-01,137.75,166.94,178.94,35.19,2021,8,25.54626094645303,12.0,-0.8660254037844384,-0.5000000000000004
Snake Gourd,2021-09-01,128.72,176.89,163.0,41.22,2021,9,32.02297077146459,-13.889999999999986,-1.0,-1.8369701987210297e-16
Snake Gourd,2021-10-01,130.59,156.95,164.61,30.19,2021,10,23.118138358114436,7.660000000000025,-0.8660254037844386,0.5000000000000001
Snake Gourd,2021-11-01,130.94,163.34,187.59,44.53,2021,11,34.00791659697832,24.25,-0.5000000000000004,0.8660254037844384
Snake Gourd,2021-12-01,114.03,149.77,160.45,41.08,2021,12,36.025575703257296,10.679999999999978,-2.4492935982947064e-16,1.0
Snake Gourd,2022-01-01,106.18,143.97,142.1,36.85,2022,1,34.70518486985791,-1.8700000000000045,0.49999999999999994,0.8660254037844387
Snake Gourd,2022-02-01,135.4,182.39,177.04,44.31,2022,2,32.72523432405146,-5.349999999999994,0.8660254037844386,0.5000000000000001
Snake Gourd,2022-03-01,123.12,158.99,177.28,45.02,2022,3,36.56592221741211,18.289999999999992,1.0,6.123233995736766e-17
Snake Gourd,2022-04-01,115.79,140.04,158.39,33.42,2022,4,28.86257115245604,18.349999999999994,0.8660254037844387,-0.49999999999999983
Snake Gourd,2022-05-01,154.26,198.7,205.17,47.68,2022,5,30.908835142723234,6.469999999999999,0.49999999999999994,-0.8660254037844387
Snake Gourd,2022-06-01,146.97,203.09,191.36,50.26,2022,6,34.19743199467102,-11.72999999999999,1.2246467991473532e-16,-1.0
Snake Gourd,2022-07-01,168.92,210.4,223.98,48.27,2022,7,28.575640199123733,13.579999999999984,-0.4999999999999998,-0.8660254037844388
Snake Gourd,2022-08-01,133.21,180.12,183.66,48.68,2022,8,36.54377558458405,3.539999999999992,-0.8660254037844384,-0.5000000000000004
Snake Gourd,2022-09-01,120.64,163.75,153.13,37.8,2022,9,31.332865274481698,-10.620000000000005,-1.0,-1.8369701987210297e-16
Snake Gourd,2022-10-01,128.12,156.79,184.26,42.4,2022,10,33.093948568569644,27.47,-0.8660254037844386,0.5000000000000001
Snake Gourd,2022-11-01,92.84,116.85,120.35,25.76,2022,11,27.746631035511594,3.5,-0.5000000000000004,0.8660254037844384
Snake Gourd,2022-12-01,99.63,134.09,129.07,31.95,2022,12,32.06862183215715,-5.02000000000001,-2.4492935982947064e-16,1.0
Snake Gourd,2023-01-01,138.48,179.42,190.93,46.7,2023,1,33.723256987827135,11.51000000000002,0.49999999999999994,0.8660254037844387
Snake Gourd,2023-02-01,204.87,254.43,266.69,55.69,2023,2,27.183078448245983,12.259999999999991,0.8660254037844386,0.5000000000000001
Snake Gourd,2023-03-01,124.42,172.7,174.05,48.96,2023,3,39.35055509519764,1.3500000000000227,1.0,6.123233995736766e-17
Snake Gourd,2023-04-01,125.29,151.68,160.39,30.74,2023,4,24.535059034991587,8.70999999999998,0.8660254037844387,-0.49999999999999983
Snake Gourd,2023-05-01,109.89,151.84,152.5,42.28,2023,5,38.47480346273231,0.6599999999999966,0.49999999999999994,-0.8660254037844387
Snake Gourd,2023-06-01,173.55,224.43,244.41,60.87,2023,6,35.0734456505643,19.97999999999999,1.2246467991473532e-16,-1.0
Snake Gourd,2023-07-01,120.92,167.83,161.48,43.74,2023,7,36.17264623499319,-6.350000000000023,-0.4999999999999998,-0.8660254037844388
Snake Gourd,2023-08-01,118.95,161.63,168.04,45.88,2023,8,38.570795652967085,6.409999999999997,-0.8660254037844384,-0.5000000000000004
Snake Gourd,2023-09-01,122.29,146.96,169.25,35.82,2023,9,29.291005567907785,22.289999999999992,-1.0,-1.8369701987210297e-16
Snake Gourd,2023-10-01,120.48,153.87,171.91,42.41,2023,10,35.200833996651724,18.039999999999992,-0.8660254037844386,0.5000000000000001
Snake Gourd,2023-11-01,183.77,240.3,253.42,63.09,2023,11,34.33093849325869,13.119999999999976,-0.5000000000000004,0.8660254037844384
Snake Gourd,2023-12-01,121.38,165.57,153.17,37.99,2023,12,31.298375928179333,-12.400000000000006,-2.4492935982947064e-16,1.0
Snake Gourd,2024-01-01,147.31,177.25,194.83,38.73,2024,1,26.291476280309357,17.580000000000013,0.49999999999999994,0.8660254037844387
Snake Gourd,2024-02-01,189.37,235.45,255.2,55.95,2024,2,29.54531892838415,19.75,0.8660254037844386,0.5000000000000001
Snake Gourd,2024-03-01,132.44,184.56,181.53,50.6,2024,3,38.20595121870189,-3.030000000000001,1.0,6.123233995736766e-17
Snake Gourd,2024-04-01,133.47,162.68,191.33,43.54,2024,4,32.62153845692781,28.650000000000006,0.8660254037844387,-0.49999999999999983
Snake Gourd,2024-05-01,146.19,182.43,208.58,49.32,2024,5,33.73689463239987,26.150000000000006,0.49999999999999994,-0.8660254037844387
Snake Gourd,2024-06-01,169.38,229.51,217.71,54.23,2024,6,32.01674813038839,-11.799999999999983,1.2246467991473532e-16,-1.0
Snake Gourd,2024-07-01,224.46,294.46,317.95,81.74,2024,7,36.41627175609384,23.49000000000001,-0.4999999999999998,-0.8660254037844388
Snake Gourd,2024-08-01,188.0,254.14,240.49,59.32,2024,8,31.553174705758135,-13.649999999999977,-0.8660254037844384,-0.5000000000000004
Snake Gourd,2024-09-01,140.48,177.9,202.05,49.5,2024,9,35.236307491238975,24.150000000000006,-1.0,-1.8369701987210297e-16
Snake Gourd,2024-10-01,136.71,191.37,180.88,49.41,2024,10,36.14217237790038,-10.490000000000009,-0.8660254037844386,0.5000000000000001
Snake Gourd,2024-11-01,116.62,141.75,161.9,35.2,2024,11,30.183476090313764,20.150000000000006,-0.5000000000000004,0.8660254037844384
Snake Gourd,2024-12-01,151.15,190.81,213.09,50.8,2024,12,33.60897544890807,22.28,-2.4492935982947064e-16,1.0
Snake Gourd,2025-01-01,209.82,267.5,281.42,64.64,2025,1,30.807344005650556,13.920000000000016,0.49999999999999994,0.8660254037844387
Snake Gourd,2025-02-01,188.03,251.74,244.03,59.86,2025,2,31.835328492619,-7.710000000000008,0.8660254037844386,0.5000000000000001
Snake Gourd,2025-03-01,244.98,318.13,328.81,78.49,2025,3,32.039337072684674,10.680000000000007,1.0,6.123233995736766e-17
Snake Gourd,2025-04-01,164.02,209.72,209.6,45.64,2025,4,27.825857928388043,-0.12000000000000455,0.8660254037844387,-0.49999999999999983
Snake Gourd,2025-05-01,160.64,202.14,210.9,45.88,2025,5,28.560739192766942,8.76000000000002,0.49999999999999994,-0.8660254037844387
Snake Gourd,2025-06-01,156.66,208.7,198.24,46.81,2025,6,29.879975820263105,-10.45999999999998,1.2246467991473532e-16,-1.0
Snake Gourd,2025-07-01,200.1,273.85,265.99,69.82,2025,7,34.89253628558906,-7.860000000000014,-0.4999999999999998,-0.8660254037844388
Snake Gourd,2025-08-01,246.06,338.07,327.69,86.82,2025,8,35.28406271475952,-10.379999999999995,-0.8660254037844384,-0.5000000000000004
Tomato,2000-01-01,48.52,66.73,63.78,16.74,2000,1,34.50116549636129,-2.950000000000003,0.49999999999999994,0.8660254037844387
Tomato,2000-02-01,59.92,79.06,84.93,22.08,2000,2,36.84907067912102,5.8700000000000045,0.8660254037844386,0.5000000000000001
Tomato,2000-03-01,59.45,78.65,84.68,22.22,2000,3,37.37588330381277,6.030000000000001,1.0,6.123233995736766e-17
Tomato,2000-04-01,59.62,72.16,76.93,14.93,2000,4,25.041890235004637,4.77000000000001,0.8660254037844387,-0.49999999999999983
Tomato,2000-05-01,59.44,79.4,75.18,17.85,2000,5,30.030232116029413,-4.219999999999999,0.49999999999999994,-0.8660254037844387
Tomato,2000-06-01,50.55,66.46,64.58,14.97,2000,6,29.614184739496064,-1.8799999999999955,1.2246467991473532e-16,-1.0
Tomato,2000-07-01,58.2,73.0,74.12,15.36,2000,7,26.391707230743588,1.1200000000000045,-0.4999999999999998,-0.8660254037844388
Tomato,2000-08-01,57.54,73.71,81.41,20.02,2000,8,34.793126880210494,7.700000000000003,-0.8660254037844384,-0.5000000000000004
Tomato,2000-09-01,55.85,77.55,72.6,19.22,2000,9,34.41354626043641,-4.950000000000003,-1.0,-1.8369701987210297e-16
Tomato,2000-10-01,46.53,64.45,67.45,19.42,2000,10,41.73642437905786,3.0,-0.8660254037844386,0.5000000000000001
Tomato,2000-11-01,54.19,74.33,76.13,21.04,2000,11,38.826280076988226,1.7999999999999972,-0.5000000000000004,0.8660254037844384
Tomato,2000-12-01,53.22,71.41,67.61,16.29,2000,12,30.60873617298727,-3.799999999999997,-2.4492935982947064e-16,1.0
Tomato,2001-01-01,55.69,71.1,71.46,15.59,2001,1,27.994203637630388,0.35999999999999943,0.49999999999999994,0.8660254037844387
Tomato,2001-02-01,61.02,84.6,83.77,23.16,2001,2,37.95470672778314,-0.8299999999999983,0.8660254037844386,0.5000000000000001
Tomato,2001-03-01,58.64,73.79,83.83,20.17,2001,3,34.39625785085633,10.039999999999992,1.0,6.123233995736766e-17
Tomato,2001-04-01,66.64,83.01,87.69,18.71,2001,4,28.07618836106188,4.679999999999993,0.8660254037844387,-0.49999999999999983
Tomato,2001-05-01,57.07,71.29,75.61,16.38,2001,5,28.701544241205113,4.319999999999993,0.49999999999999994,-0.8660254037844387
Tomato,2001-06-01,64.89,82.47,87.35,20.02,2001,6,30.85216388940686,4.8799999999999955,1.2246467991473532e-16,-1.0
Tomato,2001-07-01,64.82,83.61,83.59,18.78,2001,7,28.97249464286541,-0.01999999999999602,-0.4999999999999998,-0.8660254037844388
Tomato,2001-08-01,62.59,81.48,83.52,19.91,2001,8,31.810142498574052,2.039999999999992,-0.8660254037844384,-0.5000000000000004
Tomato,2001-09-01,61.81,81.38,88.06,22.91,2001,9,37.0651398396055,6.680000000000007,-1.0,-1.8369701987210297e-16
Tomato,2001-10-01,49.43,65.53,67.15,16.91,2001,10,34.20992472198114,1.6200000000000045,-0.8660254037844386,0.5000000000000001
Tomato,2001-11-01,57.43,76.52,79.55,20.6,2001,11,35.86969202561027,3.030000000000001,-0.5000000000000004,0.8660254037844384
Tomato,2001-12-01,52.83,66.93,73.97,17.62,2001,12,33.35219884119091,7.039999999999992,-2.4492935982947064e-16,1.0
Tomato,2002-01-01,60.74,74.14,85.67,19.16,2002,1,31.544235192237085,11.530000000000001,0.49999999999999994,0.8660254037844387
Tomato,2002-02-01,59.65,75.36,76.52,16.29,2002,2,27.309258492441753,1.1599999999999966,0.8660254037844386,0.5000000000000001
Tomato,2002-03-01,64.64,87.37,81.41,19.75,2002,3,30.553789366043677,-5.960000000000008,1.0,6.123233995736766e-17
Tomato,2002-04-01,68.74,82.58,87.34,16.22,2002,4,23.596125114743796,4.760000000000005,0.8660254037844387,-0.49999999999999983
Tomato,2002-05-01,63.45,79.88,83.91,18.44,2002,5,29.062207939782603,4.030000000000001,0.49999999999999994,-0.8660254037844387
Tomato,2002-06-01,64.29,85.58,92.18,24.59,2002,6,38.248501713327556,6.6000000000000085,1.2246467991473532e-16,-1.0
Tomato,2002-07-01,53.7,68.34,70.79,15.87,2002,7,29.55301759214601,2.450000000000003,-0.4999999999999998,-0.8660254037844388
Tomato,2002-08-01,58.81,80.08,78.68,20.57,2002,8,34.9769852457316,-1.3999999999999915,-0.8660254037844384,-0.5000000000000004
Tomato,2002-09-01,57.99,79.78,82.54,23.17,2002,9,39.95509578359064,2.760000000000005,-1.0,-1.8369701987210297e-16
Tomato,2002-10-01,60.88,75.67,87.32,20.61,2002,10,33.85342665337277,11.649999999999991,-0.8660254037844386,0.5000000000000001
Tomato,2002-11-01,62.99,80.14,85.55,19.85,2002,11,31.51288853327745,5.409999999999997,-0.5000000000000004,0.8660254037844384
Tomato,2002-12-01,64.61,90.19,88.77,24.87,2002,12,38.49243384548236,-1.4200000000000017,-2.4492935982947064e-16,1.0
Tomato,2003-01-01,68.08,94.0,93.18,25.51,2003,1,37.47056775768544,-0.8199999999999932,0.49999999999999994,0.8660254037844387
Tomato,2003-02-01,68.0,83.78,94.71,21.24,2003,2,31.23524818345855,10.929999999999993,0.8660254037844386,0.5000000000000001
Tomato,2003-03-01,72.32,91.73,101.16,24.13,2003,3,33.36555120913826,9.429999999999993,1.0,6.123233995736766e-17
Tomato,2003-04-01,67.83,85.73,94.17,22.12,2003,4,32.610891035100934,8.439999999999998,0.8660254037844387,-0.49999999999999983
Tomato,2003-05-01,71.43,98.54,97.77,26.72,2003,5,37.407199485930995,-0.7700000000000102,0.49999999999999994,-0.8660254037844387
Tomato,2003-06-01,61.45,80.35,80.22,18.83,2003,6,30.642749157446442,-0.12999999999999545,1.2246467991473532e-16,-1.0
Tomato,2003-07-01,66.44,82.51,92.38,21.01,2003,7,31.622468960763157,9.86999999999999,-0.4999999999999998,-0.8660254037844388
Tomato,2003-08-01,62.54,84.62,86.43,22.99,2003,8,36.76041451804522,1.8100000000000023,-0.8660254037844384,-0.5000000000000004
Tomato,2003-09-01,63.0,82.18,80.67,18.43,2003,9,29.253921819171712,-1.5100000000000051,-1.0,-1.8369701987210297e-16
Tomato,2003-10-01,62.74,77.11,82.76,17.2,2003,10,27.41468375090253,5.650000000000006,-0.8660254037844386,0.5000000000000001
Tomato,2003-11-01,71.95,95.07,101.46,26.31,2003,11,36.56700963584484,6.390000000000001,-0.5000000000000004,0.8660254037844384
Tomato,2003-12-01,56.64,69.12,76.6,16.22,2003,12,28.636955090121656,7.47999999999999,-2.4492935982947064e-16,1.0
Tomato,2004-01-01,73.58,95.78,98.9,23.76,2004,1,32.29133964210432,3.1200000000000045,0.49999999999999994,0.8660254037844387
Tomato,2004-02-01,70.9,90.62,97.13,22.97,2004,2,32.39769760550408,6.509999999999991,0.8660254037844386,0.5000000000000001
Tomato,2004-03-01,69.06,89.84,99.54,25.63,2004,3,37.112601922093944,9.700000000000003,1.0,6.123233995736766e-17
Tomato,2004-04-01,83.75,105.8,109.13,23.71,2004,4,28.310413957714676,3.3299999999999983,0.8660254037844387,-0.49999999999999983
Tomato,2004-05-01,73.18,87.97,102.19,21.9,2004,5,29.926168452899077,14.219999999999999,0.49999999999999994,-0.8660254037844387
Tomato,2004-06-01,80.33,110.99,104.37,27.35,2004,6,34.04701351050229,-6.61999999999999,1.2246467991473532e-16,-1.0
Tomato,2004-07-01,64.11,87.06,82.13,20.48,2004,7,31.94504454056381,-4.930000000000007,-0.4999999999999998,-0.8660254037844388
Tomato,2004-08-01,80.51,109.11,101.15,24.62,2004,8,30.580014184555726,-7.959999999999994,-0.8660254037844384,-0.5000000000000004
Tomato,2004-09-01,69.73,91.36,97.65,24.78,2004,9,35.5370205979914,6.290000000000006,-1.0,-1.8369701987210297e-16
Tomato,2004-10-01,77.48,95.06,103.48,21.79,2004,10,28.123350382872502,8.420000000000002,-0.8660254037844386,0.5000000000000001
Tomato,2004-11-01,67.63,92.16,92.35,24.62,2004,11,36.403908910381624,0.18999999999999773,-0.5000000000000004,0.8660254037844384
Tomato,2004-12-01,64.15,89.61,80.31,20.81,2004,12,32.439544131653726,-9.299999999999997,-2.4492935982947064e-16,1.0
Tomato,2005-01-01,68.98,88.18,86.29,18.26,2005,1,26.471402621915598,-1.8900000000000006,0.49999999999999994,0.8660254037844387
Tomato,2005-02-01,79.5,110.01,100.9,25.96,2005,2,32.65404697604154,-9.11,0.8660254037844386,0.5000000000000001
Tomato,2005-03-01,84.25,109.46,112.9,26.93,2005,3,31.964353751508902,3.440000000000012,1.0,6.123233995736766e-17
Tomato,2005-04-01,81.34,113.28,109.55,30.07,2005,4,36.96823583939533,-3.730000000000004,0.8660254037844387,-0.49999999999999983
Tomato,2005-05-01,83.55,112.76,116.87,31.27,2005,5,37.42664580892183,4.109999999999999,0.49999999999999994,-0.8660254037844387
Tomato,2005-06-01,80.16,106.23,104.74,25.33,2005,6,31.59926197696859,-1.490000000000009,1.2246467991473532e-16,-1.0
Tomato,2005-07-01,83.68,105.06,113.45,25.57,2005,7,30.556846848892388,8.39,-0.4999999999999998,-0.8660254037844388
Tomato,2005-08-01,66.31,84.04,90.02,20.72,2005,8,31.24712524939639,5.97999999999999,-0.8660254037844384,-0.5000000000000004
Tomato,2005-09-01,62.63,83.87,88.96,23.78,2005,9,37.96896380494363,5.089999999999989,-1.0,-1.8369701987210297e-16
Tomato,2005-10-01,67.86,83.08,88.25,17.8,2005,10,26.23043585258495,5.170000000000002,-0.8660254037844386,0.5000000000000001
Tomato,2005-11-01,69.54,85.59,88.3,17.4,2005,11,25.021534337741812,2.7099999999999937,-0.5000000000000004,0.8660254037844384
Tomato,2005-12-01,74.91,103.97,105.61,29.88,2005,12,39.887812190879465,1.6400000000000006,-2.4492935982947064e-16,1.0
Tomato,2006-01-01,84.02,105.01,121.78,29.38,2006,1,34.967823175644874,16.769999999999996,0.49999999999999994,0.8660254037844387
Tomato,2006-02-01,84.81,105.32,118.28,26.99,2006,2,31.824039825445315,12.960000000000008,0.8660254037844386,0.5000000000000001
Tomato,2006-03-01,85.04,102.52,115.31,23.87,2006,3,28.06911092531641,12.790000000000006,1.0,6.123233995736766e-17
Tomato,2006-04-01,93.95,113.25,134.23,29.79,2006,4,31.708321758039638,20.97999999999999,0.8660254037844387,-0.49999999999999983
Tomato,2006-05-01,83.63,116.8,107.78,28.66,2006,5,34.269957826189376,-9.019999999999996,0.49999999999999994,-0.8660254037844387
Tomato,2006-06-01,70.31,87.26,101.35,23.99,2006,6,34.1202757498567,14.08999999999999,1.2246467991473532e-16,-1.0
Tomato,2006-07-01,80.89,109.51,106.82,27.28,2006,7,33.72476978023269,-2.690000000000012,-0.4999999999999998,-0.8660254037844388
Tomato,2006-08-01,75.78,95.67,104.88,24.49,2006,8,32.3171914526373,9.209999999999994,-0.8660254037844384,-0.5000000000000004
Tomato,2006-09-01,78.88,108.94,110.12,30.65,2006,9,38.85644161201621,1.1800000000000068,-1.0,-1.8369701987210297e-16
Tomato,2006-10-01,77.15,99.63,109.12,27.22,2006,10,35.281872609367966,9.490000000000009,-0.8660254037844386,0.5000000000000001
Tomato,2006-11-01,74.04,98.17,94.91,22.5,2006,11,30.388937886361578,-3.260000000000005,-0.5000000000000004,0.8660254037844384
Tomato,2006-12-01,81.9,108.92,118.51,31.82,2006,12,38.85221141366127,9.590000000000003,-2.4492935982947064e-16,1.0
Tomato,2007-01-01,74.78,94.19,95.55,20.09,2007,1,26.8654361253863,1.3599999999999994,0.49999999999999994,0.8660254037844387
Tomato,2007-02-01,89.94,107.98,115.75,21.93,2007,2,24.38289483778648,7.769999999999996,0.8660254037844386,0.5000000000000001
Tomato,2007-03-01,85.91,113.65,119.01,30.42,2007,3,35.4091078930184,5.359999999999999,1.0,6.123233995736766e-17
Tomato,2007-04-01,81.79,105.7,117.98,30.05,2007,4,36.74038789535653,12.280000000000001,0.8660254037844387,-0.49999999999999983
Tomato,2007-05-01,87.56,110.1,111.07,23.02,2007,5,26.290513601514842,0.9699999999999989,0.49999999999999994,-0.8660254037844387
Tomato,2007-06-01,96.19,132.72,131.48,35.91,2007,6,37.33232422047591,-1.240000000000009,1.2246467991473532e-16,-1.0
Tomato,2007-07-01,80.97,100.89,112.14,25.54,2007,7,31.54250766641019,11.25,-0.4999999999999998,-0.8660254037844388
Tomato,2007-08-01,82.27,98.83,118.44,26.36,2007,8,32.04080218694276,19.61,-0.8660254037844384,-0.5000000000000004
Tomato,2007-09-01,79.55,100.16,101.66,21.36,2007,9,26.851003329976958,1.5,-1.0,-1.8369701987210297e-16
Tomato,2007-10-01,82.28,110.05,106.28,25.88,2007,10,31.453534937366385,-3.769999999999996,-0.8660254037844386,0.5000000000000001
Tomato,2007-11-01,91.22,120.41,127.45,32.71,2007,11,35.85832508405494,7.040000000000006,-0.5000000000000004,0.8660254037844384
Tomato,2007-12-01,88.82,122.53,127.04,35.97,2007,12,40.49759007251737,4.510000000000005,-2.4492935982947064e-16,1.0
Tomato,2008-01-01,107.32,142.76,138.38,33.25,2008,1,30.98208070995089,-4.3799999999999955,0.49999999999999994,0.8660254037844387
Tomato,2008-02-01,82.05,100.99,117.18,27.04,2008,2,32.95547476480833,16.190000000000012,0.8660254037844386,0.5000000000000001
Tomato,2008-03-01,99.1,121.29,143.65,33.37,2008,3,33.673023538825895,22.36,1.0,6.123233995736766e-17
Tomato,2008-04-01,84.1,116.84,119.08,33.86,2008,4,40.261545467841295,2.239999999999995,0.8660254037844387,-0.49999999999999983
Tomato,2008-05-01,90.15,122.24,121.12,31.53,2008,5,34.975002800884305,-1.1199999999999903,0.49999999999999994,-0.8660254037844387
Tomato,2008-06-01,89.66,122.51,124.71,33.95,2008,6,37.865226561201695,2.1999999999999886,1.2246467991473532e-16,-1.0
Tomato,2008-07-01,88.43,110.7,125.56,29.7,2008,7,33.585849162219645,14.86,-0.4999999999999998,-0.8660254037844388
Tomato,2008-08-01,93.58,124.76,117.15,27.38,2008,8,29.258357278951397,-7.609999999999999,-0.8660254037844384,-0.5000000000000004
Tomato,2008-09-01,83.88,112.34,112.53,28.56,2008,9,34.048600323557075,0.18999999999999773,-1.0,-1.8369701987210297e-16
Tomato,2008-10-01,79.22,109.53,109.06,30.08,2008,10,37.97016161302497,-0.46999999999999886,-0.8660254037844386,0.5000000000000001
Tomato,2008-11-01,76.58,93.32,96.44,18.3,2008,11,23.896547536500997,3.1200000000000045,-0.5000000000000004,0.8660254037844384
Tomato,2008-12-01,93.29,120.77,120.02,27.1,2008,12,29.049170276374447,-0.75,-2.4492935982947064e-16,1.0
Tomato,2009-01-01,100.17,131.79,130.28,30.86,2009,1,30.807596278729875,-1.509999999999991,0.49999999999999994,0.8660254037844387
Tomato,2009-02-01,96.58,135.19,121.55,31.79,2009,2,32.91568345860068,-13.64,0.8660254037844386,0.5000000000000001
Tomato,2009-03-01,111.66,147.81,161.63,43.06,2009,3,38.56346179163372,13.819999999999993,1.0,6.123233995736766e-17
Tomato,2009-04-01,113.42,146.61,143.72,31.75,2009,4,27.993274560681925,-2.890000000000015,0.8660254037844387,-0.49999999999999983
Tomato,2009-05-01,123.62,159.7,168.22,40.34,2009,5,32.632233754866725,8.52000000000001,0.49999999999999994,-0.8660254037844387
Tomato,2009-06-01,84.95,115.34,116.27,30.85,2009,6,36.31543694474757,0.9299999999999926,1.2246467991473532e-16,-1.0
Tomato,2009-07-01,104.86,136.08,133.36,29.86,2009,7,28.476036166282505,-2.719999999999999,-0.4999999999999998,-0.8660254037844388
Tomato,2009-08-01,100.62,139.33,136.4,37.25,2009,8,37.020436274660824,-2.930000000000007,-0.8660254037844384,-0.5000000000000004
Tomato,2009-09-01,107.63,131.93,150.7,33.68,2009,9,31.29236152340284,18.769999999999982,-1.0,-1.8369701987210297e-16
Tomato,2009-10-01,80.88,112.34,108.69,29.64,2009,10,36.64683896285984,-3.6500000000000057,-0.8660254037844386,0.5000000000000001
Tomato,2009-11-01,114.56,145.88,156.62,36.69,2009,11,32.02685751845537,10.740000000000009,-0.5000000000000004,0.8660254037844384
Tomato,2009-12-01,93.14,122.64,117.55,26.96,2009,12,28.945642102595983,-5.090000000000003,-2.4492935982947064e-16,1.0
Tomato,2010-01-01,105.07,144.33,145.23,39.71,2010,1,37.7938157477722,0.8999999999999773,0.49999999999999994,0.8660254037844387
Tomato,2010-02-01,121.25,149.66,174.79,40.97,2010,2,33.789662853886306,25.129999999999995,0.8660254037844386,0.5000000000000001
Tomato,2010-03-01,99.41,127.64,135.63,32.22,2010,3,32.41119363123063,7.989999999999995,1.0,6.123233995736766e-17
Tomato,2010-04-01,103.9,137.77,138.37,34.17,2010,4,32.887360069913306,0.5999999999999943,0.8660254037844387,-0.49999999999999983
Tomato,2010-05-01,101.95,142.35,135.65,37.05,2010,5,36.34130814977131,-6.699999999999989,0.49999999999999994,-0.8660254037844387
Tomato,2010-06-01,109.89,145.6,144.36,35.09,2010,6,31.93190287387126,-1.2399999999999807,1.2246467991473532e-16,-1.0
Tomato,2010-07-01,107.67,142.32,136.55,31.76,2010,7,29.49751137966808,-5.769999999999982,-0.4999999999999998,-0.8660254037844388
Tomato,2010-08-01,96.42,128.5,130.23,32.94,2010,8,34.16300128292752,1.7299999999999898,-0.8660254037844384,-0.5000000000000004
Tomato,2010-09-01,86.43,106.43,118.43,26.0,2010,9,30.08211259734745,12.0,-1.0,-1.8369701987210297e-16
Tomato,2010-10-01,90.67,114.42,122.69,27.88,2010,10,30.748835613945495,8.269999999999996,-0.8660254037844386,0.5000000000000001
Tomato,2010-11-01,113.95,152.48,162.15,43.36,2010,11,38.05174370184844,9.670000000000016,-0.5000000000000004,0.8660254037844384
Tomato,2010-12-01,91.76,119.75,117.63,26.93,2010,12,29.348267929089,-2.1200000000000045,-2.4492935982947064e-16,1.0
Tomato,2011-01-01,116.17,142.43,151.65,30.87,2011,1,26.573102717480662,9.219999999999999,0.49999999999999994,0.8660254037844387
Tomato,2011-02-01,111.79,153.86,154.53,42.4,2011,2,37.928224413431955,0.6699999999999875,0.8660254037844386,0.5000000000000001
Tomato,2011-03-01,112.29,153.62,161.49,45.26,2011,3,40.306313735583096,7.8700000000000045,1.0,6.123233995736766e-17
Tomato,2011-04-01,143.51,176.94,207.72,48.82,2011,4,34.0185115890798,30.78,0.8660254037844387,-0.49999999999999983
Tomato,2011-05-01,140.42,191.63,194.69,52.74,2011,5,37.55872556706626,3.0600000000000023,0.49999999999999994,-0.8660254037844387
Tomato,2011-06-01,114.02,144.62,165.23,40.9,2011,6,35.87086838197827,20.609999999999985,1.2246467991473532e-16,-1.0
Tomato,2011-07-01,97.54,124.19,133.16,31.13,2011,7,31.915079029035233,8.969999999999999,-0.4999999999999998,-0.8660254037844388
Tomato,2011-08-01,106.71,146.41,135.89,34.44,2011,8,32.27435828473593,-10.52000000000001,-0.8660254037844384,-0.5000000000000004
Tomato,2011-09-01,96.41,133.17,133.62,36.98,2011,9,38.35697712169161,0.45000000000001705,-1.0,-1.8369701987210297e-16
Tomato,2011-10-01,107.19,138.15,147.23,35.5,2011,10,33.11873018123875,9.079999999999984,-0.8660254037844386,0.5000000000000001
Tomato,2011-11-01,119.33,160.96,166.16,44.23,2011,11,37.06525009197176,5.199999999999989,-0.5000000000000004,0.8660254037844384
Tomato,2011-12-01,102.0,123.22,139.47,29.34,2011,12,28.764677681688543,16.25,-2.4492935982947064e-16,1.0
Tomato,2012-01-01,105.67,132.67,136.98,29.15,2012,1,27.585854465927444,4.310000000000002,0.49999999999999994,0.8660254037844387
Tomato,2012-02-01,154.67,187.08,213.93,45.84,2012,2,29.63727313811784,26.849999999999994,0.8660254037844386,0.5000000000000001
Tomato,2012-03-01,118.19,162.12,166.63,46.18,2012,3,39.0726465245397,4.509999999999991,1.0,6.123233995736766e-17
Tomato,2012-04-01,119.91,148.54,157.28,33.0,2012,4,27.520617529299034,8.740000000000009,0.8660254037844387,-0.49999999999999983
Tomato,2012-05-01,109.02,132.84,136.51,25.66,2012,5,23.536944104802693,3.6699999999999875,0.49999999999999994,-0.8660254037844387
Tomato,2012-06-01,149.11,181.49,208.66,45.96,2012,6,30.82286176456189,27.169999999999987,1.2246467991473532e-16,-1.0
Tomato,2012-07-01,130.47,166.1,183.81,44.48,2012,7,34.09210232842621,17.710000000000008,-0.4999999999999998,-0.8660254037844388
Tomato,2012-08-01,146.83,204.17,188.33,49.42,2012,8,33.65794888105368,-15.839999999999975,-0.8660254037844384,-0.5000000000000004
Tomato,2012-09-01,109.25,134.74,144.26,30.25,2012,9,27.68876184095026,9.519999999999982,-1.0,-1.8369701987210297e-16
Tomato,2012-10-01,109.2,141.8,157.17,40.28,2012,10,36.886413107680305,15.369999999999976,-0.8660254037844386,0.5000000000000001
Tomato,2012-11-01,106.26,134.59,148.48,35.27,2012,11,33.19213891197166,13.889999999999986,-0.5000000000000004,0.8660254037844384
Tomato,2012-12-01,118.18,145.69,148.36,28.84,2012,12,24.403431711430265,2.670000000000016,-2.4492935982947064e-16,1.0
Tomato,2013-01-01,155.24,193.49,217.45,50.23,2013,1,32.356330613031034,23.95999999999998,0.49999999999999994,0.8660254037844387
Tomato,2013-02-01,146.54,200.11,212.15,59.59,2013,2,40.66463718804614,12.039999999999992,0.8660254037844386,0.5000000000000001
Tomato,2013-03-01,105.06,132.37,138.92,30.58,2013,3,29.107149146060202,6.549999999999983,1.0,6.123233995736766e-17
Tomato,2013-04-01,127.24,176.67,172.55,47.37,2013,4,37.228829590671495,-4.119999999999976,0.8660254037844387,-0.49999999999999983
Tomato,2013-05-01,152.0,193.88,215.02,52.45,2013,5,34.50655624568668,21.140000000000015,0.49999999999999994,-0.8660254037844387
Tomato,2013-06-01,102.25,141.1,129.86,33.23,2013,6,32.49874572249807,-11.23999999999998,1.2246467991473532e-16,-1.0
Tomato,2013-07-01,118.45,157.23,154.34,37.33,2013,7,31.515380738386877,-2.8899999999999864,-0.4999999999999998,-0.8660254037844388
Tomato,2013-08-01,130.08,174.47,170.56,42.43,2013,8,32.61836360826905,-3.9099999999999966,-0.8660254037844384,-0.5000000000000004
Tomato,2013-09-01,137.09,172.08,173.56,35.73,2013,9,26.063151168465115,1.4799999999999898,-1.0,-1.8369701987210297e-16
Tomato,2013-10-01,132.78,161.39,183.97,39.9,2013,10,30.04968364988428,22.580000000000013,-0.8660254037844386,0.5000000000000001
Tomato,2013-11-01,100.84,135.54,138.71,36.28,2013,11,35.97775091456673,3.170000000000016,-0.5000000000000004,0.8660254037844384
Tomato,2013-12-01,114.77,138.61,159.93,34.5,2013,12,30.060094048885556,21.319999999999993,-2.4492935982947064e-16,1.0
Tomato,2014-01-01,134.69,172.75,170.08,36.73,2014,1,27.27000722399048,-2.6699999999999875,0.49999999999999994,0.8660254037844387
Tomato,2014-02-01,171.27,228.75,220.11,53.16,2014,2,31.038692684829392,-8.639999999999986,0.8660254037844386,0.5000000000000001
Tomato,2014-03-01,133.84,169.12,170.34,35.89,2014,3,26.815580681723937,1.2199999999999989,1.0,6.123233995736766e-17
Tomato,2014-04-01,135.9,180.09,182.0,45.14,2014,4,33.21557526447736,1.9099999999999966,0.8660254037844387,-0.49999999999999983
Tomato,2014-05-01,115.72,159.39,165.16,46.55,2014,5,40.22637381059989,5.77000000000001,0.49999999999999994,-0.8660254037844387
Tomato,2014-06-01,147.37,179.87,195.21,40.17,2014,6,27.257903740310958,15.340000000000003,1.2246467991473532e-16,-1.0
Tomato,2014-07-01,138.62,183.36,190.62,48.37,2014,7,34.89392952392907,7.259999999999991,-0.4999999999999998,-0.8660254037844388
Tomato,2014-08-01,178.26,233.53,227.17,52.09,2014,8,29.2213456628825,-6.360000000000014,-0.8660254037844384,-0.5000000000000004
Tomato,2014-09-01,129.42,164.17,177.95,41.64,2014,9,32.17429131950911,13.780000000000001,-1.0,-1.8369701987210297e-16
Tomato,2014-10-01,159.93,211.94,219.23,55.65,2014,10,34.79645169983636,7.289999999999992,-0.8660254037844386,0.5000000000000001
Tomato,2014-11-01,122.45,150.57,166.38,36.02,2014,11,29.41606417634612,15.810000000000002,-0.5000000000000004,0.8660254037844384
Tomato,2014-12-01,138.54,166.37,198.42,43.86,2014,12,31.65870386985429,32.04999999999998,-2.4492935982947064e-16,1.0
Tomato,2015-01-01,152.29,203.03,211.04,54.74,2015,1,35.9445558181392,8.009999999999991,0.49999999999999994,0.8660254037844387
Tomato,2015-02-01,139.63,174.83,191.36,43.47,2015,2,31.132255867466974,16.53,0.8660254037844386,0.5000000000000001
Tomato,2015-03-01,169.51,205.15,228.78,47.46,2015,3,27.99833166283307,23.629999999999995,1.0,6.123233995736766e-17
Tomato,2015-04-01,162.16,214.48,218.09,54.12,2015,4,33.37442441143043,3.6100000000000136,0.8660254037844387,-0.49999999999999983
Tomato,2015-05-01,132.58,181.43,189.57,52.92,2015,5,39.91549259655106,8.139999999999986,0.49999999999999994,-0.8660254037844387
Tomato,2015-06-01,145.92,185.0,201.35,47.26,2015,6,32.387587453681846,16.349999999999994,1.2246467991473532e-16,-1.0
Tomato,2015-07-01,115.71,149.51,144.97,31.53,2015,7,27.249133826692745,-4.539999999999992,-0.4999999999999998,-0.8660254037844388
Tomato,2015-08-01,164.98,222.71,219.49,56.12,2015,8,34.01622377486739,-3.219999999999999,-0.8660254037844384,-0.5000000000000004
Tomato,2015-09-01,128.12,167.68,173.27,42.36,2015,9,33.06272786237288,5.590000000000003,-1.0,-1.8369701987210297e-16
Tomato,2015-10-01,175.89,214.48,254.71,58.71,2015,10,33.37879732855914,40.23000000000002,-0.8660254037844386,0.5000000000000001
Tomato,2015-11-01,109.8,146.56,156.04,41.5,2015,11,37.795958291476964,9.47999999999999,-0.5000000000000004,0.8660254037844384
Tomato,2015-12-01,105.46,138.16,147.35,37.3,2015,12,35.36882669369742,9.189999999999998,-2.4492935982947064e-16,1.0
Tomato,2016-01-01,179.77,235.28,237.06,56.4,2016,1,31.373404142290624,1.7800000000000011,0.49999999999999994,0.8660254037844387
Tomato,2016-02-01,146.6,182.25,185.69,37.37,2016,2,25.491114944669203,3.4399999999999977,0.8660254037844386,0.5000000000000001
Tomato,2016-03-01,177.35,239.62,225.58,55.25,2016,3,31.15306955000307,-14.039999999999992,1.0,6.123233995736766e-17
Tomato,2016-04-01,164.7,213.97,232.62,58.6,2016,4,35.57982053441376,18.650000000000006,0.8660254037844387,-0.49999999999999983
Tomato,2016-05-01,143.09,197.44,191.31,51.28,2016,5,35.837559691411215,-6.1299999999999955,0.49999999999999994,-0.8660254037844387
Tomato,2016-06-01,124.58,153.48,166.18,35.25,2016,6,28.295048727686044,12.700000000000017,1.2246467991473532e-16,-1.0
Tomato,2016-07-01,151.44,201.29,206.07,52.24,2016,7,34.495486994527866,4.780000000000001,-0.4999999999999998,-0.8660254037844388
Tomato,2016-08-01,172.43,240.82,217.42,56.69,2016,8,32.877090484781945,-23.400000000000006,-0.8660254037844384,-0.5000000000000004
Tomato,2016-09-01,127.6,163.03,184.91,46.37,2016,9,36.340096912149754,21.879999999999995,-1.0,-1.8369701987210297e-16
Tomato,2016-10-01,166.26,200.43,237.53,52.72,2016,10,31.709351792763268,37.099999999999994,-0.8660254037844386,0.5000000000000001
Tomato,2016-11-01,115.94,152.52,151.38,36.01,2016,11,31.059141746470804,-1.1400000000000148,-0.5000000000000004,0.8660254037844384
Tomato,2016-12-01,170.94,214.86,228.54,50.76,2016,12,29.694612323264113,13.679999999999978,-2.4492935982947064e-16,1.0
Tomato,2017-01-01,158.36,220.76,225.42,64.73,2017,1,40.87519520384238,4.659999999999997,0.49999999999999994,0.8660254037844387
Tomato,2017-02-01,149.6,206.1,200.37,53.64,2017,2,35.85559100562099,-5.72999999999999,0.8660254037844386,0.5000000000000001
Tomato,2017-03-01,141.62,176.43,181.13,37.16,2017,3,26.23921321902752,4.699999999999989,1.0,6.123233995736766e-17
Tomato,2017-04-01,166.89,204.47,221.07,45.88,2017,4,27.49114537051629,16.599999999999994,0.8660254037844387,-0.49999999999999983
Tomato,2017-05-01,214.65,288.42,298.61,78.87,2017,5,36.74351887094392,10.189999999999998,0.49999999999999994,-0.8660254037844387
Tomato,2017-06-01,177.16,220.01,246.73,56.21,2017,6,31.728363214967704,26.72,1.2246467991473532e-16,-1.0
Tomato,2017-07-01,139.17,177.22,188.59,43.74,2017,7,31.429164741564463,11.370000000000005,-0.4999999999999998,-0.8660254037844388
Tomato,2017-08-01,151.25,193.19,195.13,42.91,2017,8,28.37022917670798,1.9399999999999977,-0.8660254037844384,-0.5000000000000004
Tomato,2017-09-01,196.36,235.97,272.98,58.11,2017,9,29.593588514163514,37.01000000000002,-1.0,-1.8369701987210297e-16
Tomato,2017-10-01,128.38,154.79,171.42,34.72,2017,10,27.044689948052696,16.629999999999995,-0.8660254037844386,0.5000000000000001
Tomato,2017-11-01,126.77,170.56,180.23,48.62,2017,11,38.35289236184242,9.669999999999987,-0.5000000000000004,0.8660254037844384
Tomato,2017-12-01,183.59,237.58,243.11,56.76,2017,12,30.91669975668622,5.530000000000001,-2.4492935982947064e-16,1.0
Tomato,2018-01-01,188.68,238.9,258.62,60.08,2018,1,31.842255754581426,19.72,0.49999999999999994,0.8660254037844387
Tomato,2018-02-01,174.45,213.88,245.93,55.46,2018,2,31.79132600095959,32.05000000000001,0.8660254037844386,0.5000000000000001
Tomato,2018-03-01,241.51,330.14,327.38,87.25,2018,3,36.126853493911845,-2.759999999999991,1.0,6.123233995736766e-17
Tomato,2018-04-01,141.74,171.97,177.49,32.99,2018,4,23.27499416184975,5.52000000000001,0.8660254037844387,-0.49999999999999983
Tomato,2018-05-01,135.49,180.81,173.07,41.45,2018,5,30.592641085953883,-7.740000000000009,0.49999999999999994,-0.8660254037844387
Tomato,2018-06-01,206.11,271.27,276.16,67.6,2018,6,32.79800456163962,4.890000000000043,1.2246467991473532e-16,-1.0
Tomato,2018-07-01,201.23,249.22,263.34,55.05,2018,7,27.356742356138568,14.119999999999976,-0.4999999999999998,-0.8660254037844388
Tomato,2018-08-01,132.23,164.93,176.76,38.62,2018,8,29.206663233257785,11.829999999999984,-0.8660254037844384,-0.5000000000000004
Tomato,2018-09-01,202.85,250.11,267.75,56.08,2018,9,27.646030245979663,17.639999999999986,-1.0,-1.8369701987210297e-16
Tomato,2018-10-01,167.15,215.17,236.87,58.87,2018,10,35.2198413282433,21.700000000000017,-0.8660254037844386,0.5000000000000001
Tomato,2018-11-01,130.24,173.15,173.87,43.27,2018,11,33.22325458902443,0.7199999999999989,-0.5000000000000004,0.8660254037844384
Tomato,2018-12-01,175.7,241.53,238.62,64.38,2018,12,36.64198256005546,-2.9099999999999966,-2.4492935982947064e-16,1.0
Tomato,2019-01-01,224.1,288.32,284.82,62.47,2019,1,27.87593579833298,-3.5,0.49999999999999994,0.8660254037844387
Tomato,2019-02-01,203.32,278.92,267.44,69.86,2019,2,34.359613240402695,-11.480000000000018,0.8660254037844386,0.5000000000000001
Tomato,2019-03-01,213.14,277.52,286.33,68.78,2019,3,32.269854429082095,8.810000000000002,1.0,6.123233995736766e-17
Tomato,2019-04-01,178.39,249.09,252.52,72.42,2019,4,40.596423232006714,3.430000000000007,0.8660254037844387,-0.49999999999999983
Tomato,2019-05-01,243.87,303.07,353.59,84.46,2019,5,34.63319201492926,50.51999999999998,0.49999999999999994,-0.8660254037844387
Tomato,2019-06-01,137.43,167.65,185.34,39.06,2019,6,28.421721296862913,17.689999999999998,1.2246467991473532e-16,-1.0
Tomato,2019-07-01,148.24,206.47,198.07,54.03,2019,7,36.447627868572674,-8.400000000000006,-0.4999999999999998,-0.8660254037844388
Tomato,2019-08-01,150.88,190.92,203.34,46.25,2019,8,30.653479153314457,12.420000000000016,-0.8660254037844384,-0.5000000000000004
Tomato,2019-09-01,214.05,286.25,297.25,77.7,2019,9,36.29991296430134,11.0,-1.0,-1.8369701987210297e-16
Tomato,2019-10-01,150.06,198.97,214.53,56.69,2019,10,37.7781968691211,15.560000000000002,-0.8660254037844386,0.5000000000000001
Tomato,2019-11-01,193.97,245.6,257.51,57.58,2019,11,29.684987531583474,11.909999999999997,-0.5000000000000004,0.8660254037844384
Tomato,2019-12-01,147.73,194.61,185.96,42.56,2019,12,28.8092947882659,-8.650000000000006,-2.4492935982947064e-16,1.0
Tomato,2020-01-01,179.87,250.14,228.42,59.41,2020,1,33.02939176661379,-21.72,0.49999999999999994,0.8660254037844387
Tomato,2020-02-01,217.16,295.07,287.42,74.09,2020,2,34.11768552326141,-7.649999999999977,0.8660254037844386,0.5000000000000001
Tomato,2020-03-01,183.31,234.98,240.42,54.39,2020,3,29.671032856345615,5.439999999999998,1.0,6.123233995736766e-17
Tomato,2020-04-01,195.85,249.92,255.26,56.74,2020,4,28.971136598858006,5.340000000000003,0.8660254037844387,-0.49999999999999983
Tomato,2020-05-01,169.94,211.71,217.46,44.65,2020,5,26.27396359070049,5.75,0.49999999999999994,-0.8660254037844387
Tomato,2020-06-01,220.23,296.31,303.31,79.58,2020,6,36.13493341736665,7.0,1.2246467991473532e-16,-1.0
Tomato,2020-07-01,164.26,201.77,218.46,45.86,2020,7,27.919135566093047,16.689999999999998,-0.4999999999999998,-0.8660254037844388
Tomato,2020-08-01,205.15,248.91,274.0,56.3,2020,8,27.443320768549462,25.090000000000003,-0.8660254037844384,-0.5000000000000004
Tomato,2020-09-01,150.28,184.65,190.17,37.13,2020,9,24.707196761247832,5.519999999999982,-1.0,-1.8369701987210297e-16
Tomato,2020-10-01,214.78,293.6,270.01,67.03,2020,10,31.208664117392626,-23.590000000000032,-0.8660254037844386,0.5000000000000001
Tomato,2020-11-01,159.37,192.6,203.98,38.92,2020,11,24.42114298729812,11.379999999999995,-0.5000000000000004,0.8660254037844384
Tomato,2020-12-01,174.86,244.05,230.39,62.36,2020,12,35.662795572002985,-13.660000000000025,-2.4492935982947064e-16,1.0
Tomato,2021-01-01,171.92,215.22,247.66,59.52,2021,1,34.62073370129497,32.44,0.49999999999999994,0.8660254037844387
Tomato,2021-02-01,194.8,262.07,277.66,75.06,2021,2,38.53180773521163,15.590000000000032,0.8660254037844386,0.5000000000000001
Tomato,2021-03-01,264.26,329.87,333.79,67.57,2021,3,25.5695051958279,3.920000000000016,1.0,6.123233995736766e-17
Tomato,2021-04-01,264.11,342.36,357.14,85.64,2021,4,32.42587087733487,14.779999999999973,0.8660254037844387,-0.49999999999999983
Tomato,2021-05-01,265.86,350.75,373.09,96.06,2021,5,36.13178510050963,22.339999999999975,0.49999999999999994,-0.8660254037844387
Tomato,2021-06-01,234.33,305.83,319.79,78.48,2021,6,33.491216023891084,13.960000000000036,1.2246467991473532e-16,-1.0
Tomato,2021-07-01,161.89,204.05,207.7,43.99,2021,7,27.172754850358366,3.6499999999999773,-0.4999999999999998,-0.8660254037844388
Tomato,2021-08-01,153.54,207.16,200.99,50.54,2021,8,32.91648240427094,-6.1699999999999875,-0.8660254037844384,-0.5000000000000004
Tomato,2021-09-01,245.24,325.64,315.27,75.21,2021,9,30.66790463712908,-10.370000000000005,-1.0,-1.8369701987210297e-16
Tomato,2021-10-01,179.63,248.98,260.41,75.07,2021,10,41.79143695850528,11.430000000000035,-0.8660254037844386,0.5000000000000001
Tomato,2021-11-01,197.76,253.51,269.88,63.94,2021,11,32.33210339193801,16.370000000000005,-0.5000000000000004,0.8660254037844384
Tomato,2021-12-01,184.1,251.13,241.74,62.34,2021,12,33.862013111345405,-9.389999999999986,-2.4492935982947064e-16,1.0
Tomato,2022-01-01,183.23,227.64,241.9,51.54,2022,1,28.128566212647378,14.26000000000002,0.49999999999999994,0.8660254037844387
Tomato,2022-02-01,182.3,254.24,251.08,70.36,2022,2,38.59570016692256,-3.1599999999999966,0.8660254037844386,0.5000000000000001
Tomato,2022-03-01,283.13,376.38,408.05,109.08,2022,3,38.52645833134662,31.670000000000016,1.0,6.123233995736766e-17
Tomato,2022-04-01,330.38,449.72,468.0,128.48,2022,4,38.88854080496979,18.279999999999973,0.8660254037844387,-0.49999999999999983
Tomato,2022-05-01,188.19,249.02,242.4,57.52,2022,5,30.564838426676005,-6.6200000000000045,0.49999999999999994,-0.8660254037844387
Tomato,2022-06-01,209.73,288.25,266.31,67.55,2022,6,32.20806169453026,-21.939999999999998,1.2246467991473532e-16,-1.0
Tomato,2022-07-01,198.82,241.61,262.15,53.06,2022,7,26.687442567426533,20.539999999999964,-0.4999999999999998,-0.8660254037844388
Tomato,2022-08-01,171.95,219.96,231.94,54.0,2022,8,31.404459782227516,11.97999999999999,-0.8660254037844384,-0.5000000000000004
Tomato,2022-09-01,183.07,220.12,236.23,45.1,2022,9,24.635371914911282,16.109999999999985,-1.0,-1.8369701987210297e-16
Tomato,2022-10-01,169.84,231.48,239.48,65.64,2022,10,38.64811666973818,8.0,-0.8660254037844386,0.5000000000000001
Tomato,2022-11-01,155.21,213.11,198.78,50.74,2022,11,32.691171515255775,-14.330000000000013,-0.5000000000000004,0.8660254037844384
Tomato,2022-12-01,255.43,356.73,367.88,106.88,2022,12,41.84315004378888,11.149999999999977,-2.4492935982947064e-16,1.0
Tomato,2023-01-01,244.69,342.21,348.68,100.76,2023,1,41.178617361307225,6.470000000000027,0.49999999999999994,0.8660254037844387
Tomato,2023-02-01,177.36,225.84,226.62,48.87,2023,2,27.554111663220755,0.7800000000000011,0.8660254037844386,0.5000000000000001
Tomato,2023-03-01,166.81,214.87,209.82,45.54,2023,3,27.300505185237583,-5.050000000000011,1.0,6.123233995736766e-17
Tomato,2023-04-01,245.98,302.19,322.87,66.55,2023,4,27.0550341267444,20.680000000000007,0.8660254037844387,-0.49999999999999983
Tomato,2023-05-01,297.46,383.73,421.79,105.3,2023,5,35.399705708429465,38.06,0.49999999999999994,-0.8660254037844387
Tomato,2023-06-01,187.0,254.7,259.45,70.07,2023,6,37.47056819755711,4.75,1.2246467991473532e-16,-1.0
Tomato,2023-07-01,166.75,224.85,230.32,60.83,2023,7,36.479738243035534,5.469999999999999,-0.4999999999999998,-0.8660254037844388
Tomato,2023-08-01,255.41,323.74,353.76,83.34,2023,8,32.62987642227147,30.019999999999982,-0.8660254037844384,-0.5000000000000004
Tomato,2023-09-01,255.75,330.68,353.14,86.16,2023,9,33.689136387434445,22.45999999999998,-1.0,-1.8369701987210297e-16
Tomato,2023-10-01,286.95,362.0,388.84,88.47,2023,10,30.83114450909758,26.839999999999975,-0.8660254037844386,0.5000000000000001
Tomato,2023-11-01,225.7,304.81,307.17,80.29,2023,11,35.57375473028147,2.3600000000000136,-0.5000000000000004,0.8660254037844384
Tomato,2023-12-01,298.76,366.63,418.94,94.02,2023,12,31.4700657818765,52.31,-2.4492935982947064e-16,1.0
Tomato,2024-01-01,205.34,256.56,267.89,56.88,2024,1,27.700385847674173,11.329999999999984,0.49999999999999994,0.8660254037844387
Tomato,2024-02-01,273.06,338.88,362.1,77.43,2024,2,28.356394800998025,23.220000000000027,0.8660254037844386,0.5000000000000001
Tomato,2024-03-01,245.44,321.51,323.91,77.27,2024,3,31.482223157503604,2.400000000000034,1.0,6.123233995736766e-17
Tomato,2024-04-01,315.75,431.83,452.5,126.42,2024,4,40.037992070311304,20.670000000000016,0.8660254037844387,-0.49999999999999983
Tomato,2024-05-01,298.11,383.47,392.04,89.65,2024,5,30.072781834630902,8.569999999999993,0.49999999999999994,-0.8660254037844387
Tomato,2024-06-01,281.3,374.78,363.56,87.87,2024,6,31.237102297510738,-11.21999999999997,1.2246467991473532e-16,-1.0
Tomato,2024-07-01,291.3,368.32,399.42,92.57,2024,7,31.778224586946585,31.100000000000023,-0.4999999999999998,-0.8660254037844388
Tomato,2024-08-01,186.0,226.77,250.49,52.63,2024,8,28.295683711998006,23.72,-0.8660254037844384,-0.5000000000000004
Tomato,2024-09-01,198.86,242.95,252.81,49.02,2024,9,24.650495499097104,9.860000000000014,-1.0,-1.8369701987210297e-16
Tomato,2024-10-01,304.76,399.05,421.77,105.65,2024,10,34.666611541340224,22.71999999999997,-0.8660254037844386,0.5000000000000001
Tomato,2024-11-01,161.17,199.24,223.99,50.45,2024,11,31.302332132324796,24.75,-0.5000000000000004,0.8660254037844384
Tomato,2024-12-01,260.19,332.0,330.84,71.23,2024,12,27.37613767779789,-1.160000000000025,-2.4492935982947064e-16,1.0
Tomato,2025-01-01,263.22,335.54,349.17,79.13,2025,1,30.062293874973832,13.629999999999995,0.49999999999999994,0.8660254037844387
Tomato,2025-02-01,311.95,375.12,396.33,73.78,2025,2,23.651218576304352,21.20999999999998,0.8660254037844386,0.5000000000000001
Tomato,2025-03-01,192.12,238.99,240.76,47.76,2025,3,24.859449896184728,1.7699999999999818,1.0,6.123233995736766e-17
Tomato,2025-04-01,316.34,411.31,454.44,116.54,2025,4,36.840097098028366,43.129999999999995,0.8660254037844387,-0.49999999999999983
Tomato,2025-05-01,197.17,264.33,272.45,71.22,2025,5,36.12109543992725,8.120000000000005,0.49999999999999994,-0.8660254037844387
Tomato,2025-06-01,194.21,261.32,279.52,76.21,2025,6,39.24100754801114,18.19999999999999,1.2246467991473532e-16,-1.0
Tomato,2025-07-01,226.98,298.64,319.38,82.03,2025,7,36.13973207342846,20.74000000000001,-0.4999999999999998,-0.8660254037844388
Tomato,2025-08-01,208.7,252.6,289.64,62.42,2025,8,29.908945898923868,37.03999999999999,-0.8660254037844384,-0.5000000000000004
