crop_name,date,farm_price,retail_price_pettah,retail_price_dambulla,average_spread,year,month,spread_pct,dambulla_premium,month_sin,month_cos,temp_mean,temp_max,temp_min,rain_sum,rain_days,sunshine_mean_hours,radiation_mean,et0_mean,wind_speed_max,farm_price_lag1,farm_price_lag2,farm_price_lag3,farm_price_ma3,rain_sum_lag1,rain_sum_lag2,temp_mean_lag1
Beans,2010-01-01,88.38,121.54,127.95,36.37,2010,1,41.151797746325244,6.409999999999997,0.49999999999999994,0.8660254037844387,24.38219832735962,33.2,13.1,74.89629629629628,11.555555555555555,10.191066301606265,18.25299880525687,3.817479091995221,31.1,88.38,88.38,88.38,88.38,74.89629629629628,74.89629629629628,24.38219832735962
Beans,2010-02-01,99.78,119.77,138.79,29.5,2010,2,29.565013464608676,19.019999999999996,0.8660254037844386,0.5000000000000001,25.346428571428575,36.5,12.6,27.08888888888889,5.0,10.081776940035274,20.48521164021164,4.425886243386243,31.2,88.38,88.38,88.38,94.08,74.89629629629628,74.89629629629628,24.38219832735962
Beans,2010-03-01,94.49,128.47,136.98,38.24,2010,3,40.46984816398756,8.509999999999991,1.0,6.123233995736766e-17,26.880884109916366,37.2,12.9,62.329629629629636,9.666666666666666,10.952022939068101,22.906750298685782,5.054336917562724,28.3,99.78,88.38,88.38,94.21666666666665,27.08888888888889,74.89629629629628,25.346428571428575
Beans,2010-04-01,96.26,127.23,139.19,36.95,2010,4,38.38558239602909,11.959999999999994,0.8660254037844387,-0.49999999999999983,26.98037037037037,36.3,15.0,183.96666666666667,21.77777777777778,10.057895030864195,20.685123456790123,4.393654320987655,28.8,94.49,99.78,88.38,96.84333333333332,62.329629629629636,27.08888888888889,26.880884109916366
Beans,2010-05-01,85.56,106.08,122.74,28.85,2010,5,33.718988173225604,16.659999999999997,0.49999999999999994,-0.8660254037844387,26.86762246117085,35.5,15.9,171.74074074074073,22.51851851851852,9.573050126111776,18.505292712066908,4.026881720430108,48.0,96.26,94.49,99.78,92.10333333333334,183.96666666666667,62.329629629629636,26.98037037037037
Beans,2010-06-01,104.19,130.7,150.34,36.33,2010,6,34.8689558796853,19.640000000000015,1.2246467991473532e-16,-1.0,26.621975308641975,37.0,16.0,161.88888888888889,20.51851851851852,9.854107297668039,18.50595061728395,4.217641975308642,47.1,85.56,96.26,94.49,95.33666666666666,171.74074074074073,183.96666666666667,26.86762246117085
Beans,2010-07-01,93.76,114.16,132.8,29.72,2010,7,31.697918410923194,18.640000000000015,-0.4999999999999998,-0.8660254037844388,26.288530465949822,35.5,14.8,127.11111111111111,19.666666666666668,9.882708134209476,18.813775388291518,4.249342891278375,40.1,104.19,85.56,96.26,94.50333333333333,161.88888888888889,171.74074074074073,26.621975308641975
Beans,2010-08-01,114.5,155.95,161.81,44.38,2010,8,38.75979147616465,5.860000000000014,-0.8660254037844384,-0.5000000000000004,26.09295101553166,36.0,14.8,145.3,19.40740740740741,9.287111814682067,17.983154121863798,4.0579689366786145,40.0,93.76,104.19,85.56,104.14999999999999,127.11111111111111,161.88888888888889,26.288530465949822
Beans,2010-09-01,80.21,104.01,111.39,27.49,2010,9,34.27249186823106,7.3799999999999955,-1.0,-1.8369701987210297e-16,25.68567901234568,35.3,14.6,185.2185185185185,21.962962962962962,8.915182475994513,18.153679012345677,3.9281604938271606,37.0,114.5,93.76,104.19,96.15666666666668,145.3,127.11111111111111,26.09295101553166
Beans,2010-10-01,85.22,112.47,107.9,24.97,2010,10,29.30059927176804,-4.569999999999993,-0.8660254037844386,0.5000000000000001,25.488291517323777,36.2,12.8,210.63703703703703,19.333333333333332,9.755867881322182,18.504074074074072,3.9231541218637993,37.9,80.21,114.5,93.76,93.31,185.2185185185185,145.3,25.68567901234568
Beans,2010-11-01,100.55,125.91,133.23,29.02,2010,11,28.86123434984152,7.319999999999993,-0.5000000000000004,0.8660254037844384,24.464197530864197,32.2,13.7,375.0592592592592,26.703703703703702,8.210342170781892,14.95035802469136,3.0094691358024694,31.7,85.22,80.21,114.5,88.66000000000001,210.63703703703703,185.2185185185185,25.488291517323777
Beans,2010-12-01,82.3,109.71,104.2,24.66,2010,12,29.96351158747073,-5.509999999999991,-2.4492935982947064e-16,1.0,23.63237753882915,30.4,12.3,478.24074074074076,25.444444444444443,6.248732145227664,12.087502986857825,2.504826762246117,44.1,100.55,85.22,80.21,89.35666666666667,375.0592592592592,210.63703703703703,24.464197530864197
Beans,2011-01-01,100.53,135.62,133.76,34.16,2011,1,33.97987269484462,-1.8600000000000136,0.49999999999999994,0.8660254037844387,23.309318996415772,29.9,10.0,377.9555555555555,21.25925925925926,6.860116985264835,13.278458781362007,2.7479689366786144,39.8,82.3,100.55,85.22,94.46,478.24074074074076,375.0592592592592,23.63237753882915
Beans,2011-02-01,118.36,151.67,149.81,32.38,2011,2,27.357192161885635,-1.8599999999999852,0.8660254037844386,0.5000000000000001,24.098148148148148,31.7,13.1,281.75555555555553,14.185185185185185,8.1077059707525,16.28414021164021,3.3464021164021167,36.3,100.53,82.3,100.55,100.39666666666666,377.9555555555555,478.24074074074076,23.309318996415772
Beans,2011-03-01,119.79,164.0,167.72,46.07,2011,3,38.45893775862947,3.719999999999999,1.0,6.123233995736766e-17,25.415890083632018,35.7,12.7,79.2925925925926,16.074074074074073,10.637956013540423,21.56808841099164,4.439450418160096,30.5,118.36,100.53,82.3,112.89333333333333,281.75555555555553,377.9555555555555,24.098148148148148
Beans,2011-04-01,113.29,158.04,143.9,37.68,2011,4,33.25974643856788,-14.139999999999986,0.8660254037844387,-0.49999999999999983,25.76320987654321,35.7,13.0,207.73703703703703,22.962962962962962,9.720265562414264,20.033617283950615,4.145567901234568,31.5,119.79,118.36,100.53,117.14666666666666,79.2925925925926,281.75555555555553,25.415890083632018
Beans,2011-05-01,104.04,127.4,144.49,31.9,2011,5,30.661254650850967,17.090000000000003,0.49999999999999994,-0.8660254037844387,26.61373954599761,35.7,14.2,81.60740740740741,17.333333333333332,10.89341501061994,21.225173237753886,4.574217443249701,40.8,113.29,119.79,118.36,112.37333333333333,207.73703703703703,79.2925925925926,25.76320987654321
Beans,2011-06-01,100.32,129.33,130.42,29.56,2011,6,29.465680357176677,1.089999999999975,1.2246467991473532e-16,-1.0,26.950493827160496,37.0,14.5,60.029629629629625,13.777777777777779,10.838705425240056,20.47843209876543,4.773728395061728,44.2,104.04,113.29,119.79,105.88333333333333,81.60740740740741,207.73703703703703,26.61373954599761
Beans,2011-07-01,93.5,118.42,118.45,24.94,2011,7,26.67376826334945,0.030000000000001137,-0.4999999999999998,-0.8660254037844388,26.418040621266428,35.6,15.1,114.77407407407408,19.77777777777778,10.305884322315148,19.09958183990442,4.394587813620071,43.6,100.32,104.04,113.29,99.28666666666668,60.029629629629625,81.60740740740741,26.950493827160496
Beans,2011-08-01,111.5,152.06,143.99,36.53,2011,8,32.76230245533412,-8.069999999999993,-0.8660254037844384,-0.5000000000000004,26.163201911589006,35.5,14.9,123.93333333333332,21.444444444444443,10.277780177220231,19.317921146953406,4.386236559139785,41.5,93.5,100.32,104.04,101.77333333333333,114.77407407407408,60.029629629629625,26.418040621266428
Beans,2011-09-01,91.12,121.58,131.32,35.33,2011,9,38.77300398046095,9.739999999999995,-1.0,-1.8369701987210297e-16,26.394567901234566,36.8,13.5,128.13333333333335,16.77777777777778,10.440950826474623,20.307703703703705,4.630888888888889,41.0,111.5,93.5,100.32,98.70666666666666,123.93333333333332,114.77407407407408,26.163201911589006
Beans,2011-10-01,98.53,129.39,141.38,36.85,2011,10,37.399738760033735,11.990000000000009,-0.8660254037844386,0.5000000000000001,25.554599761051374,36.4,14.0,290.7444444444444,25.25925925925926,9.106757062259392,17.938697729988053,3.7755077658303464,29.1,91.12,111.5,93.5,100.38333333333333,128.13333333333335,123.93333333333332,26.394567901234566
Beans,2011-11-01,105.76,145.3,132.53,33.16,2011,11,31.353979430806127,-12.77000000000001,-0.5000000000000004,0.8660254037844384,24.60037037037037,30.9,13.2,227.7037037037037,23.185185185185187,8.755125891632373,15.819074074074075,3.190111111111111,38.0,98.53,91.12,111.5,98.47000000000001,290.7444444444444,128.13333333333335,25.554599761051374
Beans,2011-12-01,85.35,108.07,119.74,28.56,2011,12,33.46217520541862,11.670000000000002,-2.4492935982947064e-16,1.0,24.174551971326164,30.6,12.7,238.3296296296296,19.0,8.318002937076862,15.13463560334528,3.1733094384707288,41.7,105.76,98.53,91.12,96.54666666666667,227.7037037037037,290.7444444444444,24.60037037037037
Beans,2012-01-01,101.73,135.55,136.7,34.39,2012,1,33.80513731923983,1.1499999999999773,0.49999999999999994,0.8660254037844387,24.00310633213859,32.2,11.7,41.87407407407407,8.11111111111111,10.526879619673437,19.145698924731185,3.9631421744324973,32.9,85.35,105.76,98.53,97.61333333333334,238.3296296296296,227.7037037037037,24.174551971326164
Beans,2012-02-01,95.13,116.53,122.74,24.51,2012,2,25.76471589959435,6.209999999999994,0.8660254037844386,0.5000000000000001,24.737164750957856,33.1,11.5,88.37407407407407,11.62962962962963,9.96542747623102,19.20183908045977,4.065938697318008,34.4,101.73,85.35,105.76,94.07000000000001,41.87407407407407,238.3296296296296,24.00310633213859
Beans,2012-03-01,90.6,125.44,124.0,34.12,2012,3,37.66000258277861,-1.4399999999999977,1.0,6.123233995736766e-17,26.114814814814814,35.8,12.7,62.56666666666667,11.037037037037036,11.041847268684455,23.043142174432496,4.872556750298686,25.6,95.13,101.73,85.35,95.82,88.37407407407407,41.87407407407407,24.737164750957856
Beans,2012-04-01,120.51,149.51,166.43,37.46,2012,4,31.08453150399842,16.920000000000016,0.8660254037844387,-0.49999999999999983,26.094197530864196,35.0,14.2,151.7296296296296,22.814814814814813,9.937619732510289,19.906234567901233,4.172765432098766,34.8,90.6,95.13,101.73,102.08,62.56666666666667,88.37407407407407,26.114814814814814
Beans,2012-05-01,119.1,151.1,159.42,36.16,2012,5,30.36101564986091,8.319999999999993,0.49999999999999994,-0.8660254037844387,27.31612903225806,37.4,13.0,38.32962962962962,9.703703703703704,10.995511419753086,22.113142174432497,5.193488649940263,46.5,120.51,90.6,95.13,110.07,151.7296296296296,62.56666666666667,26.094197530864196
Beans,2012-06-01,104.07,128.06,150.34,35.13,2012,6,33.75609324868527,22.28,1.2246467991473532e-16,-1.0,26.930617283950617,37.3,15.5,72.88888888888889,15.481481481481481,10.494983017832647,19.584814814814816,4.750666666666667,44.5,119.1,120.51,90.6,114.56,38.32962962962962,151.7296296296296,27.31612903225806
Beans,2012-07-01,94.85,122.89,124.15,28.67,2012,7,30.22664182747304,1.2600000000000051,-0.4999999999999998,-0.8660254037844388,26.741338112305854,37.4,15.2,91.75555555555556,16.555555555555557,10.725608117615826,20.296356033452806,4.737252090800478,40.1,104.07,119.1,120.51,106.00666666666666,72.88888888888889,38.32962962962962,26.930617283950617
Beans,2012-08-01,89.44,117.33,118.05,28.25,2012,8,31.58538507895228,0.7199999999999989,-0.8660254037844384,-0.5000000000000004,26.55149342891278,37.0,14.8,106.80740740740741,18.14814814814815,10.462001473516526,19.9221027479092,4.753954599761052,40.9,94.85,104.07,119.1,96.11999999999999,91.75555555555556,72.88888888888889,26.741338112305854
Beans,2012-09-01,116.62,146.33,148.63,30.86,2012,9,26.461990685996668,2.299999999999983,-1.0,-1.8369701987210297e-16,26.46827160493827,36.9,14.8,113.72962962962963,19.25925925925926,10.030292259945131,19.901728395061728,4.575271604938272,38.2,89.44,94.85,104.07,100.30333333333333,106.80740740740741,91.75555555555556,26.55149342891278
Beans,2012-10-01,112.03,151.37,147.16,37.24,2012,10,33.241066463387966,-4.210000000000008,-0.8660254037844386,0.5000000000000001,25.311230585424134,38.1,13.8,449.9777777777778,25.77777777777778,8.247822464489579,16.84641577060932,3.593273596176822,46.0,116.62,89.44,94.85,106.03000000000002,113.72962962962963,106.80740740740741,26.46827160493827
Beans,2012-11-01,107.13,141.1,136.64,31.74,2012,11,29.627527650958974,-4.460000000000008,-0.5000000000000004,0.8660254037844384,24.764074074074077,31.6,14.0,291.1888888888889,20.59259259259259,8.831181690672153,16.15237037037037,3.3229135802469134,41.6,112.03,116.62,89.44,111.92666666666668,449.9777777777778,113.72962962962963,25.311230585424134
Beans,2012-12-01,111.65,150.1,145.92,36.36,2012,12,32.56602546706183,-4.180000000000007,-2.4492935982947064e-16,1.0,24.22437275985663,30.7,11.7,206.9148148148148,19.962962962962962,8.388824093986461,14.450955794504182,2.998279569892473,39.6,107.13,112.03,116.62,110.27,291.1888888888889,449.9777777777778,24.764074074074077
Beans,2013-01-01,95.83,123.29,134.38,33.01,2013,1,34.44637958219807,11.08999999999999,0.49999999999999994,0.8660254037844387,24.042652329749103,32.2,10.8,214.65925925925924,11.037037037037036,8.49450116155582,16.101481481481482,3.4447311827956986,31.9,111.65,107.13,112.03,104.87,206.9148148148148,291.1888888888889,24.22437275985663
Beans,2013-02-01,112.73,146.44,160.86,40.92,2013,2,36.29908959541418,14.420000000000016,0.8660254037844386,0.5000000000000001,24.672883597883597,32.8,12.2,111.08148148148148,13.11111111111111,9.777058847736626,19.015753968253968,3.9231613756613757,29.5,95.83,111.65,107.13,106.73666666666666,214.65925925925924,206.9148148148148,24.042652329749103
Beans,2013-03-01,111.17,137.29,157.32,36.13,2013,3,32.4997458849097,20.03,1.0,6.123233995736766e-17,25.66057347670251,34.6,13.9,153.78518518518518,18.25925925925926,10.352612066905616,20.766630824372758,4.285304659498208,26.6,112.73,95.83,111.65,106.57666666666667,111.08148148148148,214.65925925925924,24.672883597883597
Beans,2013-04-01,124.18,156.74,176.1,42.24,2013,4,34.015111922119566,19.359999999999985,0.8660254037844387,-0.49999999999999983,26.996913580246915,36.5,14.6,82.41111111111111,15.481481481481481,10.709399595336075,21.9620987654321,4.685876543209877,31.6,111.17,112.73,95.83,116.02666666666669,153.78518518518518,111.08148148148148,25.66057347670251
Beans,2013-05-01,135.22,168.62,188.65,43.42,2013,5,32.11061077458159,20.03,0.49999999999999994,-0.8660254037844387,26.8389486260454,36.3,14.9,143.0814814814815,19.74074074074074,9.638459176290986,19.227825567502986,4.32221027479092,45.7,124.18,111.17,112.73,123.52333333333333,82.41111111111111,153.78518518518518,26.996913580246915
Beans,2013-06-01,119.45,148.21,153.64,31.47,2013,6,26.345729304538047,5.429999999999978,1.2246467991473532e-16,-1.0,25.994074074074074,34.6,15.4,170.0888888888889,19.85185185185185,9.694006200274348,17.583827160493826,4.057296296296296,43.2,135.22,124.18,111.17,126.28333333333332,143.0814814814815,82.41111111111111,26.8389486260454
Beans,2013-07-01,120.04,161.79,159.27,40.49,2013,7,33.7303950929731,-2.519999999999982,-0.4999999999999998,-0.8660254037844388,26.04826762246117,36.2,15.2,102.04444444444444,17.0,10.26724616686579,18.919187574671447,4.3469414575866185,43.0,119.45,135.22,124.18,124.90333333333335,170.0888888888889,143.0814814814815,25.994074074074074
Beans,2013-08-01,131.06,172.69,186.34,48.46,2013,8,36.975402887682826,13.650000000000006,-0.8660254037844384,-0.5000000000000004,26.133213859020312,37.5,14.3,106.14444444444445,18.074074074074073,10.622712196336122,20.584492234169655,4.578936678614098,39.6,120.04,119.45,135.22,123.51666666666667,102.04444444444444,170.0888888888889,26.04826762246117
Beans,2013-09-01,106.43,133.26,150.1,35.25,2013,9,33.120329681171015,16.840000000000003,-1.0,-1.8369701987210297e-16,25.803086419753086,36.5,13.9,122.63703703703703,17.62962962962963,9.680483124142661,18.931222222222225,4.218827160493827,40.6,131.06,120.04,119.45,119.17666666666668,106.14444444444445,102.04444444444444,26.133213859020312
Beans,2013-10-01,114.46,154.88,144.97,35.47,2013,10,30.988964713467837,-9.909999999999997,-0.8660254037844386,0.5000000000000001,25.8415770609319,36.0,13.3,180.94444444444446,19.444444444444443,9.920446226602948,19.132138590203105,4.223010752688172,36.1,106.43,131.06,120.04,117.31666666666666,122.63703703703703,106.14444444444445,25.803086419753086
Beans,2013-11-01,98.9,126.55,141.58,35.16,2013,11,35.55102573202655,15.030000000000015,-0.5000000000000004,0.8660254037844384,24.765925925925927,31.5,12.4,167.89629629629633,20.22222222222222,9.901379499314128,17.46762962962963,3.5697901234567904,40.2,114.46,106.43,131.06,106.59666666666668,180.94444444444446,122.63703703703703,25.8415770609319
Beans,2013-12-01,122.64,161.27,157.51,36.75,2013,12,29.965728990762404,-3.7600000000000193,-2.4492935982947064e-16,1.0,24.01027479091995,31.3,13.1,162.94444444444446,15.481481481481481,8.190521113766096,14.278112305854242,3.0887574671445637,40.0,98.9,114.46,106.43,112.0,167.89629629629633,180.94444444444446,24.765925925925927
Beans,2014-01-01,112.36,155.45,152.08,41.4,2014,1,36.845819823941056,-3.369999999999976,0.49999999999999994,0.8660254037844387,23.94109916367981,32.5,11.7,131.15555555555554,13.555555555555555,9.34556176158237,16.36010752688172,3.4371804062126645,41.5,122.64,98.9,114.46,111.30000000000001,162.94444444444446,167.89629629629633,24.01027479091995
Beans,2014-02-01,142.26,191.49,185.54,46.26,2014,2,32.517902068113266,-5.950000000000017,0.8660254037844386,0.5000000000000001,24.89920634920635,35.9,9.7,18.8,5.333333333333333,10.92148025793651,21.56505291005291,4.585925925925926,29.6,112.36,122.64,98.9,125.75333333333333,131.15555555555554,162.94444444444446,23.94109916367981
Beans,2014-03-01,132.53,177.24,169.17,40.67,2014,3,30.68736837895693,-8.070000000000022,1.0,6.123233995736766e-17,26.361170848267623,37.2,12.2,34.196296296296296,5.925925925925926,10.952933014735166,22.873548387096776,5.147072879330945,28.1,142.26,112.36,122.64,129.04999999999998,18.8,131.15555555555554,24.89920634920635
Beans,2014-04-01,114.09,139.23,149.75,30.4,2014,4,26.64560728757359,10.52000000000001,0.8660254037844387,-0.49999999999999983,26.7458024691358,37.2,13.6,152.52592592592592,17.296296296296298,10.610301241426612,21.791827160493828,4.638111111111111,25.2,132.53,142.26,112.36,129.62666666666667,34.196296296296296,18.8,26.361170848267623
Beans,2014-05-01,121.61,158.5,174.73,45.0,2014,5,37.00350546541776,16.22999999999999,0.49999999999999994,-0.8660254037844387,26.574671445639186,35.2,15.0,169.88148148148144,20.51851851851852,9.93649666799416,19.42304659498208,4.1792592592592595,39.3,114.09,132.53,142.26,122.74333333333334,152.52592592592592,34.196296296296296,26.7458024691358
Beans,2014-06-01,110.3,154.01,156.4,44.9,2014,6,40.70712537885278,2.390000000000015,1.2246467991473532e-16,-1.0,27.230493827160494,36.2,15.6,75.25925925925925,15.444444444444445,10.797738693415639,20.258123456790127,4.799592592592592,41.0,121.61,114.09,132.53,115.33333333333333,169.88148148148144,152.52592592592592,26.574671445639186
Beans,2014-07-01,108.33,150.31,153.37,43.51,2014,7,40.16427567222775,3.0600000000000023,-0.4999999999999998,-0.8660254037844388,26.96941457586619,36.8,15.3,73.40370370370371,15.592592592592593,10.71005141046064,20.10921146953405,4.85078853046595,39.0,110.3,121.61,114.09,113.41333333333334,75.25925925925925,169.88148148148144,27.230493827160494
Beans,2014-08-01,128.93,167.65,185.09,47.44,2014,8,36.795131625586265,17.439999999999998,-0.8660254037844384,-0.5000000000000004,26.11589008363202,36.3,14.0,129.73703703703703,20.0,10.03903343289526,19.2368458781362,4.3563560334528075,41.8,108.33,110.3,121.61,115.85333333333334,73.40370370370371,75.25925925925925,26.96941457586619
Beans,2014-09-01,94.54,129.97,125.86,33.37,2014,9,35.297191350548594,-4.109999999999999,-1.0,-1.8369701987210297e-16,26.094814814814814,37.2,14.6,160.03333333333333,20.77777777777778,10.29222377914952,20.17385185185185,4.477555555555556,40.1,128.93,108.33,110.3,110.60000000000001,129.73703703703703,73.40370370370371,26.11589008363202
Beans,2014-10-01,112.86,150.4,154.76,39.72,2014,10,35.19401453658113,4.359999999999985,-0.8660254037844386,0.5000000000000001,25.124133811230585,33.5,14.5,379.1629629629629,28.074074074074073,8.895012322447897,17.07173237753883,3.4983512544802866,37.9,94.54,128.93,108.33,112.11000000000001,160.03333333333333,129.73703703703703,26.094814814814814
Beans,2014-11-01,121.36,147.65,158.86,31.9,2014,11,26.285410114197333,11.210000000000008,-0.5000000000000004,0.8660254037844384,24.40691358024691,31.6,12.9,339.6814814814815,22.88888888888889,7.338499725651578,14.214506172839506,2.9098148148148146,39.0,112.86,94.54,128.93,109.58666666666669,379.1629629629629,160.03333333333333,25.124133811230585
Beans,2014-12-01,123.07,148.91,169.16,35.97,2014,12,29.227245285410508,20.25,-2.4492935982947064e-16,1.0,23.95137395459976,30.7,13.6,532.0333333333333,27.037037037037038,6.568287976237887,12.152485065710872,2.4931780167264037,40.0,121.36,112.86,94.54,119.09666666666668,339.6814814814815,379.1629629629629,24.40691358024691
Beans,2015-01-01,123.33,148.03,165.8,33.59,2015,1,27.235849156045443,17.77000000000001,0.49999999999999994,0.8660254037844387,24.391756272401434,33.2,12.1,32.10740740740741,7.592592592592593,10.502823702376213,18.87594982078853,3.954408602150538,30.5,123.07,121.36,112.86,122.58666666666666,532.0333333333333,339.6814814814815,23.95137395459976
Beans,2015-02-01,149.93,180.71,211.25,46.05,2015,2,30.714312869797322,30.539999999999992,0.8660254037844386,0.5000000000000001,24.457010582010582,34.7,10.4,93.92592592592592,13.74074074074074,10.328361654908877,19.483002645502644,4.039828042328042,33.2,123.33,123.07,121.36,132.11,32.10740740740741,532.0333333333333,24.391756272401434
Beans,2015-03-01,150.17,197.48,189.03,43.09,2015,3,28.694127526052128,-8.449999999999989,1.0,6.123233995736766e-17,25.695579450418162,35.2,11.0,84.23703703703703,11.814814814814815,10.76329743130227,22.61729988052569,4.7389486260454,26.6,149.93,123.33,123.07,141.14333333333335,93.92592592592592,32.10740740740741,24.457010582010582
Beans,2015-04-01,160.22,220.89,204.36,52.4,2015,4,32.70501017038436,-16.529999999999973,0.8660254037844387,-0.49999999999999983,26.122839506172838,35.1,14.4,201.55555555555554,23.37037037037037,10.262591769547326,20.982123456790124,4.3398518518518525,24.6,150.17,149.93,123.33,153.44000000000003,84.23703703703703,93.92592592592592,25.695579450418162
Beans,2015-05-01,113.06,141.1,143.1,29.04,2015,5,25.685454019587812,2.0,0.49999999999999994,-0.8660254037844387,26.43094384707288,34.3,15.2,178.8259259259259,22.555555555555557,10.002322003185983,19.305830346475506,4.072939068100359,43.7,160.22,150.17,149.93,141.15,201.55555555555554,84.23703703703703,26.122839506172838
Beans,2015-06-01,108.38,136.05,142.97,31.13,2015,6,28.722985123652773,6.9199999999999875,1.2246467991473532e-16,-1.0,26.698024691358025,35.8,15.1,103.0037037037037,17.14814814814815,10.34859715020576,19.485444444444447,4.364913580246913,46.7,113.06,160.22,150.17,127.22000000000003,178.8259259259259,201.55555555555554,26.43094384707288
Beans,2015-07-01,103.3,134.01,144.91,36.16,2015,7,35.00480638450495,10.900000000000006,-0.4999999999999998,-0.8660254037844388,26.75627240143369,36.4,14.6,86.6962962962963,16.40740740740741,10.644947477764504,19.966547192353644,4.646487455197133,38.2,108.38,113.06,160.22,108.24666666666667,103.0037037037037,178.8259259259259,26.698024691358025
Beans,2015-08-01,141.17,170.99,177.21,32.93,2015,8,23.32646927359264,6.219999999999999,-0.8660254037844384,-0.5000000000000004,26.590083632019116,36.2,14.9,112.4962962962963,18.666666666666668,10.723101148280898,20.643727598566308,4.654898446833931,39.3,103.3,108.38,113.06,117.61666666666667,86.6962962962963,103.0037037037037,26.75627240143369
Beans,2015-09-01,140.68,171.6,180.65,35.44,2015,9,25.19190702878374,9.050000000000011,-1.0,-1.8369701987210297e-16,26.04555555555556,37.0,14.9,183.8777777777778,22.666666666666668,9.439200600137173,18.515641975308643,4.0424444444444445,40.8,141.17,103.3,108.38,128.38333333333335,112.4962962962963,86.6962962962963,26.590083632019116
Beans,2015-10-01,113.2,151.85,163.4,44.42,2015,10,39.240248020982314,11.550000000000011,-0.8660254037844386,0.5000000000000001,25.31935483870968,34.1,14.6,488.0888888888888,28.074074074074073,8.062620496482145,16.338637992831543,3.3829032258064515,38.6,140.68,141.17,103.3,131.68333333333334,183.8777777777778,112.4962962962963,26.04555555555556
Beans,2015-11-01,103.15,129.23,129.04,25.98,2015,11,25.18659700766165,-0.18999999999999773,-0.5000000000000004,0.8660254037844384,24.75172839506173,31.2,14.6,372.6592592592592,26.59259259259259,8.015063124142662,14.546234567901235,2.939864197530864,44.7,113.2,140.68,141.17,119.01000000000003,488.0888888888888,183.8777777777778,25.31935483870968
Beans,2015-12-01,127.92,174.15,161.23,39.77,2015,12,31.089719285710377,-12.920000000000016,-2.4492935982947064e-16,1.0,24.736081242532855,31.2,12.4,251.9148148148148,22.40740740740741,8.835831073277578,14.967132616487454,3.0635722819593787,33.3,103.15,113.2,140.68,114.7566666666667,372.6592592592592,488.0888888888888,24.75172839506173
Beans,2016-01-01,126.12,154.34,171.84,36.97,2016,1,29.31332912041776,17.5,0.49999999999999994,0.8660254037844387,24.99163679808841,33.6,12.4,32.54074074074074,8.11111111111111,10.499397992167795,18.714743130227,4.010071684587813,33.8,127.92,103.15,113.2,119.06333333333335,251.9148148148148,372.6592592592592,24.736081242532855
Beans,2016-02-01,168.45,210.43,230.18,51.86,2016,2,30.786565279569437,19.75,0.8660254037844386,0.5000000000000001,25.845466155810982,35.3,11.4,35.737037037037034,8.407407407407407,10.57882929615439,20.39846743295019,4.45367816091954,32.2,126.12,127.92,103.15,140.83,32.54074074074074,251.9148148148148,24.99163679808841
Beans,2016-03-01,143.84,173.0,192.89,39.1,2016,3,27.182962192045196,19.889999999999986,1.0,6.123233995736766e-17,27.301911589008363,37.4,14.2,35.2962962962963,8.0,11.166788357891942,23.19941457586619,5.134707287933094,26.7,168.45,126.12,127.92,146.13666666666668,35.737037037037034,32.54074074074074,25.845466155810982
Beans,2016-04-01,168.31,202.06,216.32,40.88,2016,4,24.28850080892353,14.259999999999991,0.8660254037844387,-0.49999999999999983,27.98493827160494,38.0,15.0,71.91111111111111,14.962962962962964,10.944782026748971,22.621925925925925,4.977925925925926,31.0,143.84,168.45,126.12,160.20000000000002,35.2962962962963,35.737037037037034,27.301911589008363
Beans,2016-05-01,125.35,153.67,176.95,39.96,2016,5,31.878714097555566,23.28,0.49999999999999994,-0.8660254037844387,26.69510155316607,35.9,16.0,460.4074074074074,24.11111111111111,8.456143664542678,16.913584229390683,3.669665471923536,45.5,168.31,143.84,168.45,145.83333333333337,71.91111111111111,35.2962962962963,27.98493827160494
Beans,2016-06-01,143.32,183.25,197.98,47.3,2016,6,33.00304702550444,14.72999999999999,1.2246467991473532e-16,-1.0,26.669629629629632,35.6,15.3,93.5,17.51851851851852,10.096888892318242,18.93088888888889,4.3085555555555555,46.9,125.35,168.31,143.84,145.66,460.4074074074074,71.91111111111111,26.69510155316607
Beans,2016-07-01,121.73,169.35,157.78,41.83,2016,7,34.3629061341443,-11.569999999999993,-0.4999999999999998,-0.8660254037844388,26.59390681003584,37.6,15.2,99.44074074074072,16.37037037037037,10.414703195937875,19.63237753882915,4.491517323775389,39.2,143.32,125.35,168.31,130.13333333333335,93.5,460.4074074074074,26.669629629629632
Beans,2016-08-01,141.65,189.01,199.69,52.7,2016,8,37.20435072054308,10.680000000000007,-0.8660254037844384,-0.5000000000000004,26.63811230585424,36.8,15.3,72.67407407407407,16.37037037037037,10.85600315279437,20.868924731182798,4.77041816009558,35.9,121.73,143.32,125.35,135.5666666666667,99.44074074074072,93.5,26.59390681003584
Beans,2016-09-01,126.53,160.8,165.53,36.64,2016,9,28.95753658615618,4.72999999999999,-1.0,-1.8369701987210297e-16,26.59493827160494,36.1,13.1,55.6074074074074,14.11111111111111,10.578944777091907,21.04641975308642,4.902024691358024,36.3,141.65,121.73,143.32,129.97000000000003,72.67407407407407,99.44074074074072,26.63811230585424
Beans,2016-10-01,128.38,175.79,164.13,41.58,2016,10,32.38819723617601,-11.659999999999997,-0.8660254037844386,0.5000000000000001,26.38183990442055,37.5,13.1,105.65555555555555,16.14814814814815,10.614833320058409,20.415555555555557,4.600657108721625,36.1,126.53,141.65,121.73,132.1866666666667,55.6074074074074,72.67407407407407,26.59493827160494
Beans,2016-11-01,125.59,175.49,165.58,44.95,2016,11,35.79103766937043,-9.909999999999997,-0.5000000000000004,0.8660254037844384,24.78827160493827,31.9,13.1,246.91111111111113,22.074074074074073,8.394442119341564,15.466246913580246,3.2081851851851853,36.7,128.38,126.53,141.65,126.83333333333336,105.65555555555555,55.6074074074074,26.38183990442055
Beans,2016-12-01,144.9,201.14,187.76,49.55,2016,12,34.19597363976974,-13.379999999999995,-2.4492935982947064e-16,1.0,24.54408602150538,32.1,12.8,73.35185185185185,12.407407407407407,10.276127943714323,17.85927120669056,3.706332138590203,46.2,125.59,128.38,126.53,132.95666666666668,246.91111111111113,105.65555555555555,24.78827160493827
Beans,2017-01-01,117.0,145.98,166.46,39.22,2017,1,33.52133887065054,20.480000000000018,0.49999999999999994,0.8660254037844387,24.014934289127837,35.0,5.3,146.84074074074073,12.88888888888889,9.398610291384575,18.306917562724013,3.93700119474313,30.0,144.9,125.59,128.38,129.16333333333336,73.35185185185185,246.91111111111113,24.54408602150538
Beans,2017-02-01,183.55,243.75,264.4,70.52,2017,2,38.42002810131947,20.649999999999977,0.8660254037844386,0.5000000000000001,24.398015873015876,36.2,6.3,48.577777777777776,8.407407407407407,10.132609402557318,20.729907407407406,4.400740740740741,35.9,117.0,144.9,125.59,148.48333333333338,146.84074074074073,73.35185185185185,24.014934289127837
Beans,2017-03-01,148.45,194.14,192.87,45.06,2017,3,30.35363398205862,-1.2699999999999818,1.0,6.123233995736766e-17,25.586977299880523,35.9,8.0,118.58148148148148,19.296296296296298,10.42839526417098,21.431254480286736,4.4047550776583035,31.8,183.55,117.0,144.9,149.66666666666669,48.577777777777776,146.84074074074073,24.398015873015876
Beans,2017-04-01,119.54,145.79,167.04,36.87,2017,4,30.84320658925331,21.25,0.8660254037844387,-0.49999999999999983,27.3,39.3,10.7,82.42962962962964,13.962962962962964,10.951856083676269,23.111493827160494,5.064864197530865,32.5,148.45,183.55,117.0,150.51333333333335,118.58148148148148,48.577777777777776,25.586977299880523
Beans,2017-05-01,186.47,226.66,244.21,48.96,2017,5,26.256220166128514,17.55000000000001,0.49999999999999994,-0.8660254037844387,27.174074074074074,37.8,12.0,166.72962962962958,21.666666666666668,9.881361147617152,19.387491039426525,4.414109916367981,42.2,119.54,148.45,183.55,151.48666666666668,82.42962962962964,118.58148148148148,27.3
Beans,2017-06-01,164.08,219.5,229.87,60.6,2017,6,36.933180806203794,10.370000000000005,1.2246467991473532e-16,-1.0,26.935555555555556,39.1,13.0,129.3,18.925925925925927,10.23791511659808,18.765913580246913,4.445913580246914,41.2,186.47,119.54,148.45,156.6966666666667,166.72962962962958,82.42962962962964,27.174074074074074
Beans,2017-07-01,163.44,205.19,216.63,47.47,2017,7,29.044279830959475,11.439999999999998,-0.4999999999999998,-0.8660254037844388,27.253405017921146,39.5,12.6,104.68148148148147,19.0,10.337333223815213,19.277873357228195,4.638351254480287,40.9,164.08,186.47,119.54,171.33,129.3,166.72962962962958,26.935555555555556
Beans,2017-08-01,146.3,199.87,188.97,48.12,2017,8,32.89129672501932,-10.900000000000006,-0.8660254037844384,-0.5000000000000004,26.511350059737158,38.4,11.7,160.82222222222222,21.40740740740741,9.4878531129696,18.38399044205496,4.242652329749104,40.0,163.44,164.08,186.47,157.94000000000003,104.68148148148147,129.3,27.253405017921146
Beans,2017-09-01,157.81,200.44,205.62,45.22,2017,9,28.654693204047142,5.180000000000007,-1.0,-1.8369701987210297e-16,25.927777777777777,37.8,11.4,173.06666666666663,20.51851851851852,9.282737726337448,18.361543209876544,4.028864197530864,41.8,146.3,163.44,164.08,155.85000000000002,160.82222222222222,104.68148148148147,26.511350059737158
Beans,2017-10-01,122.6,167.31,160.1,41.1,2017,10,33.52362681596508,-7.210000000000008,-0.8660254037844386,0.5000000000000001,25.738351254480285,36.7,11.7,266.72222222222223,26.0,8.75059341563786,16.79330943847073,3.6334767025089603,36.6,157.81,146.3,163.44,142.2366666666667,173.06666666666663,160.82222222222222,25.927777777777777
Beans,2017-11-01,152.09,190.38,197.81,42.0,2017,11,27.615209668479405,7.430000000000007,-0.5000000000000004,0.8660254037844384,24.537283950617287,32.7,10.3,389.05925925925936,24.85185185185185,7.012991056241426,14.044666666666666,2.8818641975308643,49.3,122.6,157.81,146.3,144.1666666666667,266.72222222222223,173.06666666666663,25.738351254480285
Beans,2017-12-01,155.45,196.07,204.79,44.98,2017,12,28.9353303728978,8.719999999999999,-2.4492935982947064e-16,1.0,24.322341696535243,32.1,10.0,117.70370370370371,16.48148148148148,9.467093986459577,16.48821983273596,3.3940023894862605,29.3,152.09,122.6,157.81,143.38,389.05925925925936,266.72222222222223,24.537283950617287
Beans,2018-01-01,205.01,271.23,270.26,65.74,2018,1,32.066712810734685,-0.9700000000000273,0.49999999999999994,0.8660254037844387,23.959976105137397,35.0,6.4,47.22592592592592,8.592592592592593,9.747279261250497,18.507001194743133,3.9380286738351256,30.8,155.45,152.09,122.6,170.85000000000002,117.70370370370371,389.05925925925936,24.322341696535243
Beans,2018-02-01,197.84,247.83,256.16,54.16,2018,2,27.375643259379668,8.330000000000013,0.8660254037844386,0.5000000000000001,24.76878306878307,36.0,9.3,73.10000000000001,12.37037037037037,10.333134461346267,20.12851851851852,4.31005291005291,30.5,205.01,155.45,152.09,186.1,47.22592592592592,117.70370370370371,23.959976105137397
Beans,2018-03-01,167.63,210.11,222.98,48.92,2018,3,29.1833029986858,12.869999999999976,1.0,6.123233995736766e-17,25.733811230585424,37.0,9.9,107.91851851851851,18.074074074074073,9.972489738484002,20.42831541218638,4.319008363201912,36.2,197.84,205.01,155.45,190.16,73.10000000000001,47.22592592592592,24.76878306878307
Beans,2018-04-01,191.97,256.12,248.03,60.1,2018,4,31.30695873992877,-8.090000000000003,0.8660254037844387,-0.49999999999999983,26.249382716049382,37.9,11.5,136.58148148148146,22.037037037037038,10.20821816872428,20.737827160493826,4.3362592592592595,23.7,167.63,197.84,205.01,185.81333333333336,107.91851851851851,73.10000000000001,25.733811230585424
Beans,2018-05-01,171.51,212.16,238.85,54.0,2018,5,31.48502624626771,26.689999999999998,0.49999999999999994,-0.8660254037844387,25.950896057347673,38.6,12.4,281.8703703703704,26.51851851851852,8.218543744192221,16.934659498207886,3.6000955794504184,40.4,191.97,167.63,197.84,177.03666666666666,136.58148148148146,107.91851851851851,26.249382716049382
Beans,2018-06-01,121.72,150.41,172.23,39.6,2018,6,32.533657136331634,21.819999999999993,1.2246467991473532e-16,-1.0,26.280740740740743,37.3,13.0,156.8148148148148,18.555555555555557,10.04098037037037,19.019024691358023,4.258370370370371,49.4,171.51,191.97,167.63,161.73333333333335,281.8703703703704,136.58148148148146,25.950896057347673
Beans,2018-07-01,152.96,186.01,201.03,40.56,2018,7,26.516719065952493,15.02000000000001,-0.4999999999999998,-0.8660254037844388,26.442771804062126,39.4,11.7,105.4074074074074,16.296296296296298,10.151720861542547,19.49703703703704,4.578888888888889,42.6,121.72,171.51,191.97,148.73000000000002,156.8148148148148,281.8703703703704,26.280740740740743
Beans,2018-08-01,154.47,195.44,217.78,52.14,2018,8,33.75410516339408,22.340000000000003,-0.8660254037844384,-0.5000000000000004,26.169295101553168,38.8,11.1,110.07037037037037,16.59259259259259,9.740048861675293,19.399438470728793,4.512031063321386,47.9,152.96,121.72,171.51,143.05,105.4074074074074,156.8148148148148,26.442771804062126
Beans,2018-09-01,150.76,187.07,208.58,47.07,2018,9,31.221788788943496,21.51000000000002,-1.0,-1.8369701987210297e-16,26.19975308641975,39.3,10.6,151.07407407407408,15.37037037037037,10.156860775034293,20.977728395061728,4.694456790123457,38.5,154.47,152.96,121.72,152.73000000000002,110.07037037037037,105.4074074074074,26.169295101553168
Beans,2018-10-01,153.36,205.47,196.95,47.85,2018,10,31.201075116669845,-8.52000000000001,-0.8660254037844386,0.5000000000000001,24.765232974910393,33.1,11.3,427.51111111111106,28.814814814814813,7.764433117615823,15.895244922341696,3.1759139784946235,27.5,150.76,154.47,152.96,152.86333333333334,151.07407407407408,110.07037037037037,26.19975308641975
Beans,2018-11-01,124.35,163.33,158.28,36.46,2018,11,29.320442846447246,-5.050000000000011,-0.5000000000000004,0.8660254037844384,24.50913580246914,32.8,9.6,364.6888888888889,24.037037037037038,8.268375205761318,15.564481481481481,3.120740740740741,46.7,153.36,150.76,154.47,142.82333333333335,427.51111111111106,151.07407407407408,24.765232974910393
Beans,2018-12-01,120.28,160.89,163.66,41.99,2018,12,34.91018048704649,2.7700000000000102,-2.4492935982947064e-16,1.0,24.27383512544803,31.5,9.3,116.16666666666667,15.777777777777779,9.064698848400372,16.77383512544803,3.3995579450418156,29.2,124.35,153.36,150.76,132.66333333333336,364.6888888888889,427.51111111111106,24.50913580246914
Beans,2019-01-01,163.43,225.04,216.38,57.28,2019,1,35.04862323403094,-8.659999999999997,0.49999999999999994,0.8660254037844387,24.212903225806453,35.7,6.4,50.925925925925924,9.703703703703704,10.277958074472322,19.057729988052568,4.049450418160095,29.6,120.28,124.35,153.36,136.02,116.16666666666667,364.6888888888889,24.27383512544803
Beans,2019-02-01,205.86,251.13,265.91,52.66,2019,2,25.580479170077155,14.78000000000003,0.8660254037844386,0.5000000000000001,25.137301587301586,36.0,8.5,137.72222222222223,15.962962962962964,10.223752781452086,19.592037037037038,4.077936507936508,35.1,163.43,120.28,124.35,163.19000000000003,50.925925925925924,116.16666666666667,24.212903225806453
Beans,2019-03-01,184.81,224.55,246.29,50.61,2019,3,27.38486695261785,21.73999999999998,1.0,6.123233995736766e-17,26.278972520908006,38.5,8.4,44.711111111111116,9.11111111111111,10.987465465286073,23.488016726403824,5.092640382317802,31.6,205.86,163.43,120.28,184.70000000000005,137.72222222222223,50.925925925925924,25.137301587301586
Beans,2019-04-01,205.75,268.35,290.42,73.64,2019,4,35.79099111008938,22.069999999999993,0.8660254037844387,-0.49999999999999983,27.08716049382716,38.0,11.1,118.6925925925926,15.88888888888889,9.605431121399178,20.82320987654321,4.5343580246913575,35.5,184.81,205.86,163.43,198.8066666666667,44.711111111111116,137.72222222222223,26.278972520908006
Beans,2019-05-01,153.34,192.66,214.06,50.02,2019,5,32.62029958243147,21.400000000000006,0.49999999999999994,-0.8660254037844387,27.60131421744325,38.8,11.4,71.44444444444444,14.62962962962963,10.562540979689366,20.850215053763442,4.868160095579451,41.0,205.75,184.81,205.86,181.30000000000004,118.6925925925926,44.711111111111116,27.08716049382716
Beans,2019-06-01,140.7,189.84,195.54,51.99,2019,6,36.95093322606026,5.699999999999989,1.2246467991473532e-16,-1.0,27.607407407407408,39.1,13.0,112.76666666666667,15.666666666666666,10.03913598079561,19.192456790123455,4.719913580246914,41.6,153.34,205.75,184.81,166.5966666666667,71.44444444444444,118.6925925925926,27.60131421744325
Beans,2019-07-01,157.73,219.63,218.05,61.11,2019,7,38.743397740824356,-1.579999999999984,-0.4999999999999998,-0.8660254037844388,27.097132616487453,39.8,11.0,91.35555555555555,15.296296296296296,10.36241189765034,19.905256869772998,4.747873357228196,49.2,140.7,153.34,205.75,150.59,112.76666666666667,71.44444444444444,27.607407407407408
Beans,2019-08-01,142.85,195.75,200.65,55.35,2019,8,38.74691022267398,4.900000000000006,-0.8660254037844384,-0.5000000000000004,26.305973715651135,38.5,12.5,207.83333333333334,20.703703703703702,8.75700611642108,17.228554360812424,4.048327359617682,42.5,157.73,140.7,153.34,147.09333333333336,91.35555555555555,112.76666666666667,27.097132616487453
Beans,2019-09-01,118.34,164.54,170.31,49.08,2019,9,41.473684744224485,5.77000000000001,-1.0,-1.8369701987210297e-16,25.829135802469136,38.0,12.3,217.9814814814815,24.333333333333332,9.308988034979423,18.34032098765432,3.9999135802469135,38.5,142.85,157.73,140.7,139.64000000000001,207.83333333333334,91.35555555555555,26.305973715651135
Beans,2019-10-01,153.63,201.86,214.7,54.65,2019,10,35.57245617883474,12.839999999999975,-0.8660254037844386,0.5000000000000001,24.684707287933094,33.0,11.5,446.2851851851852,29.22222222222222,7.022678955927252,15.168781362007168,3.057060931899642,27.0,118.34,142.85,157.73,138.27333333333334,217.9814814814815,207.83333333333334,25.829135802469136
Beans,2019-11-01,181.94,229.91,262.06,64.04,2019,11,35.19839771441261,32.150000000000006,-0.5000000000000004,0.8660254037844384,24.95012345679012,32.3,11.0,229.92962962962963,26.11111111111111,9.403515637860083,17.369481481481483,3.454716049382716,28.7,153.63,118.34,142.85,151.30333333333334,446.2851851851852,217.9814814814815,24.684707287933094
Beans,2019-12-01,176.38,220.71,225.68,46.82,2019,12,26.544944696142025,4.969999999999999,-2.4492935982947064e-16,1.0,24.533452807646356,31.6,9.9,222.0148148148148,23.40740740740741,8.656992559405284,15.23205495818399,3.0920310633213863,30.8,181.94,153.63,118.34,170.65,229.92962962962963,446.2851851851852,24.95012345679012
Beans,2020-01-01,160.48,215.04,214.16,54.12,2020,1,33.72380750011995,-0.8799999999999955,0.49999999999999994,0.8660254037844387,24.866427718040622,35.0,8.1,35.46296296296296,11.148148148148149,10.679307032390815,19.835232974910394,4.180872162485065,33.8,176.38,181.94,153.63,172.93333333333337,222.0148148148148,229.92962962962963,24.533452807646356
Beans,2020-02-01,183.42,232.77,230.35,48.14,2020,2,26.245760415570597,-2.420000000000016,0.8660254037844386,0.5000000000000001,25.54367816091954,37.1,8.7,39.285185185185185,8.333333333333334,10.903973052362709,21.708429118773946,4.827918263090677,40.7,160.48,176.38,181.94,173.42666666666665,35.46296296296296,222.0148148148148,24.866427718040622
Beans,2020-03-01,201.31,274.94,260.3,66.31,2020,3,32.939231563642366,-14.639999999999986,1.0,6.123233995736766e-17,26.619713261648748,37.0,9.0,30.65555555555556,7.592592592592593,11.034342954334264,23.400645161290324,5.168757467144564,35.0,183.42,160.48,176.38,181.73666666666668,39.285185185185185,35.46296296296296,25.54367816091954
Beans,2020-04-01,189.25,230.46,274.35,63.16,2020,4,33.37382648674954,43.890000000000015,0.8660254037844387,-0.49999999999999983,26.975061728395062,37.8,10.6,129.98888888888888,20.22222222222222,10.672721124828533,22.053827160493825,4.7376913580246915,28.1,201.31,183.42,160.48,191.32666666666668,30.65555555555556,39.285185185185185,26.619713261648748
Beans,2020-05-01,199.63,276.86,253.64,65.62,2020,5,32.870794534491544,-23.220000000000027,0.49999999999999994,-0.8660254037844387,27.07431302270012,37.3,13.4,184.54074074074074,22.074074074074073,9.019299054161689,18.124169653524493,4.016583034647551,43.8,189.25,201.31,183.42,196.73000000000002,129.98888888888888,30.65555555555556,26.975061728395062
Beans,2020-06-01,173.97,228.65,233.4,57.06,2020,6,32.79873955352098,4.75,1.2246467991473532e-16,-1.0,27.07012345679012,38.5,11.6,116.4074074074074,17.296296296296298,9.95355420781893,19.088296296296296,4.403753086419753,39.3,199.63,189.25,201.31,187.61666666666667,184.54074074074074,129.98888888888888,27.07431302270012
Beans,2020-07-01,179.59,233.81,250.09,62.36,2020,7,34.723517610380526,16.28,-0.4999999999999998,-0.8660254037844388,26.37574671445639,37.5,12.4,152.52592592592595,20.48148148148148,9.078961413115625,17.43378733572282,3.915722819593787,38.4,173.97,199.63,189.25,184.39666666666668,116.4074074074074,184.54074074074074,27.07012345679012
Beans,2020-08-01,196.65,235.98,274.6,58.64,2020,8,29.81946106307599,38.62000000000003,-0.8660254037844384,-0.5000000000000004,26.58183990442055,38.8,11.0,106.85185185185185,14.592592592592593,9.914153697066242,20.05278375149343,4.572078853046595,43.4,179.59,173.97,199.63,183.40333333333334,152.52592592592595,116.4074074074074,26.37574671445639
Beans,2020-09-01,130.23,166.96,186.67,46.59,2020,9,35.77513954147313,19.70999999999998,-1.0,-1.8369701987210297e-16,25.79074074074074,36.9,11.8,215.6814814814815,21.62962962962963,7.988970222908092,16.36483950617284,3.6884320987654324,41.5,196.65,179.59,173.97,168.82333333333335,106.85185185185185,152.52592592592595,26.58183990442055
Beans,2020-10-01,140.36,178.87,200.6,49.37,2020,10,35.17381364077112,21.72999999999999,-0.8660254037844386,0.5000000000000001,26.279091995221027,39.3,10.9,107.62592592592591,18.333333333333332,10.502320128103014,20.286403823178016,4.526618876941458,42.8,130.23,196.65,179.59,155.7466666666667,215.6814814814815,106.85185185185185,25.79074074074074
Beans,2020-11-01,189.7,239.23,242.53,51.18,2020,11,26.979427000829205,3.3000000000000114,-0.5000000000000004,0.8660254037844384,25.08407407407407,34.6,10.5,274.7851851851851,25.25925925925926,8.593452866941014,16.191395061728397,3.3017654320987653,33.0,140.36,130.23,196.65,153.43,107.62592592592591,215.6814814814815,26.279091995221027
Beans,2020-12-01,201.49,280.28,257.69,67.49,2020,12,33.49544220783056,-22.589999999999975,-2.4492935982947064e-16,1.0,24.260812425328552,32.2,9.4,328.14074074074074,22.962962962962962,8.186538195274128,15.054970131421745,3.0599641577060934,60.7,189.7,140.36,130.23,177.18333333333337,274.7851851851851,107.62592592592591,25.08407407407407
Beans,2021-01-01,214.94,266.01,284.67,60.4,2021,1,28.100852283961903,18.660000000000025,0.49999999999999994,0.8660254037844387,24.084109916367982,31.8,7.8,305.01111111111106,22.22222222222222,8.01223636001593,15.325017921146955,3.077658303464755,37.6,201.49,189.7,140.36,202.04333333333338,328.14074074074074,274.7851851851851,24.260812425328552
Beans,2021-02-01,197.3,259.39,279.65,72.22,2021,2,36.60413755492268,20.25999999999999,0.8660254037844386,0.5000000000000001,24.609920634920634,36.3,8.8,45.803703703703704,10.407407407407407,10.754679559817754,20.968068783068784,4.324074074074074,29.6,214.94,201.49,189.7,204.57666666666668,305.01111111111106,328.14074074074074,24.084109916367982
Beans,2021-03-01,178.11,238.25,234.32,58.17,2021,3,32.65957404998369,-3.930000000000007,1.0,6.123233995736766e-17,25.527240143369173,36.2,7.1,114.44814814814816,16.074074074074073,9.764480708217178,20.53426523297491,4.3707885304659495,30.8,197.3,214.94,201.49,196.7833333333334,45.803703703703704,305.01111111111106,24.609920634920634
Beans,2021-04-01,167.46,219.27,236.19,60.27,2021,4,35.99066285043423,16.919999999999987,0.8660254037844387,-0.49999999999999983,26.35074074074074,37.8,9.6,139.86296296296297,18.48148148148148,10.590717719478738,21.803691358024693,4.592555555555555,32.4,178.11,197.3,214.94,180.9566666666667,114.44814814814816,45.803703703703704,25.527240143369173
Beans,2021-05-01,149.91,204.74,195.26,50.09,2021,5,33.41335907320454,-9.480000000000018,0.49999999999999994,-0.8660254037844387,26.356152927120668,37.2,12.9,270.9185185185185,24.444444444444443,8.824277094119209,17.940095579450418,3.9063918757467144,45.5,167.46,178.11,197.3,165.16000000000003,139.86296296296297,114.44814814814816,26.35074074074074
Beans,2021-06-01,160.16,223.87,231.79,67.67,2021,6,42.25147212070922,7.9199999999999875,1.2246467991473532e-16,-1.0,26.42703703703704,37.8,11.7,135.70740740740743,16.88888888888889,10.241626052812071,19.585086419753086,4.388802469135802,39.5,149.91,167.46,178.11,159.1766666666667,270.9185185185185,139.86296296296297,26.356152927120668
Beans,2021-07-01,221.25,268.89,317.02,71.7,2021,7,32.40676501389152,48.129999999999995,-0.4999999999999998,-0.8660254037844388,26.480167264038233,38.1,11.5,152.8148148148148,19.074074074074073,10.035993359219434,19.093261648745518,4.372556750298686,45.4,160.16,149.91,167.46,177.10666666666668,135.70740740740743,270.9185185185185,26.42703703703704
Beans,2021-08-01,160.76,224.65,216.81,59.97,2021,8,37.304032530459985,-7.840000000000003,-0.8660254037844384,-0.5000000000000004,26.173357228195936,38.2,10.5,150.7037037037037,20.14814814814815,9.281493747510952,18.53409796893668,4.1990919952210275,37.9,221.25,160.16,149.91,180.72333333333336,152.8148148148148,135.70740740740743,26.480167264038233
Beans,2021-09-01,237.7,309.62,328.4,81.31,2021,9,34.206969201948176,18.779999999999973,-1.0,-1.8369701987210297e-16,26.211604938271606,37.8,11.8,158.91111111111113,21.48148148148148,9.599454698216736,19.07972839506173,4.259493827160494,47.1,160.76,221.25,160.16,206.57000000000002,150.7037037037037,152.8148148148148,26.173357228195936
Beans,2021-10-01,213.33,284.15,307.15,82.32,2021,10,38.58808485066101,23.0,-0.8660254037844386,0.5000000000000001,25.332138590203105,35.8,12.1,278.4,25.11111111111111,8.63790509757069,17.564982078853046,3.6884707287933094,41.5,237.7,160.76,221.25,203.93000000000004,158.91111111111113,150.7037037037037,26.211604938271606
Beans,2021-11-01,194.25,243.73,246.09,50.66,2021,11,26.079780653909573,2.3600000000000136,-0.5000000000000004,0.8660254037844384,24.365061728395062,33.5,10.0,427.3777777777778,26.925925925925927,6.782470631001372,14.440074074074072,2.9260493827160494,35.8,213.33,237.7,160.76,215.09333333333336,278.4,158.91111111111113,25.332138590203105
Beans,2021-12-01,191.55,264.99,247.29,64.59,2021,12,33.71963783887348,-17.700000000000017,-2.4492935982947064e-16,1.0,24.4415770609319,33.6,7.5,103.32592592592593,17.62962962962963,9.852105223682463,18.46284348864994,3.7568219832735963,30.7,194.25,213.33,237.7,199.71000000000004,427.3777777777778,278.4,24.365061728395062
Beans,2022-01-01,183.5,230.77,254.31,59.04,2022,1,32.17436938726464,23.539999999999992,0.49999999999999994,0.8660254037844387,24.333452807646353,34.6,6.6,79.39259259259259,16.14814814814815,10.050922418027346,19.505256869773,3.973847072879331,29.2,191.55,194.25,213.33,189.76666666666668,103.32592592592593,427.3777777777778,24.4415770609319
Beans,2022-02-01,194.99,237.09,264.85,55.98,2022,2,28.709149849146183,27.76000000000002,0.8660254037844386,0.5000000000000001,24.69126984126984,34.9,7.6,79.60370370370372,11.11111111111111,9.95848259112287,21.214708994708996,4.435978835978836,27.7,183.5,191.55,194.25,190.01333333333335,79.39259259259259,103.32592592592593,24.333452807646353
Beans,2022-03-01,303.36,396.0,394.32,91.8,2022,3,30.26106597406844,-1.6800000000000068,1.0,6.123233995736766e-17,25.770967741935483,35.5,10.5,59.69259259259258,16.555555555555557,10.201836081242533,21.651875746714456,4.57,31.9,194.99,183.5,191.55,227.2833333333334,79.60370370370372,79.39259259259259,24.69126984126984
Beans,2022-04-01,267.38,367.2,341.39,86.92,2022,4,32.508028832362626,-25.810000000000002,0.8660254037844387,-0.49999999999999983,25.617407407407406,34.3,10.9,202.30740740740737,25.962962962962962,9.503278967764063,20.255123456790127,4.1158271604938275,28.6,303.36,194.99,183.5,255.24333333333334,59.69259259259258,79.60370370370372,25.770967741935483
Beans,2022-05-01,202.87,245.64,263.81,51.85,2022,5,25.558226668198024,18.170000000000016,0.49999999999999994,-0.8660254037844387,26.48757467144564,37.1,13.6,213.74444444444447,19.814814814814813,9.514996717775123,19.586021505376344,4.3536559139784945,42.1,267.38,303.36,194.99,257.87000000000006,202.30740740740737,59.69259259259258,25.617407407407406
Beans,2022-06-01,182.88,232.69,243.57,55.25,2022,6,30.211050846975695,10.879999999999995,1.2246467991473532e-16,-1.0,26.23222222222222,37.0,12.4,124.10370370370369,19.22222222222222,9.639822321673526,19.14904938271605,4.2830864197530865,42.9,202.87,267.38,303.36,217.71000000000004,213.74444444444447,202.30740740740737,26.48757467144564
Beans,2022-07-01,151.03,181.88,200.08,39.95,2022,7,26.45168082388875,18.200000000000017,-0.4999999999999998,-0.8660254037844388,26.23273596176822,38.0,12.2,123.77407407407406,18.48148148148148,8.95918853046595,18.739330943847072,4.2962007168458785,43.1,182.88,202.87,267.38,178.9266666666667,124.10370370370369,213.74444444444447,26.23222222222222
Beans,2022-08-01,267.82,335.37,381.89,90.81,2022,8,33.90708912437865,46.51999999999998,-0.8660254037844384,-0.5000000000000004,25.684587813620073,36.9,11.1,193.66666666666666,21.25925925925926,9.281554533386434,19.427443249701316,4.245890083632019,45.9,151.03,182.88,202.87,200.57666666666668,123.77407407407406,124.10370370370369,26.23273596176822
Beans,2022-09-01,221.95,292.16,310.34,79.3,2022,9,35.72875164282422,18.17999999999995,-1.0,-1.8369701987210297e-16,25.752222222222223,37.6,10.5,98.95185185185184,16.77777777777778,9.9764180829904,21.314691358024692,4.598962962962963,40.0,267.82,151.03,182.88,213.6,193.66666666666666,123.77407407407406,25.684587813620073
Beans,2022-10-01,143.11,171.9,184.48,35.08,2022,10,24.51259554706481,12.579999999999984,-0.8660254037844386,0.5000000000000001,24.89163679808841,36.8,10.4,295.11111111111114,25.962962962962962,8.194988298154787,17.328076463560336,3.6061768219832735,42.1,221.95,267.82,151.03,210.96000000000004,98.95185185185184,193.66666666666666,25.752222222222223
Beans,2022-11-01,169.34,222.72,222.88,53.46,2022,11,31.569604600446084,0.1599999999999966,-0.5000000000000004,0.8660254037844384,24.250864197530866,33.1,9.6,239.3592592592593,18.74074074074074,8.210116035665294,16.932876543209876,3.4289506172839506,31.4,143.11,221.95,267.82,178.13333333333333,295.11111111111114,98.95185185185184,24.89163679808841
Beans,2022-12-01,201.58,259.66,279.15,67.82,2022,12,33.64419404494788,19.489999999999952,-2.4492935982947064e-16,1.0,23.920908004778973,32.6,8.0,215.6962962962963,22.185185185185187,7.868798171379264,15.54121863799283,3.2044324970131424,41.5,169.34,143.11,221.95,171.34333333333333,239.3592592592593,295.11111111111114,24.250864197530866
Beans,2023-01-01,229.26,288.04,296.82,63.17,2023,1,27.55385695112233,8.779999999999973,0.49999999999999994,0.8660254037844387,23.56953405017921,32.4,6.2,103.34074074074073,13.814814814814815,9.35084146090535,18.494062126642774,3.812951015531661,28.7,201.58,169.34,143.11,200.06000000000003,215.6962962962963,239.3592592592593,23.920908004778973
Beans,2023-02-01,178.45,245.84,258.51,73.73,2023,2,41.3168723357398,12.669999999999987,0.8660254037844386,0.5000000000000001,24.21732804232804,34.1,6.1,117.72222222222223,13.222222222222221,9.727644201940036,20.465039682539683,4.152261904761905,44.3,229.26,201.58,169.34,203.09666666666666,103.34074074074073,215.6962962962963,23.56953405017921
Beans,2023-03-01,200.94,256.7,275.22,65.02,2023,3,32.35790168313841,18.52000000000004,1.0,6.123233995736766e-17,25.44014336917563,35.4,10.5,101.71481481481482,18.074074074074073,10.236548420284082,21.96173237753883,4.543154121863799,34.7,178.45,229.26,201.58,202.88333333333333,117.72222222222223,103.34074074074073,24.21732804232804
Beans,2023-04-01,174.04,239.66,250.6,71.09,2023,4,40.84690826999066,10.939999999999998,0.8660254037844387,-0.49999999999999983,26.40691358024691,36.8,10.4,125.12592592592593,18.25925925925926,10.259467297668039,22.379345679012346,4.719345679012346,26.6,200.94,178.45,229.26,184.47666666666666,101.71481481481482,117.72222222222223,25.44014336917563
Beans,2023-05-01,183.34,248.28,237.82,59.71,2023,5,32.56788885792034,-10.460000000000008,0.49999999999999994,-0.8660254037844387,26.61672640382318,37.0,11.9,151.91851851851848,19.88888888888889,9.052870496482146,19.442508960573477,4.1923655913978495,39.3,174.04,200.94,178.45,186.10666666666665,125.12592592592593,101.71481481481482,26.40691358024691
Beans,2023-06-01,188.3,260.68,253.81,68.94,2023,6,36.611770253972246,-6.8700000000000045,1.2246467991473532e-16,-1.0,27.14296296296296,37.9,12.9,117.73703703703703,18.666666666666668,10.179046608367628,20.140827160493828,4.662617283950617,37.4,183.34,174.04,200.94,181.89333333333335,151.91851851851848,125.12592592592593,26.61672640382318
Beans,2023-07-01,167.37,212.55,221.43,49.62,2023,7,29.646872410305065,8.879999999999995,-0.4999999999999998,-0.8660254037844388,26.840979689366787,39.3,11.8,118.34444444444445,17.333333333333332,9.548847059604407,19.37148148148148,4.611099163679809,43.9,188.3,183.34,174.04,179.67,117.73703703703703,151.91851851851848,27.14296296296296
Beans,2023-08-01,216.58,289.44,309.13,82.7,2023,8,38.18448694039757,19.689999999999998,-0.8660254037844384,-0.5000000000000004,27.261409796893666,39.5,11.4,74.89629629629628,15.777777777777779,10.886052190362406,22.576105137395462,5.263297491039427,35.1,167.37,188.3,183.34,190.75,118.34444444444445,117.73703703703703,26.840979689366787
Beans,2023-09-01,180.57,218.6,246.29,51.88,2023,9,28.731224050936454,27.689999999999998,-1.0,-1.8369701987210297e-16,25.915185185185184,37.0,12.0,254.35555555555558,24.48148148148148,8.70759411179698,18.487765432098765,4.146185185185185,41.1,216.58,167.37,188.3,188.17333333333332,74.89629629629628,118.34444444444445,27.261409796893666
Beans,2023-10-01,283.1,363.42,380.77,88.99,2023,10,31.43411111476117,17.349999999999966,-0.8660254037844386,0.5000000000000001,25.041696535244924,35.2,11.7,390.61851851851856,27.88888888888889,8.155679135138724,17.433476702508962,3.5616367980884114,37.3,180.57,216.58,167.37,226.75,254.35555555555558,74.89629629629628,25.915185185185184
Beans,2023-11-01,199.95,251.03,263.33,57.23,2023,11,28.62214122423545,12.299999999999983,-0.5000000000000004,0.8660254037844384,24.58407407407407,32.2,10.8,515.1407407407407,29.11111111111111,7.543883251028808,15.49683950617284,3.0763703703703706,26.1,283.1,180.57,216.58,221.20666666666662,390.61851851851856,254.35555555555558,25.041696535244924
Beans,2023-12-01,219.43,288.88,275.04,62.53,2023,12,28.49654628056953,-13.839999999999975,-2.4492935982947064e-16,1.0,24.70310633213859,32.4,10.1,347.7074074074075,27.074074074074073,7.775822411389885,15.059247311827956,3.05715651135006,35.0,199.95,283.1,180.57,234.16,515.1407407407407,390.61851851851856,24.58407407407407
Beans,2024-01-01,267.67,340.87,343.85,74.69,2024,1,27.90375167043312,2.980000000000018,0.49999999999999994,0.8660254037844387,24.613500597371566,33.2,6.6,164.60370370370367,17.22222222222222,9.050596405814415,17.903405017921145,3.690406212664277,34.3,219.43,199.95,283.1,229.01666666666665,347.7074074074075,515.1407407407407,24.70310633213859
Beans,2024-02-01,327.03,405.77,472.71,112.21,2024,2,34.311826342590486,66.94,0.8660254037844386,0.5000000000000001,25.937037037037037,37.3,10.1,38.696296296296296,9.62962962962963,10.865918103448278,22.239182630906768,4.844712643678161,36.2,267.67,219.43,199.95,271.37666666666667,164.60370370370367,347.7074074074075,24.613500597371566
Beans,2024-03-01,297.64,369.92,386.68,80.66,2024,3,27.099843065500924,16.75999999999999,1.0,6.123233995736766e-17,26.72258064516129,38.3,9.8,58.05925925925926,8.407407407407407,10.914837687508298,23.956308243727598,5.247909199522103,29.8,327.03,267.67,219.43,297.44666666666666,38.696296296296296,164.60370370370367,25.937037037037037
Beans,2024-04-01,243.47,296.68,325.58,67.66,2024,4,27.789860027987007,28.899999999999977,0.8660254037844387,-0.49999999999999983,27.57950617283951,39.4,11.3,112.4925925925926,16.814814814814813,10.575852921810698,22.987333333333336,4.997975308641975,30.3,297.64,327.03,267.67,289.38,58.05925925925926,38.696296296296296,26.72258064516129
Beans,2024-05-01,293.37,373.2,377.43,81.94,2024,5,27.9305900635409,4.230000000000018,0.49999999999999994,-0.8660254037844387,27.09545997610514,40.3,13.7,371.0,23.77777777777778,8.357931302270012,18.273715651135007,3.9950537634408603,48.3,243.47,297.64,327.03,278.16,112.4925925925926,58.05925925925926,27.57950617283951
Beans,2024-06-01,230.37,309.9,300.25,74.7,2024,6,32.42608307241261,-9.649999999999977,1.2246467991473532e-16,-1.0,26.601388888888888,36.4,12.8,53.1,6.333333333333333,9.251713567386833,18.447453703703705,3.9457407407407405,36.0,293.37,243.47,297.64,255.73666666666668,371.0,112.4925925925926,27.09545997610514
Brinjal,2010-01-01,61.89,77.96,79.52,16.85,2010,1,27.225679066603544,1.5600000000000023,0.49999999999999994,0.8660254037844387,24.38219832735962,33.2,13.1,74.89629629629628,11.555555555555555,10.191066301606265,18.25299880525687,3.817479091995221,31.1,61.89,61.89,61.89,61.89,74.89629629629628,74.89629629629628,24.38219832735962
Brinjal,2010-02-01,74.96,94.81,107.75,26.32,2010,2,35.11201292420901,12.939999999999998,0.8660254037844386,0.5000000000000001,25.346428571428575,36.5,12.6,27.08888888888889,5.0,10.081776940035274,20.48521164021164,4.425886243386243,31.2,61.89,61.89,61.89,68.425,74.89629629629628,74.89629629629628,24.38219832735962
Brinjal,2010-03-01,69.28,86.85,91.53,19.91,2010,3,28.738411174348766,4.680000000000007,1.0,6.123233995736766e-17,26.880884109916366,37.2,12.9,62.329629629629636,9.666666666666666,10.952022939068101,22.906750298685782,5.054336917562724,28.3,74.96,61.89,61.89,68.71,27.08888888888889,74.89629629629628,25.346428571428575
Brinjal,2010-04-01,73.56,92.81,93.56,19.62,2010,4,26.672068145638733,0.75,0.8660254037844387,-0.49999999999999983,26.98037037037037,36.3,15.0,183.96666666666667,21.77777777777778,10.057895030864195,20.685123456790123,4.393654320987655,28.8,69.28,74.96,61.89,72.60000000000001,62.329629629629636,27.08888888888889,26.880884109916366
Brinjal,2010-05-01,73.83,91.76,103.86,23.98,2010,5,32.47997767848073,12.099999999999994,0.49999999999999994,-0.8660254037844387,26.86762246117085,35.5,15.9,171.74074074074073,22.51851851851852,9.573050126111776,18.505292712066908,4.026881720430108,48.0,73.56,69.28,74.96,72.22333333333334,183.96666666666667,62.329629629629636,26.98037037037037
Brinjal,2010-06-01,73.14,93.59,105.09,26.2,2010,6,35.821662808773844,11.5,1.2246467991473532e-16,-1.0,26.621975308641975,37.0,16.0,161.88888888888889,20.51851851851852,9.854107297668039,18.50595061728395,4.217641975308642,47.1,73.83,73.56,69.28,73.51,171.74074074074073,183.96666666666667,26.86762246117085
Brinjal,2010-07-01,67.34,90.88,88.91,22.55,2010,7,33.48673375893412,-1.9699999999999989,-0.4999999999999998,-0.8660254037844388,26.288530465949822,35.5,14.8,127.11111111111111,19.666666666666668,9.882708134209476,18.813775388291518,4.249342891278375,40.1,73.14,73.83,73.56,71.43666666666667,161.88888888888889,171.74074074074073,26.621975308641975
Brinjal,2010-08-01,86.95,106.92,109.94,21.48,2010,8,24.703824377430273,3.019999999999996,-0.8660254037844384,-0.5000000000000004,26.09295101553166,36.0,14.8,145.3,19.40740740740741,9.287111814682067,17.983154121863798,4.0579689366786145,40.0,67.34,73.14,73.83,75.81,127.11111111111111,161.88888888888889,26.288530465949822
Brinjal,2010-09-01,67.44,90.81,89.34,22.64,2010,9,33.570531479045854,-1.4699999999999989,-1.0,-1.8369701987210297e-16,25.68567901234568,35.3,14.6,185.2185185185185,21.962962962962962,8.915182475994513,18.153679012345677,3.9281604938271606,37.0,86.95,67.34,73.14,73.91000000000001,145.3,127.11111111111111,26.09295101553166
Brinjal,2010-10-01,81.86,102.82,102.79,20.94,2010,10,25.580227729993,-0.029999999999986926,-0.8660254037844386,0.5000000000000001,25.488291517323777,36.2,12.8,210.63703703703703,19.333333333333332,9.755867881322182,18.504074074074072,3.9231541218637993,37.9,67.44,86.95,67.34,78.75,185.2185185185185,145.3,25.68567901234568
Brinjal,2010-11-01,82.26,106.02,109.2,25.35,2010,11,30.81688449199551,3.180000000000007,-0.5000000000000004,0.8660254037844384,24.464197530864197,32.2,13.7,375.0592592592592,26.703703703703702,8.210342170781892,14.95035802469136,3.0094691358024694,31.7,81.86,67.44,86.95,77.18666666666667,210.63703703703703,185.2185185185185,25.488291517323777
Brinjal,2010-12-01,73.48,101.07,101.01,27.56,2010,12,37.50675352918681,-0.05999999999998806,-2.4492935982947064e-16,1.0,23.63237753882915,30.4,12.3,478.24074074074076,25.444444444444443,6.248732145227664,12.087502986857825,2.504826762246117,44.1,82.26,81.86,67.44,79.2,375.0592592592592,210.63703703703703,24.464197530864197
Brinjal,2011-01-01,65.13,89.36,88.42,23.76,2011,1,36.480828372749315,-0.9399999999999977,0.49999999999999994,0.8660254037844387,23.309318996415772,29.9,10.0,377.9555555555555,21.25925925925926,6.860116985264835,13.278458781362007,2.7479689366786144,39.8,73.48,82.26,81.86,73.62333333333333,478.24074074074076,375.0592592592592,23.63237753882915
Brinjal,2011-02-01,86.26,106.17,115.34,24.49,2011,2,28.39087828555728,9.170000000000002,0.8660254037844386,0.5000000000000001,24.098148148148148,31.7,13.1,281.75555555555553,14.185185185185185,8.1077059707525,16.28414021164021,3.3464021164021167,36.3,65.13,73.48,82.26,74.95666666666666,377.9555555555555,478.24074074074076,23.309318996415772
Brinjal,2011-03-01,90.4,111.43,117.53,24.08,2011,3,26.63713867573155,6.099999999999994,1.0,6.123233995736766e-17,25.415890083632018,35.7,12.7,79.2925925925926,16.074074074074073,10.637956013540423,21.56808841099164,4.439450418160096,30.5,86.26,65.13,73.48,80.59666666666668,281.75555555555553,377.9555555555555,24.098148148148148
Brinjal,2011-04-01,99.88,137.49,134.41,36.07,2011,4,36.11329984651597,-3.0800000000000125,0.8660254037844387,-0.49999999999999983,25.76320987654321,35.7,13.0,207.73703703703703,22.962962962962962,9.720265562414264,20.033617283950615,4.145567901234568,31.5,90.4,86.26,65.13,92.18,79.2925925925926,281.75555555555553,25.415890083632018
Brinjal,2011-05-01,99.96,135.03,138.96,37.04,2011,5,37.05478485915881,3.930000000000007,0.49999999999999994,-0.8660254037844387,26.61373954599761,35.7,14.2,81.60740740740741,17.333333333333332,10.89341501061994,21.225173237753886,4.574217443249701,40.8,99.88,90.4,86.26,96.74666666666667,207.73703703703703,79.2925925925926,25.76320987654321
Brinjal,2011-06-01,84.94,114.58,115.14,29.92,2011,6,35.224823140071656,0.5600000000000023,1.2246467991473532e-16,-1.0,26.950493827160496,37.0,14.5,60.029629629629625,13.777777777777779,10.838705425240056,20.47843209876543,4.773728395061728,44.2,99.96,99.88,90.4,94.92666666666666,81.60740740740741,207.73703703703703,26.61373954599761
Brinjal,2011-07-01,82.93,114.15,117.63,32.96,2011,7,39.74431479040782,3.4799999999999898,-0.4999999999999998,-0.8660254037844388,26.418040621266428,35.6,15.1,114.77407407407408,19.77777777777778,10.305884322315148,19.09958183990442,4.394587813620071,43.6,84.94,99.96,99.88,89.27666666666666,60.029629629629625,81.60740740740741,26.950493827160496
Brinjal,2011-08-01,75.85,102.77,95.56,23.32,2011,8,30.744850698944365,-7.209999999999994,-0.8660254037844384,-0.5000000000000004,26.163201911589006,35.5,14.9,123.93333333333332,21.444444444444443,10.277780177220231,19.317921146953406,4.386236559139785,41.5,82.93,84.94,99.96,81.24,114.77407407407408,60.029629629629625,26.418040621266428
Brinjal,2011-09-01,76.56,98.5,103.68,24.53,2011,9,32.040188035282085,5.180000000000007,-1.0,-1.8369701987210297e-16,26.394567901234566,36.8,13.5,128.13333333333335,16.77777777777778,10.440950826474623,20.307703703703705,4.630888888888889,41.0,75.85,82.93,84.94,78.44666666666667,123.93333333333332,114.77407407407408,26.163201911589006
Brinjal,2011-10-01,73.13,92.19,91.69,18.81,2011,10,25.72128302846571,-0.5,-0.8660254037844386,0.5000000000000001,25.554599761051374,36.4,14.0,290.7444444444444,25.25925925925926,9.106757062259392,17.938697729988053,3.7755077658303464,29.1,76.56,75.85,82.93,75.17999999999999,128.13333333333335,123.93333333333332,26.394567901234566
Brinjal,2011-11-01,73.07,99.54,94.06,23.73,2011,11,32.475663780397184,-5.480000000000004,-0.5000000000000004,0.8660254037844384,24.60037037037037,30.9,13.2,227.7037037037037,23.185185185185187,8.755125891632373,15.819074074074075,3.190111111111111,38.0,73.13,76.56,75.85,74.25333333333333,290.7444444444444,128.13333333333335,25.554599761051374
Brinjal,2011-12-01,66.77,86.31,84.06,18.42,2011,12,27.587198461586848,-2.25,-2.4492935982947064e-16,1.0,24.174551971326164,30.6,12.7,238.3296296296296,19.0,8.318002937076862,15.13463560334528,3.1733094384707288,41.7,73.07,73.13,76.56,70.99,227.7037037037037,290.7444444444444,24.60037037037037
Brinjal,2012-01-01,105.5,133.49,148.55,35.52,2012,1,33.66821453249808,15.060000000000002,0.49999999999999994,0.8660254037844387,24.00310633213859,32.2,11.7,41.87407407407407,8.11111111111111,10.526879619673437,19.145698924731185,3.9631421744324973,32.9,66.77,73.07,73.13,81.77999999999999,238.3296296296296,227.7037037037037,24.174551971326164
Brinjal,2012-02-01,95.97,124.78,127.75,30.3,2012,2,31.572333466360874,2.969999999999999,0.8660254037844386,0.5000000000000001,24.737164750957856,33.1,11.5,88.37407407407407,11.62962962962963,9.96542747623102,19.20183908045977,4.065938697318008,34.4,105.5,66.77,73.07,89.41333333333334,41.87407407407407,238.3296296296296,24.00310633213859
Brinjal,2012-03-01,78.47,103.88,109.3,28.12,2012,3,35.835305422065225,5.420000000000002,1.0,6.123233995736766e-17,26.114814814814814,35.8,12.7,62.56666666666667,11.037037037037036,11.041847268684455,23.043142174432496,4.872556750298686,25.6,95.97,105.5,66.77,93.31333333333333,88.37407407407407,41.87407407407407,24.737164750957856
Brinjal,2012-04-01,97.44,119.78,135.47,30.18,2012,4,30.972874617329005,15.689999999999998,0.8660254037844387,-0.49999999999999983,26.094197530864196,35.0,14.2,151.7296296296296,22.814814814814813,9.937619732510289,19.906234567901233,4.172765432098766,34.8,78.47,95.97,105.5,90.62666666666667,62.56666666666667,88.37407407407407,26.114814814814814
Brinjal,2012-05-01,86.09,105.37,123.63,28.41,2012,5,33.00031014019033,18.25999999999999,0.49999999999999994,-0.8660254037844387,27.31612903225806,37.4,13.0,38.32962962962962,9.703703703703704,10.995511419753086,22.113142174432497,5.193488649940263,46.5,97.44,78.47,95.97,87.33333333333333,151.7296296296296,62.56666666666667,26.094197530864196
Brinjal,2012-06-01,82.64,112.82,116.2,31.87,2012,6,38.564812966102416,3.3800000000000097,1.2246467991473532e-16,-1.0,26.930617283950617,37.3,15.5,72.88888888888889,15.481481481481481,10.494983017832647,19.584814814814816,4.750666666666667,44.5,86.09,97.44,78.47,88.72333333333334,38.32962962962962,151.7296296296296,27.31612903225806
Brinjal,2012-07-01,86.64,105.91,123.47,28.05,2012,7,32.37530889276444,17.560000000000002,-0.4999999999999998,-0.8660254037844388,26.741338112305854,37.4,15.2,91.75555555555556,16.555555555555557,10.725608117615826,20.296356033452806,4.737252090800478,40.1,82.64,86.09,97.44,85.12333333333333,72.88888888888889,38.32962962962962,26.930617283950617
Brinjal,2012-08-01,93.03,123.71,121.34,29.49,2012,8,31.69941771534159,-2.3699999999999903,-0.8660254037844384,-0.5000000000000004,26.55149342891278,37.0,14.8,106.80740740740741,18.14814814814815,10.462001473516526,19.9221027479092,4.753954599761052,40.9,86.64,82.64,86.09,87.43666666666667,91.75555555555556,72.88888888888889,26.741338112305854
Brinjal,2012-09-01,70.12,93.28,92.95,22.99,2012,9,32.78660469679877,-0.3299999999999983,-1.0,-1.8369701987210297e-16,26.46827160493827,36.9,14.8,113.72962962962963,19.25925925925926,10.030292259945131,19.901728395061728,4.575271604938272,38.2,93.03,86.64,82.64,83.26333333333334,106.80740740740741,91.75555555555556,26.55149342891278
Brinjal,2012-10-01,75.57,99.56,95.95,22.19,2012,10,29.363465180011673,-3.6099999999999994,-0.8660254037844386,0.5000000000000001,25.311230585424134,38.1,13.8,449.9777777777778,25.77777777777778,8.247822464489579,16.84641577060932,3.593273596176822,46.0,70.12,93.03,86.64,79.57333333333334,113.72962962962963,106.80740740740741,26.46827160493827
Brinjal,2012-11-01,70.99,92.9,96.79,23.86,2012,11,33.6103203122689,3.8900000000000006,-0.5000000000000004,0.8660254037844384,24.764074074074077,31.6,14.0,291.1888888888889,20.59259259259259,8.831181690672153,16.15237037037037,3.3229135802469134,41.6,75.57,70.12,93.03,72.22666666666666,449.9777777777778,113.72962962962963,25.311230585424134
Brinjal,2012-12-01,70.09,88.37,99.81,24.0,2012,12,34.241640402852894,11.439999999999998,-2.4492935982947064e-16,1.0,24.22437275985663,30.7,11.7,206.9148148148148,19.962962962962962,8.388824093986461,14.450955794504182,2.998279569892473,39.6,70.99,75.57,70.12,72.21666666666667,291.1888888888889,449.9777777777778,24.764074074074077
Brinjal,2013-01-01,84.89,104.78,118.7,26.85,2013,1,31.629129898539404,13.920000000000002,0.49999999999999994,0.8660254037844387,24.042652329749103,32.2,10.8,214.65925925925924,11.037037037037036,8.49450116155582,16.101481481481482,3.4447311827956986,31.9,70.09,70.99,75.57,75.32333333333332,206.9148148148148,291.1888888888889,24.22437275985663
Brinjal,2013-02-01,82.2,105.51,113.63,27.37,2013,2,33.29679647591669,8.11999999999999,0.8660254037844386,0.5000000000000001,24.672883597883597,32.8,12.2,111.08148148148148,13.11111111111111,9.777058847736626,19.015753968253968,3.9231613756613757,29.5,84.89,70.09,70.99,79.06,214.65925925925924,206.9148148148148,24.042652329749103
Brinjal,2013-03-01,88.58,106.79,126.8,28.22,2013,3,31.858171304841605,20.00999999999999,1.0,6.123233995736766e-17,25.66057347670251,34.6,13.9,153.78518518518518,18.25925925925926,10.352612066905616,20.766630824372758,4.285304659498208,26.6,82.2,84.89,70.09,85.22333333333334,111.08148148148148,214.65925925925924,24.672883597883597
Brinjal,2013-04-01,101.66,129.14,141.7,33.76,2013,4,33.20870233257689,12.560000000000002,0.8660254037844387,-0.49999999999999983,26.996913580246915,36.5,14.6,82.41111111111111,15.481481481481481,10.709399595336075,21.9620987654321,4.685876543209877,31.6,88.58,82.2,84.89,90.81333333333333,153.78518518518518,111.08148148148148,25.66057347670251
Brinjal,2013-05-01,118.92,165.95,153.41,40.76,2013,5,34.275114131252835,-12.539999999999992,0.49999999999999994,-0.8660254037844387,26.8389486260454,36.3,14.9,143.0814814814815,19.74074074074074,9.638459176290986,19.227825567502986,4.32221027479092,45.7,101.66,88.58,82.2,103.05333333333333,82.41111111111111,153.78518518518518,26.996913580246915
Brinjal,2013-06-01,95.46,125.77,124.76,29.81,2013,6,31.227706654403253,-1.009999999999991,1.2246467991473532e-16,-1.0,25.994074074074074,34.6,15.4,170.0888888888889,19.85185185185185,9.694006200274348,17.583827160493826,4.057296296296296,43.2,118.92,101.66,88.58,105.34666666666668,143.0814814814815,82.41111111111111,26.8389486260454
Brinjal,2013-07-01,98.66,126.95,140.09,34.86,2013,7,35.333432664268535,13.14,-0.4999999999999998,-0.8660254037844388,26.04826762246117,36.2,15.2,102.04444444444444,17.0,10.26724616686579,18.919187574671447,4.3469414575866185,43.0,95.46,118.92,101.66,104.34666666666665,170.0888888888889,143.0814814814815,25.994074074074074
Brinjal,2013-08-01,73.1,95.28,93.97,21.53,2013,8,29.45276408650604,-1.3100000000000023,-0.8660254037844384,-0.5000000000000004,26.133213859020312,37.5,14.3,106.14444444444445,18.074074074074073,10.622712196336122,20.584492234169655,4.578936678614098,39.6,98.66,95.46,118.92,89.07333333333332,102.04444444444444,170.0888888888889,26.04826762246117
Brinjal,2013-09-01,74.09,95.21,95.07,21.05,2013,9,28.411353203734368,-0.14000000000000057,-1.0,-1.8369701987210297e-16,25.803086419753086,36.5,13.9,122.63703703703703,17.62962962962963,9.680483124142661,18.931222222222225,4.218827160493827,40.6,73.1,98.66,95.46,81.95,106.14444444444445,102.04444444444444,26.133213859020312
Brinjal,2013-10-01,108.9,132.14,140.55,27.44,2013,10,25.19740569567888,8.410000000000025,-0.8660254037844386,0.5000000000000001,25.8415770609319,36.0,13.3,180.94444444444446,19.444444444444443,9.920446226602948,19.132138590203105,4.223010752688172,36.1,74.09,73.1,98.66,85.36333333333333,122.63703703703703,106.14444444444445,25.803086419753086
Brinjal,2013-11-01,91.89,124.66,119.03,29.96,2013,11,32.60416519298597,-5.6299999999999955,-0.5000000000000004,0.8660254037844384,24.765925925925927,31.5,12.4,167.89629629629633,20.22222222222222,9.901379499314128,17.46762962962963,3.5697901234567904,40.2,108.9,74.09,73.1,91.62666666666667,180.94444444444446,122.63703703703703,25.8415770609319
Brinjal,2013-12-01,103.95,142.6,133.76,34.23,2013,12,32.92926125131192,-8.840000000000003,-2.4492935982947064e-16,1.0,24.01027479091995,31.3,13.1,162.94444444444446,15.481481481481481,8.190521113766096,14.278112305854242,3.0887574671445637,40.0,91.89,108.9,74.09,101.58,167.89629629629633,180.94444444444446,24.765925925925927
Brinjal,2014-01-01,79.89,104.1,114.75,29.53,2014,1,36.96327830356953,10.650000000000006,0.49999999999999994,0.8660254037844387,23.94109916367981,32.5,11.7,131.15555555555554,13.555555555555555,9.34556176158237,16.36010752688172,3.4371804062126645,41.5,103.95,91.89,108.9,91.91000000000001,162.94444444444446,167.89629629629633,24.01027479091995
Brinjal,2014-02-01,96.27,119.17,122.45,24.54,2014,2,25.490780626591224,3.280000000000001,0.8660254037844386,0.5000000000000001,24.89920634920635,35.9,9.7,18.8,5.333333333333333,10.92148025793651,21.56505291005291,4.585925925925926,29.6,79.89,103.95,91.89,93.37,131.15555555555554,162.94444444444446,23.94109916367981
Brinjal,2014-03-01,84.92,106.23,114.47,25.43,2014,3,29.945796107164263,8.239999999999995,1.0,6.123233995736766e-17,26.361170848267623,37.2,12.2,34.196296296296296,5.925925925925926,10.952933014735166,22.873548387096776,5.147072879330945,28.1,96.27,79.89,103.95,87.02666666666669,18.8,131.15555555555554,24.89920634920635
Brinjal,2014-04-01,94.56,115.7,135.47,31.02,2014,4,32.80453383615288,19.769999999999996,0.8660254037844387,-0.49999999999999983,26.7458024691358,37.2,13.6,152.52592592592592,17.296296296296298,10.610301241426612,21.791827160493828,4.638111111111111,25.2,84.92,96.27,79.89,91.91666666666667,34.196296296296296,18.8,26.361170848267623
Brinjal,2014-05-01,107.19,144.07,138.38,34.03,2014,5,31.747334875142386,-5.689999999999998,0.49999999999999994,-0.8660254037844387,26.574671445639186,35.2,15.0,169.88148148148144,20.51851851851852,9.93649666799416,19.42304659498208,4.1792592592592595,39.3,94.56,84.92,96.27,95.55666666666667,152.52592592592592,34.196296296296296,26.7458024691358
Brinjal,2014-06-01,96.76,119.81,124.99,25.64,2014,6,26.498525735297918,5.179999999999993,1.2246467991473532e-16,-1.0,27.230493827160494,36.2,15.6,75.25925925925925,15.444444444444445,10.797738693415639,20.258123456790127,4.799592592592592,41.0,107.19,94.56,84.92,99.50333333333333,169.88148148148144,152.52592592592592,26.574671445639186
Brinjal,2014-07-01,114.44,139.37,155.11,32.8,2014,7,28.661282190421012,15.740000000000009,-0.4999999999999998,-0.8660254037844388,26.96941457586619,36.8,15.3,73.40370370370371,15.592592592592593,10.71005141046064,20.10921146953405,4.85078853046595,39.0,96.76,107.19,94.56,106.13,75.25925925925925,169.88148148148144,27.230493827160494
Brinjal,2014-08-01,118.6,149.29,160.69,36.39,2014,8,30.682942088581715,11.400000000000006,-0.8660254037844384,-0.5000000000000004,26.11589008363202,36.3,14.0,129.73703703703703,20.0,10.03903343289526,19.2368458781362,4.3563560334528075,41.8,114.44,96.76,107.19,109.93333333333334,73.40370370370371,75.25925925925925,26.96941457586619
Brinjal,2014-09-01,83.88,113.51,108.62,27.19,2014,9,32.41531662456292,-4.890000000000001,-1.0,-1.8369701987210297e-16,26.094814814814814,37.2,14.6,160.03333333333333,20.77777777777778,10.29222377914952,20.17385185185185,4.477555555555556,40.1,118.6,114.44,96.76,105.64,129.73703703703703,73.40370370370371,26.11589008363202
Brinjal,2014-10-01,96.48,133.32,128.56,34.46,2014,10,35.71721007751857,-4.759999999999991,-0.8660254037844386,0.5000000000000001,25.124133811230585,33.5,14.5,379.1629629629629,28.074074074074073,8.895012322447897,17.07173237753883,3.4983512544802866,37.9,83.88,118.6,114.44,99.65333333333335,160.03333333333333,129.73703703703703,26.094814814814814
Brinjal,2014-11-01,110.16,138.71,147.82,33.11,2014,11,30.05625448778641,9.109999999999985,-0.5000000000000004,0.8660254037844384,24.40691358024691,31.6,12.9,339.6814814814815,22.88888888888889,7.338499725651578,14.214506172839506,2.9098148148148146,39.0,96.48,83.88,118.6,96.83999999999999,379.1629629629629,160.03333333333333,25.124133811230585
Brinjal,2014-12-01,102.92,137.6,139.3,35.53,2014,12,34.52192526046905,1.700000000000017,-2.4492935982947064e-16,1.0,23.95137395459976,30.7,13.6,532.0333333333333,27.037037037037038,6.568287976237887,12.152485065710872,2.4931780167264037,40.0,110.16,96.48,83.88,103.18666666666667,339.6814814814815,379.1629629629629,24.40691358024691
Brinjal,2015-01-01,111.96,146.09,140.64,31.4,2015,1,28.045705568322997,-5.450000000000017,0.49999999999999994,0.8660254037844387,24.391756272401434,33.2,12.1,32.10740740740741,7.592592592592593,10.502823702376213,18.87594982078853,3.954408602150538,30.5,102.92,110.16,96.48,108.34666666666665,532.0333333333333,339.6814814814815,23.95137395459976
Brinjal,2015-02-01,99.44,125.06,140.92,33.55,2015,2,33.73890412419134,15.859999999999985,0.8660254037844386,0.5000000000000001,24.457010582010582,34.7,10.4,93.92592592592592,13.74074074074074,10.328361654908877,19.483002645502644,4.039828042328042,33.2,111.96,102.92,110.16,104.77333333333333,32.10740740740741,532.0333333333333,24.391756272401434
Brinjal,2015-03-01,122.49,154.29,164.5,36.9,2015,3,30.12488356201848,10.210000000000008,1.0,6.123233995736766e-17,25.695579450418162,35.2,11.0,84.23703703703703,11.814814814814815,10.76329743130227,22.61729988052569,4.7389486260454,26.6,99.44,111.96,102.92,111.29666666666667,93.92592592592592,32.10740740740741,24.457010582010582
Brinjal,2015-04-01,87.11,110.32,117.28,26.69,2015,4,30.639386247978134,6.960000000000008,0.8660254037844387,-0.49999999999999983,26.122839506172838,35.1,14.4,201.55555555555554,23.37037037037037,10.262591769547326,20.982123456790124,4.3398518518518525,24.6,122.49,99.44,111.96,103.01333333333332,84.23703703703703,93.92592592592592,25.695579450418162
Brinjal,2015-05-01,112.32,155.24,142.78,36.69,2015,5,32.66556920800462,-12.460000000000008,0.49999999999999994,-0.8660254037844387,26.43094384707288,34.3,15.2,178.8259259259259,22.555555555555557,10.002322003185983,19.305830346475506,4.072939068100359,43.7,87.11,122.49,99.44,107.30666666666666,201.55555555555554,84.23703703703703,26.122839506172838
Brinjal,2015-06-01,84.71,117.67,116.33,32.29,2015,6,38.11824091814317,-1.3400000000000034,1.2246467991473532e-16,-1.0,26.698024691358025,35.8,15.1,103.0037037037037,17.14814814814815,10.34859715020576,19.485444444444447,4.364913580246913,46.7,112.32,87.11,122.49,94.71333333333332,178.8259259259259,201.55555555555554,26.43094384707288
Brinjal,2015-07-01,117.65,142.95,163.64,35.64,2015,7,30.29321692034261,20.689999999999998,-0.4999999999999998,-0.8660254037844388,26.75627240143369,36.4,14.6,86.6962962962963,16.40740740740741,10.644947477764504,19.966547192353644,4.646487455197133,38.2,84.71,112.32,87.11,104.89333333333333,103.0037037037037,178.8259259259259,26.698024691358025
Brinjal,2015-08-01,95.92,118.13,120.99,23.64,2015,8,24.645512254470127,2.8599999999999994,-0.8660254037844384,-0.5000000000000004,26.590083632019116,36.2,14.9,112.4962962962963,18.666666666666668,10.723101148280898,20.643727598566308,4.654898446833931,39.3,117.65,84.71,112.32,99.42666666666666,86.6962962962963,103.0037037037037,26.75627240143369
Brinjal,2015-09-01,87.49,116.9,118.55,30.24,2015,9,34.56391065960606,1.6499999999999915,-1.0,-1.8369701987210297e-16,26.04555555555556,37.0,14.9,183.8777777777778,22.666666666666668,9.439200600137173,18.515641975308643,4.0424444444444445,40.8,95.92,117.65,84.71,100.35333333333334,112.4962962962963,86.6962962962963,26.590083632019116
Brinjal,2015-10-01,101.29,125.88,133.0,28.15,2015,10,27.79146234429623,7.1200000000000045,-0.8660254037844386,0.5000000000000001,25.31935483870968,34.1,14.6,488.0888888888888,28.074074074074073,8.062620496482145,16.338637992831543,3.3829032258064515,38.6,87.49,95.92,117.65,94.89999999999999,183.8777777777778,112.4962962962963,26.04555555555556
Brinjal,2015-11-01,108.58,145.7,156.95,42.74,2015,11,39.362645641328385,11.25,-0.5000000000000004,0.8660254037844384,24.75172839506173,31.2,14.6,372.6592592592592,26.59259259259259,8.015063124142662,14.546234567901235,2.939864197530864,44.7,101.29,87.49,95.92,99.12,488.0888888888888,183.8777777777778,25.31935483870968
Brinjal,2015-12-01,86.76,119.72,123.69,34.94,2015,12,40.271968335675034,3.969999999999999,-2.4492935982947064e-16,1.0,24.736081242532855,31.2,12.4,251.9148148148148,22.40740740740741,8.835831073277578,14.967132616487454,3.0635722819593787,33.3,108.58,101.29,87.49,98.87666666666667,372.6592592592592,488.0888888888888,24.75172839506173
Brinjal,2016-01-01,119.81,161.03,157.79,39.6,2016,1,33.052305273094674,-3.240000000000009,0.49999999999999994,0.8660254037844387,24.99163679808841,33.6,12.4,32.54074074074074,8.11111111111111,10.499397992167795,18.714743130227,4.010071684587813,33.8,86.76,108.58,101.29,105.05,251.9148148148148,372.6592592592592,24.736081242532855
Brinjal,2016-02-01,110.22,135.27,157.19,36.01,2016,2,32.67099195155874,21.919999999999987,0.8660254037844386,0.5000000000000001,25.845466155810982,35.3,11.4,35.737037037037034,8.407407407407407,10.57882929615439,20.39846743295019,4.45367816091954,32.2,119.81,86.76,108.58,105.59666666666668,32.54074074074074,251.9148148148148,24.99163679808841
Brinjal,2016-03-01,121.56,161.42,170.03,44.16,2016,3,36.327709503365,8.610000000000014,1.0,6.123233995736766e-17,27.301911589008363,37.4,14.2,35.2962962962963,8.0,11.166788357891942,23.19941457586619,5.134707287933094,26.7,110.22,119.81,86.76,117.19666666666667,35.737037037037034,32.54074074074074,25.845466155810982
Brinjal,2016-04-01,103.4,134.3,148.46,37.98,2016,4,36.73110567591327,14.159999999999997,0.8660254037844387,-0.49999999999999983,27.98493827160494,38.0,15.0,71.91111111111111,14.962962962962964,10.944782026748971,22.621925925925925,4.977925925925926,31.0,121.56,110.22,119.81,111.72666666666667,35.2962962962963,35.737037037037034,27.301911589008363
Brinjal,2016-05-01,141.42,175.38,193.93,43.24,2016,5,30.575568819425246,18.55000000000001,0.49999999999999994,-0.8660254037844387,26.69510155316607,35.9,16.0,460.4074074074074,24.11111111111111,8.456143664542678,16.913584229390683,3.669665471923536,45.5,103.4,121.56,110.22,122.12666666666667,71.91111111111111,35.2962962962963,27.98493827160494
Brinjal,2016-06-01,134.65,186.26,193.12,55.04,2016,6,40.87631572497904,6.860000000000014,1.2246467991473532e-16,-1.0,26.669629629629632,35.6,15.3,93.5,17.51851851851852,10.096888892318242,18.93088888888889,4.3085555555555555,46.9,141.42,103.4,121.56,126.49000000000001,460.4074074074074,71.91111111111111,26.69510155316607
Brinjal,2016-07-01,85.64,114.06,122.13,32.46,2016,7,37.902804877621584,8.069999999999993,-0.4999999999999998,-0.8660254037844388,26.59390681003584,37.6,15.2,99.44074074074072,16.37037037037037,10.414703195937875,19.63237753882915,4.491517323775389,39.2,134.65,141.42,103.4,120.57000000000001,93.5,460.4074074074074,26.669629629629632
Brinjal,2016-08-01,101.62,124.44,135.37,28.28,2016,8,27.82914010122013,10.930000000000007,-0.8660254037844384,-0.5000000000000004,26.63811230585424,36.8,15.3,72.67407407407407,16.37037037037037,10.85600315279437,20.868924731182798,4.77041816009558,35.9,85.64,134.65,141.42,107.30333333333334,99.44074074074072,93.5,26.59390681003584
Brinjal,2016-09-01,93.14,122.92,131.25,33.94,2016,9,36.439728967437226,8.329999999999998,-1.0,-1.8369701987210297e-16,26.59493827160494,36.1,13.1,55.6074074074074,14.11111111111111,10.578944777091907,21.04641975308642,4.902024691358024,36.3,101.62,85.64,134.65,93.46666666666665,72.67407407407407,99.44074074074072,26.63811230585424
Brinjal,2016-10-01,107.2,138.48,148.78,36.43,2016,10,33.98317725449883,10.300000000000011,-0.8660254037844386,0.5000000000000001,26.38183990442055,37.5,13.1,105.65555555555555,16.14814814814815,10.614833320058409,20.415555555555557,4.600657108721625,36.1,93.14,101.62,85.64,100.65333333333335,55.6074074074074,72.67407407407407,26.59493827160494
Brinjal,2016-11-01,126.99,169.8,181.75,48.79,2016,11,38.42031780430128,11.949999999999989,-0.5000000000000004,0.8660254037844384,24.78827160493827,31.9,13.1,246.91111111111113,22.074074074074073,8.394442119341564,15.466246913580246,3.2081851851851853,36.7,107.2,93.14,101.62,109.11000000000001,105.65555555555555,55.6074074074074,26.38183990442055
Brinjal,2016-12-01,86.09,110.67,118.53,28.51,2016,12,33.11646751484781,7.859999999999999,-2.4492935982947064e-16,1.0,24.54408602150538,32.1,12.8,73.35185185185185,12.407407407407407,10.276127943714323,17.85927120669056,3.706332138590203,46.2,126.99,107.2,93.14,106.75999999999999,246.91111111111113,105.65555555555555,24.78827160493827
Brinjal,2017-01-01,101.28,127.63,131.31,28.19,2017,1,27.833700796109007,3.680000000000007,0.49999999999999994,0.8660254037844387,24.014934289127837,35.0,5.3,146.84074074074073,12.88888888888889,9.398610291384575,18.306917562724013,3.93700119474313,30.0,86.09,126.99,107.2,104.78666666666668,73.35185185185185,246.91111111111113,24.54408602150538
Brinjal,2017-02-01,127.12,153.62,174.03,36.7,2017,2,28.87033600508496,20.409999999999997,0.8660254037844386,0.5000000000000001,24.398015873015876,36.2,6.3,48.577777777777776,8.407407407407407,10.132609402557318,20.729907407407406,4.400740740740741,35.9,101.28,86.09,126.99,104.83,146.84074074074073,73.35185185185185,24.014934289127837
Brinjal,2017-03-01,107.05,149.04,152.3,43.62,2017,3,40.74727627531408,3.2600000000000193,1.0,6.123233995736766e-17,25.586977299880523,35.9,8.0,118.58148148148148,19.296296296296298,10.42839526417098,21.431254480286736,4.4047550776583035,31.8,127.12,101.28,86.09,111.81666666666666,48.577777777777776,146.84074074074073,24.398015873015876
Brinjal,2017-04-01,122.54,162.0,165.97,41.44,2017,4,33.81750137301993,3.969999999999999,0.8660254037844387,-0.49999999999999983,27.3,39.3,10.7,82.42962962962964,13.962962962962964,10.951856083676269,23.111493827160494,5.064864197530865,32.5,107.05,127.12,101.28,118.90333333333335,118.58148148148148,48.577777777777776,25.586977299880523
Brinjal,2017-05-01,124.42,150.33,175.61,38.55,2017,5,30.983739765520195,25.28,0.49999999999999994,-0.8660254037844387,27.174074074074074,37.8,12.0,166.72962962962958,21.666666666666668,9.881361147617152,19.387491039426525,4.414109916367981,42.2,122.54,107.05,127.12,118.00333333333333,82.42962962962964,118.58148148148148,27.3
Brinjal,2017-06-01,85.37,105.31,110.59,22.58,2017,6,26.449541467094445,5.280000000000001,1.2246467991473532e-16,-1.0,26.935555555555556,39.1,13.0,129.3,18.925925925925927,10.23791511659808,18.765913580246913,4.445913580246914,41.2,124.42,122.54,107.05,110.77666666666666,166.72962962962958,82.42962962962964,27.174074074074074
Brinjal,2017-07-01,93.8,130.55,134.44,38.7,2017,7,41.257951750584496,3.8899999999999864,-0.4999999999999998,-0.8660254037844388,27.253405017921146,39.5,12.6,104.68148148148147,19.0,10.337333223815213,19.277873357228195,4.638351254480287,40.9,85.37,124.42,122.54,101.19666666666667,129.3,166.72962962962958,26.935555555555556
Brinjal,2017-08-01,96.41,116.07,135.96,29.61,2017,8,30.712549826211156,19.890000000000015,-0.8660254037844384,-0.5000000000000004,26.511350059737158,38.4,11.7,160.82222222222222,21.40740740740741,9.4878531129696,18.38399044205496,4.242652329749104,40.0,93.8,85.37,124.42,91.86,104.68148148148147,129.3,27.253405017921146
Brinjal,2017-09-01,98.21,128.63,127.76,29.99,2017,9,30.53657414054155,-0.8699999999999903,-1.0,-1.8369701987210297e-16,25.927777777777777,37.8,11.4,173.06666666666663,20.51851851851852,9.282737726337448,18.361543209876544,4.028864197530864,41.8,96.41,93.8,85.37,96.13999999999999,160.82222222222222,104.68148148148147,26.511350059737158
Brinjal,2017-10-01,122.93,169.86,172.61,48.31,2017,10,39.29875595968766,2.75,-0.8660254037844386,0.5000000000000001,25.738351254480285,36.7,11.7,266.72222222222223,26.0,8.75059341563786,16.79330943847073,3.6334767025089603,36.6,98.21,96.41,93.8,105.85000000000001,173.06666666666663,160.82222222222222,25.927777777777777
Brinjal,2017-11-01,99.02,124.28,129.71,27.98,2017,11,28.256889257837553,5.430000000000007,-0.5000000000000004,0.8660254037844384,24.537283950617287,32.7,10.3,389.05925925925936,24.85185185185185,7.012991056241426,14.044666666666666,2.8818641975308643,49.3,122.93,98.21,96.41,106.71999999999998,266.72222222222223,173.06666666666663,25.738351254480285
Brinjal,2017-12-01,95.44,133.08,124.23,33.22,2017,12,34.80717224730485,-8.850000000000009,-2.4492935982947064e-16,1.0,24.322341696535243,32.1,10.0,117.70370370370371,16.48148148148148,9.467093986459577,16.48821983273596,3.3940023894862605,29.3,99.02,122.93,98.21,105.79666666666667,389.05925925925936,266.72222222222223,24.537283950617287
Brinjal,2018-01-01,135.95,166.84,179.6,37.27,2018,1,27.41447045643954,12.759999999999991,0.49999999999999994,0.8660254037844387,23.959976105137397,35.0,6.4,47.22592592592592,8.592592592592593,9.747279261250497,18.507001194743133,3.9380286738351256,30.8,95.44,99.02,122.93,110.13666666666666,117.70370370370371,389.05925925925936,24.322341696535243
Brinjal,2018-02-01,106.42,133.53,138.11,29.4,2018,2,27.626360057921385,4.5800000000000125,0.8660254037844386,0.5000000000000001,24.76878306878307,36.0,9.3,73.10000000000001,12.37037037037037,10.333134461346267,20.12851851851852,4.31005291005291,30.5,135.95,95.44,99.02,112.60333333333334,47.22592592592592,117.70370370370371,23.959976105137397
Brinjal,2018-03-01,124.25,169.03,159.15,39.84,2018,3,32.06436051158108,-9.879999999999995,1.0,6.123233995736766e-17,25.733811230585424,37.0,9.9,107.91851851851851,18.074074074074073,9.972489738484002,20.42831541218638,4.319008363201912,36.2,106.42,135.95,95.44,122.20666666666666,73.10000000000001,47.22592592592592,24.76878306878307
Brinjal,2018-04-01,168.36,215.63,235.37,57.14,2018,4,33.93915779332514,19.74000000000001,0.8660254037844387,-0.49999999999999983,26.249382716049382,37.9,11.5,136.58148148148146,22.037037037037038,10.20821816872428,20.737827160493826,4.3362592592592595,23.7,124.25,106.42,135.95,133.01000000000002,107.91851851851851,73.10000000000001,25.733811230585424
Brinjal,2018-05-01,140.68,188.37,203.21,55.11,2018,5,39.17398409583161,14.840000000000003,0.49999999999999994,-0.8660254037844387,25.950896057347673,38.6,12.4,281.8703703703704,26.51851851851852,8.218543744192221,16.934659498207886,3.6000955794504184,40.4,168.36,124.25,106.42,144.43,136.58148148148146,107.91851851851851,26.249382716049382
Brinjal,2018-06-01,95.18,129.18,126.74,32.78,2018,6,34.43997222108403,-2.440000000000012,1.2246467991473532e-16,-1.0,26.280740740740743,37.3,13.0,156.8148148148148,18.555555555555557,10.04098037037037,19.019024691358023,4.258370370370371,49.4,140.68,168.36,124.25,134.74,281.8703703703704,136.58148148148146,25.950896057347673
Brinjal,2018-07-01,132.49,164.29,175.77,37.54,2018,7,28.334192517025798,11.480000000000018,-0.4999999999999998,-0.8660254037844388,26.442771804062126,39.4,11.7,105.4074074074074,16.296296296296298,10.151720861542547,19.49703703703704,4.578888888888889,42.6,95.18,140.68,168.36,122.78333333333335,156.8148148148148,281.8703703703704,26.280740740740743
Brinjal,2018-08-01,136.98,167.82,172.37,33.12,2018,8,24.17869456950316,4.550000000000011,-0.8660254037844384,-0.5000000000000004,26.169295101553168,38.8,11.1,110.07037037037037,16.59259259259259,9.740048861675293,19.399438470728793,4.512031063321386,47.9,132.49,95.18,140.68,121.55,105.4074074074074,156.8148148148148,26.442771804062126
Brinjal,2018-09-01,95.92,120.16,136.95,32.63,2018,9,34.01789614481219,16.789999999999992,-1.0,-1.8369701987210297e-16,26.19975308641975,39.3,10.6,151.07407407407408,15.37037037037037,10.156860775034293,20.977728395061728,4.694456790123457,38.5,136.98,132.49,95.18,121.79666666666667,110.07037037037037,105.4074074074074,26.169295101553168
Brinjal,2018-10-01,126.83,175.84,176.43,49.31,2018,10,38.87878350643893,0.5900000000000034,-0.8660254037844386,0.5000000000000001,24.765232974910393,33.1,11.3,427.51111111111106,28.814814814814813,7.764433117615823,15.895244922341696,3.1759139784946235,27.5,95.92,136.98,132.49,119.91000000000001,151.07407407407408,110.07037037037037,26.19975308641975
Brinjal,2018-11-01,117.56,145.41,158.92,34.6,2018,11,29.431754481324873,13.509999999999991,-0.5000000000000004,0.8660254037844384,24.50913580246914,32.8,9.6,364.6888888888889,24.037037037037038,8.268375205761318,15.564481481481481,3.120740740740741,46.7,126.83,95.92,136.98,113.43666666666667,427.51111111111106,151.07407407407408,24.765232974910393
Brinjal,2018-12-01,98.23,136.97,128.43,34.47,2018,12,35.0910769713153,-8.539999999999992,-2.4492935982947064e-16,1.0,24.27383512544803,31.5,9.3,116.16666666666667,15.777777777777779,9.064698848400372,16.77383512544803,3.3995579450418156,29.2,117.56,126.83,95.92,114.20666666666666,364.6888888888889,427.51111111111106,24.50913580246914
Brinjal,2019-01-01,156.14,209.72,203.2,50.32,2019,1,32.22746751154892,-6.52000000000001,0.49999999999999994,0.8660254037844387,24.212903225806453,35.7,6.4,50.925925925925924,9.703703703703704,10.277958074472322,19.057729988052568,4.049450418160095,29.6,98.23,117.56,126.83,123.97666666666667,116.16666666666667,364.6888888888889,24.27383512544803
Brinjal,2019-02-01,108.93,130.99,151.58,32.36,2019,2,29.707124109864946,20.590000000000003,0.8660254037844386,0.5000000000000001,25.137301587301586,36.0,8.5,137.72222222222223,15.962962962962964,10.223752781452086,19.592037037037038,4.077936507936508,35.1,156.14,98.23,117.56,121.10000000000001,50.925925925925924,116.16666666666667,24.212903225806453
Brinjal,2019-03-01,159.11,215.16,207.82,52.38,2019,3,32.92060026359106,-7.340000000000003,1.0,6.123233995736766e-17,26.278972520908006,38.5,8.4,44.711111111111116,9.11111111111111,10.987465465286073,23.488016726403824,5.092640382317802,31.6,108.93,156.14,98.23,141.39333333333335,137.72222222222223,50.925925925925924,25.137301587301586
Brinjal,2019-04-01,182.16,229.1,253.15,58.96,2019,4,32.367131989936325,24.05000000000001,0.8660254037844387,-0.49999999999999983,27.08716049382716,38.0,11.1,118.6925925925926,15.88888888888889,9.605431121399178,20.82320987654321,4.5343580246913575,35.5,159.11,108.93,156.14,150.0666666666667,44.711111111111116,137.72222222222223,26.278972520908006
Brinjal,2019-05-01,139.16,186.44,196.31,52.22,2019,5,37.52512393997992,9.870000000000005,0.49999999999999994,-0.8660254037844387,27.60131421744325,38.8,11.4,71.44444444444444,14.62962962962963,10.562540979689366,20.850215053763442,4.868160095579451,41.0,182.16,159.11,108.93,160.14333333333335,118.6925925925926,44.711111111111116,27.08716049382716
Brinjal,2019-06-01,154.17,212.34,207.61,55.81,2019,6,36.2002748911754,-4.72999999999999,1.2246467991473532e-16,-1.0,27.607407407407408,39.1,13.0,112.76666666666667,15.666666666666666,10.03913598079561,19.192456790123455,4.719913580246914,41.6,139.16,182.16,159.11,158.49666666666667,71.44444444444444,118.6925925925926,27.60131421744325
Brinjal,2019-07-01,131.92,174.67,169.9,40.37,2019,7,30.60185672994487,-4.769999999999982,-0.4999999999999998,-0.8660254037844388,27.097132616487453,39.8,11.0,91.35555555555555,15.296296296296296,10.36241189765034,19.905256869772998,4.747873357228196,49.2,154.17,139.16,182.16,141.75,112.76666666666667,71.44444444444444,27.607407407407408
Brinjal,2019-08-01,147.88,196.65,213.46,57.18,2019,8,38.66646019308886,16.810000000000002,-0.8660254037844384,-0.5000000000000004,26.305973715651135,38.5,12.5,207.83333333333334,20.703703703703702,8.75700611642108,17.228554360812424,4.048327359617682,42.5,131.92,154.17,139.16,144.65666666666667,91.35555555555555,112.76666666666667,27.097132616487453
Brinjal,2019-09-01,114.64,151.09,146.22,34.02,2019,9,29.67548004581294,-4.8700000000000045,-1.0,-1.8369701987210297e-16,25.829135802469136,38.0,12.3,217.9814814814815,24.333333333333332,9.308988034979423,18.34032098765432,3.9999135802469135,38.5,147.88,131.92,154.17,131.48,207.83333333333334,91.35555555555555,26.305973715651135
Brinjal,2019-10-01,171.2,209.31,227.31,47.11,2019,10,27.517507291175647,18.0,-0.8660254037844386,0.5000000000000001,24.684707287933094,33.0,11.5,446.2851851851852,29.22222222222222,7.022678955927252,15.168781362007168,3.057060931899642,27.0,114.64,147.88,131.92,144.57333333333332,217.9814814814815,207.83333333333334,25.829135802469136
Brinjal,2019-11-01,164.31,204.85,227.89,52.06,2019,11,31.683992645613383,23.039999999999992,-0.5000000000000004,0.8660254037844384,24.95012345679012,32.3,11.0,229.92962962962963,26.11111111111111,9.403515637860083,17.369481481481483,3.454716049382716,28.7,171.2,114.64,147.88,150.04999999999998,446.2851851851852,217.9814814814815,24.684707287933094
Brinjal,2019-12-01,152.59,209.31,214.1,59.11,2019,12,38.737768701901366,4.789999999999992,-2.4492935982947064e-16,1.0,24.533452807646356,31.6,9.9,222.0148148148148,23.40740740740741,8.656992559405284,15.23205495818399,3.0920310633213863,30.8,164.31,171.2,114.64,162.70000000000002,229.92962962962963,446.2851851851852,24.95012345679012
Brinjal,2020-01-01,131.63,161.31,182.98,40.52,2020,1,30.783232710451486,21.669999999999987,0.49999999999999994,0.8660254037844387,24.866427718040622,35.0,8.1,35.46296296296296,11.148148148148149,10.679307032390815,19.835232974910394,4.180872162485065,33.8,152.59,164.31,171.2,149.51,222.0148148148148,229.92962962962963,24.533452807646356
Brinjal,2020-02-01,137.98,184.61,179.84,44.25,2020,2,32.06984195547039,-4.77000000000001,0.8660254037844386,0.5000000000000001,25.54367816091954,37.1,8.7,39.285185185185185,8.333333333333334,10.903973052362709,21.708429118773946,4.827918263090677,40.7,131.63,152.59,164.31,140.73333333333332,35.46296296296296,222.0148148148148,24.866427718040622
Brinjal,2020-03-01,168.84,217.52,243.57,61.7,2020,3,36.543451466802026,26.049999999999983,1.0,6.123233995736766e-17,26.619713261648748,37.0,9.0,30.65555555555556,7.592592592592593,11.034342954334264,23.400645161290324,5.168757467144564,35.0,137.98,131.63,152.59,146.15,39.285185185185185,35.46296296296296,25.54367816091954
Brinjal,2020-04-01,116.28,159.86,162.24,44.77,2020,4,38.50185887353038,2.3799999999999955,0.8660254037844387,-0.49999999999999983,26.975061728395062,37.8,10.6,129.98888888888888,20.22222222222222,10.672721124828533,22.053827160493825,4.7376913580246915,28.1,168.84,137.98,131.63,141.03333333333333,30.65555555555556,39.285185185185185,26.619713261648748
Brinjal,2020-05-01,172.64,212.13,235.62,51.24,2020,5,29.680242307551957,23.49000000000001,0.49999999999999994,-0.8660254037844387,27.07431302270012,37.3,13.4,184.54074074074074,22.074074074074073,9.019299054161689,18.124169653524493,4.016583034647551,43.8,116.28,168.84,137.98,152.58666666666667,129.98888888888888,30.65555555555556,26.975061728395062
Brinjal,2020-06-01,102.77,139.05,132.14,32.83,2020,6,31.945089087195594,-6.910000000000025,1.2246467991473532e-16,-1.0,27.07012345679012,38.5,11.6,116.4074074074074,17.296296296296298,9.95355420781893,19.088296296296296,4.403753086419753,39.3,172.64,116.28,168.84,130.5633333333333,184.54074074074074,129.98888888888888,27.07431302270012
Brinjal,2020-07-01,136.66,176.44,186.79,44.96,2020,7,32.89914173924942,10.349999999999994,-0.4999999999999998,-0.8660254037844388,26.37574671445639,37.5,12.4,152.52592592592595,20.48148148148148,9.078961413115625,17.43378733572282,3.915722819593787,38.4,102.77,172.64,116.28,137.35666666666665,116.4074074074074,184.54074074074074,27.07012345679012
Brinjal,2020-08-01,177.28,230.34,248.87,62.32,2020,8,35.15340977357301,18.53,-0.8660254037844384,-0.5000000000000004,26.58183990442055,38.8,11.0,106.85185185185185,14.592592592592593,9.914153697066242,20.05278375149343,4.572078853046595,43.4,136.66,102.77,172.64,138.90333333333334,152.52592592592595,116.4074074074074,26.37574671445639
Brinjal,2020-09-01,175.99,245.38,242.67,68.03,2020,9,38.65558346747913,-2.710000000000008,-1.0,-1.8369701987210297e-16,25.79074074074074,36.9,11.8,215.6814814814815,21.62962962962963,7.988970222908092,16.36483950617284,3.6884320987654324,41.5,177.28,136.66,102.77,163.31000000000003,106.85185185185185,152.52592592592595,26.58183990442055
Brinjal,2020-10-01,115.05,138.39,164.73,36.51,2020,10,31.734001100390174,26.340000000000003,-0.8660254037844386,0.5000000000000001,26.279091995221027,39.3,10.9,107.62592592592591,18.333333333333332,10.502320128103014,20.286403823178016,4.526618876941458,42.8,175.99,177.28,136.66,156.10666666666665,215.6814814814815,106.85185185185185,25.79074074074074
Brinjal,2020-11-01,94.93,114.3,131.17,27.8,2020,11,29.284705272616375,16.86999999999999,-0.5000000000000004,0.8660254037844384,25.08407407407407,34.6,10.5,274.7851851851851,25.25925925925926,8.593452866941014,16.191395061728397,3.3017654320987653,33.0,115.05,175.99,177.28,128.65666666666667,107.62592592592591,215.6814814814815,26.279091995221027
Brinjal,2020-12-01,127.04,165.92,171.6,41.72,2020,12,32.8400245276885,5.680000000000007,-2.4492935982947064e-16,1.0,24.260812425328552,32.2,9.4,328.14074074074074,22.962962962962962,8.186538195274128,15.054970131421745,3.0599641577060934,60.7,94.93,115.05,175.99,112.33999999999999,274.7851851851851,107.62592592592591,25.08407407407407
Brinjal,2021-01-01,153.03,212.06,202.44,54.22,2021,1,35.43093809649213,-9.620000000000005,0.49999999999999994,0.8660254037844387,24.084109916367982,31.8,7.8,305.01111111111106,22.22222222222222,8.01223636001593,15.325017921146955,3.077658303464755,37.6,127.04,94.93,115.05,125.0,328.14074074074074,274.7851851851851,24.260812425328552
Brinjal,2021-02-01,147.35,187.47,198.55,45.66,2021,2,30.987423829369643,11.080000000000013,0.8660254037844386,0.5000000000000001,24.609920634920634,36.3,8.8,45.803703703703704,10.407407407407407,10.754679559817754,20.968068783068784,4.324074074074074,29.6,153.03,127.04,94.93,142.47333333333333,305.01111111111106,328.14074074074074,24.084109916367982
Brinjal,2021-03-01,179.36,226.31,224.24,45.91,2021,3,25.596551295410734,-2.069999999999993,1.0,6.123233995736766e-17,25.527240143369173,36.2,7.1,114.44814814814816,16.074074074074073,9.764480708217178,20.53426523297491,4.3707885304659495,30.8,147.35,153.03,127.04,159.91333333333333,45.803703703703704,305.01111111111106,24.609920634920634
Brinjal,2021-04-01,177.16,233.19,254.46,66.67,2021,4,37.632627211206135,21.27000000000001,0.8660254037844387,-0.49999999999999983,26.35074074074074,37.8,9.6,139.86296296296297,18.48148148148148,10.590717719478738,21.803691358024693,4.592555555555555,32.4,179.36,147.35,153.03,167.95666666666668,114.44814814814816,45.803703703703704,25.527240143369173
Brinjal,2021-05-01,171.15,238.86,231.53,64.04,2021,5,37.41744819313573,-7.3300000000000125,0.49999999999999994,-0.8660254037844387,26.356152927120668,37.2,12.9,270.9185185185185,24.444444444444443,8.824277094119209,17.940095579450418,3.9063918757467144,45.5,177.16,179.36,147.35,175.89,139.86296296296297,114.44814814814816,26.35074074074074
Brinjal,2021-06-01,203.21,256.47,284.01,67.03,2021,6,32.98556518598239,27.539999999999964,1.2246467991473532e-16,-1.0,26.42703703703704,37.8,11.7,135.70740740740743,16.88888888888889,10.241626052812071,19.585086419753086,4.388802469135802,39.5,171.15,177.16,179.36,183.84,270.9185185185185,139.86296296296297,26.356152927120668
Brinjal,2021-07-01,168.65,233.71,241.43,68.92,2021,7,40.865673960466076,7.719999999999999,-0.4999999999999998,-0.8660254037844388,26.480167264038233,38.1,11.5,152.8148148148148,19.074074074074073,10.035993359219434,19.093261648745518,4.372556750298686,45.4,203.21,171.15,177.16,181.00333333333333,135.70740740740743,270.9185185185185,26.42703703703704
Brinjal,2021-08-01,117.91,149.45,162.27,37.95,2021,8,32.18553796494109,12.820000000000022,-0.8660254037844384,-0.5000000000000004,26.173357228195936,38.2,10.5,150.7037037037037,20.14814814814815,9.281493747510952,18.53409796893668,4.1990919952210275,37.9,168.65,203.21,171.15,163.2566666666667,152.8148148148148,135.70740740740743,26.480167264038233
Brinjal,2021-09-01,132.48,178.2,189.71,51.48,2021,9,38.85866632045115,11.51000000000002,-1.0,-1.8369701987210297e-16,26.211604938271606,37.8,11.8,158.91111111111113,21.48148148148148,9.599454698216736,19.07972839506173,4.259493827160494,47.1,117.91,168.65,203.21,139.67999999999998,150.7037037037037,152.8148148148148,26.173357228195936
Brinjal,2021-10-01,158.44,221.08,199.19,51.7,2021,10,32.630628231110684,-21.890000000000015,-0.8660254037844386,0.5000000000000001,25.332138590203105,35.8,12.1,278.4,25.11111111111111,8.63790509757069,17.564982078853046,3.6884707287933094,41.5,132.48,117.91,168.65,136.27666666666667,158.91111111111113,150.7037037037037,26.211604938271606
Brinjal,2021-11-01,120.09,167.48,167.44,47.37,2021,11,39.445383091528775,-0.03999999999999204,-0.5000000000000004,0.8660254037844384,24.365061728395062,33.5,10.0,427.3777777777778,26.925925925925927,6.782470631001372,14.440074074074072,2.9260493827160494,35.8,158.44,132.48,117.91,137.00333333333333,278.4,158.91111111111113,25.332138590203105
Brinjal,2021-12-01,137.78,168.54,172.72,32.85,2021,12,23.842340076687417,4.180000000000007,-2.4492935982947064e-16,1.0,24.4415770609319,33.6,7.5,103.32592592592593,17.62962962962963,9.852105223682463,18.46284348864994,3.7568219832735963,30.7,120.09,158.44,132.48,138.77,427.3777777777778,278.4,24.365061728395062
Brinjal,2022-01-01,125.1,150.6,177.55,38.98,2022,1,31.159047834494135,26.950000000000017,0.49999999999999994,0.8660254037844387,24.333452807646353,34.6,6.6,79.39259259259259,16.14814814814815,10.050922418027346,19.505256869773,3.973847072879331,29.2,137.78,120.09,158.44,127.65666666666668,103.32592592592593,427.3777777777778,24.4415770609319
Brinjal,2022-02-01,132.53,168.04,182.85,42.91,2022,2,32.3775504583487,14.810000000000002,0.8660254037844386,0.5000000000000001,24.69126984126984,34.9,7.6,79.60370370370372,11.11111111111111,9.95848259112287,21.214708994708996,4.435978835978836,27.7,125.1,137.78,120.09,131.8033333333333,79.39259259259259,103.32592592592593,24.333452807646353
Brinjal,2022-03-01,142.97,177.92,195.89,43.93,2022,3,30.726704394835004,17.97,1.0,6.123233995736766e-17,25.770967741935483,35.5,10.5,59.69259259259258,16.555555555555557,10.201836081242533,21.651875746714456,4.57,31.9,132.53,125.1,137.78,133.53333333333333,79.60370370370372,79.39259259259259,24.69126984126984
Brinjal,2022-04-01,231.54,310.0,291.57,69.24,2022,4,29.904107323094358,-18.430000000000007,0.8660254037844387,-0.49999999999999983,25.617407407407406,34.3,10.9,202.30740740740737,25.962962962962962,9.503278967764063,20.255123456790127,4.1158271604938275,28.6,142.97,132.53,125.1,169.01333333333332,59.69259259259258,79.60370370370372,25.770967741935483
Brinjal,2022-05-01,168.48,209.01,222.51,47.28,2022,5,28.062661406302585,13.5,0.49999999999999994,-0.8660254037844387,26.48757467144564,37.1,13.6,213.74444444444447,19.814814814814813,9.514996717775123,19.586021505376344,4.3536559139784945,42.1,231.54,142.97,132.53,180.99666666666667,202.30740740740737,59.69259259259258,25.617407407407406
Brinjal,2022-06-01,151.41,190.64,217.73,52.77,2022,6,34.85236453842908,27.090000000000003,1.2246467991473532e-16,-1.0,26.23222222222222,37.0,12.4,124.10370370370369,19.22222222222222,9.639822321673526,19.14904938271605,4.2830864197530865,42.9,168.48,231.54,142.97,183.80999999999997,213.74444444444447,202.30740740740737,26.48757467144564
Brinjal,2022-07-01,143.51,194.64,192.44,50.03,2022,7,34.86165782059939,-2.1999999999999886,-0.4999999999999998,-0.8660254037844388,26.23273596176822,38.0,12.2,123.77407407407406,18.48148148148148,8.95918853046595,18.739330943847072,4.2962007168458785,43.1,151.41,168.48,231.54,154.46666666666667,124.10370370370369,213.74444444444447,26.23222222222222
Brinjal,2022-08-01,177.57,245.01,249.64,69.76,2022,8,39.2858932894671,4.6299999999999955,-0.8660254037844384,-0.5000000000000004,25.684587813620073,36.9,11.1,193.66666666666666,21.25925925925926,9.281554533386434,19.427443249701316,4.245890083632019,45.9,143.51,151.41,168.48,157.49666666666664,123.77407407407406,124.10370370370369,26.23273596176822
Brinjal,2022-09-01,200.51,250.73,261.3,55.51,2022,9,27.684390960854337,10.570000000000022,-1.0,-1.8369701987210297e-16,25.752222222222223,37.6,10.5,98.95185185185184,16.77777777777778,9.9764180829904,21.314691358024692,4.598962962962963,40.0,177.57,143.51,151.41,173.86333333333332,193.66666666666666,123.77407407407406,25.684587813620073
Brinjal,2022-10-01,138.21,166.85,185.95,38.19,2022,10,27.631844561287483,19.099999999999994,-0.8660254037844386,0.5000000000000001,24.89163679808841,36.8,10.4,295.11111111111114,25.962962962962962,8.194988298154787,17.328076463560336,3.6061768219832735,42.1,200.51,177.57,143.51,172.09666666666666,98.95185185185184,193.66666666666666,25.752222222222223
Brinjal,2022-11-01,124.36,164.91,162.47,39.33,2022,11,31.625899303715578,-2.4399999999999977,-0.5000000000000004,0.8660254037844384,24.250864197530866,33.1,9.6,239.3592592592593,18.74074074074074,8.210116035665294,16.932876543209876,3.4289506172839506,31.4,138.21,200.51,177.57,154.35999999999999,295.11111111111114,98.95185185185184,24.89163679808841
Brinjal,2022-12-01,136.34,188.88,188.94,52.57,2022,12,38.557988442138445,0.060000000000002274,-2.4492935982947064e-16,1.0,23.920908004778973,32.6,8.0,215.6962962962963,22.185185185185187,7.868798171379264,15.54121863799283,3.2044324970131424,41.5,124.36,138.21,200.51,132.97,239.3592592592593,295.11111111111114,24.250864197530866
Brinjal,2023-01-01,243.55,333.21,305.28,75.69,2023,1,31.077794671404362,-27.930000000000007,0.49999999999999994,0.8660254037844387,23.56953405017921,32.4,6.2,103.34074074074073,13.814814814814815,9.35084146090535,18.494062126642774,3.812951015531661,28.7,136.34,124.36,138.21,168.08333333333334,215.6962962962963,239.3592592592593,23.920908004778973
Brinjal,2023-02-01,160.56,220.27,219.83,59.49,2023,2,37.05154643027751,-0.4399999999999977,0.8660254037844386,0.5000000000000001,24.21732804232804,34.1,6.1,117.72222222222223,13.222222222222221,9.727644201940036,20.465039682539683,4.152261904761905,44.3,243.55,136.34,124.36,180.15,103.34074074074073,215.6962962962963,23.56953405017921
Brinjal,2023-03-01,143.6,173.69,196.43,41.46,2023,3,28.871846189522156,22.74000000000001,1.0,6.123233995736766e-17,25.44014336917563,35.4,10.5,101.71481481481482,18.074074074074073,10.236548420284082,21.96173237753883,4.543154121863799,34.7,160.56,243.55,136.34,182.57000000000002,117.72222222222223,103.34074074074073,24.21732804232804
Brinjal,2023-04-01,214.54,268.46,297.51,68.44,2023,4,31.900796168175553,29.05000000000001,0.8660254037844387,-0.49999999999999983,26.40691358024691,36.8,10.4,125.12592592592593,18.25925925925926,10.259467297668039,22.379345679012346,4.719345679012346,26.6,143.6,160.56,243.55,172.9,101.71481481481482,117.72222222222223,25.44014336917563
Brinjal,2023-05-01,181.47,232.01,250.79,59.93,2023,5,33.02472418321255,18.78,0.49999999999999994,-0.8660254037844387,26.61672640382318,37.0,11.9,151.91851851851848,19.88888888888889,9.052870496482146,19.442508960573477,4.1923655913978495,39.3,214.54,143.6,160.56,179.87,125.12592592592593,101.71481481481482,26.40691358024691
Brinjal,2023-06-01,166.61,215.83,218.98,50.79,2023,6,30.484346387163804,3.1499999999999773,1.2246467991473532e-16,-1.0,27.14296296296296,37.9,12.9,117.73703703703703,18.666666666666668,10.179046608367628,20.140827160493828,4.662617283950617,37.4,181.47,214.54,143.6,187.54,151.91851851851848,125.12592592592593,26.61672640382318
Brinjal,2023-07-01,213.08,297.08,278.7,74.81,2023,7,35.108862817316115,-18.379999999999995,-0.4999999999999998,-0.8660254037844388,26.840979689366787,39.3,11.8,118.34444444444445,17.333333333333332,9.548847059604407,19.37148148148148,4.611099163679809,43.9,166.61,181.47,214.54,187.05333333333337,117.73703703703703,151.91851851851848,27.14296296296296
Brinjal,2023-08-01,214.76,277.89,287.53,67.95,2023,8,31.63995546658807,9.639999999999986,-0.8660254037844384,-0.5000000000000004,27.261409796893666,39.5,11.4,74.89629629629628,15.777777777777779,10.886052190362406,22.576105137395462,5.263297491039427,35.1,213.08,166.61,181.47,198.15,118.34444444444445,117.73703703703703,26.840979689366787
Brinjal,2023-09-01,216.96,264.41,302.11,66.3,2023,9,30.558614233677066,37.69999999999999,-1.0,-1.8369701987210297e-16,25.915185185185184,37.0,12.0,254.35555555555558,24.48148148148148,8.70759411179698,18.487765432098765,4.146185185185185,41.1,214.76,213.08,166.61,214.9333333333333,74.89629629629628,118.34444444444445,27.261409796893666
Brinjal,2023-10-01,148.64,194.47,187.47,42.33,2023,10,28.478183208972546,-7.0,-0.8660254037844386,0.5000000000000001,25.041696535244924,35.2,11.7,390.61851851851856,27.88888888888889,8.155679135138724,17.433476702508962,3.5616367980884114,37.3,216.96,214.76,213.08,193.45333333333335,254.35555555555558,74.89629629629628,25.915185185185184
Brinjal,2023-11-01,208.54,282.84,275.98,70.87,2023,11,33.98387168702806,-6.859999999999957,-0.5000000000000004,0.8660254037844384,24.58407407407407,32.2,10.8,515.1407407407407,29.11111111111111,7.543883251028808,15.49683950617284,3.0763703703703706,26.1,148.64,216.96,214.76,191.38,390.61851851851856,254.35555555555558,25.041696535244924
Brinjal,2023-12-01,238.22,311.74,312.93,74.12,2023,12,31.11408315251316,1.1899999999999977,-2.4492935982947064e-16,1.0,24.70310633213859,32.4,10.1,347.7074074074075,27.074074074074073,7.775822411389885,15.059247311827956,3.05715651135006,35.0,208.54,148.64,216.96,198.46666666666667,515.1407407407407,390.61851851851856,24.58407407407407
Brinjal,2024-01-01,151.42,201.15,215.51,56.91,2024,1,37.58417805826307,14.359999999999985,0.49999999999999994,0.8660254037844387,24.613500597371566,33.2,6.6,164.60370370370367,17.22222222222222,9.050596405814415,17.903405017921145,3.690406212664277,34.3,238.22,208.54,148.64,199.39333333333332,347.7074074074075,515.1407407407407,24.70310633213859
Brinjal,2024-02-01,149.05,183.62,188.8,37.16,2024,2,24.93121440374746,5.180000000000007,0.8660254037844386,0.5000000000000001,25.937037037037037,37.3,10.1,38.696296296296296,9.62962962962963,10.865918103448278,22.239182630906768,4.844712643678161,36.2,151.42,238.22,208.54,179.56333333333336,164.60370370370367,347.7074074074075,24.613500597371566
Brinjal,2024-03-01,170.21,210.14,232.39,51.05,2024,3,29.992344755099726,22.25,1.0,6.123233995736766e-17,26.72258064516129,38.3,9.8,58.05925925925926,8.407407407407407,10.914837687508298,23.956308243727598,5.247909199522103,29.8,149.05,151.42,238.22,156.89333333333332,38.696296296296296,164.60370370370367,25.937037037037037
Brinjal,2024-04-01,195.38,252.53,258.34,60.05,2024,4,30.73496226074201,5.809999999999974,0.8660254037844387,-0.49999999999999983,27.57950617283951,39.4,11.3,112.4925925925926,16.814814814814813,10.575852921810698,22.987333333333336,4.997975308641975,30.3,170.21,149.05,151.42,171.54666666666665,58.05925925925926,38.696296296296296,26.72258064516129
Brinjal,2024-05-01,193.73,268.08,255.8,68.21,2024,5,35.20877757250938,-12.279999999999973,0.49999999999999994,-0.8660254037844387,27.09545997610514,40.3,13.7,371.0,23.77777777777778,8.357931302270012,18.273715651135007,3.9950537634408603,48.3,195.38,170.21,149.05,186.43999999999997,112.4925925925926,58.05925925925926,27.57950617283951
Brinjal,2024-06-01,154.33,214.13,202.91,54.19,2024,6,35.11304664482171,-11.219999999999999,1.2246467991473532e-16,-1.0,26.601388888888888,36.4,12.8,53.1,6.333333333333333,9.251713567386833,18.447453703703705,3.9457407407407405,36.0,193.73,195.38,170.21,181.14666666666665,371.0,112.4925925925926,27.09545997610514
Cabbage,2010-01-01,96.19,132.13,121.8,30.78,2010,1,31.999135046122213,-10.329999999999998,0.49999999999999994,0.8660254037844387,24.38219832735962,33.2,13.1,74.89629629629628,11.555555555555555,10.191066301606265,18.25299880525687,3.817479091995221,31.1,96.19,96.19,96.19,96.19,74.89629629629628,74.89629629629628,24.38219832735962
Cabbage,2010-02-01,84.24,106.45,116.14,27.06,2010,2,32.122468990421424,9.689999999999998,0.8660254037844386,0.5000000000000001,25.346428571428575,36.5,12.6,27.08888888888889,5.0,10.081776940035274,20.48521164021164,4.425886243386243,31.2,96.19,96.19,96.19,90.215,74.89629629629628,74.89629629629628,24.38219832735962
Cabbage,2010-03-01,94.03,117.62,119.03,24.3,2010,3,25.8427886389571,1.4099999999999966,1.0,6.123233995736766e-17,26.880884109916366,37.2,12.9,62.329629629629636,9.666666666666666,10.952022939068101,22.906750298685782,5.054336917562724,28.3,84.24,96.19,96.19,91.48666666666666,27.08888888888889,74.89629629629628,25.346428571428575
Cabbage,2010-04-01,77.77,99.69,99.4,21.78,2010,4,28.005621697799025,-0.28999999999999204,0.8660254037844387,-0.49999999999999983,26.98037037037037,36.3,15.0,183.96666666666667,21.77777777777778,10.057895030864195,20.685123456790123,4.393654320987655,28.8,94.03,84.24,96.19,85.34666666666665,62.329629629629636,27.08888888888889,26.880884109916366
Cabbage,2010-05-01,80.16,104.21,101.48,22.68,2010,5,28.29337787752261,-2.7299999999999898,0.49999999999999994,-0.8660254037844387,26.86762246117085,35.5,15.9,171.74074074074073,22.51851851851852,9.573050126111776,18.505292712066908,4.026881720430108,48.0,77.77,94.03,84.24,83.98666666666666,183.96666666666667,62.329629629629636,26.98037037037037
Cabbage,2010-06-01,84.41,113.36,114.98,29.76,2010,6,35.25644443022814,1.6200000000000045,1.2246467991473532e-16,-1.0,26.621975308641975,37.0,16.0,161.88888888888889,20.51851851851852,9.854107297668039,18.50595061728395,4.217641975308642,47.1,80.16,77.77,94.03,80.78,171.74074074074073,183.96666666666667,26.86762246117085
Cabbage,2010-07-01,73.43,90.44,103.64,23.61,2010,7,32.153027164609604,13.200000000000003,-0.4999999999999998,-0.8660254037844388,26.288530465949822,35.5,14.8,127.11111111111111,19.666666666666668,9.882708134209476,18.813775388291518,4.249342891278375,40.1,84.41,80.16,77.77,79.33333333333333,161.88888888888889,171.74074074074073,26.621975308641975
Cabbage,2010-08-01,80.34,104.75,108.47,26.27,2010,8,32.698490542082965,3.719999999999999,-0.8660254037844384,-0.5000000000000004,26.09295101553166,36.0,14.8,145.3,19.40740740740741,9.287111814682067,17.983154121863798,4.0579689366786145,40.0,73.43,84.41,80.16,79.39333333333333,127.11111111111111,161.88888888888889,26.288530465949822
Cabbage,2010-09-01,73.12,90.2,95.13,19.54,2010,9,26.723158201370072,4.929999999999993,-1.0,-1.8369701987210297e-16,25.68567901234568,35.3,14.6,185.2185185185185,21.962962962962962,8.915182475994513,18.153679012345677,3.9281604938271606,37.0,80.34,73.43,84.41,75.63000000000001,145.3,127.11111111111111,26.09295101553166
Cabbage,2010-10-01,86.48,110.42,112.74,25.1,2010,10,29.024018242347083,2.319999999999993,-0.8660254037844386,0.5000000000000001,25.488291517323777,36.2,12.8,210.63703703703703,19.333333333333332,9.755867881322182,18.504074074074072,3.9231541218637993,37.9,73.12,80.34,73.43,79.98,185.2185185185185,145.3,25.68567901234568
Cabbage,2010-11-01,74.94,99.35,95.43,22.45,2010,11,29.95725919767921,-3.9199999999999875,-0.5000000000000004,0.8660254037844384,24.464197530864197,32.2,13.7,375.0592592592592,26.703703703703702,8.210342170781892,14.95035802469136,3.0094691358024694,31.7,86.48,73.12,80.34,78.18,210.63703703703703,185.2185185185185,25.488291517323777
Cabbage,2010-12-01,86.04,104.47,107.81,20.1,2010,12,23.361200184565103,3.3400000000000034,-2.4492935982947064e-16,1.0,23.63237753882915,30.4,12.3,478.24074074074076,25.444444444444443,6.248732145227664,12.087502986857825,2.504826762246117,44.1,74.94,86.48,73.12,82.48666666666666,375.0592592592592,210.63703703703703,24.464197530864197
Cabbage,2011-01-01,95.73,121.23,123.35,26.56,2011,1,27.744669649357935,2.1199999999999903,0.49999999999999994,0.8660254037844387,23.309318996415772,29.9,10.0,377.9555555555555,21.25925925925926,6.860116985264835,13.278458781362007,2.7479689366786144,39.8,86.04,74.94,86.48,85.57000000000001,478.24074074074076,375.0592592592592,23.63237753882915
Cabbage,2011-02-01,91.96,119.44,128.08,31.8,2011,2,34.58021468006233,8.640000000000015,0.8660254037844386,0.5000000000000001,24.098148148148148,31.7,13.1,281.75555555555553,14.185185185185185,8.1077059707525,16.28414021164021,3.3464021164021167,36.3,95.73,86.04,74.94,91.24333333333334,377.9555555555555,478.24074074074076,23.309318996415772
Cabbage,2011-03-01,88.8,111.03,113.49,23.46,2011,3,26.4188891679176,2.4599999999999937,1.0,6.123233995736766e-17,25.415890083632018,35.7,12.7,79.2925925925926,16.074074074074073,10.637956013540423,21.56808841099164,4.439450418160096,30.5,91.96,95.73,86.04,92.16333333333334,281.75555555555553,377.9555555555555,24.098148148148148
Cabbage,2011-04-01,93.29,123.98,116.69,27.04,2011,4,28.984854770227493,-7.290000000000006,0.8660254037844387,-0.49999999999999983,25.76320987654321,35.7,13.0,207.73703703703703,22.962962962962962,9.720265562414264,20.033617283950615,4.145567901234568,31.5,88.8,91.96,95.73,91.34999999999998,79.2925925925926,281.75555555555553,25.415890083632018
Cabbage,2011-05-01,92.46,116.7,119.54,25.66,2011,5,27.752511623932918,2.8400000000000034,0.49999999999999994,-0.8660254037844387,26.61373954599761,35.7,14.2,81.60740740740741,17.333333333333332,10.89341501061994,21.225173237753886,4.574217443249701,40.8,93.29,88.8,91.96,91.51666666666667,207.73703703703703,79.2925925925926,25.76320987654321
Cabbage,2011-06-01,90.4,115.15,126.78,30.56,2011,6,33.80527233930051,11.629999999999995,1.2246467991473532e-16,-1.0,26.950493827160496,37.0,14.5,60.029629629629625,13.777777777777779,10.838705425240056,20.47843209876543,4.773728395061728,44.2,92.46,93.29,88.8,92.05,81.60740740740741,207.73703703703703,26.61373954599761
Cabbage,2011-07-01,92.11,122.72,127.05,32.78,2011,7,35.587845415432184,4.329999999999998,-0.4999999999999998,-0.8660254037844388,26.418040621266428,35.6,15.1,114.77407407407408,19.77777777777778,10.305884322315148,19.09958183990442,4.394587813620071,43.6,90.4,92.46,93.29,91.65666666666668,60.029629629629625,81.60740740740741,26.950493827160496
Cabbage,2011-08-01,74.44,99.04,107.65,28.91,2011,8,38.836594792322956,8.61,-0.8660254037844384,-0.5000000000000004,26.163201911589006,35.5,14.9,123.93333333333332,21.444444444444443,10.277780177220231,19.317921146953406,4.386236559139785,41.5,92.11,90.4,92.46,85.65000000000002,114.77407407407408,60.029629629629625,26.418040621266428
Cabbage,2011-09-01,74.8,90.42,106.33,23.58,2011,9,31.524022026708522,15.909999999999997,-1.0,-1.8369701987210297e-16,26.394567901234566,36.8,13.5,128.13333333333335,16.77777777777778,10.440950826474623,20.307703703703705,4.630888888888889,41.0,74.44,92.11,90.4,80.44999999999999,123.93333333333332,114.77407407407408,26.163201911589006
Cabbage,2011-10-01,82.99,113.46,114.75,31.12,2011,10,37.498448610135426,1.2900000000000063,-0.8660254037844386,0.5000000000000001,25.554599761051374,36.4,14.0,290.7444444444444,25.25925925925926,9.106757062259392,17.938697729988053,3.7755077658303464,29.1,74.8,74.44,92.11,77.41,128.13333333333335,123.93333333333332,26.394567901234566
Cabbage,2011-11-01,77.18,97.22,103.37,23.11,2011,11,29.942951615766233,6.150000000000006,-0.5000000000000004,0.8660254037844384,24.60037037037037,30.9,13.2,227.7037037037037,23.185185185185187,8.755125891632373,15.819074074074075,3.190111111111111,38.0,82.99,74.8,74.44,78.32333333333334,290.7444444444444,128.13333333333335,25.554599761051374
Cabbage,2011-12-01,85.35,106.73,121.03,28.53,2011,12,33.42702586171546,14.299999999999997,-2.4492935982947064e-16,1.0,24.174551971326164,30.6,12.7,238.3296296296296,19.0,8.318002937076862,15.13463560334528,3.1733094384707288,41.7,77.18,82.99,74.8,81.84,227.7037037037037,290.7444444444444,24.60037037037037
Cabbage,2012-01-01,93.87,113.86,124.31,25.21,2012,1,26.85626200462128,10.450000000000003,0.49999999999999994,0.8660254037844387,24.00310633213859,32.2,11.7,41.87407407407407,8.11111111111111,10.526879619673437,19.145698924731185,3.9631421744324973,32.9,85.35,77.18,82.99,85.46666666666665,238.3296296296296,227.7037037037037,24.174551971326164
Cabbage,2012-02-01,122.09,157.03,152.73,32.79,2012,2,26.85721446702067,-4.300000000000011,0.8660254037844386,0.5000000000000001,24.737164750957856,33.1,11.5,88.37407407407407,11.62962962962963,9.96542747623102,19.20183908045977,4.065938697318008,34.4,93.87,85.35,77.18,100.43666666666667,41.87407407407407,238.3296296296296,24.00310633213859
Cabbage,2012-03-01,114.82,158.84,154.47,41.84,2012,3,36.43961292491472,-4.3700000000000045,1.0,6.123233995736766e-17,26.114814814814814,35.8,12.7,62.56666666666667,11.037037037037036,11.041847268684455,23.043142174432496,4.872556750298686,25.6,122.09,93.87,85.35,110.25999999999999,88.37407407407407,41.87407407407407,24.737164750957856
Cabbage,2012-04-01,101.06,136.52,127.85,31.12,2012,4,30.79355749697457,-8.670000000000016,0.8660254037844387,-0.49999999999999983,26.094197530864196,35.0,14.2,151.7296296296296,22.814814814814813,9.937619732510289,19.906234567901233,4.172765432098766,34.8,114.82,122.09,93.87,112.65666666666668,62.56666666666667,88.37407407407407,26.114814814814814
Cabbage,2012-05-01,100.67,124.0,130.29,26.47,2012,5,26.293805211279214,6.289999999999992,0.49999999999999994,-0.8660254037844387,27.31612903225806,37.4,13.0,38.32962962962962,9.703703703703704,10.995511419753086,22.113142174432497,5.193488649940263,46.5,101.06,114.82,122.09,105.51666666666667,151.7296296296296,62.56666666666667,26.094197530864196
Cabbage,2012-06-01,95.74,123.73,120.16,26.21,2012,6,27.37619868790611,-3.5700000000000074,1.2246467991473532e-16,-1.0,26.930617283950617,37.3,15.5,72.88888888888889,15.481481481481481,10.494983017832647,19.584814814814816,4.750666666666667,44.5,100.67,101.06,114.82,99.15666666666668,38.32962962962962,151.7296296296296,27.31612903225806
Cabbage,2012-07-01,81.51,107.68,118.03,31.34,2012,7,38.44922285704471,10.349999999999994,-0.4999999999999998,-0.8660254037844388,26.741338112305854,37.4,15.2,91.75555555555556,16.555555555555557,10.725608117615826,20.296356033452806,4.737252090800478,40.1,95.74,100.67,101.06,92.64,72.88888888888889,38.32962962962962,26.930617283950617
Cabbage,2012-08-01,101.17,127.62,132.48,28.88,2012,8,28.545983447678708,4.859999999999985,-0.8660254037844384,-0.5000000000000004,26.55149342891278,37.0,14.8,106.80740740740741,18.14814814814815,10.462001473516526,19.9221027479092,4.753954599761052,40.9,81.51,95.74,100.67,92.80666666666666,91.75555555555556,72.88888888888889,26.741338112305854
Cabbage,2012-09-01,72.7,94.79,96.82,23.1,2012,9,31.774371699626276,2.029999999999987,-1.0,-1.8369701987210297e-16,26.46827160493827,36.9,14.8,113.72962962962963,19.25925925925926,10.030292259945131,19.901728395061728,4.575271604938272,38.2,101.17,81.51,95.74,85.12666666666667,106.80740740740741,91.75555555555556,26.55149342891278
Cabbage,2012-10-01,110.41,136.48,140.4,28.03,2012,10,25.38717019548031,3.920000000000016,-0.8660254037844386,0.5000000000000001,25.311230585424134,38.1,13.8,449.9777777777778,25.77777777777778,8.247822464489579,16.84641577060932,3.593273596176822,46.0,72.7,101.17,81.51,94.76,113.72962962962963,106.80740740740741,26.46827160493827
Cabbage,2012-11-01,94.18,120.98,120.21,26.41,2012,11,28.04201736884968,-0.7700000000000102,-0.5000000000000004,0.8660254037844384,24.764074074074077,31.6,14.0,291.1888888888889,20.59259259259259,8.831181690672153,16.15237037037037,3.3229135802469134,41.6,110.41,72.7,101.17,92.43,449.9777777777778,113.72962962962963,25.311230585424134
Cabbage,2012-12-01,78.38,103.44,100.82,23.75,2012,12,30.301058559506817,-2.6200000000000045,-2.4492935982947064e-16,1.0,24.22437275985663,30.7,11.7,206.9148148148148,19.962962962962962,8.388824093986461,14.450955794504182,2.998279569892473,39.6,94.18,110.41,72.7,94.32333333333334,291.1888888888889,449.9777777777778,24.764074074074077
Cabbage,2013-01-01,110.01,141.14,146.43,33.77,2013,1,30.697181440613182,5.2900000000000205,0.49999999999999994,0.8660254037844387,24.042652329749103,32.2,10.8,214.65925925925924,11.037037037037036,8.49450116155582,16.101481481481482,3.4447311827956986,31.9,78.38,94.18,110.41,94.19,206.9148148148148,291.1888888888889,24.22437275985663
Cabbage,2013-02-01,120.17,153.04,164.91,38.8,2013,2,32.28756570894091,11.870000000000005,0.8660254037844386,0.5000000000000001,24.672883597883597,32.8,12.2,111.08148148148148,13.11111111111111,9.777058847736626,19.015753968253968,3.9231613756613757,29.5,110.01,78.38,94.18,102.85333333333334,214.65925925925924,206.9148148148148,24.042652329749103
Cabbage,2013-03-01,108.12,140.32,139.81,31.94,2013,3,29.541223139823213,-0.5099999999999909,1.0,6.123233995736766e-17,25.66057347670251,34.6,13.9,153.78518518518518,18.25925925925926,10.352612066905616,20.766630824372758,4.285304659498208,26.6,120.17,110.01,78.38,112.76666666666667,111.08148148148148,214.65925925925924,24.672883597883597
Cabbage,2013-04-01,78.14,105.54,105.07,27.16,2013,4,34.758081957919174,-0.4700000000000131,0.8660254037844387,-0.49999999999999983,26.996913580246915,36.5,14.6,82.41111111111111,15.481481481481481,10.709399595336075,21.9620987654321,4.685876543209877,31.6,108.12,120.17,110.01,102.14333333333333,153.78518518518518,111.08148148148148,25.66057347670251
Cabbage,2013-05-01,118.79,149.68,164.62,38.36,2013,5,32.29225331067151,14.939999999999998,0.49999999999999994,-0.8660254037844387,26.8389486260454,36.3,14.9,143.0814814814815,19.74074074074074,9.638459176290986,19.227825567502986,4.32221027479092,45.7,78.14,108.12,120.17,101.68333333333334,82.41111111111111,153.78518518518518,26.996913580246915
Cabbage,2013-06-01,114.66,144.92,144.33,29.97,2013,6,26.13812477051738,-0.589999999999975,1.2246467991473532e-16,-1.0,25.994074074074074,34.6,15.4,170.0888888888889,19.85185185185185,9.694006200274348,17.583827160493826,4.057296296296296,43.2,118.79,78.14,108.12,103.86333333333333,143.0814814814815,82.41111111111111,26.8389486260454
Cabbage,2013-07-01,92.53,120.71,122.7,29.17,2013,7,31.524876769829497,1.990000000000009,-0.4999999999999998,-0.8660254037844388,26.04826762246117,36.2,15.2,102.04444444444444,17.0,10.26724616686579,18.919187574671447,4.3469414575866185,43.0,114.66,118.79,78.14,108.66000000000001,170.0888888888889,143.0814814814815,25.994074074074074
Cabbage,2013-08-01,89.44,109.44,117.53,24.04,2013,8,26.878324152142046,8.090000000000003,-0.8660254037844384,-0.5000000000000004,26.133213859020312,37.5,14.3,106.14444444444445,18.074074074074073,10.622712196336122,20.584492234169655,4.578936678614098,39.6,92.53,114.66,118.79,98.87666666666667,102.04444444444444,170.0888888888889,26.04826762246117
Cabbage,2013-09-01,104.37,128.52,132.84,26.31,2013,9,25.208369063553636,4.319999999999993,-1.0,-1.8369701987210297e-16,25.803086419753086,36.5,13.9,122.63703703703703,17.62962962962963,9.680483124142661,18.931222222222225,4.218827160493827,40.6,89.44,92.53,114.66,95.44666666666667,106.14444444444445,102.04444444444444,26.133213859020312
Cabbage,2013-10-01,90.37,116.92,120.81,28.49,2013,10,31.525913991463987,3.8900000000000006,-0.8660254037844386,0.5000000000000001,25.8415770609319,36.0,13.3,180.94444444444446,19.444444444444443,9.920446226602948,19.132138590203105,4.223010752688172,36.1,104.37,89.44,92.53,94.72666666666667,122.63703703703703,106.14444444444445,25.803086419753086
Cabbage,2013-11-01,93.11,116.49,131.56,30.92,2013,11,33.20799784341333,15.070000000000007,-0.5000000000000004,0.8660254037844384,24.765925925925927,31.5,12.4,167.89629629629633,20.22222222222222,9.901379499314128,17.46762962962963,3.5697901234567904,40.2,90.37,104.37,89.44,95.95,180.94444444444446,122.63703703703703,25.8415770609319
Cabbage,2013-12-01,109.98,142.86,141.65,32.28,2013,12,29.350764365553406,-1.210000000000008,-2.4492935982947064e-16,1.0,24.01027479091995,31.3,13.1,162.94444444444446,15.481481481481481,8.190521113766096,14.278112305854242,3.0887574671445637,40.0,93.11,90.37,104.37,97.82,167.89629629629633,180.94444444444446,24.765925925925927
Cabbage,2014-01-01,103.01,142.45,146.37,41.4,2014,1,40.19023377319311,3.920000000000016,0.49999999999999994,0.8660254037844387,23.94109916367981,32.5,11.7,131.15555555555554,13.555555555555555,9.34556176158237,16.36010752688172,3.4371804062126645,41.5,109.98,93.11,90.37,102.03333333333335,162.94444444444446,167.89629629629633,24.01027479091995
Cabbage,2014-02-01,130.63,178.28,167.86,42.44,2014,2,32.4886836954117,-10.419999999999987,0.8660254037844386,0.5000000000000001,24.89920634920635,35.9,9.7,18.8,5.333333333333333,10.92148025793651,21.56505291005291,4.585925925925926,29.6,103.01,109.98,93.11,114.54,131.15555555555554,162.94444444444446,23.94109916367981
Cabbage,2014-03-01,110.14,148.24,147.76,37.86,2014,3,34.374401330668846,-0.4800000000000182,1.0,6.123233995736766e-17,26.361170848267623,37.2,12.2,34.196296296296296,5.925925925925926,10.952933014735166,22.873548387096776,5.147072879330945,28.1,130.63,103.01,109.98,114.59333333333332,18.8,131.15555555555554,24.89920634920635
Cabbage,2014-04-01,125.43,158.32,172.59,40.02,2014,4,31.906217088242773,14.27000000000001,0.8660254037844387,-0.49999999999999983,26.7458024691358,37.2,13.6,152.52592592592592,17.296296296296298,10.610301241426612,21.791827160493828,4.638111111111111,25.2,110.14,130.63,103.01,122.06666666666666,34.196296296296296,18.8,26.361170848267623
Cabbage,2014-05-01,99.16,120.23,124.63,23.27,2014,5,23.467100174364486,4.3999999999999915,0.49999999999999994,-0.8660254037844387,26.574671445639186,35.2,15.0,169.88148148148144,20.51851851851852,9.93649666799416,19.42304659498208,4.1792592592592595,39.3,125.43,110.14,130.63,111.57666666666667,152.52592592592592,34.196296296296296,26.7458024691358
Cabbage,2014-06-01,104.47,128.65,139.95,29.83,2014,6,28.553624434168245,11.299999999999983,1.2246467991473532e-16,-1.0,27.230493827160494,36.2,15.6,75.25925925925925,15.444444444444445,10.797738693415639,20.258123456790127,4.799592592592592,41.0,99.16,125.43,110.14,109.68666666666667,169.88148148148144,152.52592592592592,26.574671445639186
Cabbage,2014-07-01,97.05,118.24,123.63,23.88,2014,7,24.605847907421012,5.390000000000001,-0.4999999999999998,-0.8660254037844388,26.96941457586619,36.8,15.3,73.40370370370371,15.592592592592593,10.71005141046064,20.10921146953405,4.85078853046595,39.0,104.47,99.16,125.43,100.22666666666667,75.25925925925925,169.88148148148144,27.230493827160494
Cabbage,2014-08-01,103.01,127.93,144.2,33.05,2014,8,32.0842325170056,16.269999999999982,-0.8660254037844384,-0.5000000000000004,26.11589008363202,36.3,14.0,129.73703703703703,20.0,10.03903343289526,19.2368458781362,4.3563560334528075,41.8,97.05,104.47,99.16,101.50999999999999,73.40370370370371,75.25925925925925,26.96941457586619
Cabbage,2014-09-01,120.81,168.94,159.25,43.28,2014,9,35.82481928249376,-9.689999999999998,-1.0,-1.8369701987210297e-16,26.094814814814814,37.2,14.6,160.03333333333333,20.77777777777778,10.29222377914952,20.17385185185185,4.477555555555556,40.1,103.01,97.05,104.47,106.95666666666666,129.73703703703703,73.40370370370371,26.11589008363202
Cabbage,2014-10-01,99.77,129.74,133.35,31.78,2014,10,31.853230577096745,3.609999999999985,-0.8660254037844386,0.5000000000000001,25.124133811230585,33.5,14.5,379.1629629629629,28.074074074074073,8.895012322447897,17.07173237753883,3.4983512544802866,37.9,120.81,103.01,97.05,107.86333333333334,160.03333333333333,129.73703703703703,26.094814814814814
Cabbage,2014-11-01,95.0,121.62,126.32,28.97,2014,11,30.494704742416058,4.699999999999989,-0.5000000000000004,0.8660254037844384,24.40691358024691,31.6,12.9,339.6814814814815,22.88888888888889,7.338499725651578,14.214506172839506,2.9098148148148146,39.0,99.77,120.81,103.01,105.19333333333334,379.1629629629629,160.03333333333333,25.124133811230585
Cabbage,2014-12-01,109.32,150.12,150.43,40.96,2014,12,37.467949626829835,0.3100000000000023,-2.4492935982947064e-16,1.0,23.95137395459976,30.7,13.6,532.0333333333333,27.037037037037038,6.568287976237887,12.152485065710872,2.4931780167264037,40.0,95.0,99.77,120.81,101.36333333333334,339.6814814814815,379.1629629629629,24.40691358024691
Cabbage,2015-01-01,89.98,115.73,124.75,30.26,2015,1,33.629658113293935,9.019999999999996,0.49999999999999994,0.8660254037844387,24.391756272401434,33.2,12.1,32.10740740740741,7.592592592592593,10.502823702376213,18.87594982078853,3.954408602150538,30.5,109.32,95.0,99.77,98.10000000000001,532.0333333333333,339.6814814814815,23.95137395459976
Cabbage,2015-02-01,102.56,142.68,132.12,34.84,2015,2,33.97032569196013,-10.560000000000002,0.8660254037844386,0.5000000000000001,24.457010582010582,34.7,10.4,93.92592592592592,13.74074074074074,10.328361654908877,19.483002645502644,4.039828042328042,33.2,89.98,109.32,95.0,100.62,32.10740740740741,532.0333333333333,24.391756272401434
Cabbage,2015-03-01,123.97,154.96,159.56,33.29,2015,3,26.853249291563046,4.599999999999994,1.0,6.123233995736766e-17,25.695579450418162,35.2,11.0,84.23703703703703,11.814814814814815,10.76329743130227,22.61729988052569,4.7389486260454,26.6,102.56,89.98,109.32,105.50333333333333,93.92592592592592,32.10740740740741,24.457010582010582
Cabbage,2015-04-01,101.05,133.78,133.77,32.73,2015,4,32.389873933820944,-0.009999999999990905,0.8660254037844387,-0.49999999999999983,26.122839506172838,35.1,14.4,201.55555555555554,23.37037037037037,10.262591769547326,20.982123456790124,4.3398518518518525,24.6,123.97,102.56,89.98,109.19333333333333,84.23703703703703,93.92592592592592,25.695579450418162
Cabbage,2015-05-01,100.61,138.12,139.71,38.31,2015,5,38.0776880253573,1.5900000000000034,0.49999999999999994,-0.8660254037844387,26.43094384707288,34.3,15.2,178.8259259259259,22.555555555555557,10.002322003185983,19.305830346475506,4.072939068100359,43.7,101.05,123.97,102.56,108.54333333333334,201.55555555555554,84.23703703703703,26.122839506172838
Cabbage,2015-06-01,115.16,141.25,152.33,31.63,2015,6,27.46611022394041,11.080000000000013,1.2246467991473532e-16,-1.0,26.698024691358025,35.8,15.1,103.0037037037037,17.14814814814815,10.34859715020576,19.485444444444447,4.364913580246913,46.7,100.61,101.05,123.97,105.60666666666667,178.8259259259259,201.55555555555554,26.43094384707288
Cabbage,2015-07-01,112.99,140.21,157.16,35.7,2015,7,31.59568847182187,16.94999999999999,-0.4999999999999998,-0.8660254037844388,26.75627240143369,36.4,14.6,86.6962962962963,16.40740740740741,10.644947477764504,19.966547192353644,4.646487455197133,38.2,115.16,100.61,101.05,109.58666666666666,103.0037037037037,178.8259259259259,26.698024691358025
Cabbage,2015-08-01,110.02,147.53,144.06,35.78,2015,8,32.52133019330105,-3.469999999999999,-0.8660254037844384,-0.5000000000000004,26.590083632019116,36.2,14.9,112.4962962962963,18.666666666666668,10.723101148280898,20.643727598566308,4.654898446833931,39.3,112.99,115.16,100.61,112.72333333333331,86.6962962962963,103.0037037037037,26.75627240143369
Cabbage,2015-09-01,92.73,123.63,127.47,32.82,2015,9,35.39303850637495,3.8400000000000034,-1.0,-1.8369701987210297e-16,26.04555555555556,37.0,14.9,183.8777777777778,22.666666666666668,9.439200600137173,18.515641975308643,4.0424444444444445,40.8,110.02,112.99,115.16,105.24666666666667,112.4962962962963,86.6962962962963,26.590083632019116
Cabbage,2015-10-01,130.54,180.0,168.93,43.93,2015,10,33.652494520840726,-11.069999999999993,-0.8660254037844386,0.5000000000000001,25.31935483870968,34.1,14.6,488.0888888888888,28.074074074074073,8.062620496482145,16.338637992831543,3.3829032258064515,38.6,92.73,110.02,112.99,111.09666666666665,183.8777777777778,112.4962962962963,26.04555555555556
Cabbage,2015-11-01,149.21,194.72,197.36,46.83,2015,11,31.38527485739906,2.640000000000015,-0.5000000000000004,0.8660254037844384,24.75172839506173,31.2,14.6,372.6592592592592,26.59259259259259,8.015063124142662,14.546234567901235,2.939864197530864,44.7,130.54,92.73,110.02,124.16000000000001,488.0888888888888,183.8777777777778,25.31935483870968
Cabbage,2015-12-01,96.69,123.16,123.32,26.55,2015,12,27.458860834770054,0.1599999999999966,-2.4492935982947064e-16,1.0,24.736081242532855,31.2,12.4,251.9148148148148,22.40740740740741,8.835831073277578,14.967132616487454,3.0635722819593787,33.3,149.21,130.54,92.73,125.48,372.6592592592592,488.0888888888888,24.75172839506173
Cabbage,2016-01-01,114.4,148.25,143.54,31.49,2016,1,27.526199714860383,-4.710000000000008,0.49999999999999994,0.8660254037844387,24.99163679808841,33.6,12.4,32.54074074074074,8.11111111111111,10.499397992167795,18.714743130227,4.010071684587813,33.8,96.69,149.21,130.54,120.10000000000001,251.9148148148148,372.6592592592592,24.736081242532855
Cabbage,2016-02-01,119.09,146.3,159.89,34.0,2016,2,28.549812284984228,13.589999999999975,0.8660254037844386,0.5000000000000001,25.845466155810982,35.3,11.4,35.737037037037034,8.407407407407407,10.57882929615439,20.39846743295019,4.45367816091954,32.2,114.4,96.69,149.21,110.06,32.54074074074074,251.9148148148148,24.99163679808841
Cabbage,2016-03-01,102.54,136.46,130.3,30.84,2016,3,30.076038544920475,-6.159999999999997,1.0,6.123233995736766e-17,27.301911589008363,37.4,14.2,35.2962962962963,8.0,11.166788357891942,23.19941457586619,5.134707287933094,26.7,119.09,114.4,96.69,112.01,35.737037037037034,32.54074074074074,25.845466155810982
Cabbage,2016-04-01,149.04,196.68,188.0,43.3,2016,4,29.052583834820293,-8.680000000000007,0.8660254037844387,-0.49999999999999983,27.98493827160494,38.0,15.0,71.91111111111111,14.962962962962964,10.944782026748971,22.621925925925925,4.977925925925926,31.0,102.54,119.09,114.4,123.55666666666666,35.2962962962963,35.737037037037034,27.301911589008363
Cabbage,2016-05-01,120.41,166.04,161.27,43.24,2016,5,35.91060882766479,-4.769999999999982,0.49999999999999994,-0.8660254037844387,26.69510155316607,35.9,16.0,460.4074074074074,24.11111111111111,8.456143664542678,16.913584229390683,3.669665471923536,45.5,149.04,102.54,119.09,123.99666666666667,71.91111111111111,35.2962962962963,27.98493827160494
Cabbage,2016-06-01,166.63,227.81,222.06,58.31,2016,6,34.99367761286826,-5.75,1.2246467991473532e-16,-1.0,26.669629629629632,35.6,15.3,93.5,17.51851851851852,10.096888892318242,18.93088888888889,4.3085555555555555,46.9,120.41,149.04,102.54,145.35999999999999,460.4074074074074,71.91111111111111,26.69510155316607
Cabbage,2016-07-01,102.51,129.29,141.52,32.89,2016,7,32.084643366848724,12.230000000000018,-0.4999999999999998,-0.8660254037844388,26.59390681003584,37.6,15.2,99.44074074074072,16.37037037037037,10.414703195937875,19.63237753882915,4.491517323775389,39.2,166.63,120.41,149.04,129.85,93.5,460.4074074074074,26.669629629629632
Cabbage,2016-08-01,144.55,174.68,190.69,38.13,2016,8,26.378397524456922,16.00999999999999,-0.8660254037844384,-0.5000000000000004,26.63811230585424,36.8,15.3,72.67407407407407,16.37037037037037,10.85600315279437,20.868924731182798,4.77041816009558,35.9,102.51,166.63,120.41,137.89666666666668,99.44074074074072,93.5,26.59390681003584
Cabbage,2016-09-01,107.3,133.36,142.48,30.62,2016,9,28.536786079416515,9.119999999999976,-1.0,-1.8369701987210297e-16,26.59493827160494,36.1,13.1,55.6074074074074,14.11111111111111,10.578944777091907,21.04641975308642,4.902024691358024,36.3,144.55,102.51,166.63,118.12,72.67407407407407,99.44074074074072,26.63811230585424
Cabbage,2016-10-01,98.55,129.47,124.4,28.39,2016,10,28.80768258987053,-5.069999999999993,-0.8660254037844386,0.5000000000000001,26.38183990442055,37.5,13.1,105.65555555555555,16.14814814814815,10.614833320058409,20.415555555555557,4.600657108721625,36.1,107.3,144.55,102.51,116.80000000000001,55.6074074074074,72.67407407407407,26.59493827160494
Cabbage,2016-11-01,95.85,120.07,127.86,28.12,2016,11,29.33747591290985,7.790000000000006,-0.5000000000000004,0.8660254037844384,24.78827160493827,31.9,13.1,246.91111111111113,22.074074074074073,8.394442119341564,15.466246913580246,3.2081851851851853,36.7,98.55,107.3,144.55,100.56666666666668,105.65555555555555,55.6074074074074,26.38183990442055
Cabbage,2016-12-01,114.46,147.76,164.18,41.51,2016,12,36.265912750382014,16.420000000000016,-2.4492935982947064e-16,1.0,24.54408602150538,32.1,12.8,73.35185185185185,12.407407407407407,10.276127943714323,17.85927120669056,3.706332138590203,46.2,95.85,98.55,107.3,102.95333333333333,246.91111111111113,105.65555555555555,24.78827160493827
Cabbage,2017-01-01,100.05,138.41,130.22,34.26,2017,1,34.24284433498817,-8.189999999999998,0.49999999999999994,0.8660254037844387,24.014934289127837,35.0,5.3,146.84074074074073,12.88888888888889,9.398610291384575,18.306917562724013,3.93700119474313,30.0,114.46,95.85,98.55,103.45333333333333,73.35185185185185,246.91111111111113,24.54408602150538
Cabbage,2017-02-01,109.72,138.6,143.32,31.24,2017,2,28.472449441806923,4.719999999999999,0.8660254037844386,0.5000000000000001,24.398015873015876,36.2,6.3,48.577777777777776,8.407407407407407,10.132609402557318,20.729907407407406,4.400740740740741,35.9,100.05,114.46,95.85,108.07666666666667,146.84074074074073,73.35185185185185,24.014934289127837
Cabbage,2017-03-01,159.1,192.3,199.68,36.89,2017,3,23.186660473500645,7.3799999999999955,1.0,6.123233995736766e-17,25.586977299880523,35.9,8.0,118.58148148148148,19.296296296296298,10.42839526417098,21.431254480286736,4.4047550776583035,31.8,109.72,100.05,114.46,122.95666666666666,48.577777777777776,146.84074074074073,24.398015873015876
Cabbage,2017-04-01,145.1,177.07,195.41,41.14,2017,4,28.352840556278046,18.340000000000003,0.8660254037844387,-0.49999999999999983,27.3,39.3,10.7,82.42962962962964,13.962962962962964,10.951856083676269,23.111493827160494,5.064864197530865,32.5,159.1,109.72,100.05,137.97333333333333,118.58148148148148,48.577777777777776,25.586977299880523
Cabbage,2017-05-01,102.82,125.15,133.44,26.48,2017,5,25.75371936031963,8.289999999999992,0.49999999999999994,-0.8660254037844387,27.174074074074074,37.8,12.0,166.72962962962958,21.666666666666668,9.881361147617152,19.387491039426525,4.414109916367981,42.2,145.1,159.1,109.72,135.67333333333335,82.42962962962964,118.58148148148148,27.3
Cabbage,2017-06-01,151.6,197.34,193.63,43.89,2017,6,28.951168238015672,-3.710000000000008,1.2246467991473532e-16,-1.0,26.935555555555556,39.1,13.0,129.3,18.925925925925927,10.23791511659808,18.765913580246913,4.445913580246914,41.2,102.82,145.1,159.1,133.17333333333332,166.72962962962958,82.42962962962964,27.174074074074074
Cabbage,2017-07-01,135.69,172.21,189.58,45.21,2017,7,33.31856929871818,17.370000000000005,-0.4999999999999998,-0.8660254037844388,27.253405017921146,39.5,12.6,104.68148148148147,19.0,10.337333223815213,19.277873357228195,4.638351254480287,40.9,151.6,102.82,145.1,130.03666666666666,129.3,166.72962962962958,26.935555555555556
Cabbage,2017-08-01,154.54,195.74,202.94,44.8,2017,8,28.989239686010297,7.199999999999989,-0.8660254037844384,-0.5000000000000004,26.511350059737158,38.4,11.7,160.82222222222222,21.40740740740741,9.4878531129696,18.38399044205496,4.242652329749104,40.0,135.69,151.6,102.82,147.27666666666667,104.68148148148147,129.3,27.253405017921146
Cabbage,2017-09-01,131.48,178.32,177.71,46.54,2017,9,35.39699163599663,-0.6099999999999852,-1.0,-1.8369701987210297e-16,25.927777777777777,37.8,11.4,173.06666666666663,20.51851851851852,9.282737726337448,18.361543209876544,4.028864197530864,41.8,154.54,135.69,151.6,140.57,160.82222222222222,104.68148148148147,26.511350059737158
Cabbage,2017-10-01,114.47,138.81,162.63,36.25,2017,10,31.667658191964538,23.819999999999993,-0.8660254037844386,0.5000000000000001,25.738351254480285,36.7,11.7,266.72222222222223,26.0,8.75059341563786,16.79330943847073,3.6334767025089603,36.6,131.48,154.54,135.69,133.49666666666667,173.06666666666663,160.82222222222222,25.927777777777777
Cabbage,2017-11-01,139.32,182.69,199.13,51.59,2017,11,37.029832737702606,16.439999999999998,-0.5000000000000004,0.8660254037844384,24.537283950617287,32.7,10.3,389.05925925925936,24.85185185185185,7.012991056241426,14.044666666666666,2.8818641975308643,49.3,114.47,131.48,154.54,128.42333333333332,266.72222222222223,173.06666666666663,25.738351254480285
Cabbage,2017-12-01,151.29,190.88,207.75,48.03,2017,12,31.746955022172635,16.870000000000005,-2.4492935982947064e-16,1.0,24.322341696535243,32.1,10.0,117.70370370370371,16.48148148148148,9.467093986459577,16.48821983273596,3.3940023894862605,29.3,139.32,114.47,131.48,135.02666666666667,389.05925925925936,266.72222222222223,24.537283950617287
Cabbage,2018-01-01,141.64,171.71,196.75,42.59,2018,1,30.06916826520174,25.039999999999992,0.49999999999999994,0.8660254037844387,23.959976105137397,35.0,6.4,47.22592592592592,8.592592592592593,9.747279261250497,18.507001194743133,3.9380286738351256,30.8,151.29,139.32,114.47,144.08333333333334,117.70370370370371,389.05925925925936,24.322341696535243
Cabbage,2018-02-01,142.24,194.19,194.61,52.16,2018,2,36.67039041732957,0.4200000000000159,0.8660254037844386,0.5000000000000001,24.76878306878307,36.0,9.3,73.10000000000001,12.37037037037037,10.333134461346267,20.12851851851852,4.31005291005291,30.5,141.64,151.29,139.32,145.0566666666667,47.22592592592592,117.70370370370371,23.959976105137397
Cabbage,2018-03-01,131.65,164.72,177.38,39.4,2018,3,29.927816234093246,12.659999999999997,1.0,6.123233995736766e-17,25.733811230585424,37.0,9.9,107.91851851851851,18.074074074074073,9.972489738484002,20.42831541218638,4.319008363201912,36.2,142.24,141.64,151.29,138.51000000000002,73.10000000000001,47.22592592592592,24.76878306878307
Cabbage,2018-04-01,170.58,232.32,221.04,56.1,2018,4,32.88777530321532,-11.280000000000001,0.8660254037844387,-0.49999999999999983,26.249382716049382,37.9,11.5,136.58148148148146,22.037037037037038,10.20821816872428,20.737827160493826,4.3362592592592595,23.7,131.65,142.24,141.64,148.15666666666667,107.91851851851851,73.10000000000001,25.733811230585424
Cabbage,2018-05-01,170.65,231.73,237.05,63.74,2018,5,37.351281950611224,5.320000000000022,0.49999999999999994,-0.8660254037844387,25.950896057347673,38.6,12.4,281.8703703703704,26.51851851851852,8.218543744192221,16.934659498207886,3.6000955794504184,40.4,170.58,131.65,142.24,157.6266666666667,136.58148148148146,107.91851851851851,26.249382716049382
Cabbage,2018-06-01,148.47,184.0,198.92,42.99,2018,6,28.955325011567982,14.919999999999987,1.2246467991473532e-16,-1.0,26.280740740740743,37.3,13.0,156.8148148148148,18.555555555555557,10.04098037037037,19.019024691358023,4.258370370370371,49.4,170.65,170.58,131.65,163.23333333333335,281.8703703703704,136.58148148148146,25.950896057347673
Cabbage,2018-07-01,146.04,203.7,195.43,53.53,2018,7,36.654316177543016,-8.269999999999982,-0.4999999999999998,-0.8660254037844388,26.442771804062126,39.4,11.7,105.4074074074074,16.296296296296298,10.151720861542547,19.49703703703704,4.578888888888889,42.6,148.47,170.65,170.58,155.05333333333334,156.8148148148148,281.8703703703704,26.280740740740743
Cabbage,2018-08-01,118.61,164.08,161.59,44.23,2018,8,37.29024762646688,-2.490000000000009,-0.8660254037844384,-0.5000000000000004,26.169295101553168,38.8,11.1,110.07037037037037,16.59259259259259,9.740048861675293,19.399438470728793,4.512031063321386,47.9,146.04,148.47,170.65,137.70666666666668,105.4074074074074,156.8148148148148,26.442771804062126
Cabbage,2018-09-01,127.11,165.77,164.01,37.78,2018,9,29.72226439913115,-1.7600000000000193,-1.0,-1.8369701987210297e-16,26.19975308641975,39.3,10.6,151.07407407407408,15.37037037037037,10.156860775034293,20.977728395061728,4.694456790123457,38.5,118.61,146.04,148.47,130.58666666666667,110.07037037037037,105.4074074074074,26.169295101553168
Cabbage,2018-10-01,170.73,233.06,247.32,69.46,2018,10,40.68409729743027,14.259999999999991,-0.8660254037844386,0.5000000000000001,24.765232974910393,33.1,11.3,427.51111111111106,28.814814814814813,7.764433117615823,15.895244922341696,3.1759139784946235,27.5,127.11,118.61,146.04,138.8166666666667,151.07407407407408,110.07037037037037,26.19975308641975
Cabbage,2018-11-01,126.34,166.43,161.92,37.83,2018,11,29.942987222584115,-4.510000000000019,-0.5000000000000004,0.8660254037844384,24.50913580246914,32.8,9.6,364.6888888888889,24.037037037037038,8.268375205761318,15.564481481481481,3.120740740740741,46.7,170.73,127.11,118.61,141.39333333333335,427.51111111111106,151.07407407407408,24.765232974910393
Cabbage,2018-12-01,142.34,188.81,179.15,41.64,2018,12,29.253878562681912,-9.659999999999997,-2.4492935982947064e-16,1.0,24.27383512544803,31.5,9.3,116.16666666666667,15.777777777777779,9.064698848400372,16.77383512544803,3.3995579450418156,29.2,126.34,170.73,127.11,146.47000000000003,364.6888888888889,427.51111111111106,24.50913580246914
Cabbage,2019-01-01,209.58,274.76,279.2,67.4,2019,1,32.15954186490034,4.439999999999998,0.49999999999999994,0.8660254037844387,24.212903225806453,35.7,6.4,50.925925925925924,9.703703703703704,10.277958074472322,19.057729988052568,4.049450418160095,29.6,142.34,126.34,170.73,159.42000000000002,116.16666666666667,364.6888888888889,24.27383512544803
Cabbage,2019-02-01,162.58,213.38,232.84,60.53,2019,2,37.230878809891244,19.460000000000008,0.8660254037844386,0.5000000000000001,25.137301587301586,36.0,8.5,137.72222222222223,15.962962962962964,10.223752781452086,19.592037037037038,4.077936507936508,35.1,209.58,142.34,126.34,171.50000000000003,50.925925925925924,116.16666666666667,24.212903225806453
Cabbage,2019-03-01,162.22,204.75,225.2,52.76,2019,3,32.523713152685765,20.44999999999999,1.0,6.123233995736766e-17,26.278972520908006,38.5,8.4,44.711111111111116,9.11111111111111,10.987465465286073,23.488016726403824,5.092640382317802,31.6,162.58,209.58,142.34,178.1266666666667,137.72222222222223,50.925925925925924,25.137301587301586
Cabbage,2019-04-01,182.78,223.09,234.29,45.91,2019,4,25.11761400721413,11.199999999999989,0.8660254037844387,-0.49999999999999983,27.08716049382716,38.0,11.1,118.6925925925926,15.88888888888889,9.605431121399178,20.82320987654321,4.5343580246913575,35.5,162.22,162.58,209.58,169.19333333333336,44.711111111111116,137.72222222222223,26.278972520908006
Cabbage,2019-05-01,155.64,193.12,210.63,46.24,2019,5,29.709567135975885,17.50999999999999,0.49999999999999994,-0.8660254037844387,27.60131421744325,38.8,11.4,71.44444444444444,14.62962962962963,10.562540979689366,20.850215053763442,4.868160095579451,41.0,182.78,162.22,162.58,166.88,118.6925925925926,44.711111111111116,27.08716049382716
Cabbage,2019-06-01,149.81,198.14,192.76,45.64,2019,6,30.465235655005902,-5.3799999999999955,1.2246467991473532e-16,-1.0,27.607407407407408,39.1,13.0,112.76666666666667,15.666666666666666,10.03913598079561,19.192456790123455,4.719913580246914,41.6,155.64,182.78,162.22,162.74333333333334,71.44444444444444,118.6925925925926,27.60131421744325
Cabbage,2019-07-01,103.79,126.98,150.06,34.73,2019,7,33.461765621191226,23.08,-0.4999999999999998,-0.8660254037844388,27.097132616487453,39.8,11.0,91.35555555555555,15.296296296296296,10.36241189765034,19.905256869772998,4.747873357228196,49.2,149.81,155.64,182.78,136.41333333333333,112.76666666666667,71.44444444444444,27.607407407407408
Cabbage,2019-08-01,124.3,154.31,174.4,40.06,2019,8,32.22845355715724,20.090000000000003,-0.8660254037844384,-0.5000000000000004,26.305973715651135,38.5,12.5,207.83333333333334,20.703703703703702,8.75700611642108,17.228554360812424,4.048327359617682,42.5,103.79,149.81,155.64,125.96666666666668,91.35555555555555,112.76666666666667,27.097132616487453
Cabbage,2019-09-01,129.89,174.92,163.68,39.41,2019,9,30.341034459131215,-11.23999999999998,-1.0,-1.8369701987210297e-16,25.829135802469136,38.0,12.3,217.9814814814815,24.333333333333332,9.308988034979423,18.34032098765432,3.9999135802469135,38.5,124.3,103.79,149.81,119.32666666666667,207.83333333333334,91.35555555555555,26.305973715651135
Cabbage,2019-10-01,119.0,153.87,167.54,41.7,2019,10,35.041987359674486,13.669999999999987,-0.8660254037844386,0.5000000000000001,24.684707287933094,33.0,11.5,446.2851851851852,29.22222222222222,7.022678955927252,15.168781362007168,3.057060931899642,27.0,129.89,124.3,103.79,124.39666666666666,217.9814814814815,207.83333333333334,25.829135802469136
Cabbage,2019-11-01,156.0,188.39,216.36,46.38,2019,11,29.730750172596043,27.970000000000027,-0.5000000000000004,0.8660254037844384,24.95012345679012,32.3,11.0,229.92962962962963,26.11111111111111,9.403515637860083,17.369481481481483,3.454716049382716,28.7,119.0,129.89,124.3,134.96333333333334,446.2851851851852,217.9814814814815,24.684707287933094
Cabbage,2019-12-01,119.84,165.9,156.76,41.49,2019,12,34.621132659268476,-9.140000000000015,-2.4492935982947064e-16,1.0,24.533452807646356,31.6,9.9,222.0148148148148,23.40740740740741,8.656992559405284,15.23205495818399,3.0920310633213863,30.8,156.0,119.0,129.89,131.61333333333334,229.92962962962963,446.2851851851852,24.95012345679012
Cabbage,2020-01-01,156.25,209.86,198.45,47.9,2020,1,30.655980380172554,-11.410000000000025,0.49999999999999994,0.8660254037844387,24.866427718040622,35.0,8.1,35.46296296296296,11.148148148148149,10.679307032390815,19.835232974910394,4.180872162485065,33.8,119.84,156.0,119.0,144.03,222.0148148148148,229.92962962962963,24.533452807646356
Cabbage,2020-02-01,227.68,306.15,286.67,68.73,2020,2,30.187091449801716,-19.47999999999996,0.8660254037844386,0.5000000000000001,25.54367816091954,37.1,8.7,39.285185185185185,8.333333333333334,10.903973052362709,21.708429118773946,4.827918263090677,40.7,156.25,119.84,156.0,167.92333333333335,35.46296296296296,222.0148148148148,24.866427718040622
Cabbage,2020-03-01,194.55,267.74,261.36,70.0,2020,3,35.980449251889354,-6.3799999999999955,1.0,6.123233995736766e-17,26.619713261648748,37.0,9.0,30.65555555555556,7.592592592592593,11.034342954334264,23.400645161290324,5.168757467144564,35.0,227.68,156.25,119.84,192.82666666666668,39.285185185185185,35.46296296296296,25.54367816091954
Cabbage,2020-04-01,192.89,239.94,272.58,63.37,2020,4,32.85290432220213,32.639999999999986,0.8660254037844387,-0.49999999999999983,26.975061728395062,37.8,10.6,129.98888888888888,20.22222222222222,10.672721124828533,22.053827160493825,4.7376913580246915,28.1,194.55,227.68,156.25,205.04000000000005,30.65555555555556,39.285185185185185,26.619713261648748
Cabbage,2020-05-01,168.67,204.2,224.17,45.52,2020,5,26.987592940301813,19.97,0.49999999999999994,-0.8660254037844387,27.07431302270012,37.3,13.4,184.54074074074074,22.074074074074073,9.019299054161689,18.124169653524493,4.016583034647551,43.8,192.89,194.55,227.68,185.37,129.98888888888888,30.65555555555556,26.975061728395062
Cabbage,2020-06-01,184.31,239.18,247.42,58.99,2020,6,32.005842327685784,8.23999999999998,1.2246467991473532e-16,-1.0,27.07012345679012,38.5,11.6,116.4074074074074,17.296296296296298,9.95355420781893,19.088296296296296,4.403753086419753,39.3,168.67,192.89,194.55,181.95666666666668,184.54074074074074,129.98888888888888,27.07431302270012
Cabbage,2020-07-01,182.64,234.67,261.7,65.54,2020,7,35.88478105301082,27.03,-0.4999999999999998,-0.8660254037844388,26.37574671445639,37.5,12.4,152.52592592592595,20.48148148148148,9.078961413115625,17.43378733572282,3.915722819593787,38.4,184.31,168.67,192.89,178.54,116.4074074074074,184.54074074074074,27.07012345679012
Cabbage,2020-08-01,181.63,245.17,254.25,68.08,2020,8,37.48277405562184,9.080000000000013,-0.8660254037844384,-0.5000000000000004,26.58183990442055,38.8,11.0,106.85185185185185,14.592592592592593,9.914153697066242,20.05278375149343,4.572078853046595,43.4,182.64,184.31,168.67,182.86,152.52592592592595,116.4074074074074,26.37574671445639
Cabbage,2020-09-01,134.18,179.08,181.77,46.24,2020,9,34.461145877816456,2.6899999999999977,-1.0,-1.8369701987210297e-16,25.79074074074074,36.9,11.8,215.6814814814815,21.62962962962963,7.988970222908092,16.36483950617284,3.6884320987654324,41.5,181.63,182.64,184.31,166.15,106.85185185185185,152.52592592592595,26.58183990442055
Cabbage,2020-10-01,158.41,211.18,226.6,60.48,2020,10,38.179383764040296,15.419999999999987,-0.8660254037844386,0.5000000000000001,26.279091995221027,39.3,10.9,107.62592592592591,18.333333333333332,10.502320128103014,20.286403823178016,4.526618876941458,42.8,134.18,181.63,182.64,158.07333333333335,215.6814814814815,106.85185185185185,25.79074074074074
Cabbage,2020-11-01,127.74,176.53,174.26,47.66,2020,11,37.31013205720052,-2.2700000000000102,-0.5000000000000004,0.8660254037844384,25.08407407407407,34.6,10.5,274.7851851851851,25.25925925925926,8.593452866941014,16.191395061728397,3.3017654320987653,33.0,158.41,134.18,181.63,140.11,107.62592592592591,215.6814814814815,26.279091995221027
Cabbage,2020-12-01,169.69,224.76,229.91,57.64,2020,12,33.96780366090892,5.150000000000006,-2.4492935982947064e-16,1.0,24.260812425328552,32.2,9.4,328.14074074074074,22.962962962962962,8.186538195274128,15.054970131421745,3.0599641577060934,60.7,127.74,158.41,134.18,151.9466666666667,274.7851851851851,107.62592592592591,25.08407407407407
Cabbage,2021-01-01,191.55,250.08,244.88,55.93,2021,1,29.198627408704038,-5.200000000000017,0.49999999999999994,0.8660254037844387,24.084109916367982,31.8,7.8,305.01111111111106,22.22222222222222,8.01223636001593,15.325017921146955,3.077658303464755,37.6,169.69,127.74,158.41,162.99333333333337,328.14074074074074,274.7851851851851,24.260812425328552
Cabbage,2021-02-01,170.42,229.23,225.93,57.16,2021,2,33.540644560119375,-3.299999999999983,0.8660254037844386,0.5000000000000001,24.609920634920634,36.3,8.8,45.803703703703704,10.407407407407407,10.754679559817754,20.968068783068784,4.324074074074074,29.6,191.55,169.69,127.74,177.22000000000003,305.01111111111106,328.14074074074074,24.084109916367982
Cabbage,2021-03-01,149.21,189.85,192.39,41.91,2021,3,28.087910939004797,2.539999999999992,1.0,6.123233995736766e-17,25.527240143369173,36.2,7.1,114.44814814814816,16.074074074074073,9.764480708217178,20.53426523297491,4.3707885304659495,30.8,170.42,191.55,169.69,170.39333333333335,45.803703703703704,305.01111111111106,24.609920634920634
Cabbage,2021-04-01,178.26,214.23,231.84,44.78,2021,4,25.120596252330163,17.610000000000014,0.8660254037844387,-0.49999999999999983,26.35074074074074,37.8,9.6,139.86296296296297,18.48148148148148,10.590717719478738,21.803691358024693,4.592555555555555,32.4,149.21,170.42,191.55,165.96333333333334,114.44814814814816,45.803703703703704,25.527240143369173
Cabbage,2021-05-01,259.85,329.7,336.14,73.07,2021,5,28.12005844908276,6.439999999999998,0.49999999999999994,-0.8660254037844387,26.356152927120668,37.2,12.9,270.9185185185185,24.444444444444443,8.824277094119209,17.940095579450418,3.9063918757467144,45.5,178.26,149.21,170.42,195.77333333333334,139.86296296296297,114.44814814814816,26.35074074074074
Cabbage,2021-06-01,187.43,251.39,255.05,65.79,2021,6,35.101085684743275,3.660000000000025,1.2246467991473532e-16,-1.0,26.42703703703704,37.8,11.7,135.70740740740743,16.88888888888889,10.241626052812071,19.585086419753086,4.388802469135802,39.5,259.85,178.26,149.21,208.51333333333335,270.9185185185185,139.86296296296297,26.356152927120668
Cabbage,2021-07-01,152.47,185.02,195.08,37.58,2021,7,24.64745546831805,10.060000000000002,-0.4999999999999998,-0.8660254037844388,26.480167264038233,38.1,11.5,152.8148148148148,19.074074074074073,10.035993359219434,19.093261648745518,4.372556750298686,45.4,187.43,259.85,178.26,199.9166666666667,135.70740740740743,270.9185185185185,26.42703703703704
Cabbage,2021-08-01,184.77,242.72,267.69,70.43,2021,8,38.117639163479375,24.97,-0.8660254037844384,-0.5000000000000004,26.173357228195936,38.2,10.5,150.7037037037037,20.14814814814815,9.281493747510952,18.53409796893668,4.1990919952210275,37.9,152.47,187.43,259.85,174.89000000000001,152.8148148148148,135.70740740740743,26.480167264038233
Cabbage,2021-09-01,144.69,193.77,184.61,44.5,2021,9,30.75538685784307,-9.159999999999997,-1.0,-1.8369701987210297e-16,26.211604938271606,37.8,11.8,158.91111111111113,21.48148148148148,9.599454698216736,19.07972839506173,4.259493827160494,47.1,184.77,152.47,187.43,160.64333333333335,150.7037037037037,152.8148148148148,26.173357228195936
Cabbage,2021-10-01,173.03,222.29,227.31,51.77,2021,10,29.919649818153026,5.02000000000001,-0.8660254037844386,0.5000000000000001,25.332138590203105,35.8,12.1,278.4,25.11111111111111,8.63790509757069,17.564982078853046,3.6884707287933094,41.5,144.69,184.77,152.47,167.49666666666667,158.91111111111113,150.7037037037037,26.211604938271606
Cabbage,2021-11-01,135.91,168.74,191.76,44.34,2021,11,32.624506935099014,23.019999999999982,-0.5000000000000004,0.8660254037844384,24.365061728395062,33.5,10.0,427.3777777777778,26.925925925925927,6.782470631001372,14.440074074074072,2.9260493827160494,35.8,173.03,144.69,184.77,151.21,278.4,158.91111111111113,25.332138590203105
Cabbage,2021-12-01,157.67,209.64,203.4,48.85,2021,12,30.982412010901246,-6.239999999999981,-2.4492935982947064e-16,1.0,24.4415770609319,33.6,7.5,103.32592592592593,17.62962962962963,9.852105223682463,18.46284348864994,3.7568219832735963,30.7,135.91,173.03,144.69,155.53666666666666,427.3777777777778,278.4,24.365061728395062
Cabbage,2022-01-01,143.74,200.1,198.72,55.67,2022,1,38.72962381409224,-1.3799999999999955,0.49999999999999994,0.8660254037844387,24.333452807646353,34.6,6.6,79.39259259259259,16.14814814814815,10.050922418027346,19.505256869773,3.973847072879331,29.2,157.67,135.91,173.03,145.77333333333334,103.32592592592593,427.3777777777778,24.4415770609319
Cabbage,2022-02-01,189.45,237.67,270.0,64.39,2022,2,33.98784165329023,32.33000000000001,0.8660254037844386,0.5000000000000001,24.69126984126984,34.9,7.6,79.60370370370372,11.11111111111111,9.95848259112287,21.214708994708996,4.435978835978836,27.7,143.74,157.67,135.91,163.62,79.39259259259259,103.32592592592593,24.333452807646353
Cabbage,2022-03-01,191.39,251.87,269.22,69.16,2022,3,36.13562038997837,17.350000000000023,1.0,6.123233995736766e-17,25.770967741935483,35.5,10.5,59.69259259259258,16.555555555555557,10.201836081242533,21.651875746714456,4.57,31.9,189.45,143.74,157.67,174.86,79.60370370370372,79.39259259259259,24.69126984126984
Cabbage,2022-04-01,162.6,219.72,226.39,60.46,2022,4,37.18324896479154,6.6699999999999875,0.8660254037844387,-0.49999999999999983,25.617407407407406,34.3,10.9,202.30740740740737,25.962962962962962,9.503278967764063,20.255123456790127,4.1158271604938275,28.6,191.39,189.45,143.74,181.14666666666668,59.69259259259258,79.60370370370372,25.770967741935483
Cabbage,2022-05-01,144.75,185.41,183.23,39.57,2022,5,27.33676867926171,-2.180000000000007,0.49999999999999994,-0.8660254037844387,26.48757467144564,37.1,13.6,213.74444444444447,19.814814814814813,9.514996717775123,19.586021505376344,4.3536559139784945,42.1,162.6,191.39,189.45,166.24666666666667,202.30740740740737,59.69259259259258,25.617407407407406
Cabbage,2022-06-01,214.57,292.11,302.84,82.9,2022,6,38.63539234963306,10.729999999999961,1.2246467991473532e-16,-1.0,26.23222222222222,37.0,12.4,124.10370370370369,19.22222222222222,9.639822321673526,19.14904938271605,4.2830864197530865,42.9,144.75,162.6,191.39,173.97333333333336,213.74444444444447,202.30740740740737,26.48757467144564
Cabbage,2022-07-01,212.58,285.42,274.08,67.17,2022,7,31.597501365367687,-11.340000000000032,-0.4999999999999998,-0.8660254037844388,26.23273596176822,38.0,12.2,123.77407407407406,18.48148148148148,8.95918853046595,18.739330943847072,4.2962007168458785,43.1,214.57,144.75,162.6,190.63333333333335,124.10370370370369,213.74444444444447,26.23222222222222
Cabbage,2022-08-01,196.41,274.56,246.95,64.34,2022,8,32.75798953312483,-27.610000000000014,-0.8660254037844384,-0.5000000000000004,25.684587813620073,36.9,11.1,193.66666666666666,21.25925925925926,9.281554533386434,19.427443249701316,4.245890083632019,45.9,212.58,214.57,144.75,207.85333333333335,123.77407407407406,124.10370370370369,26.23273596176822
Cabbage,2022-09-01,172.86,223.3,235.42,56.5,2022,9,32.68539124991828,12.119999999999976,-1.0,-1.8369701987210297e-16,25.752222222222223,37.6,10.5,98.95185185185184,16.77777777777778,9.9764180829904,21.314691358024692,4.598962962962963,40.0,196.41,212.58,214.57,193.95000000000005,193.66666666666666,123.77407407407406,25.684587813620073
Cabbage,2022-10-01,157.21,192.81,212.83,45.61,2022,10,29.012130899986705,20.02000000000001,-0.8660254037844386,0.5000000000000001,24.89163679808841,36.8,10.4,295.11111111111114,25.962962962962962,8.194988298154787,17.328076463560336,3.6061768219832735,42.1,172.86,196.41,212.58,175.49333333333334,98.95185185185184,193.66666666666666,25.752222222222223
Cabbage,2022-11-01,127.47,160.22,172.23,38.75,2022,11,30.39928579329584,12.009999999999991,-0.5000000000000004,0.8660254037844384,24.250864197530866,33.1,9.6,239.3592592592593,18.74074074074074,8.210116035665294,16.932876543209876,3.4289506172839506,31.4,157.21,172.86,196.41,152.51333333333335,295.11111111111114,98.95185185185184,24.89163679808841
Cabbage,2022-12-01,197.21,255.39,255.35,58.16,2022,12,29.49139014685353,-0.03999999999999204,-2.4492935982947064e-16,1.0,23.920908004778973,32.6,8.0,215.6962962962963,22.185185185185187,7.868798171379264,15.54121863799283,3.2044324970131424,41.5,127.47,157.21,172.86,160.63000000000002,239.3592592592593,295.11111111111114,24.250864197530866
Cabbage,2023-01-01,205.43,247.46,258.8,47.7,2023,1,23.21957687797455,11.340000000000003,0.49999999999999994,0.8660254037844387,23.56953405017921,32.4,6.2,103.34074074074073,13.814814814814815,9.35084146090535,18.494062126642774,3.812951015531661,28.7,197.21,127.47,157.21,176.70333333333335,215.6962962962963,239.3592592592593,23.920908004778973
Cabbage,2023-02-01,192.59,254.5,264.86,67.09,2023,2,34.835643161304766,10.360000000000014,0.8660254037844386,0.5000000000000001,24.21732804232804,34.1,6.1,117.72222222222223,13.222222222222221,9.727644201940036,20.465039682539683,4.152261904761905,44.3,205.43,197.21,127.47,198.41,103.34074074074073,215.6962962962963,23.56953405017921
Cabbage,2023-03-01,247.06,299.11,339.36,72.18,2023,3,29.21556333863704,40.25,1.0,6.123233995736766e-17,25.44014336917563,35.4,10.5,101.71481481481482,18.074074074074073,10.236548420284082,21.96173237753883,4.543154121863799,34.7,192.59,205.43,197.21,215.02666666666667,117.72222222222223,103.34074074074073,24.21732804232804
Cabbage,2023-04-01,167.84,204.52,222.02,45.43,2023,4,27.067429058967434,17.5,0.8660254037844387,-0.49999999999999983,26.40691358024691,36.8,10.4,125.12592592592593,18.25925925925926,10.259467297668039,22.379345679012346,4.719345679012346,26.6,247.06,192.59,205.43,202.4966666666667,101.71481481481482,117.72222222222223,25.44014336917563
Cabbage,2023-05-01,206.26,248.7,296.12,66.15,2023,5,32.071156757899374,47.420000000000016,0.49999999999999994,-0.8660254037844387,26.61672640382318,37.0,11.9,151.91851851851848,19.88888888888889,9.052870496482146,19.442508960573477,4.1923655913978495,39.3,167.84,247.06,192.59,207.05333333333337,125.12592592592593,101.71481481481482,26.40691358024691
Cabbage,2023-06-01,252.73,306.49,328.12,64.58,2023,6,25.552951547916138,21.629999999999995,1.2246467991473532e-16,-1.0,27.14296296296296,37.9,12.9,117.73703703703703,18.666666666666668,10.179046608367628,20.140827160493828,4.662617283950617,37.4,206.26,167.84,247.06,208.94333333333336,151.91851851851848,125.12592592592593,26.61672640382318
Cabbage,2023-07-01,157.87,213.92,220.21,59.19,2023,7,37.492850134382635,6.2900000000000205,-0.4999999999999998,-0.8660254037844388,26.840979689366787,39.3,11.8,118.34444444444445,17.333333333333332,9.548847059604407,19.37148148148148,4.611099163679809,43.9,252.73,206.26,167.84,205.62,117.73703703703703,151.91851851851848,27.14296296296296
Cabbage,2023-08-01,252.54,324.64,347.83,83.7,2023,8,33.143251309396014,23.189999999999998,-0.8660254037844384,-0.5000000000000004,27.261409796893666,39.5,11.4,74.89629629629628,15.777777777777779,10.886052190362406,22.576105137395462,5.263297491039427,35.1,157.87,252.73,206.26,221.04666666666665,118.34444444444445,117.73703703703703,26.840979689366787
Cabbage,2023-09-01,154.91,203.82,194.32,44.16,2023,9,28.50685655744848,-9.5,-1.0,-1.8369701987210297e-16,25.915185185185184,37.0,12.0,254.35555555555558,24.48148148148148,8.70759411179698,18.487765432098765,4.146185185185185,41.1,252.54,157.87,252.73,188.44000000000003,74.89629629629628,118.34444444444445,27.261409796893666
Cabbage,2023-10-01,139.16,179.32,175.01,38.0,2023,10,27.30667770431323,-4.310000000000002,-0.8660254037844386,0.5000000000000001,25.041696535244924,35.2,11.7,390.61851851851856,27.88888888888889,8.155679135138724,17.433476702508962,3.5616367980884114,37.3,154.91,252.54,157.87,182.20333333333335,254.35555555555558,74.89629629629628,25.915185185185184
Cabbage,2023-11-01,154.75,204.63,211.33,53.23,2023,11,34.397392958065936,6.700000000000017,-0.5000000000000004,0.8660254037844384,24.58407407407407,32.2,10.8,515.1407407407407,29.11111111111111,7.543883251028808,15.49683950617284,3.0763703703703706,26.1,139.16,154.91,252.54,149.60666666666668,390.61851851851856,254.35555555555558,25.041696535244924
Cabbage,2023-12-01,175.39,243.97,224.1,58.65,2023,12,33.43974374836436,-19.870000000000005,-2.4492935982947064e-16,1.0,24.70310633213859,32.4,10.1,347.7074074074075,27.074074074074073,7.775822411389885,15.059247311827956,3.05715651135006,35.0,154.75,139.16,154.91,156.43333333333337,515.1407407407407,390.61851851851856,24.58407407407407
Cabbage,2024-01-01,153.88,201.07,194.02,43.67,2024,1,28.37923812110858,-7.049999999999983,0.49999999999999994,0.8660254037844387,24.613500597371566,33.2,6.6,164.60370370370367,17.22222222222222,9.050596405814415,17.903405017921145,3.690406212664277,34.3,175.39,154.75,139.16,161.34000000000003,347.7074074074075,515.1407407407407,24.70310633213859
Cabbage,2024-02-01,214.7,286.81,281.98,69.7,2024,2,32.463888000052165,-4.829999999999984,0.8660254037844386,0.5000000000000001,25.937037037037037,37.3,10.1,38.696296296296296,9.62962962962963,10.865918103448278,22.239182630906768,4.844712643678161,36.2,153.88,175.39,154.75,181.32333333333335,164.60370370370367,347.7074074074075,24.613500597371566
Cabbage,2024-03-01,240.85,316.17,309.42,71.95,2024,3,29.873352761738523,-6.75,1.0,6.123233995736766e-17,26.72258064516129,38.3,9.8,58.05925925925926,8.407407407407407,10.914837687508298,23.956308243727598,5.247909199522103,29.8,214.7,153.88,175.39,203.14333333333335,38.696296296296296,164.60370370370367,25.937037037037037
Cabbage,2024-04-01,179.66,221.6,231.95,47.11,2024,4,26.221737603396633,10.349999999999994,0.8660254037844387,-0.49999999999999983,27.57950617283951,39.4,11.3,112.4925925925926,16.814814814814813,10.575852921810698,22.987333333333336,4.997975308641975,30.3,240.85,214.7,153.88,211.73666666666668,58.05925925925926,38.696296296296296,26.72258064516129
Cabbage,2024-05-01,200.1,247.44,263.05,55.15,2024,5,27.561205616588897,15.610000000000014,0.49999999999999994,-0.8660254037844387,27.09545997610514,40.3,13.7,371.0,23.77777777777778,8.357931302270012,18.273715651135007,3.9950537634408603,48.3,179.66,240.85,214.7,206.87,112.4925925925926,58.05925925925926,27.57950617283951
Cabbage,2024-06-01,201.19,243.67,290.67,65.98,2024,6,32.7948542199641,47.00000000000003,1.2246467991473532e-16,-1.0,26.601388888888888,36.4,12.8,53.1,6.333333333333333,9.251713567386833,18.447453703703705,3.9457407407407405,36.0,200.1,179.66,240.85,193.65,371.0,112.4925925925926,27.09545997610514
Carrot,2010-01-01,108.13,133.77,142.51,30.01,2010,1,27.753604223060925,8.73999999999998,0.49999999999999994,0.8660254037844387,24.38219832735962,33.2,13.1,74.89629629629628,11.555555555555555,10.191066301606265,18.25299880525687,3.817479091995221,31.1,108.13,108.13,108.13,108.13,74.89629629629628,74.89629629629628,24.38219832735962
Carrot,2010-02-01,104.28,125.33,133.94,25.35,2010,2,24.309527896501827,8.61,0.8660254037844386,0.5000000000000001,25.346428571428575,36.5,12.6,27.08888888888889,5.0,10.081776940035274,20.48521164021164,4.425886243386243,31.2,108.13,108.13,108.13,106.205,74.89629629629628,74.89629629629628,24.38219832735962
Carrot,2010-03-01,104.4,135.29,134.27,30.38,2010,3,29.09958898506802,-1.0199999999999818,1.0,6.123233995736766e-17,26.880884109916366,37.2,12.9,62.329629629629636,9.666666666666666,10.952022939068101,22.906750298685782,5.054336917562724,28.3,104.28,108.13,108.13,105.60333333333334,27.08888888888889,74.89629629629628,25.346428571428575
Carrot,2010-04-01,132.45,174.63,185.99,47.86,2010,4,36.13436305446353,11.360000000000014,0.8660254037844387,-0.49999999999999983,26.98037037037037,36.3,15.0,183.96666666666667,21.77777777777778,10.057895030864195,20.685123456790123,4.393654320987655,28.8,104.4,104.28,108.13,113.71,62.329629629629636,27.08888888888889,26.880884109916366
Carrot,2010-05-01,131.47,158.37,166.31,30.87,2010,5,23.480624111489988,7.939999999999998,0.49999999999999994,-0.8660254037844387,26.86762246117085,35.5,15.9,171.74074074074073,22.51851851851852,9.573050126111776,18.505292712066908,4.026881720430108,48.0,132.45,104.4,104.28,122.77333333333333,183.96666666666667,62.329629629629636,26.98037037037037
Carrot,2010-06-01,116.01,145.66,166.79,40.21,2010,6,34.660775225605356,21.129999999999995,1.2246467991473532e-16,-1.0,26.621975308641975,37.0,16.0,161.88888888888889,20.51851851851852,9.854107297668039,18.50595061728395,4.217641975308642,47.1,131.47,132.45,104.4,126.64333333333332,171.74074074074073,183.96666666666667,26.86762246117085
Carrot,2010-07-01,88.56,112.73,112.36,23.98,2010,7,27.0776568680478,-0.37000000000000455,-0.4999999999999998,-0.8660254037844388,26.288530465949822,35.5,14.8,127.11111111111111,19.666666666666668,9.882708134209476,18.813775388291518,4.249342891278375,40.1,116.01,131.47,132.45,112.01333333333334,161.88888888888889,171.74074074074073,26.621975308641975
Carrot,2010-08-01,105.92,132.0,134.2,27.18,2010,8,25.660851906295406,2.1999999999999886,-0.8660254037844384,-0.5000000000000004,26.09295101553166,36.0,14.8,145.3,19.40740740740741,9.287111814682067,17.983154121863798,4.0579689366786145,40.0,88.56,116.01,131.47,103.49666666666667,127.11111111111111,161.88888888888889,26.288530465949822
Carrot,2010-09-01,96.88,129.5,139.52,37.63,2010,9,38.84182613354033,10.02000000000001,-1.0,-1.8369701987210297e-16,25.68567901234568,35.3,14.6,185.2185185185185,21.962962962962962,8.915182475994513,18.153679012345677,3.9281604938271606,37.0,105.92,88.56,116.01,97.12,145.3,127.11111111111111,26.09295101553166
Carrot,2010-10-01,116.43,155.21,149.16,35.75,2010,10,30.705118349979944,-6.050000000000011,-0.8660254037844386,0.5000000000000001,25.488291517323777,36.2,12.8,210.63703703703703,19.333333333333332,9.755867881322182,18.504074074074072,3.9231541218637993,37.9,96.88,105.92,88.56,106.41000000000001,185.2185185185185,145.3,25.68567901234568
Carrot,2010-11-01,105.45,143.17,143.69,37.98,2010,11,36.01703554572257,0.5200000000000102,-0.5000000000000004,0.8660254037844384,24.464197530864197,32.2,13.7,375.0592592592592,26.703703703703702,8.210342170781892,14.95035802469136,3.0094691358024694,31.7,116.43,96.88,105.92,106.25333333333333,210.63703703703703,185.2185185185185,25.488291517323777
Carrot,2010-12-01,111.28,147.52,160.22,42.59,2010,12,38.27279091230148,12.699999999999989,-2.4492935982947064e-16,1.0,23.63237753882915,30.4,12.3,478.24074074074076,25.444444444444443,6.248732145227664,12.087502986857825,2.504826762246117,44.1,105.45,116.43,96.88,111.05333333333334,375.0592592592592,210.63703703703703,24.464197530864197
Carrot,2011-01-01,127.97,167.01,160.43,35.75,2011,1,27.936213224807982,-6.579999999999984,0.49999999999999994,0.8660254037844387,23.309318996415772,29.9,10.0,377.9555555555555,21.25925925925926,6.860116985264835,13.278458781362007,2.7479689366786144,39.8,111.28,105.45,116.43,114.89999999999999,478.24074074074076,375.0592592592592,23.63237753882915
Carrot,2011-02-01,116.42,140.08,165.2,36.22,2011,2,31.11146614716874,25.119999999999976,0.8660254037844386,0.5000000000000001,24.098148148148148,31.7,13.1,281.75555555555553,14.185185185185185,8.1077059707525,16.28414021164021,3.3464021164021167,36.3,127.97,111.28,105.45,118.55666666666667,377.9555555555555,478.24074074074076,23.309318996415772
Carrot,2011-03-01,116.69,150.53,162.73,39.94,2011,3,34.227410894326084,12.199999999999989,1.0,6.123233995736766e-17,25.415890083632018,35.7,12.7,79.2925925925926,16.074074074074073,10.637956013540423,21.56808841099164,4.439450418160096,30.5,116.42,127.97,111.28,120.36,281.75555555555553,377.9555555555555,24.098148148148148
Carrot,2011-04-01,122.3,153.85,171.68,40.47,2011,4,33.09073336816568,17.830000000000013,0.8660254037844387,-0.49999999999999983,25.76320987654321,35.7,13.0,207.73703703703703,22.962962962962962,9.720265562414264,20.033617283950615,4.145567901234568,31.5,116.69,116.42,127.97,118.47000000000001,79.2925925925926,281.75555555555553,25.415890083632018
Carrot,2011-05-01,110.12,145.68,140.07,32.75,2011,5,29.740256320145004,-5.610000000000014,0.49999999999999994,-0.8660254037844387,26.61373954599761,35.7,14.2,81.60740740740741,17.333333333333332,10.89341501061994,21.225173237753886,4.574217443249701,40.8,122.3,116.69,116.42,116.37,207.73703703703703,79.2925925925926,25.76320987654321
Carrot,2011-06-01,120.8,164.98,151.79,37.58,2011,6,31.10924577049191,-13.189999999999998,1.2246467991473532e-16,-1.0,26.950493827160496,37.0,14.5,60.029629629629625,13.777777777777779,10.838705425240056,20.47843209876543,4.773728395061728,44.2,110.12,122.3,116.69,117.74000000000001,81.60740740740741,207.73703703703703,26.61373954599761
Carrot,2011-07-01,116.38,156.77,153.83,38.92,2011,7,33.44214345923401,-2.9399999999999977,-0.4999999999999998,-0.8660254037844388,26.418040621266428,35.6,15.1,114.77407407407408,19.77777777777778,10.305884322315148,19.09958183990442,4.394587813620071,43.6,120.8,110.12,122.3,115.76666666666665,60.029629629629625,81.60740740740741,26.950493827160496
Carrot,2011-08-01,101.22,123.7,128.48,24.87,2011,8,24.57021876089828,4.779999999999987,-0.8660254037844384,-0.5000000000000004,26.163201911589006,35.5,14.9,123.93333333333332,21.444444444444443,10.277780177220231,19.317921146953406,4.386236559139785,41.5,116.38,120.8,110.12,112.8,114.77407407407408,60.029629629629625,26.418040621266428
Carrot,2011-09-01,97.73,118.52,133.45,28.25,2011,9,28.90614048281952,14.929999999999993,-1.0,-1.8369701987210297e-16,26.394567901234566,36.8,13.5,128.13333333333335,16.77777777777778,10.440950826474623,20.307703703703705,4.630888888888889,41.0,101.22,116.38,120.8,105.11,123.93333333333332,114.77407407407408,26.163201911589006
Carrot,2011-10-01,138.49,183.09,178.23,42.17,2011,10,30.449829987847504,-4.860000000000014,-0.8660254037844386,0.5000000000000001,25.554599761051374,36.4,14.0,290.7444444444444,25.25925925925926,9.106757062259392,17.938697729988053,3.7755077658303464,29.1,97.73,101.22,116.38,112.48,128.13333333333335,123.93333333333332,26.394567901234566
Carrot,2011-11-01,140.45,187.42,194.49,50.51,2011,11,35.96295054257704,7.070000000000022,-0.5000000000000004,0.8660254037844384,24.60037037037037,30.9,13.2,227.7037037037037,23.185185185185187,8.755125891632373,15.819074074074075,3.190111111111111,38.0,138.49,97.73,101.22,125.55666666666666,290.7444444444444,128.13333333333335,25.554599761051374
Carrot,2011-12-01,126.08,167.79,179.42,47.52,2011,12,37.69032543597285,11.629999999999995,-2.4492935982947064e-16,1.0,24.174551971326164,30.6,12.7,238.3296296296296,19.0,8.318002937076862,15.13463560334528,3.1733094384707288,41.7,140.45,138.49,97.73,135.00666666666666,227.7037037037037,290.7444444444444,24.60037037037037
Carrot,2012-01-01,115.58,144.31,151.72,32.44,2012,1,28.06711535982405,7.409999999999997,0.49999999999999994,0.8660254037844387,24.00310633213859,32.2,11.7,41.87407407407407,8.11111111111111,10.526879619673437,19.145698924731185,3.9631421744324973,32.9,126.08,140.45,138.49,127.36999999999999,238.3296296296296,227.7037037037037,24.174551971326164
Carrot,2012-02-01,127.11,160.96,167.06,36.9,2012,2,29.02995119978664,6.099999999999994,0.8660254037844386,0.5000000000000001,24.737164750957856,33.1,11.5,88.37407407407407,11.62962962962963,9.96542747623102,19.20183908045977,4.065938697318008,34.4,115.58,126.08,140.45,122.92333333333333,41.87407407407407,238.3296296296296,24.00310633213859
Carrot,2012-03-01,125.14,154.87,173.54,39.06,2012,3,31.21301645116154,18.669999999999987,1.0,6.123233995736766e-17,26.114814814814814,35.8,12.7,62.56666666666667,11.037037037037036,11.041847268684455,23.043142174432496,4.872556750298686,25.6,127.11,115.58,126.08,122.61,88.37407407407407,41.87407407407407,24.737164750957856
Carrot,2012-04-01,152.62,183.65,204.39,41.4,2012,4,27.12617800669768,20.73999999999998,0.8660254037844387,-0.49999999999999983,26.094197530864196,35.0,14.2,151.7296296296296,22.814814814814813,9.937619732510289,19.906234567901233,4.172765432098766,34.8,125.14,127.11,115.58,134.95666666666668,62.56666666666667,88.37407407407407,26.114814814814814
Carrot,2012-05-01,153.18,213.14,193.58,50.18,2012,5,32.75882441648752,-19.559999999999974,0.49999999999999994,-0.8660254037844387,27.31612903225806,37.4,13.0,38.32962962962962,9.703703703703704,10.995511419753086,22.113142174432497,5.193488649940263,46.5,152.62,125.14,127.11,143.64666666666665,151.7296296296296,62.56666666666667,26.094197530864196
Carrot,2012-06-01,111.43,148.63,141.63,33.7,2012,6,30.24317486926782,-7.0,1.2246467991473532e-16,-1.0,26.930617283950617,37.3,15.5,72.88888888888889,15.481481481481481,10.494983017832647,19.584814814814816,4.750666666666667,44.5,153.18,152.62,125.14,139.07666666666668,38.32962962962962,151.7296296296296,27.31612903225806
Carrot,2012-07-01,148.56,188.98,211.51,51.68,2012,7,34.78726791379381,22.53,-0.4999999999999998,-0.8660254037844388,26.741338112305854,37.4,15.2,91.75555555555556,16.555555555555557,10.725608117615826,20.296356033452806,4.737252090800478,40.1,111.43,153.18,152.62,137.72333333333333,72.88888888888889,38.32962962962962,26.930617283950617
Carrot,2012-08-01,120.95,156.83,172.18,43.56,2012,8,36.0148524060749,15.349999999999994,-0.8660254037844384,-0.5000000000000004,26.55149342891278,37.0,14.8,106.80740740740741,18.14814814814815,10.462001473516526,19.9221027479092,4.753954599761052,40.9,148.56,111.43,153.18,126.98,91.75555555555556,72.88888888888889,26.741338112305854
Carrot,2012-09-01,126.87,172.71,175.8,47.39,2012,9,37.35316674299145,3.0900000000000034,-1.0,-1.8369701987210297e-16,26.46827160493827,36.9,14.8,113.72962962962963,19.25925925925926,10.030292259945131,19.901728395061728,4.575271604938272,38.2,120.95,148.56,111.43,132.12666666666667,106.80740740740741,91.75555555555556,26.55149342891278
Carrot,2012-10-01,108.91,151.84,141.95,37.98,2012,10,34.87279875787461,-9.890000000000015,-0.8660254037844386,0.5000000000000001,25.311230585424134,38.1,13.8,449.9777777777778,25.77777777777778,8.247822464489579,16.84641577060932,3.593273596176822,46.0,126.87,120.95,148.56,118.90999999999998,113.72962962962963,106.80740740740741,26.46827160493827
Carrot,2012-11-01,109.2,133.47,151.68,33.38,2012,11,30.567737575331893,18.210000000000008,-0.5000000000000004,0.8660254037844384,24.764074074074077,31.6,14.0,291.1888888888889,20.59259259259259,8.831181690672153,16.15237037037037,3.3229135802469134,41.6,108.91,126.87,120.95,114.99333333333334,449.9777777777778,113.72962962962963,25.311230585424134
Carrot,2012-12-01,135.28,186.18,175.3,45.46,2012,12,33.604351268220526,-10.879999999999995,-2.4492935982947064e-16,1.0,24.22437275985663,30.7,11.7,206.9148148148148,19.962962962962962,8.388824093986461,14.450955794504182,2.998279569892473,39.6,109.2,108.91,126.87,117.79666666666667,291.1888888888889,449.9777777777778,24.764074074074077
Carrot,2013-01-01,137.12,169.94,195.67,45.68,2013,1,33.313861352201464,25.72999999999999,0.49999999999999994,0.8660254037844387,24.042652329749103,32.2,10.8,214.65925925925924,11.037037037037036,8.49450116155582,16.101481481481482,3.4447311827956986,31.9,135.28,109.2,108.91,127.19999999999999,206.9148148148148,291.1888888888889,24.22437275985663
Carrot,2013-02-01,117.39,145.83,159.68,35.37,2013,2,30.130309114652764,13.849999999999994,0.8660254037844386,0.5000000000000001,24.672883597883597,32.8,12.2,111.08148148148148,13.11111111111111,9.777058847736626,19.015753968253968,3.9231613756613757,29.5,137.12,135.28,109.2,129.92999999999998,214.65925925925924,206.9148148148148,24.042652329749103
Carrot,2013-03-01,142.84,196.16,194.6,52.54,2013,3,36.78238813890497,-1.5600000000000023,1.0,6.123233995736766e-17,25.66057347670251,34.6,13.9,153.78518518518518,18.25925925925926,10.352612066905616,20.766630824372758,4.285304659498208,26.6,117.39,137.12,135.28,132.45000000000002,111.08148148148148,214.65925925925924,24.672883597883597
Carrot,2013-04-01,154.58,209.79,203.96,52.29,2013,4,33.827122637389934,-5.829999999999984,0.8660254037844387,-0.49999999999999983,26.996913580246915,36.5,14.6,82.41111111111111,15.481481481481481,10.709399595336075,21.9620987654321,4.685876543209877,31.6,142.84,117.39,137.12,138.27,153.78518518518518,111.08148148148148,25.66057347670251
Carrot,2013-05-01,148.7,187.55,185.88,38.02,2013,5,25.568241043550078,-1.670000000000016,0.49999999999999994,-0.8660254037844387,26.8389486260454,36.3,14.9,143.0814814814815,19.74074074074074,9.638459176290986,19.227825567502986,4.32221027479092,45.7,154.58,142.84,117.39,148.70666666666668,82.41111111111111,153.78518518518518,26.996913580246915
Carrot,2013-06-01,131.64,164.65,175.77,38.57,2013,6,29.2995827259323,11.120000000000005,1.2246467991473532e-16,-1.0,25.994074074074074,34.6,15.4,170.0888888888889,19.85185185185185,9.694006200274348,17.583827160493826,4.057296296296296,43.2,148.7,154.58,142.84,144.97333333333333,143.0814814814815,82.41111111111111,26.8389486260454
Carrot,2013-07-01,165.16,207.35,220.27,48.65,2013,7,29.45626697973663,12.920000000000016,-0.4999999999999998,-0.8660254037844388,26.04826762246117,36.2,15.2,102.04444444444444,17.0,10.26724616686579,18.919187574671447,4.3469414575866185,43.0,131.64,148.7,154.58,148.49999999999997,170.0888888888889,143.0814814814815,25.994074074074074
Carrot,2013-08-01,160.06,205.4,224.72,55.0,2013,8,34.362092738914946,19.319999999999993,-0.8660254037844384,-0.5000000000000004,26.133213859020312,37.5,14.3,106.14444444444445,18.074074074074073,10.622712196336122,20.584492234169655,4.578936678614098,39.6,165.16,131.64,148.7,152.28666666666666,102.04444444444444,170.0888888888889,26.04826762246117
Carrot,2013-09-01,127.98,175.57,176.7,48.15,2013,9,37.62303670648796,1.1299999999999955,-1.0,-1.8369701987210297e-16,25.803086419753086,36.5,13.9,122.63703703703703,17.62962962962963,9.680483124142661,18.931222222222225,4.218827160493827,40.6,160.06,165.16,131.64,151.06666666666666,106.14444444444445,102.04444444444444,26.133213859020312
Carrot,2013-10-01,121.13,161.32,165.3,42.18,2013,10,34.82206321962914,3.980000000000018,-0.8660254037844386,0.5000000000000001,25.8415770609319,36.0,13.3,180.94444444444446,19.444444444444443,9.920446226602948,19.132138590203105,4.223010752688172,36.1,127.98,160.06,165.16,136.39,122.63703703703703,106.14444444444445,25.803086419753086
Carrot,2013-11-01,113.44,145.82,150.34,34.64,2013,11,30.535939231365276,4.52000000000001,-0.5000000000000004,0.8660254037844384,24.765925925925927,31.5,12.4,167.89629629629633,20.22222222222222,9.901379499314128,17.46762962962963,3.5697901234567904,40.2,121.13,127.98,160.06,120.84999999999998,180.94444444444446,122.63703703703703,25.8415770609319
Carrot,2013-12-01,134.65,178.14,178.01,43.42,2013,12,32.24654122054124,-0.12999999999999545,-2.4492935982947064e-16,1.0,24.01027479091995,31.3,13.1,162.94444444444446,15.481481481481481,8.190521113766096,14.278112305854242,3.0887574671445637,40.0,113.44,121.13,127.98,123.07333333333332,167.89629629629633,180.94444444444446,24.765925925925927
Carrot,2014-01-01,139.68,183.74,195.04,49.71,2014,1,35.58846249394151,11.299999999999983,0.49999999999999994,0.8660254037844387,23.94109916367981,32.5,11.7,131.15555555555554,13.555555555555555,9.34556176158237,16.36010752688172,3.4371804062126645,41.5,134.65,113.44,121.13,129.25666666666666,162.94444444444446,167.89629629629633,24.01027479091995
Carrot,2014-02-01,169.47,225.05,237.7,61.9,2014,2,36.52561720327066,12.649999999999977,0.8660254037844386,0.5000000000000001,24.89920634920635,35.9,9.7,18.8,5.333333333333333,10.92148025793651,21.56505291005291,4.585925925925926,29.6,139.68,134.65,113.44,147.9333333333333,131.15555555555554,162.94444444444446,23.94109916367981
Carrot,2014-03-01,188.6,259.58,263.4,72.89,2014,3,38.64791163949542,3.819999999999993,1.0,6.123233995736766e-17,26.361170848267623,37.2,12.2,34.196296296296296,5.925925925925926,10.952933014735166,22.873548387096776,5.147072879330945,28.1,169.47,139.68,134.65,165.91666666666666,18.8,131.15555555555554,24.89920634920635
Carrot,2014-04-01,194.03,255.26,256.87,62.04,2014,4,31.974420463629095,1.6100000000000136,0.8660254037844387,-0.49999999999999983,26.7458024691358,37.2,13.6,152.52592592592592,17.296296296296298,10.610301241426612,21.791827160493828,4.638111111111111,25.2,188.6,169.47,139.68,184.03333333333333,34.196296296296296,18.8,26.361170848267623
Carrot,2014-05-01,147.49,199.83,213.72,59.28,2014,5,40.192528176467434,13.889999999999986,0.49999999999999994,-0.8660254037844387,26.574671445639186,35.2,15.0,169.88148148148144,20.51851851851852,9.93649666799416,19.42304659498208,4.1792592592592595,39.3,194.03,188.6,169.47,176.70666666666668,152.52592592592592,34.196296296296296,26.7458024691358
Carrot,2014-06-01,162.9,211.86,206.76,46.41,2014,6,28.489853597388827,-5.100000000000023,1.2246467991473532e-16,-1.0,27.230493827160494,36.2,15.6,75.25925925925925,15.444444444444445,10.797738693415639,20.258123456790127,4.799592592592592,41.0,147.49,194.03,188.6,168.14000000000001,169.88148148148144,152.52592592592592,26.574671445639186
Carrot,2014-07-01,141.6,192.26,186.43,47.74,2014,7,33.714665455744736,-5.829999999999984,-0.4999999999999998,-0.8660254037844388,26.96941457586619,36.8,15.3,73.40370370370371,15.592592592592593,10.71005141046064,20.10921146953405,4.85078853046595,39.0,162.9,147.49,194.03,150.66333333333333,75.25925925925925,169.88148148148144,27.230493827160494
Carrot,2014-08-01,152.9,206.5,205.22,52.96,2014,8,34.63699500523544,-1.2800000000000011,-0.8660254037844384,-0.5000000000000004,26.11589008363202,36.3,14.0,129.73703703703703,20.0,10.03903343289526,19.2368458781362,4.3563560334528075,41.8,141.6,162.9,147.49,152.46666666666667,73.40370370370371,75.25925925925925,26.96941457586619
Carrot,2014-09-01,129.21,180.02,185.85,53.72,2014,9,41.57569725586467,5.829999999999984,-1.0,-1.8369701987210297e-16,26.094814814814814,37.2,14.6,160.03333333333333,20.77777777777778,10.29222377914952,20.17385185185185,4.477555555555556,40.1,152.9,141.6,162.9,141.23666666666668,129.73703703703703,73.40370370370371,26.11589008363202
Carrot,2014-10-01,111.8,140.19,149.14,32.86,2014,10,29.391744730103103,8.949999999999989,-0.8660254037844386,0.5000000000000001,25.124133811230585,33.5,14.5,379.1629629629629,28.074074074074073,8.895012322447897,17.07173237753883,3.4983512544802866,37.9,129.21,152.9,141.6,131.3033333333333,160.03333333333333,129.73703703703703,26.094814814814814
Carrot,2014-11-01,149.46,185.18,201.24,43.75,2014,11,29.272026447192257,16.060000000000002,-0.5000000000000004,0.8660254037844384,24.40691358024691,31.6,12.9,339.6814814814815,22.88888888888889,7.338499725651578,14.214506172839506,2.9098148148148146,39.0,111.8,129.21,152.9,130.15666666666667,379.1629629629629,160.03333333333333,25.124133811230585
Carrot,2014-12-01,126.88,161.72,159.45,33.7,2014,12,26.560508700734005,-2.2700000000000102,-2.4492935982947064e-16,1.0,23.95137395459976,30.7,13.6,532.0333333333333,27.037037037037038,6.568287976237887,12.152485065710872,2.4931780167264037,40.0,149.46,111.8,129.21,129.38,339.6814814814815,379.1629629629629,24.40691358024691
Carrot,2015-01-01,160.73,220.55,201.53,50.31,2015,1,31.300919989473037,-19.02000000000001,0.49999999999999994,0.8660254037844387,24.391756272401434,33.2,12.1,32.10740740740741,7.592592592592593,10.502823702376213,18.87594982078853,3.954408602150538,30.5,126.88,149.46,111.8,145.69000000000003,532.0333333333333,339.6814814814815,23.95137395459976
Carrot,2015-02-01,136.62,179.52,174.36,40.32,2015,2,29.512494867153517,-5.159999999999997,0.8660254037844386,0.5000000000000001,24.457010582010582,34.7,10.4,93.92592592592592,13.74074074074074,10.328361654908877,19.483002645502644,4.039828042328042,33.2,160.73,126.88,149.46,141.41,32.10740740740741,532.0333333333333,24.391756272401434
Carrot,2015-03-01,148.92,207.27,194.22,51.83,2015,3,34.8038981977584,-13.050000000000011,1.0,6.123233995736766e-17,25.695579450418162,35.2,11.0,84.23703703703703,11.814814814814815,10.76329743130227,22.61729988052569,4.7389486260454,26.6,136.62,160.73,126.88,148.75666666666666,93.92592592592592,32.10740740740741,24.457010582010582
Carrot,2015-04-01,128.91,155.37,182.36,39.96,2015,4,30.998346909978352,26.99000000000001,0.8660254037844387,-0.49999999999999983,26.122839506172838,35.1,14.4,201.55555555555554,23.37037037037037,10.262591769547326,20.982123456790124,4.3398518518518525,24.6,148.92,136.62,160.73,138.14999999999998,84.23703703703703,93.92592592592592,25.695579450418162
Carrot,2015-05-01,155.98,196.83,195.55,40.21,2015,5,25.77892949164669,-1.2800000000000011,0.49999999999999994,-0.8660254037844387,26.43094384707288,34.3,15.2,178.8259259259259,22.555555555555557,10.002322003185983,19.305830346475506,4.072939068100359,43.7,128.91,148.92,136.62,144.60333333333332,201.55555555555554,84.23703703703703,26.122839506172838
Carrot,2015-06-01,159.67,203.04,204.19,43.95,2015,6,27.525504148866947,1.1500000000000057,1.2246467991473532e-16,-1.0,26.698024691358025,35.8,15.1,103.0037037037037,17.14814814814815,10.34859715020576,19.485444444444447,4.364913580246913,46.7,155.98,128.91,148.92,148.18666666666664,178.8259259259259,201.55555555555554,26.43094384707288
Carrot,2015-07-01,166.82,231.4,233.86,65.81,2015,7,39.449682622178024,2.460000000000008,-0.4999999999999998,-0.8660254037844388,26.75627240143369,36.4,14.6,86.6962962962963,16.40740740740741,10.644947477764504,19.966547192353644,4.646487455197133,38.2,159.67,155.98,128.91,160.82333333333335,103.0037037037037,178.8259259259259,26.698024691358025
Carrot,2015-08-01,189.81,228.82,240.09,44.64,2015,8,23.518242706789575,11.27000000000001,-0.8660254037844384,-0.5000000000000004,26.590083632019116,36.2,14.9,112.4962962962963,18.666666666666668,10.723101148280898,20.643727598566308,4.654898446833931,39.3,166.82,159.67,155.98,172.1,86.6962962962963,103.0037037037037,26.75627240143369
Carrot,2015-09-01,187.85,230.56,236.9,45.88,2015,9,24.423729345898675,6.340000000000003,-1.0,-1.8369701987210297e-16,26.04555555555556,37.0,14.9,183.8777777777778,22.666666666666668,9.439200600137173,18.515641975308643,4.0424444444444445,40.8,189.81,166.82,159.67,181.49333333333334,112.4962962962963,86.6962962962963,26.590083632019116
Carrot,2015-10-01,156.72,204.9,218.92,55.19,2015,10,35.21564879042318,14.019999999999982,-0.8660254037844386,0.5000000000000001,25.31935483870968,34.1,14.6,488.0888888888888,28.074074074074073,8.062620496482145,16.338637992831543,3.3829032258064515,38.6,187.85,189.81,166.82,178.12666666666667,183.8777777777778,112.4962962962963,26.04555555555556
Carrot,2015-11-01,170.47,210.84,214.47,42.18,2015,11,24.7433420875567,3.6299999999999955,-0.5000000000000004,0.8660254037844384,24.75172839506173,31.2,14.6,372.6592592592592,26.59259259259259,8.015063124142662,14.546234567901235,2.939864197530864,44.7,156.72,187.85,189.81,171.67999999999998,488.0888888888888,183.8777777777778,25.31935483870968
Carrot,2015-12-01,168.44,212.8,231.15,53.54,2015,12,31.78578022691746,18.349999999999994,-2.4492935982947064e-16,1.0,24.736081242532855,31.2,12.4,251.9148148148148,22.40740740740741,8.835831073277578,14.967132616487454,3.0635722819593787,33.3,170.47,156.72,187.85,165.21,372.6592592592592,488.0888888888888,24.75172839506173
Carrot,2016-01-01,157.29,202.3,218.3,53.01,2016,1,33.70205753572539,16.0,0.49999999999999994,0.8660254037844387,24.99163679808841,33.6,12.4,32.54074074074074,8.11111111111111,10.499397992167795,18.714743130227,4.010071684587813,33.8,168.44,170.47,156.72,165.39999999999998,251.9148148148148,372.6592592592592,24.736081242532855
Carrot,2016-02-01,152.57,197.66,219.54,56.03,2016,2,36.72410256006911,21.879999999999995,0.8660254037844386,0.5000000000000001,25.845466155810982,35.3,11.4,35.737037037037034,8.407407407407407,10.57882929615439,20.39846743295019,4.45367816091954,32.2,157.29,168.44,170.47,159.4333333333333,32.54074074074074,251.9148148148148,24.99163679808841
Carrot,2016-03-01,168.38,229.49,210.63,51.68,2016,3,30.692463064221958,-18.860000000000014,1.0,6.123233995736766e-17,27.301911589008363,37.4,14.2,35.2962962962963,8.0,11.166788357891942,23.19941457586619,5.134707287933094,26.7,152.57,157.29,168.44,159.41333333333333,35.737037037037034,32.54074074074074,25.845466155810982
Carrot,2016-04-01,185.36,235.39,234.02,49.34,2016,4,26.618457801867823,-1.3699999999999761,0.8660254037844387,-0.49999999999999983,27.98493827160494,38.0,15.0,71.91111111111111,14.962962962962964,10.944782026748971,22.621925925925925,4.977925925925926,31.0,168.38,152.57,157.29,168.77,35.2962962962963,35.737037037037034,27.301911589008363
Carrot,2016-05-01,184.06,238.71,247.79,59.19,2016,5,32.157974487680924,9.079999999999984,0.49999999999999994,-0.8660254037844387,26.69510155316607,35.9,16.0,460.4074074074074,24.11111111111111,8.456143664542678,16.913584229390683,3.669665471923536,45.5,185.36,168.38,152.57,179.26666666666665,71.91111111111111,35.2962962962963,27.98493827160494
Carrot,2016-06-01,205.75,272.92,259.43,60.43,2016,6,29.370581107858513,-13.490000000000009,1.2246467991473532e-16,-1.0,26.669629629629632,35.6,15.3,93.5,17.51851851851852,10.096888892318242,18.93088888888889,4.3085555555555555,46.9,184.06,185.36,168.38,191.72333333333333,460.4074074074074,71.91111111111111,26.69510155316607
Carrot,2016-07-01,186.8,227.44,268.58,61.21,2016,7,32.76764841132312,41.139999999999986,-0.4999999999999998,-0.8660254037844388,26.59390681003584,37.6,15.2,99.44074074074072,16.37037037037037,10.414703195937875,19.63237753882915,4.491517323775389,39.2,205.75,184.06,185.36,192.20333333333335,93.5,460.4074074074074,26.669629629629632
Carrot,2016-08-01,192.59,236.72,268.4,59.97,2016,8,31.13867223704645,31.67999999999998,-0.8660254037844384,-0.5000000000000004,26.63811230585424,36.8,15.3,72.67407407407407,16.37037037037037,10.85600315279437,20.868924731182798,4.77041816009558,35.9,186.8,205.75,184.06,195.0466666666667,99.44074074074072,93.5,26.59390681003584
Carrot,2016-09-01,155.87,206.78,210.14,52.59,2016,9,33.739633194563936,3.359999999999985,-1.0,-1.8369701987210297e-16,26.59493827160494,36.1,13.1,55.6074074074074,14.11111111111111,10.578944777091907,21.04641975308642,4.902024691358024,36.3,192.59,186.8,205.75,178.42,72.67407407407407,99.44074074074072,26.63811230585424
Carrot,2016-10-01,146.28,190.44,202.13,50.0,2016,10,34.180999329368795,11.689999999999998,-0.8660254037844386,0.5000000000000001,26.38183990442055,37.5,13.1,105.65555555555555,16.14814814814815,10.614833320058409,20.415555555555557,4.600657108721625,36.1,155.87,192.59,186.8,164.91333333333333,55.6074074074074,72.67407407407407,26.59493827160494
Carrot,2016-11-01,177.59,230.83,242.83,59.24,2016,11,33.35771532309515,12.0,-0.5000000000000004,0.8660254037844384,24.78827160493827,31.9,13.1,246.91111111111113,22.074074074074073,8.394442119341564,15.466246913580246,3.2081851851851853,36.7,146.28,155.87,192.59,159.91333333333333,105.65555555555555,55.6074074074074,26.38183990442055
Carrot,2016-12-01,139.1,169.73,201.47,46.5,2016,12,33.429163602326675,31.74000000000001,-2.4492935982947064e-16,1.0,24.54408602150538,32.1,12.8,73.35185185185185,12.407407407407407,10.276127943714323,17.85927120669056,3.706332138590203,46.2,177.59,146.28,155.87,154.32333333333335,246.91111111111113,105.65555555555555,24.78827160493827
Carrot,2017-01-01,148.6,186.17,198.17,43.57,2017,1,29.320303283779758,12.0,0.49999999999999994,0.8660254037844387,24.014934289127837,35.0,5.3,146.84074074074073,12.88888888888889,9.398610291384575,18.306917562724013,3.93700119474313,30.0,139.1,177.59,146.28,155.09666666666666,73.35185185185185,246.91111111111113,24.54408602150538
Carrot,2017-02-01,149.47,200.27,209.67,55.5,2017,2,37.131172053808754,9.399999999999977,0.8660254037844386,0.5000000000000001,24.398015873015876,36.2,6.3,48.577777777777776,8.407407407407407,10.132609402557318,20.729907407407406,4.400740740740741,35.9,148.6,139.1,177.59,145.72333333333333,146.84074074074073,73.35185185185185,24.014934289127837
Carrot,2017-03-01,206.49,255.75,274.01,58.39,2017,3,28.27738472691911,18.25999999999999,1.0,6.123233995736766e-17,25.586977299880523,35.9,8.0,118.58148148148148,19.296296296296298,10.42839526417098,21.431254480286736,4.4047550776583035,31.8,149.47,148.6,139.1,168.18666666666664,48.577777777777776,146.84074074074073,24.398015873015876
Carrot,2017-04-01,149.24,202.34,215.23,59.54,2017,4,39.89544365086863,12.889999999999986,0.8660254037844387,-0.49999999999999983,27.3,39.3,10.7,82.42962962962964,13.962962962962964,10.951856083676269,23.111493827160494,5.064864197530865,32.5,206.49,149.47,148.6,168.4,118.58148148148148,48.577777777777776,25.586977299880523
Carrot,2017-05-01,199.72,279.24,283.95,81.88,2017,5,40.99737582747054,4.7099999999999795,0.49999999999999994,-0.8660254037844387,27.174074074074074,37.8,12.0,166.72962962962958,21.666666666666668,9.881361147617152,19.387491039426525,4.414109916367981,42.2,149.24,206.49,149.47,185.15,82.42962962962964,118.58148148148148,27.3
Carrot,2017-06-01,172.84,230.46,250.14,67.46,2017,6,39.030294474488265,19.67999999999998,1.2246467991473532e-16,-1.0,26.935555555555556,39.1,13.0,129.3,18.925925925925927,10.23791511659808,18.765913580246913,4.445913580246914,41.2,199.72,149.24,206.49,173.9333333333333,166.72962962962958,82.42962962962964,27.174074074074074
Carrot,2017-07-01,221.77,300.63,287.66,72.38,2017,7,32.63740242710807,-12.96999999999997,-0.4999999999999998,-0.8660254037844388,27.253405017921146,39.5,12.6,104.68148148148147,19.0,10.337333223815213,19.277873357228195,4.638351254480287,40.9,172.84,199.72,149.24,198.10999999999999,129.3,166.72962962962958,26.935555555555556
Carrot,2017-08-01,138.71,176.4,196.77,47.88,2017,8,34.518034375290625,20.370000000000005,-0.8660254037844384,-0.5000000000000004,26.511350059737158,38.4,11.7,160.82222222222222,21.40740740740741,9.4878531129696,18.38399044205496,4.242652329749104,40.0,221.77,172.84,199.72,177.77333333333334,104.68148148148147,129.3,27.253405017921146
Carrot,2017-09-01,159.92,209.94,216.41,53.26,2017,9,33.30413125054324,6.469999999999999,-1.0,-1.8369701987210297e-16,25.927777777777777,37.8,11.4,173.06666666666663,20.51851851851852,9.282737726337448,18.361543209876544,4.028864197530864,41.8,138.71,221.77,172.84,173.46666666666667,160.82222222222222,104.68148148148147,26.511350059737158
Carrot,2017-10-01,200.1,268.96,271.62,70.19,2017,10,35.07744373940842,2.660000000000025,-0.8660254037844386,0.5000000000000001,25.738351254480285,36.7,11.7,266.72222222222223,26.0,8.75059341563786,16.79330943847073,3.6334767025089603,36.6,159.92,138.71,221.77,166.24333333333334,173.06666666666663,160.82222222222222,25.927777777777777
Carrot,2017-11-01,154.09,189.97,217.71,49.75,2017,11,32.2863052201277,27.74000000000001,-0.5000000000000004,0.8660254037844384,24.537283950617287,32.7,10.3,389.05925925925936,24.85185185185185,7.012991056241426,14.044666666666666,2.8818641975308643,49.3,200.1,159.92,138.71,171.36999999999998,266.72222222222223,173.06666666666663,25.738351254480285
Carrot,2017-12-01,160.55,200.09,207.45,43.22,2017,12,26.91994586113618,7.359999999999985,-2.4492935982947064e-16,1.0,24.322341696535243,32.1,10.0,117.70370370370371,16.48148148148148,9.467093986459577,16.48821983273596,3.3940023894862605,29.3,154.09,200.1,159.92,171.58,389.05925925925936,266.72222222222223,24.537283950617287
Carrot,2018-01-01,232.34,286.65,308.35,65.16,2018,1,28.045094239005664,21.700000000000045,0.49999999999999994,0.8660254037844387,23.959976105137397,35.0,6.4,47.22592592592592,8.592592592592593,9.747279261250497,18.507001194743133,3.9380286738351256,30.8,160.55,154.09,200.1,182.32666666666668,117.70370370370371,389.05925925925936,24.322341696535243
Carrot,2018-02-01,243.62,294.53,351.07,79.18,2018,2,32.50142332262404,56.54000000000002,0.8660254037844386,0.5000000000000001,24.76878306878307,36.0,9.3,73.10000000000001,12.37037037037037,10.333134461346267,20.12851851851852,4.31005291005291,30.5,232.34,160.55,154.09,212.17,47.22592592592592,117.70370370370371,23.959976105137397
Carrot,2018-03-01,190.93,263.44,256.46,69.02,2018,3,36.14935518286535,-6.980000000000018,1.0,6.123233995736766e-17,25.733811230585424,37.0,9.9,107.91851851851851,18.074074074074073,9.972489738484002,20.42831541218638,4.319008363201912,36.2,243.62,232.34,160.55,222.29666666666665,73.10000000000001,47.22592592592592,24.76878306878307
Carrot,2018-04-01,214.55,258.92,300.92,65.37,2018,4,30.468408078113224,42.0,0.8660254037844387,-0.49999999999999983,26.249382716049382,37.9,11.5,136.58148148148146,22.037037037037038,10.20821816872428,20.737827160493826,4.3362592592592595,23.7,190.93,243.62,232.34,216.36666666666667,107.91851851851851,73.10000000000001,25.733811230585424
Carrot,2018-05-01,191.11,246.84,270.49,67.55,2018,5,35.3461172381784,23.650000000000006,0.49999999999999994,-0.8660254037844387,25.950896057347673,38.6,12.4,281.8703703703704,26.51851851851852,8.218543744192221,16.934659498207886,3.6000955794504184,40.4,214.55,190.93,243.62,198.86333333333334,136.58148148148146,107.91851851851851,26.249382716049382
Carrot,2018-06-01,200.07,252.68,276.38,64.46,2018,6,32.21870734307625,23.69999999999999,1.2246467991473532e-16,-1.0,26.280740740740743,37.3,13.0,156.8148148148148,18.555555555555557,10.04098037037037,19.019024691358023,4.258370370370371,49.4,191.11,214.55,190.93,201.91,281.8703703703704,136.58148148148146,25.950896057347673
Carrot,2018-07-01,215.91,261.09,271.05,50.16,2018,7,23.23189142147588,9.960000000000036,-0.4999999999999998,-0.8660254037844388,26.442771804062126,39.4,11.7,105.4074074074074,16.296296296296298,10.151720861542547,19.49703703703704,4.578888888888889,42.6,200.07,191.11,214.55,202.36333333333332,156.8148148148148,281.8703703703704,26.280740740740743
Carrot,2018-08-01,159.62,210.46,206.84,49.03,2018,8,30.716682924017714,-3.6200000000000045,-0.8660254037844384,-0.5000000000000004,26.169295101553168,38.8,11.1,110.07037037037037,16.59259259259259,9.740048861675293,19.399438470728793,4.512031063321386,47.9,215.91,200.07,191.11,191.86666666666665,105.4074074074074,156.8148148148148,26.442771804062126
Carrot,2018-09-01,214.99,296.21,299.78,83.0,2018,9,38.60642885416584,3.569999999999993,-1.0,-1.8369701987210297e-16,26.19975308641975,39.3,10.6,151.07407407407408,15.37037037037037,10.156860775034293,20.977728395061728,4.694456790123457,38.5,159.62,215.91,200.07,196.84,110.07037037037037,105.4074074074074,26.169295101553168
Carrot,2018-10-01,234.38,299.41,336.32,83.49,2018,10,35.621624873442755,36.90999999999997,-0.8660254037844386,0.5000000000000001,24.765232974910393,33.1,11.3,427.51111111111106,28.814814814814813,7.764433117615823,15.895244922341696,3.1759139784946235,27.5,214.99,159.62,215.91,202.99666666666667,151.07407407407408,110.07037037037037,26.19975308641975
Carrot,2018-11-01,173.32,238.85,224.91,58.56,2018,11,33.787194906995786,-13.939999999999998,-0.5000000000000004,0.8660254037844384,24.50913580246914,32.8,9.6,364.6888888888889,24.037037037037038,8.268375205761318,15.564481481481481,3.120740740740741,46.7,234.38,214.99,159.62,207.56333333333336,427.51111111111106,151.07407407407408,24.765232974910393
Carrot,2018-12-01,176.55,221.92,228.35,48.58,2018,12,27.516268753175442,6.430000000000007,-2.4492935982947064e-16,1.0,24.27383512544803,31.5,9.3,116.16666666666667,15.777777777777779,9.064698848400372,16.77383512544803,3.3995579450418156,29.2,173.32,234.38,214.99,194.75,364.6888888888889,427.51111111111106,24.50913580246914
Carrot,2019-01-01,196.59,261.0,266.76,67.29,2019,1,34.22858017774038,5.759999999999991,0.49999999999999994,0.8660254037844387,24.212903225806453,35.7,6.4,50.925925925925924,9.703703703703704,10.277958074472322,19.057729988052568,4.049450418160095,29.6,176.55,173.32,234.38,182.15333333333334,116.16666666666667,364.6888888888889,24.27383512544803
Carrot,2019-02-01,254.09,325.47,343.56,80.43,2019,2,31.654125839613588,18.089999999999975,0.8660254037844386,0.5000000000000001,25.137301587301586,36.0,8.5,137.72222222222223,15.962962962962964,10.223752781452086,19.592037037037038,4.077936507936508,35.1,196.59,176.55,173.32,209.07666666666668,50.925925925925924,116.16666666666667,24.212903225806453
Carrot,2019-03-01,171.7,210.97,232.84,50.21,2019,3,29.24284843165496,21.870000000000005,1.0,6.123233995736766e-17,26.278972520908006,38.5,8.4,44.711111111111116,9.11111111111111,10.987465465286073,23.488016726403824,5.092640382317802,31.6,254.09,196.59,176.55,207.46,137.72222222222223,50.925925925925924,25.137301587301586
Carrot,2019-04-01,240.47,295.08,346.99,80.56,2019,4,33.50104649185076,51.910000000000025,0.8660254037844387,-0.49999999999999983,27.08716049382716,38.0,11.1,118.6925925925926,15.88888888888889,9.605431121399178,20.82320987654321,4.5343580246913575,35.5,171.7,254.09,196.59,222.08666666666667,44.711111111111116,137.72222222222223,26.278972520908006
Carrot,2019-05-01,164.96,222.71,236.82,64.8,2019,5,39.282226429300174,14.109999999999985,0.49999999999999994,-0.8660254037844387,27.60131421744325,38.8,11.4,71.44444444444444,14.62962962962963,10.562540979689366,20.850215053763442,4.868160095579451,41.0,240.47,171.7,254.09,192.37666666666667,118.6925925925926,44.711111111111116,27.08716049382716
Carrot,2019-06-01,250.19,346.14,357.66,101.71,2019,6,40.65308739234686,11.520000000000039,1.2246467991473532e-16,-1.0,27.607407407407408,39.1,13.0,112.76666666666667,15.666666666666666,10.03913598079561,19.192456790123455,4.719913580246914,41.6,164.96,240.47,171.7,218.54,71.44444444444444,118.6925925925926,27.60131421744325
Carrot,2019-07-01,164.21,206.32,223.88,50.89,2019,7,30.990785585052315,17.560000000000002,-0.4999999999999998,-0.8660254037844388,27.097132616487453,39.8,11.0,91.35555555555555,15.296296296296296,10.36241189765034,19.905256869772998,4.747873357228196,49.2,250.19,164.96,240.47,193.12,112.76666666666667,71.44444444444444,27.607407407407408
Carrot,2019-08-01,205.15,250.45,262.53,51.34,2019,8,25.02557883227939,12.079999999999984,-0.8660254037844384,-0.5000000000000004,26.305973715651135,38.5,12.5,207.83333333333334,20.703703703703702,8.75700611642108,17.228554360812424,4.048327359617682,42.5,164.21,250.19,164.96,206.51666666666665,91.35555555555555,112.76666666666667,27.097132616487453
Carrot,2019-09-01,159.04,219.35,223.66,62.46,2019,9,39.27311413913849,4.310000000000002,-1.0,-1.8369701987210297e-16,25.829135802469136,38.0,12.3,217.9814814814815,24.333333333333332,9.308988034979423,18.34032098765432,3.9999135802469135,38.5,205.15,164.21,250.19,176.13333333333333,207.83333333333334,91.35555555555555,26.305973715651135
Carrot,2019-10-01,218.77,295.99,275.05,66.75,2019,10,30.51148214495491,-20.939999999999998,-0.8660254037844386,0.5000000000000001,24.684707287933094,33.0,11.5,446.2851851851852,29.22222222222222,7.022678955927252,15.168781362007168,3.057060931899642,27.0,159.04,205.15,164.21,194.32000000000002,217.9814814814815,207.83333333333334,25.829135802469136
Carrot,2019-11-01,156.57,198.78,199.56,42.6,2019,11,27.208260070090013,0.7800000000000011,-0.5000000000000004,0.8660254037844384,24.95012345679012,32.3,11.0,229.92962962962963,26.11111111111111,9.403515637860083,17.369481481481483,3.454716049382716,28.7,218.77,159.04,205.15,178.12666666666667,446.2851851851852,217.9814814814815,24.684707287933094
Carrot,2019-12-01,200.01,265.66,285.88,75.76,2019,12,37.878087156598596,20.21999999999997,-2.4492935982947064e-16,1.0,24.533452807646356,31.6,9.9,222.0148148148148,23.40740740740741,8.656992559405284,15.23205495818399,3.0920310633213863,30.8,156.57,218.77,159.04,191.78333333333333,229.92962962962963,446.2851851851852,24.95012345679012
Carrot,2020-01-01,271.97,355.1,351.57,81.36,2020,1,29.91505316209392,-3.5300000000000296,0.49999999999999994,0.8660254037844387,24.866427718040622,35.0,8.1,35.46296296296296,11.148148148148149,10.679307032390815,19.835232974910394,4.180872162485065,33.8,200.01,156.57,218.77,209.51666666666665,222.0148148148148,229.92962962962963,24.533452807646356
Carrot,2020-02-01,202.86,282.85,292.77,84.95,2020,2,41.87615011527649,9.919999999999959,0.8660254037844386,0.5000000000000001,25.54367816091954,37.1,8.7,39.285185185185185,8.333333333333334,10.903973052362709,21.708429118773946,4.827918263090677,40.7,271.97,200.01,156.57,224.9466666666667,35.46296296296296,222.0148148148148,24.866427718040622
Carrot,2020-03-01,212.47,294.38,283.99,76.72,2020,3,36.108610105610154,-10.389999999999986,1.0,6.123233995736766e-17,26.619713261648748,37.0,9.0,30.65555555555556,7.592592592592593,11.034342954334264,23.400645161290324,5.168757467144564,35.0,202.86,271.97,200.01,229.10000000000002,39.285185185185185,35.46296296296296,25.54367816091954
Carrot,2020-04-01,188.77,237.09,244.17,51.86,2020,4,27.47257113282241,7.079999999999984,0.8660254037844387,-0.49999999999999983,26.975061728395062,37.8,10.6,129.98888888888888,20.22222222222222,10.672721124828533,22.053827160493825,4.7376913580246915,28.1,212.47,202.86,271.97,201.36666666666667,30.65555555555556,39.285185185185185,26.619713261648748
Carrot,2020-05-01,302.51,403.66,392.77,95.71,2020,5,31.638613057878068,-10.890000000000043,0.49999999999999994,-0.8660254037844387,27.07431302270012,37.3,13.4,184.54074074074074,22.074074074074073,9.019299054161689,18.124169653524493,4.016583034647551,43.8,188.77,212.47,202.86,234.58333333333334,129.98888888888888,30.65555555555556,26.975061728395062
Carrot,2020-06-01,228.13,286.48,301.25,65.74,2020,6,28.816890011445224,14.769999999999982,1.2246467991473532e-16,-1.0,27.07012345679012,38.5,11.6,116.4074074074074,17.296296296296298,9.95355420781893,19.088296296296296,4.403753086419753,39.3,302.51,188.77,212.47,239.8033333333333,184.54074074074074,129.98888888888888,27.07431302270012
Carrot,2020-07-01,162.68,211.47,214.91,50.51,2020,7,31.048665448324652,3.4399999999999977,-0.4999999999999998,-0.8660254037844388,26.37574671445639,37.5,12.4,152.52592592592595,20.48148148148148,9.078961413115625,17.43378733572282,3.915722819593787,38.4,228.13,302.51,188.77,231.10666666666665,116.4074074074074,184.54074074074074,27.07012345679012
Carrot,2020-08-01,227.56,278.76,326.33,74.98,2020,8,32.94953728707274,47.56999999999999,-0.8660254037844384,-0.5000000000000004,26.58183990442055,38.8,11.0,106.85185185185185,14.592592592592593,9.914153697066242,20.05278375149343,4.572078853046595,43.4,162.68,228.13,302.51,206.12333333333333,152.52592592592595,116.4074074074074,26.37574671445639
Carrot,2020-09-01,242.88,308.04,318.47,70.38,2020,9,28.977260796582343,10.430000000000007,-1.0,-1.8369701987210297e-16,25.79074074074074,36.9,11.8,215.6814814814815,21.62962962962963,7.988970222908092,16.36483950617284,3.6884320987654324,41.5,227.56,162.68,228.13,211.04,106.85185185185185,152.52592592592595,26.58183990442055
Carrot,2020-10-01,190.74,241.26,269.05,64.41,2020,10,33.76846295037068,27.79000000000002,-0.8660254037844386,0.5000000000000001,26.279091995221027,39.3,10.9,107.62592592592591,18.333333333333332,10.502320128103014,20.286403823178016,4.526618876941458,42.8,242.88,227.56,162.68,220.39333333333335,215.6814814814815,106.85185185185185,25.79074074074074
Carrot,2020-11-01,163.69,227.78,219.3,59.85,2020,11,36.562993119315095,-8.47999999999999,-0.5000000000000004,0.8660254037844384,25.08407407407407,34.6,10.5,274.7851851851851,25.25925925925926,8.593452866941014,16.191395061728397,3.3017654320987653,33.0,190.74,242.88,227.56,199.10333333333332,107.62592592592591,215.6814814814815,26.279091995221027
Carrot,2020-12-01,253.64,324.01,324.97,70.85,2020,12,27.93328026601472,0.9600000000000364,-2.4492935982947064e-16,1.0,24.260812425328552,32.2,9.4,328.14074074074074,22.962962962962962,8.186538195274128,15.054970131421745,3.0599641577060934,60.7,163.69,190.74,242.88,202.68999999999997,274.7851851851851,107.62592592592591,25.08407407407407
Carrot,2021-01-01,237.23,290.39,306.38,61.16,2021,1,25.780876878608574,15.990000000000009,0.49999999999999994,0.8660254037844387,24.084109916367982,31.8,7.8,305.01111111111106,22.22222222222222,8.01223636001593,15.325017921146955,3.077658303464755,37.6,253.64,163.69,190.74,218.18666666666664,328.14074074074074,274.7851851851851,24.260812425328552
Carrot,2021-02-01,172.36,208.26,236.17,49.85,2021,2,28.922006891386115,27.909999999999997,0.8660254037844386,0.5000000000000001,24.609920634920634,36.3,8.8,45.803703703703704,10.407407407407407,10.754679559817754,20.968068783068784,4.324074074074074,29.6,237.23,253.64,163.69,221.07666666666668,305.01111111111106,328.14074074074074,24.084109916367982
Carrot,2021-03-01,209.89,258.51,302.88,70.81,2021,3,33.736703160368215,44.370000000000005,1.0,6.123233995736766e-17,25.527240143369173,36.2,7.1,114.44814814814816,16.074074074074073,9.764480708217178,20.53426523297491,4.3707885304659495,30.8,172.36,237.23,253.64,206.49333333333334,45.803703703703704,305.01111111111106,24.609920634920634
Carrot,2021-04-01,194.61,254.23,254.93,59.97,2021,4,30.815461273592682,0.700000000000017,0.8660254037844387,-0.49999999999999983,26.35074074074074,37.8,9.6,139.86296296296297,18.48148148148148,10.590717719478738,21.803691358024693,4.592555555555555,32.4,209.89,172.36,237.23,192.28666666666666,114.44814814814816,45.803703703703704,25.527240143369173
Carrot,2021-05-01,308.96,428.2,413.94,112.11,2021,5,36.28623890269326,-14.259999999999991,0.49999999999999994,-0.8660254037844387,26.356152927120668,37.2,12.9,270.9185185185185,24.444444444444443,8.824277094119209,17.940095579450418,3.9063918757467144,45.5,194.61,209.89,172.36,237.81999999999996,139.86296296296297,114.44814814814816,26.35074074074074
Carrot,2021-06-01,251.61,325.27,362.32,92.18,2021,6,36.63604918880443,37.05000000000001,1.2246467991473532e-16,-1.0,26.42703703703704,37.8,11.7,135.70740740740743,16.88888888888889,10.241626052812071,19.585086419753086,4.388802469135802,39.5,308.96,194.61,209.89,251.72666666666666,270.9185185185185,139.86296296296297,26.356152927120668
Carrot,2021-07-01,181.12,229.21,254.03,60.5,2021,7,33.40325010862958,24.819999999999993,-0.4999999999999998,-0.8660254037844388,26.480167264038233,38.1,11.5,152.8148148148148,19.074074074074073,10.035993359219434,19.093261648745518,4.372556750298686,45.4,251.61,308.96,194.61,247.23,135.70740740740743,270.9185185185185,26.42703703703704
Carrot,2021-08-01,231.96,298.95,296.01,65.52,2021,8,28.24623717613503,-2.9399999999999977,-0.8660254037844384,-0.5000000000000004,26.173357228195936,38.2,10.5,150.7037037037037,20.14814814814815,9.281493747510952,18.53409796893668,4.1990919952210275,37.9,181.12,251.61,308.96,221.56333333333336,152.8148148148148,135.70740740740743,26.480167264038233
Carrot,2021-09-01,183.73,220.8,253.57,53.46,2021,9,29.097028739438997,32.76999999999998,-1.0,-1.8369701987210297e-16,26.211604938271606,37.8,11.8,158.91111111111113,21.48148148148148,9.599454698216736,19.07972839506173,4.259493827160494,47.1,231.96,181.12,251.61,198.93666666666664,150.7037037037037,152.8148148148148,26.173357228195936
Carrot,2021-10-01,161.46,198.57,204.78,40.21,2021,10,24.903985566712766,6.210000000000008,-0.8660254037844386,0.5000000000000001,25.332138590203105,35.8,12.1,278.4,25.11111111111111,8.63790509757069,17.564982078853046,3.6884707287933094,41.5,183.73,231.96,181.12,192.38333333333333,158.91111111111113,150.7037037037037,26.211604938271606
Carrot,2021-11-01,167.21,227.99,225.52,59.54,2021,11,35.60789689139591,-2.469999999999999,-0.5000000000000004,0.8660254037844384,24.365061728395062,33.5,10.0,427.3777777777778,26.925925925925927,6.782470631001372,14.440074074074072,2.9260493827160494,35.8,161.46,183.73,231.96,170.79999999999998,278.4,158.91111111111113,25.332138590203105
Carrot,2021-12-01,225.49,299.68,316.09,82.39,2021,12,36.53818948148943,16.409999999999968,-2.4492935982947064e-16,1.0,24.4415770609319,33.6,7.5,103.32592592592593,17.62962962962963,9.852105223682463,18.46284348864994,3.7568219832735963,30.7,167.21,161.46,183.73,184.72000000000003,427.3777777777778,278.4,24.365061728395062
Carrot,2022-01-01,191.57,268.13,262.72,73.86,2022,1,38.55507722760493,-5.409999999999968,0.49999999999999994,0.8660254037844387,24.333452807646353,34.6,6.6,79.39259259259259,16.14814814814815,10.050922418027346,19.505256869773,3.973847072879331,29.2,225.49,167.21,161.46,194.75666666666666,103.32592592592593,427.3777777777778,24.4415770609319
Carrot,2022-02-01,296.57,365.75,376.14,74.38,2022,2,25.08007381728637,10.389999999999986,0.8660254037844386,0.5000000000000001,24.69126984126984,34.9,7.6,79.60370370370372,11.11111111111111,9.95848259112287,21.214708994708996,4.435978835978836,27.7,191.57,225.49,167.21,237.87666666666667,79.39259259259259,103.32592592592593,24.333452807646353
Carrot,2022-03-01,190.67,229.44,248.57,48.34,2022,3,25.35269032742942,19.129999999999995,1.0,6.123233995736766e-17,25.770967741935483,35.5,10.5,59.69259259259258,16.555555555555557,10.201836081242533,21.651875746714456,4.57,31.9,296.57,191.57,225.49,226.26999999999998,79.60370370370372,79.39259259259259,24.69126984126984
Carrot,2022-04-01,251.09,304.47,348.61,75.45,2022,4,30.04897445180037,44.139999999999986,0.8660254037844387,-0.49999999999999983,25.617407407407406,34.3,10.9,202.30740740740737,25.962962962962962,9.503278967764063,20.255123456790127,4.1158271604938275,28.6,190.67,296.57,191.57,246.10999999999999,59.69259259259258,79.60370370370372,25.770967741935483
Carrot,2022-05-01,188.97,241.99,264.47,64.26,2022,5,34.005379687051025,22.480000000000018,0.49999999999999994,-0.8660254037844387,26.48757467144564,37.1,13.6,213.74444444444447,19.814814814814813,9.514996717775123,19.586021505376344,4.3536559139784945,42.1,251.09,190.67,296.57,210.24333333333334,202.30740740740737,59.69259259259258,25.617407407407406
Carrot,2022-06-01,272.1,357.85,350.97,82.31,2022,6,30.24989700481551,-6.8799999999999955,1.2246467991473532e-16,-1.0,26.23222222222222,37.0,12.4,124.10370370370369,19.22222222222222,9.639822321673526,19.14904938271605,4.2830864197530865,42.9,188.97,251.09,190.67,237.38666666666668,213.74444444444447,202.30740740740737,26.48757467144564
Carrot,2022-07-01,228.92,317.0,294.2,76.68,2022,7,33.496403330244924,-22.80000000000001,-0.4999999999999998,-0.8660254037844388,26.23273596176822,38.0,12.2,123.77407407407406,18.48148148148148,8.95918853046595,18.739330943847072,4.2962007168458785,43.1,272.1,188.97,251.09,229.99666666666667,124.10370370370369,213.74444444444447,26.23222222222222
Carrot,2022-08-01,174.24,226.25,229.6,53.68,2022,8,30.808063126685532,3.3499999999999943,-0.8660254037844384,-0.5000000000000004,25.684587813620073,36.9,11.1,193.66666666666666,21.25925925925926,9.281554533386434,19.427443249701316,4.245890083632019,45.9,228.92,272.1,188.97,225.08666666666667,123.77407407407406,124.10370370370369,26.23273596176822
Carrot,2022-09-01,205.08,274.07,289.5,76.7,2022,9,37.40002077237138,15.430000000000007,-1.0,-1.8369701987210297e-16,25.752222222222223,37.6,10.5,98.95185185185184,16.77777777777778,9.9764180829904,21.314691358024692,4.598962962962963,40.0,174.24,228.92,272.1,202.74666666666667,193.66666666666666,123.77407407407406,25.684587813620073
Carrot,2022-10-01,319.45,420.87,410.58,96.28,2022,10,30.13929249043904,-10.29000000000002,-0.8660254037844386,0.5000000000000001,24.89163679808841,36.8,10.4,295.11111111111114,25.962962962962962,8.194988298154787,17.328076463560336,3.6061768219832735,42.1,205.08,174.24,228.92,232.92333333333332,98.95185185185184,193.66666666666666,25.752222222222223
Carrot,2022-11-01,348.5,424.59,491.32,109.45,2022,11,31.406016813194604,66.73000000000002,-0.5000000000000004,0.8660254037844384,24.250864197530866,33.1,9.6,239.3592592592593,18.74074074074074,8.210116035665294,16.932876543209876,3.4289506172839506,31.4,319.45,205.08,174.24,291.01,295.11111111111114,98.95185185185184,24.89163679808841
Carrot,2022-12-01,226.55,274.32,327.45,74.33,2022,12,32.809519836892584,53.129999999999995,-2.4492935982947064e-16,1.0,23.920908004778973,32.6,8.0,215.6962962962963,22.185185185185187,7.868798171379264,15.54121863799283,3.2044324970131424,41.5,348.5,319.45,205.08,298.1666666666667,239.3592592592593,295.11111111111114,24.250864197530866
Carrot,2023-01-01,264.64,365.44,368.84,102.5,2023,1,38.731847516683985,3.3999999999999773,0.49999999999999994,0.8660254037844387,23.56953405017921,32.4,6.2,103.34074074074073,13.814814814814815,9.35084146090535,18.494062126642774,3.812951015531661,28.7,226.55,348.5,319.45,279.89666666666665,215.6962962962963,239.3592592592593,23.920908004778973
Carrot,2023-02-01,254.73,307.81,348.88,73.62,2023,2,28.901178148950596,41.06999999999999,0.8660254037844386,0.5000000000000001,24.21732804232804,34.1,6.1,117.72222222222223,13.222222222222221,9.727644201940036,20.465039682539683,4.152261904761905,44.3,264.64,226.55,348.5,248.64,103.34074074074073,215.6962962962963,23.56953405017921
Carrot,2023-03-01,216.6,294.09,272.75,66.82,2023,3,30.849477908828295,-21.339999999999975,1.0,6.123233995736766e-17,25.44014336917563,35.4,10.5,101.71481481481482,18.074074074074073,10.236548420284082,21.96173237753883,4.543154121863799,34.7,254.73,264.64,226.55,245.3233333333333,117.72222222222223,103.34074074074073,24.21732804232804
Carrot,2023-04-01,213.46,264.11,281.85,59.52,2023,4,27.88343114240085,17.74000000000001,0.8660254037844387,-0.49999999999999983,26.40691358024691,36.8,10.4,125.12592592592593,18.25925925925926,10.259467297668039,22.379345679012346,4.719345679012346,26.6,216.6,254.73,264.64,228.26333333333332,101.71481481481482,117.72222222222223,25.44014336917563
Carrot,2023-05-01,235.24,316.16,309.41,77.55,2023,5,32.966318242510525,-6.75,0.49999999999999994,-0.8660254037844387,26.61672640382318,37.0,11.9,151.91851851851848,19.88888888888889,9.052870496482146,19.442508960573477,4.1923655913978495,39.3,213.46,216.6,254.73,221.76666666666665,125.12592592592593,101.71481481481482,26.40691358024691
Carrot,2023-06-01,180.19,221.2,253.11,56.96,2023,6,31.611059653110797,31.910000000000025,1.2246467991473532e-16,-1.0,27.14296296296296,37.9,12.9,117.73703703703703,18.666666666666668,10.179046608367628,20.140827160493828,4.662617283950617,37.4,235.24,213.46,216.6,209.63,151.91851851851848,125.12592592592593,26.61672640382318
Carrot,2023-07-01,290.89,397.74,385.96,100.96,2023,7,34.70726573369118,-11.78000000000003,-0.4999999999999998,-0.8660254037844388,26.840979689366787,39.3,11.8,118.34444444444445,17.333333333333332,9.548847059604407,19.37148148148148,4.611099163679809,43.9,180.19,235.24,213.46,235.43999999999997,117.73703703703703,151.91851851851848,27.14296296296296
Carrot,2023-08-01,254.13,350.27,321.24,81.62,2023,8,32.11740757981837,-29.029999999999973,-0.8660254037844384,-0.5000000000000004,27.261409796893666,39.5,11.4,74.89629629629628,15.777777777777779,10.886052190362406,22.576105137395462,5.263297491039427,35.1,290.89,180.19,235.24,241.73666666666665,118.34444444444445,117.73703703703703,26.840979689366787
Carrot,2023-09-01,262.75,330.23,352.86,78.8,2023,9,29.990473838068947,22.629999999999995,-1.0,-1.8369701987210297e-16,25.915185185185184,37.0,12.0,254.35555555555558,24.48148148148148,8.70759411179698,18.487765432098765,4.146185185185185,41.1,254.13,290.89,180.19,269.25666666666666,74.89629629629628,118.34444444444445,27.261409796893666
Carrot,2023-10-01,299.48,413.59,413.79,114.21,2023,10,38.136089843699125,0.20000000000004547,-0.8660254037844386,0.5000000000000001,25.041696535244924,35.2,11.7,390.61851851851856,27.88888888888889,8.155679135138724,17.433476702508962,3.5616367980884114,37.3,262.75,254.13,290.89,272.12,254.35555555555558,74.89629629629628,25.915185185185184
Carrot,2023-11-01,207.21,286.17,272.14,71.94,2023,11,34.71838486637475,-14.03000000000003,-0.5000000000000004,0.8660254037844384,24.58407407407407,32.2,10.8,515.1407407407407,29.11111111111111,7.543883251028808,15.49683950617284,3.0763703703703706,26.1,299.48,262.75,254.13,256.48,390.61851851851856,254.35555555555558,25.041696535244924
Carrot,2023-12-01,173.41,219.87,230.99,52.02,2023,12,29.99825269693057,11.120000000000005,-2.4492935982947064e-16,1.0,24.70310633213859,32.4,10.1,347.7074074074075,27.074074074074073,7.775822411389885,15.059247311827956,3.05715651135006,35.0,207.21,299.48,262.75,226.70000000000002,515.1407407407407,390.61851851851856,24.58407407407407
Carrot,2024-01-01,297.94,395.96,420.19,110.14,2024,1,36.96716219132638,24.230000000000018,0.49999999999999994,0.8660254037844387,24.613500597371566,33.2,6.6,164.60370370370367,17.22222222222222,9.050596405814415,17.903405017921145,3.690406212664277,34.3,173.41,207.21,299.48,226.18666666666664,347.7074074074075,515.1407407407407,24.70310633213859
Carrot,2024-02-01,212.79,279.04,285.88,69.67,2024,2,32.74118485775419,6.839999999999975,0.8660254037844386,0.5000000000000001,25.937037037037037,37.3,10.1,38.696296296296296,9.62962962962963,10.865918103448278,22.239182630906768,4.844712643678161,36.2,297.94,173.41,207.21,228.04666666666665,164.60370370370367,347.7074074074075,24.613500597371566
Carrot,2024-03-01,277.27,368.08,358.11,85.83,2024,3,30.955375282080546,-9.96999999999997,1.0,6.123233995736766e-17,26.72258064516129,38.3,9.8,58.05925925925926,8.407407407407407,10.914837687508298,23.956308243727598,5.247909199522103,29.8,212.79,297.94,173.41,262.6666666666667,38.696296296296296,164.60370370370367,25.937037037037037
Carrot,2024-04-01,322.12,408.05,440.45,102.13,2024,4,31.70556571912153,32.39999999999998,0.8660254037844387,-0.49999999999999983,27.57950617283951,39.4,11.3,112.4925925925926,16.814814814814813,10.575852921810698,22.987333333333336,4.997975308641975,30.3,277.27,212.79,297.94,270.7266666666667,58.05925925925926,38.696296296296296,26.72258064516129
Carrot,2024-05-01,229.81,285.62,321.62,73.81,2024,5,32.117822497792744,36.0,0.49999999999999994,-0.8660254037844387,27.09545997610514,40.3,13.7,371.0,23.77777777777778,8.357931302270012,18.273715651135007,3.9950537634408603,48.3,322.12,277.27,212.79,276.40000000000003,112.4925925925926,58.05925925925926,27.57950617283951
Carrot,2024-06-01,315.59,402.08,454.21,112.56,2024,6,35.66651805617477,52.129999999999995,1.2246467991473532e-16,-1.0,26.601388888888888,36.4,12.8,53.1,6.333333333333333,9.251713567386833,18.447453703703705,3.9457407407407405,36.0,229.81,322.12,277.27,289.17333333333335,371.0,112.4925925925926,27.09545997610514
Green Chilli,2010-01-01,117.12,149.29,158.81,36.93,2010,1,31.531735372493703,9.52000000000001,0.49999999999999994,0.8660254037844387,24.38219832735962,33.2,13.1,74.89629629629628,11.555555555555555,10.191066301606265,18.25299880525687,3.817479091995221,31.1,117.12,117.12,117.12,117.12,74.89629629629628,74.89629629629628,24.38219832735962
Green Chilli,2010-02-01,137.04,172.6,196.22,47.37,2010,2,34.56652468875898,23.620000000000005,0.8660254037844386,0.5000000000000001,25.346428571428575,36.5,12.6,27.08888888888889,5.0,10.081776940035274,20.48521164021164,4.425886243386243,31.2,117.12,117.12,117.12,127.08,74.89629629629628,74.89629629629628,24.38219832735962
Green Chilli,2010-03-01,130.66,178.0,187.98,52.33,2010,3,40.050482128821265,9.97999999999999,1.0,6.123233995736766e-17,26.880884109916366,37.2,12.9,62.329629629629636,9.666666666666666,10.952022939068101,22.906750298685782,5.054336917562724,28.3,137.04,117.12,117.12,128.27333333333334,27.08888888888889,74.89629629629628,25.346428571428575
Green Chilli,2010-04-01,146.22,188.25,189.71,42.76,2010,4,29.243585526203304,1.460000000000008,0.8660254037844387,-0.49999999999999983,26.98037037037037,36.3,15.0,183.96666666666667,21.77777777777778,10.057895030864195,20.685123456790123,4.393654320987655,28.8,130.66,137.04,117.12,137.97333333333333,62.329629629629636,27.08888888888889,26.880884109916366
Green Chilli,2010-05-01,125.01,168.95,159.63,39.28,2010,5,31.421461145939407,-9.319999999999993,0.49999999999999994,-0.8660254037844387,26.86762246117085,35.5,15.9,171.74074074074073,22.51851851851852,9.573050126111776,18.505292712066908,4.026881720430108,48.0,146.22,130.66,137.04,133.96333333333334,183.96666666666667,62.329629629629636,26.98037037037037
Green Chilli,2010-06-01,147.47,194.46,203.43,51.48,2010,6,34.90877133737618,8.969999999999999,1.2246467991473532e-16,-1.0,26.621975308641975,37.0,16.0,161.88888888888889,20.51851851851852,9.854107297668039,18.50595061728395,4.217641975308642,47.1,125.01,146.22,130.66,139.56666666666666,171.74074074074073,183.96666666666667,26.86762246117085
Green Chilli,2010-07-01,145.82,202.06,203.25,56.84,2010,7,38.97953711456788,1.1899999999999977,-0.4999999999999998,-0.8660254037844388,26.288530465949822,35.5,14.8,127.11111111111111,19.666666666666668,9.882708134209476,18.813775388291518,4.249342891278375,40.1,147.47,125.01,146.22,139.43333333333334,161.88888888888889,171.74074074074073,26.621975308641975
Green Chilli,2010-08-01,143.95,184.95,191.54,44.3,2010,8,30.774553126395883,6.590000000000003,-0.8660254037844384,-0.5000000000000004,26.09295101553166,36.0,14.8,145.3,19.40740740740741,9.287111814682067,17.983154121863798,4.0579689366786145,40.0,145.82,147.47,125.01,145.74666666666664,127.11111111111111,161.88888888888889,26.288530465949822
Green Chilli,2010-09-01,132.09,170.16,185.9,45.94,2010,9,34.779290802263,15.740000000000009,-1.0,-1.8369701987210297e-16,25.68567901234568,35.3,14.6,185.2185185185185,21.962962962962962,8.915182475994513,18.153679012345677,3.9281604938271606,37.0,143.95,145.82,147.47,140.62,145.3,127.11111111111111,26.09295101553166
Green Chilli,2010-10-01,120.25,144.65,166.46,35.31,2010,10,29.36380094486408,21.810000000000002,-0.8660254037844386,0.5000000000000001,25.488291517323777,36.2,12.8,210.63703703703703,19.333333333333332,9.755867881322182,18.504074074074072,3.9231541218637993,37.9,132.09,143.95,145.82,132.09666666666666,185.2185185185185,145.3,25.68567901234568
Green Chilli,2010-11-01,113.05,145.39,146.15,32.72,2010,11,28.94291999741707,0.7600000000000193,-0.5000000000000004,0.8660254037844384,24.464197530864197,32.2,13.7,375.0592592592592,26.703703703703702,8.210342170781892,14.95035802469136,3.0094691358024694,31.7,120.25,132.09,143.95,121.79666666666667,210.63703703703703,185.2185185185185,25.488291517323777
Green Chilli,2010-12-01,150.97,205.71,211.62,57.7,2010,12,38.219488494741675,5.909999999999997,-2.4492935982947064e-16,1.0,23.63237753882915,30.4,12.3,478.24074074074076,25.444444444444443,6.248732145227664,12.087502986857825,2.504826762246117,44.1,113.05,120.25,132.09,128.09,375.0592592592592,210.63703703703703,24.464197530864197
Green Chilli,2011-01-01,130.82,179.18,164.85,41.2,2011,1,31.493631330353672,-14.330000000000013,0.49999999999999994,0.8660254037844387,23.309318996415772,29.9,10.0,377.9555555555555,21.25925925925926,6.860116985264835,13.278458781362007,2.7479689366786144,39.8,150.97,113.05,120.25,131.61333333333334,478.24074074074076,375.0592592592592,23.63237753882915
Green Chilli,2011-02-01,146.93,180.09,190.53,38.38,2011,2,26.12126446521169,10.439999999999998,0.8660254037844386,0.5000000000000001,24.098148148148148,31.7,13.1,281.75555555555553,14.185185185185185,8.1077059707525,16.28414021164021,3.3464021164021167,36.3,130.82,150.97,113.05,142.90666666666667,377.9555555555555,478.24074074074076,23.309318996415772
Green Chilli,2011-03-01,150.25,195.64,210.37,52.76,2011,3,35.11478528134091,14.730000000000018,1.0,6.123233995736766e-17,25.415890083632018,35.7,12.7,79.2925925925926,16.074074074074073,10.637956013540423,21.56808841099164,4.439450418160096,30.5,146.93,130.82,150.97,142.66666666666666,281.75555555555553,377.9555555555555,24.098148148148148
Green Chilli,2011-04-01,157.58,191.43,208.14,42.2,2011,4,26.78003123490847,16.70999999999998,0.8660254037844387,-0.49999999999999983,25.76320987654321,35.7,13.0,207.73703703703703,22.962962962962962,9.720265562414264,20.033617283950615,4.145567901234568,31.5,150.25,146.93,130.82,151.58666666666667,79.2925925925926,281.75555555555553,25.415890083632018
Green Chilli,2011-05-01,128.98,157.69,177.91,38.82,2011,5,30.09766622913147,20.22,0.49999999999999994,-0.8660254037844387,26.61373954599761,35.7,14.2,81.60740740740741,17.333333333333332,10.89341501061994,21.225173237753886,4.574217443249701,40.8,157.58,150.25,146.93,145.60333333333335,207.73703703703703,79.2925925925926,25.76320987654321
Green Chilli,2011-06-01,128.76,166.58,176.8,42.93,2011,6,33.34107382644157,10.219999999999999,1.2246467991473532e-16,-1.0,26.950493827160496,37.0,14.5,60.029629629629625,13.777777777777779,10.838705425240056,20.47843209876543,4.773728395061728,44.2,128.98,157.58,150.25,138.44000000000003,81.60740740740741,207.73703703703703,26.61373954599761
Green Chilli,2011-07-01,128.81,167.58,167.47,38.72,2011,7,30.05975463104213,-0.11000000000001364,-0.4999999999999998,-0.8660254037844388,26.418040621266428,35.6,15.1,114.77407407407408,19.77777777777778,10.305884322315148,19.09958183990442,4.394587813620071,43.6,128.76,128.98,157.58,128.85,60.029629629629625,81.60740740740741,26.950493827160496
Green Chilli,2011-08-01,152.49,199.12,210.35,52.24,2011,8,34.257961664396575,11.22999999999999,-0.8660254037844384,-0.5000000000000004,26.163201911589006,35.5,14.9,123.93333333333332,21.444444444444443,10.277780177220231,19.317921146953406,4.386236559139785,41.5,128.81,128.76,128.98,136.6866666666667,114.77407407407408,60.029629629629625,26.418040621266428
Green Chilli,2011-09-01,146.16,195.2,208.28,55.58,2011,9,38.026793906134436,13.080000000000013,-1.0,-1.8369701987210297e-16,26.394567901234566,36.8,13.5,128.13333333333335,16.77777777777778,10.440950826474623,20.307703703703705,4.630888888888889,41.0,152.49,128.81,128.76,142.48666666666668,123.93333333333332,114.77407407407408,26.163201911589006
Green Chilli,2011-10-01,121.65,147.57,154.27,29.27,2011,10,24.060810472001254,6.700000000000017,-0.8660254037844386,0.5000000000000001,25.554599761051374,36.4,14.0,290.7444444444444,25.25925925925926,9.106757062259392,17.938697729988053,3.7755077658303464,29.1,146.16,152.49,128.81,140.10000000000002,128.13333333333335,123.93333333333332,26.394567901234566
Green Chilli,2011-11-01,135.27,181.0,178.12,44.29,2011,11,32.741899355437745,-2.8799999999999955,-0.5000000000000004,0.8660254037844384,24.60037037037037,30.9,13.2,227.7037037037037,23.185185185185187,8.755125891632373,15.819074074074075,3.190111111111111,38.0,121.65,146.16,152.49,134.36,290.7444444444444,128.13333333333335,25.554599761051374
Green Chilli,2011-12-01,131.84,163.26,183.35,41.46,2011,12,31.447184885326994,20.090000000000003,-2.4492935982947064e-16,1.0,24.174551971326164,30.6,12.7,238.3296296296296,19.0,8.318002937076862,15.13463560334528,3.1733094384707288,41.7,135.27,121.65,146.16,129.5866666666667,227.7037037037037,290.7444444444444,24.60037037037037
Green Chilli,2012-01-01,124.21,157.67,160.58,34.92,2012,1,28.11365581381868,2.910000000000025,0.49999999999999994,0.8660254037844387,24.00310633213859,32.2,11.7,41.87407407407407,8.11111111111111,10.526879619673437,19.145698924731185,3.9631421744324973,32.9,131.84,135.27,121.65,130.44000000000003,238.3296296296296,227.7037037037037,24.174551971326164
Green Chilli,2012-02-01,162.9,214.73,218.67,53.8,2012,2,33.02637628828957,3.9399999999999977,0.8660254037844386,0.5000000000000001,24.737164750957856,33.1,11.5,88.37407407407407,11.62962962962963,9.96542747623102,19.20183908045977,4.065938697318008,34.4,124.21,131.84,135.27,139.65,41.87407407407407,238.3296296296296,24.00310633213859
Green Chilli,2012-03-01,145.89,178.88,188.14,37.62,2012,3,25.786533836086207,9.259999999999991,1.0,6.123233995736766e-17,26.114814814814814,35.8,12.7,62.56666666666667,11.037037037037036,11.041847268684455,23.043142174432496,4.872556750298686,25.6,162.9,124.21,131.84,144.33333333333334,88.37407407407407,41.87407407407407,24.737164750957856
Green Chilli,2012-04-01,146.28,181.01,198.5,43.47,2012,4,29.716960816953225,17.49000000000001,0.8660254037844387,-0.49999999999999983,26.094197530864196,35.0,14.2,151.7296296296296,22.814814814814813,9.937619732510289,19.906234567901233,4.172765432098766,34.8,145.89,162.9,124.21,151.69000000000003,62.56666666666667,88.37407407407407,26.114814814814814
Green Chilli,2012-05-01,167.79,201.35,226.68,46.23,2012,5,27.552281094057395,25.330000000000013,0.49999999999999994,-0.8660254037844387,27.31612903225806,37.4,13.0,38.32962962962962,9.703703703703704,10.995511419753086,22.113142174432497,5.193488649940263,46.5,146.28,145.89,162.9,153.32,151.7296296296296,62.56666666666667,26.094197530864196
Green Chilli,2012-06-01,133.88,180.92,192.33,52.74,2012,6,39.393457280058804,11.410000000000025,1.2246467991473532e-16,-1.0,26.930617283950617,37.3,15.5,72.88888888888889,15.481481481481481,10.494983017832647,19.584814814814816,4.750666666666667,44.5,167.79,146.28,145.89,149.31666666666666,38.32962962962962,151.7296296296296,27.31612903225806
Green Chilli,2012-07-01,133.75,182.94,167.48,41.46,2012,7,30.99810766496623,-15.460000000000008,-0.4999999999999998,-0.8660254037844388,26.741338112305854,37.4,15.2,91.75555555555556,16.555555555555557,10.725608117615826,20.296356033452806,4.737252090800478,40.1,133.88,167.79,146.28,145.14,72.88888888888889,38.32962962962962,26.930617283950617
Green Chilli,2012-08-01,151.14,184.62,192.49,37.42,2012,8,24.75848566991818,7.8700000000000045,-0.8660254037844384,-0.5000000000000004,26.55149342891278,37.0,14.8,106.80740740740741,18.14814814814815,10.462001473516526,19.9221027479092,4.753954599761052,40.9,133.75,133.88,167.79,139.59,91.75555555555556,72.88888888888889,26.741338112305854
Green Chilli,2012-09-01,150.42,185.53,216.36,50.53,2012,9,33.59258503351614,30.830000000000013,-1.0,-1.8369701987210297e-16,26.46827160493827,36.9,14.8,113.72962962962963,19.25925925925926,10.030292259945131,19.901728395061728,4.575271604938272,38.2,151.14,133.75,133.88,145.10333333333332,106.80740740740741,91.75555555555556,26.55149342891278
Green Chilli,2012-10-01,138.98,180.27,191.92,47.12,2012,10,33.90413447680639,11.649999999999977,-0.8660254037844386,0.5000000000000001,25.311230585424134,38.1,13.8,449.9777777777778,25.77777777777778,8.247822464489579,16.84641577060932,3.593273596176822,46.0,150.42,151.14,133.75,146.84666666666666,113.72962962962963,106.80740740740741,26.46827160493827
Green Chilli,2012-11-01,162.93,224.84,208.69,53.83,2012,11,33.038708010367635,-16.150000000000006,-0.5000000000000004,0.8660254037844384,24.764074074074077,31.6,14.0,291.1888888888889,20.59259259259259,8.831181690672153,16.15237037037037,3.3229135802469134,41.6,138.98,150.42,151.14,150.77666666666667,449.9777777777778,113.72962962962963,25.311230585424134
Green Chilli,2012-12-01,115.82,161.98,154.37,42.36,2012,12,36.573962550541744,-7.609999999999985,-2.4492935982947064e-16,1.0,24.22437275985663,30.7,11.7,206.9148148148148,19.962962962962962,8.388824093986461,14.450955794504182,2.998279569892473,39.6,162.93,138.98,150.42,139.2433333333333,291.1888888888889,449.9777777777778,24.764074074074077
Green Chilli,2013-01-01,134.66,177.21,172.54,40.22,2013,1,29.867793058225857,-4.670000000000016,0.49999999999999994,0.8660254037844387,24.042652329749103,32.2,10.8,214.65925925925924,11.037037037037036,8.49450116155582,16.101481481481482,3.4447311827956986,31.9,115.82,162.93,138.98,137.8033333333333,206.9148148148148,291.1888888888889,24.22437275985663
Green Chilli,2013-02-01,154.07,213.37,198.51,51.87,2013,2,33.66649336892752,-14.860000000000014,0.8660254037844386,0.5000000000000001,24.672883597883597,32.8,12.2,111.08148148148148,13.11111111111111,9.777058847736626,19.015753968253968,3.9231613756613757,29.5,134.66,115.82,162.93,134.85,214.65925925925924,206.9148148148148,24.042652329749103
Green Chilli,2013-03-01,132.97,167.26,179.91,40.61,2013,3,30.54070050334624,12.650000000000006,1.0,6.123233995736766e-17,25.66057347670251,34.6,13.9,153.78518518518518,18.25925925925926,10.352612066905616,20.766630824372758,4.285304659498208,26.6,154.07,134.66,115.82,140.56666666666666,111.08148148148148,214.65925925925924,24.672883597883597
Green Chilli,2013-04-01,153.75,200.64,202.32,47.73,2013,4,31.04388224788146,1.6800000000000068,0.8660254037844387,-0.49999999999999983,26.996913580246915,36.5,14.6,82.41111111111111,15.481481481481481,10.709399595336075,21.9620987654321,4.685876543209877,31.6,132.97,154.07,134.66,146.92999999999998,153.78518518518518,111.08148148148148,25.66057347670251
Green Chilli,2013-05-01,162.09,195.82,206.6,39.12,2013,5,24.1347250695755,10.780000000000001,0.49999999999999994,-0.8660254037844387,26.8389486260454,36.3,14.9,143.0814814814815,19.74074074074074,9.638459176290986,19.227825567502986,4.32221027479092,45.7,153.75,132.97,154.07,149.60333333333335,82.41111111111111,153.78518518518518,26.996913580246915
Green Chilli,2013-06-01,178.36,243.4,245.32,66.0,2013,6,37.003791767329126,1.9199999999999875,1.2246467991473532e-16,-1.0,25.994074074074074,34.6,15.4,170.0888888888889,19.85185185185185,9.694006200274348,17.583827160493826,4.057296296296296,43.2,162.09,153.75,132.97,164.73333333333335,143.0814814814815,82.41111111111111,26.8389486260454
Green Chilli,2013-07-01,181.28,239.83,233.69,55.48,2013,7,30.60457270268496,-6.140000000000015,-0.4999999999999998,-0.8660254037844388,26.04826762246117,36.2,15.2,102.04444444444444,17.0,10.26724616686579,18.919187574671447,4.3469414575866185,43.0,178.36,162.09,153.75,173.91,170.0888888888889,143.0814814814815,25.994074074074074
Green Chilli,2013-08-01,168.64,207.92,212.91,41.78,2013,8,24.774653240836553,4.990000000000009,-0.8660254037844384,-0.5000000000000004,26.133213859020312,37.5,14.3,106.14444444444445,18.074074074074073,10.622712196336122,20.584492234169655,4.578936678614098,39.6,181.28,178.36,162.09,176.09333333333333,102.04444444444444,170.0888888888889,26.04826762246117
Green Chilli,2013-09-01,181.87,239.79,228.29,52.17,2013,9,28.685308910040735,-11.5,-1.0,-1.8369701987210297e-16,25.803086419753086,36.5,13.9,122.63703703703703,17.62962962962963,9.680483124142661,18.931222222222225,4.218827160493827,40.6,168.64,181.28,178.36,177.26333333333332,106.14444444444445,102.04444444444444,26.133213859020312
Green Chilli,2013-10-01,180.69,230.13,254.68,61.72,2013,10,34.15793117608546,24.55000000000001,-0.8660254037844386,0.5000000000000001,25.8415770609319,36.0,13.3,180.94444444444446,19.444444444444443,9.920446226602948,19.132138590203105,4.223010752688172,36.1,181.87,168.64,181.28,177.0666666666667,122.63703703703703,106.14444444444445,25.803086419753086
Green Chilli,2013-11-01,156.84,202.93,206.38,47.82,2013,11,30.489651562323665,3.4499999999999886,-0.5000000000000004,0.8660254037844384,24.765925925925927,31.5,12.4,167.89629629629633,20.22222222222222,9.901379499314128,17.46762962962963,3.5697901234567904,40.2,180.69,181.87,168.64,173.13333333333333,180.94444444444446,122.63703703703703,25.8415770609319
Green Chilli,2013-12-01,132.37,173.32,189.51,49.04,2013,12,37.047641423554104,16.189999999999998,-2.4492935982947064e-16,1.0,24.01027479091995,31.3,13.1,162.94444444444446,15.481481481481481,8.190521113766096,14.278112305854242,3.0887574671445637,40.0,156.84,180.69,181.87,156.63333333333333,167.89629629629633,180.94444444444446,24.765925925925927
Green Chilli,2014-01-01,177.14,238.05,227.38,55.58,2014,1,31.37629480845952,-10.670000000000016,0.49999999999999994,0.8660254037844387,23.94109916367981,32.5,11.7,131.15555555555554,13.555555555555555,9.34556176158237,16.36010752688172,3.4371804062126645,41.5,132.37,156.84,180.69,155.45000000000002,162.94444444444446,167.89629629629633,24.01027479091995
Green Chilli,2014-02-01,200.42,250.92,278.53,64.3,2014,2,32.08261047669371,27.609999999999985,0.8660254037844386,0.5000000000000001,24.89920634920635,35.9,9.7,18.8,5.333333333333333,10.92148025793651,21.56505291005291,4.585925925925926,29.6,177.14,132.37,156.84,169.97666666666666,131.15555555555554,162.94444444444446,23.94109916367981
Green Chilli,2014-03-01,155.1,210.7,197.01,48.76,2014,3,31.437761806729974,-13.689999999999998,1.0,6.123233995736766e-17,26.361170848267623,37.2,12.2,34.196296296296296,5.925925925925926,10.952933014735166,22.873548387096776,5.147072879330945,28.1,200.42,177.14,132.37,177.5533333333333,18.8,131.15555555555554,24.89920634920635
Green Chilli,2014-04-01,190.1,257.76,260.53,69.04,2014,4,36.31770840730752,2.769999999999982,0.8660254037844387,-0.49999999999999983,26.7458024691358,37.2,13.6,152.52592592592592,17.296296296296298,10.610301241426612,21.791827160493828,4.638111111111111,25.2,155.1,200.42,177.14,181.8733333333333,34.196296296296296,18.8,26.361170848267623
Green Chilli,2014-05-01,190.26,233.35,271.73,62.28,2014,5,32.73413605900554,38.380000000000024,0.49999999999999994,-0.8660254037844387,26.574671445639186,35.2,15.0,169.88148148148144,20.51851851851852,9.93649666799416,19.42304659498208,4.1792592592592595,39.3,190.1,155.1,200.42,178.48666666666668,152.52592592592592,34.196296296296296,26.7458024691358
Green Chilli,2014-06-01,161.35,218.79,202.59,49.34,2014,6,30.5794666380746,-16.19999999999999,1.2246467991473532e-16,-1.0,27.230493827160494,36.2,15.6,75.25925925925925,15.444444444444445,10.797738693415639,20.258123456790127,4.799592592592592,41.0,190.26,190.1,155.1,180.56999999999996,169.88148148148144,152.52592592592592,26.574671445639186
Green Chilli,2014-07-01,200.07,240.61,257.62,49.05,2014,7,24.516406999346728,17.00999999999999,-0.4999999999999998,-0.8660254037844388,26.96941457586619,36.8,15.3,73.40370370370371,15.592592592592593,10.71005141046064,20.10921146953405,4.85078853046595,39.0,161.35,190.26,190.1,183.89333333333332,75.25925925925925,169.88148148148144,27.230493827160494
Green Chilli,2014-08-01,199.36,264.81,254.39,60.24,2014,8,30.216678262099585,-10.420000000000016,-0.8660254037844384,-0.5000000000000004,26.11589008363202,36.3,14.0,129.73703703703703,20.0,10.03903343289526,19.2368458781362,4.3563560334528075,41.8,200.07,161.35,190.26,186.92666666666665,73.40370370370371,75.25925925925925,26.96941457586619
Green Chilli,2014-09-01,151.08,206.94,199.0,51.89,2014,9,34.34601909847822,-7.939999999999998,-1.0,-1.8369701987210297e-16,26.094814814814814,37.2,14.6,160.03333333333333,20.77777777777778,10.29222377914952,20.17385185185185,4.477555555555556,40.1,199.36,200.07,161.35,183.50333333333333,129.73703703703703,73.40370370370371,26.11589008363202
Green Chilli,2014-10-01,138.2,176.29,181.94,40.92,2014,10,29.609240514297753,5.650000000000006,-0.8660254037844386,0.5000000000000001,25.124133811230585,33.5,14.5,379.1629629629629,28.074074074074073,8.895012322447897,17.07173237753883,3.4983512544802866,37.9,151.08,199.36,200.07,162.88000000000002,160.03333333333333,129.73703703703703,26.094814814814814
Green Chilli,2014-11-01,176.95,214.87,224.26,42.62,2014,11,24.085886360052918,9.389999999999986,-0.5000000000000004,0.8660254037844384,24.40691358024691,31.6,12.9,339.6814814814815,22.88888888888889,7.338499725651578,14.214506172839506,2.9098148148148146,39.0,138.2,151.08,199.36,155.41,379.1629629629629,160.03333333333333,25.124133811230585
Green Chilli,2014-12-01,140.65,169.54,190.24,39.24,2014,12,27.899020334859344,20.700000000000017,-2.4492935982947064e-16,1.0,23.95137395459976,30.7,13.6,532.0333333333333,27.037037037037038,6.568287976237887,12.152485065710872,2.4931780167264037,40.0,176.95,138.2,151.08,151.9333333333333,339.6814814814815,379.1629629629629,24.40691358024691
Green Chilli,2015-01-01,169.66,216.87,236.32,56.94,2015,1,33.56122034585621,19.44999999999999,0.49999999999999994,0.8660254037844387,24.391756272401434,33.2,12.1,32.10740740740741,7.592592592592593,10.502823702376213,18.87594982078853,3.954408602150538,30.5,140.65,176.95,138.2,162.42,532.0333333333333,339.6814814814815,23.95137395459976
Green Chilli,2015-02-01,205.36,260.49,280.46,65.11,2015,2,31.705282574365707,19.96999999999997,0.8660254037844386,0.5000000000000001,24.457010582010582,34.7,10.4,93.92592592592592,13.74074074074074,10.328361654908877,19.483002645502644,4.039828042328042,33.2,169.66,140.65,176.95,171.89000000000001,32.10740740740741,532.0333333333333,24.391756272401434
Green Chilli,2015-03-01,188.09,236.48,258.47,59.39,2015,3,31.575292904836566,21.990000000000038,1.0,6.123233995736766e-17,25.695579450418162,35.2,11.0,84.23703703703703,11.814814814814815,10.76329743130227,22.61729988052569,4.7389486260454,26.6,205.36,169.66,140.65,187.70333333333335,93.92592592592592,32.10740740740741,24.457010582010582
Green Chilli,2015-04-01,238.62,321.84,336.08,90.34,2015,4,37.85934210906793,14.240000000000009,0.8660254037844387,-0.49999999999999983,26.122839506172838,35.1,14.4,201.55555555555554,23.37037037037037,10.262591769547326,20.982123456790124,4.3398518518518525,24.6,188.09,205.36,169.66,210.69000000000003,84.23703703703703,93.92592592592592,25.695579450418162
Green Chilli,2015-05-01,201.25,249.94,286.65,67.04,2015,5,33.31178468979643,36.70999999999998,0.49999999999999994,-0.8660254037844387,26.43094384707288,34.3,15.2,178.8259259259259,22.555555555555557,10.002322003185983,19.305830346475506,4.072939068100359,43.7,238.62,188.09,205.36,209.32000000000002,201.55555555555554,84.23703703703703,26.122839506172838
Green Chilli,2015-06-01,242.76,321.28,342.63,89.2,2015,6,36.74409427249371,21.350000000000023,1.2246467991473532e-16,-1.0,26.698024691358025,35.8,15.1,103.0037037037037,17.14814814814815,10.34859715020576,19.485444444444447,4.364913580246913,46.7,201.25,238.62,188.09,227.54333333333332,178.8259259259259,201.55555555555554,26.43094384707288
Green Chilli,2015-07-01,191.48,259.68,251.49,64.11,2015,7,33.48128604486837,-8.189999999999998,-0.4999999999999998,-0.8660254037844388,26.75627240143369,36.4,14.6,86.6962962962963,16.40740740740741,10.644947477764504,19.966547192353644,4.646487455197133,38.2,242.76,201.25,238.62,211.83,103.0037037037037,178.8259259259259,26.698024691358025
Green Chilli,2015-08-01,193.64,259.33,248.79,60.42,2015,8,31.202214830502566,-10.539999999999992,-0.8660254037844384,-0.5000000000000004,26.590083632019116,36.2,14.9,112.4962962962963,18.666666666666668,10.723101148280898,20.643727598566308,4.654898446833931,39.3,191.48,242.76,201.25,209.2933333333333,86.6962962962963,103.0037037037037,26.75627240143369
Green Chilli,2015-09-01,167.5,212.97,220.44,49.2,2015,9,29.37311679216908,7.469999999999999,-1.0,-1.8369701987210297e-16,26.04555555555556,37.0,14.9,183.8777777777778,22.666666666666668,9.439200600137173,18.515641975308643,4.0424444444444445,40.8,193.64,191.48,242.76,184.20666666666662,112.4962962962963,86.6962962962963,26.590083632019116
Green Chilli,2015-10-01,161.34,210.65,203.57,45.77,2015,10,28.368644868820585,-7.0800000000000125,-0.8660254037844386,0.5000000000000001,25.31935483870968,34.1,14.6,488.0888888888888,28.074074074074073,8.062620496482145,16.338637992831543,3.3829032258064515,38.6,167.5,193.64,191.48,174.16,183.8777777777778,112.4962962962963,26.04555555555556
Green Chilli,2015-11-01,178.78,229.1,241.59,56.56,2015,11,31.636630698830576,12.490000000000009,-0.5000000000000004,0.8660254037844384,24.75172839506173,31.2,14.6,372.6592592592592,26.59259259259259,8.015063124142662,14.546234567901235,2.939864197530864,44.7,161.34,167.5,193.64,169.20666666666668,488.0888888888888,183.8777777777778,25.31935483870968
Green Chilli,2015-12-01,185.59,227.69,247.03,51.77,2015,12,27.894806888945045,19.340000000000003,-2.4492935982947064e-16,1.0,24.736081242532855,31.2,12.4,251.9148148148148,22.40740740740741,8.835831073277578,14.967132616487454,3.0635722819593787,33.3,178.78,161.34,167.5,175.23666666666668,372.6592592592592,488.0888888888888,24.75172839506173
Green Chilli,2016-01-01,215.91,291.22,271.52,65.46,2016,1,30.318174091902133,-19.700000000000045,0.49999999999999994,0.8660254037844387,24.99163679808841,33.6,12.4,32.54074074074074,8.11111111111111,10.499397992167795,18.714743130227,4.010071684587813,33.8,185.59,178.78,161.34,193.42666666666665,251.9148148148148,372.6592592592592,24.736081242532855
Green Chilli,2016-02-01,181.77,226.4,247.13,54.99,2016,2,30.25250027369738,20.72999999999999,0.8660254037844386,0.5000000000000001,25.845466155810982,35.3,11.4,35.737037037037034,8.407407407407407,10.57882929615439,20.39846743295019,4.45367816091954,32.2,215.91,185.59,178.78,194.42333333333332,32.54074074074074,251.9148148148148,24.99163679808841
Green Chilli,2016-03-01,193.57,257.53,254.99,62.69,2016,3,32.38620014144746,-2.5399999999999636,1.0,6.123233995736766e-17,27.301911589008363,37.4,14.2,35.2962962962963,8.0,11.166788357891942,23.19941457586619,5.134707287933094,26.7,181.77,215.91,185.59,197.08333333333334,35.737037037037034,32.54074074074074,25.845466155810982
Green Chilli,2016-04-01,155.08,194.07,204.9,44.4,2016,4,28.630365856096297,10.830000000000013,0.8660254037844387,-0.49999999999999983,27.98493827160494,38.0,15.0,71.91111111111111,14.962962962962964,10.944782026748971,22.621925925925925,4.977925925925926,31.0,193.57,181.77,215.91,176.8066666666667,35.2962962962963,35.737037037037034,27.301911589008363
Green Chilli,2016-05-01,172.08,209.88,223.93,44.82,2016,5,26.046009968613454,14.050000000000011,0.49999999999999994,-0.8660254037844387,26.69510155316607,35.9,16.0,460.4074074074074,24.11111111111111,8.456143664542678,16.913584229390683,3.669665471923536,45.5,155.08,193.57,181.77,173.57666666666668,71.91111111111111,35.2962962962963,27.98493827160494
Green Chilli,2016-06-01,153.18,205.99,209.62,54.62,2016,6,35.65737324887501,3.6299999999999955,1.2246467991473532e-16,-1.0,26.669629629629632,35.6,15.3,93.5,17.51851851851852,10.096888892318242,18.93088888888889,4.3085555555555555,46.9,172.08,155.08,193.57,160.11333333333334,460.4074074074074,71.91111111111111,26.69510155316607
Green Chilli,2016-07-01,204.77,278.14,295.97,82.28,2016,7,40.18164761359202,17.83000000000004,-0.4999999999999998,-0.8660254037844388,26.59390681003584,37.6,15.2,99.44074074074072,16.37037037037037,10.414703195937875,19.63237753882915,4.491517323775389,39.2,153.18,172.08,155.08,176.67666666666665,93.5,460.4074074074074,26.669629629629632
Green Chilli,2016-08-01,243.76,294.38,330.2,68.53,2016,8,28.113706878197046,35.81999999999999,-0.8660254037844384,-0.5000000000000004,26.63811230585424,36.8,15.3,72.67407407407407,16.37037037037037,10.85600315279437,20.868924731182798,4.77041816009558,35.9,204.77,153.18,172.08,200.57000000000002,99.44074074074072,93.5,26.59390681003584
Green Chilli,2016-09-01,202.07,278.15,264.22,69.12,2016,9,34.2059513010584,-13.92999999999995,-1.0,-1.8369701987210297e-16,26.59493827160494,36.1,13.1,55.6074074074074,14.11111111111111,10.578944777091907,21.04641975308642,4.902024691358024,36.3,243.76,204.77,153.18,216.86666666666667,72.67407407407407,99.44074074074072,26.63811230585424
Green Chilli,2016-10-01,179.19,231.16,244.5,58.64,2016,10,32.72502219709683,13.340000000000003,-0.8660254037844386,0.5000000000000001,26.38183990442055,37.5,13.1,105.65555555555555,16.14814814814815,10.614833320058409,20.415555555555557,4.600657108721625,36.1,202.07,243.76,204.77,208.34,55.6074074074074,72.67407407407407,26.59493827160494
Green Chilli,2016-11-01,225.74,277.24,303.5,64.63,2016,11,28.630269943178018,26.25999999999999,-0.5000000000000004,0.8660254037844384,24.78827160493827,31.9,13.1,246.91111111111113,22.074074074074073,8.394442119341564,15.466246913580246,3.2081851851851853,36.7,179.19,202.07,243.76,202.33333333333334,105.65555555555555,55.6074074074074,26.38183990442055
Green Chilli,2016-12-01,239.29,290.3,332.15,71.94,2016,12,30.0639265895246,41.849999999999966,-2.4492935982947064e-16,1.0,24.54408602150538,32.1,12.8,73.35185185185185,12.407407407407407,10.276127943714323,17.85927120669056,3.706332138590203,46.2,225.74,179.19,202.07,214.74,246.91111111111113,105.65555555555555,24.78827160493827
Green Chilli,2017-01-01,247.4,309.76,343.52,79.24,2017,1,32.02908972146737,33.75999999999999,0.49999999999999994,0.8660254037844387,24.014934289127837,35.0,5.3,146.84074074074073,12.88888888888889,9.398610291384575,18.306917562724013,3.93700119474313,30.0,239.29,225.74,179.19,237.4766666666667,73.35185185185185,246.91111111111113,24.54408602150538
Green Chilli,2017-02-01,189.83,240.99,258.05,59.69,2017,2,31.44390694626405,17.060000000000002,0.8660254037844386,0.5000000000000001,24.398015873015876,36.2,6.3,48.577777777777776,8.407407407407407,10.132609402557318,20.729907407407406,4.400740740740741,35.9,247.4,239.29,225.74,225.50666666666666,146.84074074074073,73.35185185185185,24.014934289127837
Green Chilli,2017-03-01,210.73,256.62,304.54,69.85,2017,3,33.146664857084964,47.920000000000016,1.0,6.123233995736766e-17,25.586977299880523,35.9,8.0,118.58148148148148,19.296296296296298,10.42839526417098,21.431254480286736,4.4047550776583035,31.8,189.83,247.4,239.29,215.98666666666668,48.577777777777776,146.84074074074073,24.398015873015876
Green Chilli,2017-04-01,253.55,326.71,354.97,87.29,2017,4,34.4271211093981,28.260000000000048,0.8660254037844387,-0.49999999999999983,27.3,39.3,10.7,82.42962962962964,13.962962962962964,10.951856083676269,23.111493827160494,5.064864197530865,32.5,210.73,189.83,247.4,218.03666666666666,118.58148148148148,48.577777777777776,25.586977299880523
Green Chilli,2017-05-01,219.0,303.9,283.29,74.6,2017,5,34.06391138634183,-20.609999999999957,0.49999999999999994,-0.8660254037844387,27.174074074074074,37.8,12.0,166.72962962962958,21.666666666666668,9.881361147617152,19.387491039426525,4.414109916367981,42.2,253.55,210.73,189.83,227.76,82.42962962962964,118.58148148148148,27.3
Green Chilli,2017-06-01,201.66,257.02,279.96,66.83,2017,6,33.13992207680151,22.939999999999998,1.2246467991473532e-16,-1.0,26.935555555555556,39.1,13.0,129.3,18.925925925925927,10.23791511659808,18.765913580246913,4.445913580246914,41.2,219.0,253.55,210.73,224.73666666666668,166.72962962962958,82.42962962962964,27.174074074074074
Green Chilli,2017-07-01,217.47,273.55,273.18,55.9,2017,7,25.704683080570618,-0.37000000000000455,-0.4999999999999998,-0.8660254037844388,27.253405017921146,39.5,12.6,104.68148148148147,19.0,10.337333223815213,19.277873357228195,4.638351254480287,40.9,201.66,219.0,253.55,212.71,129.3,166.72962962962958,26.935555555555556
Green Chilli,2017-08-01,220.61,278.97,290.5,64.12,2017,8,29.064852425160954,11.529999999999973,-0.8660254037844384,-0.5000000000000004,26.511350059737158,38.4,11.7,160.82222222222222,21.40740740740741,9.4878531129696,18.38399044205496,4.242652329749104,40.0,217.47,201.66,219.0,213.24666666666667,104.68148148148147,129.3,27.253405017921146
Green Chilli,2017-09-01,203.11,263.18,272.81,64.88,2017,9,31.943266238360373,9.629999999999995,-1.0,-1.8369701987210297e-16,25.927777777777777,37.8,11.4,173.06666666666663,20.51851851851852,9.282737726337448,18.361543209876544,4.028864197530864,41.8,220.61,217.47,201.66,213.73000000000002,160.82222222222222,104.68148148148147,26.511350059737158
Green Chilli,2017-10-01,200.7,254.36,286.93,69.95,2017,10,34.85299708370848,32.56999999999999,-0.8660254037844386,0.5000000000000001,25.738351254480285,36.7,11.7,266.72222222222223,26.0,8.75059341563786,16.79330943847073,3.6334767025089603,36.6,203.11,220.61,217.47,208.14000000000001,173.06666666666663,160.82222222222222,25.927777777777777
Green Chilli,2017-11-01,200.88,246.27,268.11,56.31,2017,11,28.03164673852711,21.840000000000003,-0.5000000000000004,0.8660254037844384,24.537283950617287,32.7,10.3,389.05925925925936,24.85185185185185,7.012991056241426,14.044666666666666,2.8818641975308643,49.3,200.7,203.11,220.61,201.56333333333336,266.72222222222223,173.06666666666663,25.738351254480285
Green Chilli,2017-12-01,167.18,210.66,214.2,45.25,2017,12,27.066618574818413,3.539999999999992,-2.4492935982947064e-16,1.0,24.322341696535243,32.1,10.0,117.70370370370371,16.48148148148148,9.467093986459577,16.48821983273596,3.3940023894862605,29.3,200.88,200.7,203.11,189.58666666666667,389.05925925925936,266.72222222222223,24.537283950617287
Green Chilli,2018-01-01,285.89,350.7,383.36,81.14,2018,1,28.38153542217797,32.660000000000025,0.49999999999999994,0.8660254037844387,23.959976105137397,35.0,6.4,47.22592592592592,8.592592592592593,9.747279261250497,18.507001194743133,3.9380286738351256,30.8,167.18,200.88,200.7,217.98333333333335,117.70370370370371,389.05925925925936,24.322341696535243
Green Chilli,2018-02-01,205.12,280.5,295.56,82.91,2018,2,40.42022210402588,15.060000000000002,0.8660254037844386,0.5000000000000001,24.76878306878307,36.0,9.3,73.10000000000001,12.37037037037037,10.333134461346267,20.12851851851852,4.31005291005291,30.5,285.89,167.18,200.88,219.39666666666668,47.22592592592592,117.70370370370371,23.959976105137397
Green Chilli,2018-03-01,184.64,235.94,234.87,50.77,2018,3,27.496735541196095,-1.0699999999999932,1.0,6.123233995736766e-17,25.733811230585424,37.0,9.9,107.91851851851851,18.074074074074073,9.972489738484002,20.42831541218638,4.319008363201912,36.2,205.12,285.89,167.18,225.21666666666667,73.10000000000001,47.22592592592592,24.76878306878307
Green Chilli,2018-04-01,218.88,288.48,277.67,64.2,2018,4,29.331126950325775,-10.810000000000002,0.8660254037844387,-0.49999999999999983,26.249382716049382,37.9,11.5,136.58148148148146,22.037037037037038,10.20821816872428,20.737827160493826,4.3362592592592595,23.7,184.64,205.12,285.89,202.88,107.91851851851851,73.10000000000001,25.733811230585424
Green Chilli,2018-05-01,174.45,243.49,241.93,68.26,2018,5,39.12866773937075,-1.5600000000000023,0.49999999999999994,-0.8660254037844387,25.950896057347673,38.6,12.4,281.8703703703704,26.51851851851852,8.218543744192221,16.934659498207886,3.6000955794504184,40.4,218.88,184.64,205.12,192.65666666666667,136.58148148148146,107.91851851851851,26.249382716049382
Green Chilli,2018-06-01,189.64,251.33,269.17,70.61,2018,6,37.23368633532676,17.840000000000003,1.2246467991473532e-16,-1.0,26.280740740740743,37.3,13.0,156.8148148148148,18.555555555555557,10.04098037037037,19.019024691358023,4.258370370370371,49.4,174.45,218.88,184.64,194.32333333333335,281.8703703703704,136.58148148148146,25.950896057347673
Green Chilli,2018-07-01,220.49,301.3,304.6,82.46,2018,7,37.39850451335457,3.3000000000000114,-0.4999999999999998,-0.8660254037844388,26.442771804062126,39.4,11.7,105.4074074074074,16.296296296296298,10.151720861542547,19.49703703703704,4.578888888888889,42.6,189.64,174.45,218.88,194.85999999999999,156.8148148148148,281.8703703703704,26.280740740740743
Green Chilli,2018-08-01,244.45,341.35,341.48,96.97,2018,8,39.6686276667508,0.12999999999999545,-0.8660254037844384,-0.5000000000000004,26.169295101553168,38.8,11.1,110.07037037037037,16.59259259259259,9.740048861675293,19.399438470728793,4.512031063321386,47.9,220.49,189.64,174.45,218.1933333333333,105.4074074074074,156.8148148148148,26.442771804062126
Green Chilli,2018-09-01,186.68,231.86,245.79,52.14,2018,9,27.93013288507988,13.929999999999978,-1.0,-1.8369701987210297e-16,26.19975308641975,39.3,10.6,151.07407407407408,15.37037037037037,10.156860775034293,20.977728395061728,4.694456790123457,38.5,244.45,220.49,189.64,217.20666666666668,110.07037037037037,105.4074074074074,26.169295101553168
Green Chilli,2018-10-01,203.42,271.29,286.21,75.33,2018,10,37.03173875148031,14.919999999999959,-0.8660254037844386,0.5000000000000001,24.765232974910393,33.1,11.3,427.51111111111106,28.814814814814813,7.764433117615823,15.895244922341696,3.1759139784946235,27.5,186.68,244.45,220.49,211.51666666666665,151.07407407407408,110.07037037037037,26.19975308641975
Green Chilli,2018-11-01,188.79,251.12,236.38,54.96,2018,11,29.111696005246042,-14.740000000000009,-0.5000000000000004,0.8660254037844384,24.50913580246914,32.8,9.6,364.6888888888889,24.037037037037038,8.268375205761318,15.564481481481481,3.120740740740741,46.7,203.42,186.68,244.45,192.96333333333334,427.51111111111106,151.07407407407408,24.765232974910393
Green Chilli,2018-12-01,279.99,369.81,397.23,103.53,2018,12,36.97630737658225,27.420000000000016,-2.4492935982947064e-16,1.0,24.27383512544803,31.5,9.3,116.16666666666667,15.777777777777779,9.064698848400372,16.77383512544803,3.3995579450418156,29.2,188.79,203.42,186.68,224.0666666666667,364.6888888888889,427.51111111111106,24.50913580246914
Green Chilli,2019-01-01,159.31,209.65,216.44,53.74,2019,1,33.732952273584665,6.789999999999992,0.49999999999999994,0.8660254037844387,24.212903225806453,35.7,6.4,50.925925925925924,9.703703703703704,10.277958074472322,19.057729988052568,4.049450418160095,29.6,279.99,188.79,203.42,209.36333333333334,116.16666666666667,364.6888888888889,24.27383512544803
Green Chilli,2019-02-01,229.97,299.92,329.79,84.89,2019,2,36.91349440644675,29.870000000000005,0.8660254037844386,0.5000000000000001,25.137301587301586,36.0,8.5,137.72222222222223,15.962962962962964,10.223752781452086,19.592037037037038,4.077936507936508,35.1,159.31,279.99,188.79,223.09,50.925925925925924,116.16666666666667,24.212903225806453
Green Chilli,2019-03-01,246.91,322.22,311.55,69.98,2019,3,28.342299484711237,-10.670000000000016,1.0,6.123233995736766e-17,26.278972520908006,38.5,8.4,44.711111111111116,9.11111111111111,10.987465465286073,23.488016726403824,5.092640382317802,31.6,229.97,159.31,279.99,212.06333333333336,137.72222222222223,50.925925925925924,25.137301587301586
Green Chilli,2019-04-01,266.61,365.43,374.83,103.52,2019,4,38.82823643965476,9.399999999999977,0.8660254037844387,-0.49999999999999983,27.08716049382716,38.0,11.1,118.6925925925926,15.88888888888889,9.605431121399178,20.82320987654321,4.5343580246913575,35.5,246.91,229.97,159.31,247.83,44.711111111111116,137.72222222222223,26.278972520908006
Green Chilli,2019-05-01,320.01,399.65,429.36,94.5,2019,5,29.53031794933973,29.710000000000036,0.49999999999999994,-0.8660254037844387,27.60131421744325,38.8,11.4,71.44444444444444,14.62962962962963,10.562540979689366,20.850215053763442,4.868160095579451,41.0,266.61,246.91,229.97,277.8433333333333,118.6925925925926,44.711111111111116,27.08716049382716
Green Chilli,2019-06-01,245.95,309.32,339.77,78.6,2019,6,31.957701989143324,30.44999999999999,1.2246467991473532e-16,-1.0,27.607407407407408,39.1,13.0,112.76666666666667,15.666666666666666,10.03913598079561,19.192456790123455,4.719913580246914,41.6,320.01,266.61,246.91,277.5233333333333,71.44444444444444,118.6925925925926,27.60131421744325
Green Chilli,2019-07-01,273.46,359.64,342.02,77.37,2019,7,28.292975830843336,-17.620000000000005,-0.4999999999999998,-0.8660254037844388,27.097132616487453,39.8,11.0,91.35555555555555,15.296296296296296,10.36241189765034,19.905256869772998,4.747873357228196,49.2,245.95,320.01,266.61,279.8066666666667,112.76666666666667,71.44444444444444,27.607407407407408
Green Chilli,2019-08-01,217.21,268.85,279.7,57.06,2019,8,26.26949667625953,10.849999999999966,-0.8660254037844384,-0.5000000000000004,26.305973715651135,38.5,12.5,207.83333333333334,20.703703703703702,8.75700611642108,17.228554360812424,4.048327359617682,42.5,273.46,245.95,320.01,245.54,91.35555555555555,112.76666666666667,27.097132616487453
Green Chilli,2019-09-01,270.61,375.96,384.73,109.73,2019,9,40.549114759574756,8.770000000000039,-1.0,-1.8369701987210297e-16,25.829135802469136,38.0,12.3,217.9814814814815,24.333333333333332,9.308988034979423,18.34032098765432,3.9999135802469135,38.5,217.21,273.46,245.95,253.76,207.83333333333334,91.35555555555555,26.305973715651135
Green Chilli,2019-10-01,271.73,368.69,358.49,91.86,2019,10,33.80560342781311,-10.199999999999989,-0.8660254037844386,0.5000000000000001,24.684707287933094,33.0,11.5,446.2851851851852,29.22222222222222,7.022678955927252,15.168781362007168,3.057060931899642,27.0,270.61,217.21,273.46,253.18333333333337,217.9814814814815,207.83333333333334,25.829135802469136
Green Chilli,2019-11-01,188.42,256.62,249.22,64.5,2019,11,34.2320166479054,-7.400000000000006,-0.5000000000000004,0.8660254037844384,24.95012345679012,32.3,11.0,229.92962962962963,26.11111111111111,9.403515637860083,17.369481481481483,3.454716049382716,28.7,271.73,270.61,217.21,243.58666666666667,446.2851851851852,217.9814814814815,24.684707287933094
Green Chilli,2019-12-01,257.99,344.28,369.53,98.91,2019,12,38.33868043773773,25.25,-2.4492935982947064e-16,1.0,24.533452807646356,31.6,9.9,222.0148148148148,23.40740740740741,8.656992559405284,15.23205495818399,3.0920310633213863,30.8,188.42,271.73,270.61,239.38,229.92962962962963,446.2851851851852,24.95012345679012
Green Chilli,2020-01-01,256.44,308.43,368.34,81.94,2020,1,31.95288100417993,59.90999999999997,0.49999999999999994,0.8660254037844387,24.866427718040622,35.0,8.1,35.46296296296296,11.148148148148149,10.679307032390815,19.835232974910394,4.180872162485065,33.8,257.99,188.42,271.73,234.2833333333333,222.0148148148148,229.92962962962963,24.533452807646356
Green Chilli,2020-02-01,217.68,261.56,313.93,70.06,2020,2,32.1848437225084,52.370000000000005,0.8660254037844386,0.5000000000000001,25.54367816091954,37.1,8.7,39.285185185185185,8.333333333333334,10.903973052362709,21.708429118773946,4.827918263090677,40.7,256.44,257.99,188.42,244.03666666666666,35.46296296296296,222.0148148148148,24.866427718040622
Green Chilli,2020-03-01,311.36,405.82,422.57,102.83,2020,3,33.02606852965425,16.75,1.0,6.123233995736766e-17,26.619713261648748,37.0,9.0,30.65555555555556,7.592592592592593,11.034342954334264,23.400645161290324,5.168757467144564,35.0,217.68,256.44,257.99,261.82666666666665,39.285185185185185,35.46296296296296,25.54367816091954
Green Chilli,2020-04-01,205.02,278.83,266.52,67.65,2020,4,32.99676470746039,-12.310000000000002,0.8660254037844387,-0.49999999999999983,26.975061728395062,37.8,10.6,129.98888888888888,20.22222222222222,10.672721124828533,22.053827160493825,4.7376913580246915,28.1,311.36,217.68,256.44,244.68666666666664,30.65555555555556,39.285185185185185,26.619713261648748
Green Chilli,2020-05-01,320.38,397.29,419.0,87.77,2020,5,27.39558418266303,21.70999999999998,0.49999999999999994,-0.8660254037844387,27.07431302270012,37.3,13.4,184.54074074074074,22.074074074074073,9.019299054161689,18.124169653524493,4.016583034647551,43.8,205.02,311.36,217.68,278.92,129.98888888888888,30.65555555555556,26.975061728395062
Green Chilli,2020-06-01,224.95,308.69,288.44,73.62,2020,6,32.72725817859161,-20.25,1.2246467991473532e-16,-1.0,27.07012345679012,38.5,11.6,116.4074074074074,17.296296296296298,9.95355420781893,19.088296296296296,4.403753086419753,39.3,320.38,205.02,311.36,250.11666666666665,184.54074074074074,129.98888888888888,27.07431302270012
Green Chilli,2020-07-01,212.57,290.85,299.14,82.43,2020,7,38.777796124666644,8.289999999999964,-0.4999999999999998,-0.8660254037844388,26.37574671445639,37.5,12.4,152.52592592592595,20.48148148148148,9.078961413115625,17.43378733572282,3.915722819593787,38.4,224.95,320.38,205.02,252.63333333333333,116.4074074074074,184.54074074074074,27.07012345679012
Green Chilli,2020-08-01,220.84,294.16,301.95,77.22,2020,8,34.96647574421493,7.789999999999964,-0.8660254037844384,-0.5000000000000004,26.58183990442055,38.8,11.0,106.85185185185185,14.592592592592593,9.914153697066242,20.05278375149343,4.572078853046595,43.4,212.57,224.95,320.38,219.45333333333335,152.52592592592595,116.4074074074074,26.37574671445639
Green Chilli,2020-09-01,188.29,248.78,259.55,65.88,2020,9,34.988562861244425,10.77000000000001,-1.0,-1.8369701987210297e-16,25.79074074074074,36.9,11.8,215.6814814814815,21.62962962962963,7.988970222908092,16.36483950617284,3.6884320987654324,41.5,220.84,212.57,224.95,207.23333333333335,106.85185185185185,152.52592592592595,26.58183990442055
Green Chilli,2020-10-01,229.92,312.94,296.43,74.77,2020,10,32.51999281489526,-16.50999999999999,-0.8660254037844386,0.5000000000000001,26.279091995221027,39.3,10.9,107.62592592592591,18.333333333333332,10.502320128103014,20.286403823178016,4.526618876941458,42.8,188.29,220.84,212.57,213.01666666666665,215.6814814814815,106.85185185185185,25.79074074074074
Green Chilli,2020-11-01,219.7,305.14,275.92,70.83,2020,11,32.239402713062034,-29.21999999999997,-0.5000000000000004,0.8660254037844384,25.08407407407407,34.6,10.5,274.7851851851851,25.25925925925926,8.593452866941014,16.191395061728397,3.3017654320987653,33.0,229.92,188.29,220.84,212.63666666666666,107.62592592592591,215.6814814814815,26.279091995221027
Green Chilli,2020-12-01,331.89,450.94,466.92,127.04,2020,12,38.27773109231038,15.980000000000018,-2.4492935982947064e-16,1.0,24.260812425328552,32.2,9.4,328.14074074074074,22.962962962962962,8.186538195274128,15.054970131421745,3.0599641577060934,60.7,219.7,229.92,188.29,260.50333333333333,274.7851851851851,107.62592592592591,25.08407407407407
Green Chilli,2021-01-01,221.95,310.27,289.04,77.71,2021,1,35.012374403075285,-21.22999999999996,0.49999999999999994,0.8660254037844387,24.084109916367982,31.8,7.8,305.01111111111106,22.22222222222222,8.01223636001593,15.325017921146955,3.077658303464755,37.6,331.89,219.7,229.92,257.84666666666664,328.14074074074074,274.7851851851851,24.260812425328552
Green Chilli,2021-02-01,316.64,399.6,405.61,85.97,2021,2,27.15069885336697,6.009999999999991,0.8660254037844386,0.5000000000000001,24.609920634920634,36.3,8.8,45.803703703703704,10.407407407407407,10.754679559817754,20.968068783068784,4.324074074074074,29.6,221.95,331.89,219.7,290.16,305.01111111111106,328.14074074074074,24.084109916367982
Green Chilli,2021-03-01,186.33,250.61,239.19,58.57,2021,3,31.433461367755395,-11.420000000000016,1.0,6.123233995736766e-17,25.527240143369173,36.2,7.1,114.44814814814816,16.074074074074073,9.764480708217178,20.53426523297491,4.3707885304659495,30.8,316.64,221.95,331.89,241.64,45.803703703703704,305.01111111111106,24.609920634920634
Green Chilli,2021-04-01,393.98,510.63,510.28,116.47,2021,4,29.562406832223253,-0.35000000000002274,0.8660254037844387,-0.49999999999999983,26.35074074074074,37.8,9.6,139.86296296296297,18.48148148148148,10.590717719478738,21.803691358024693,4.592555555555555,32.4,186.33,316.64,221.95,298.98333333333335,114.44814814814816,45.803703703703704,25.527240143369173
Green Chilli,2021-05-01,216.64,265.28,312.75,72.38,2021,5,33.41025045686371,47.47000000000003,0.49999999999999994,-0.8660254037844387,26.356152927120668,37.2,12.9,270.9185185185185,24.444444444444443,8.824277094119209,17.940095579450418,3.9063918757467144,45.5,393.98,186.33,316.64,265.65000000000003,139.86296296296297,114.44814814814816,26.35074074074074
Green Chilli,2021-06-01,291.51,350.59,376.54,72.06,2021,6,24.71955517150178,25.950000000000045,1.2246467991473532e-16,-1.0,26.42703703703704,37.8,11.7,135.70740740740743,16.88888888888889,10.241626052812071,19.585086419753086,4.388802469135802,39.5,216.64,393.98,186.33,300.71,270.9185185185185,139.86296296296297,26.356152927120668
Green Chilli,2021-07-01,345.53,456.05,467.88,116.44,2021,7,33.69894547537248,11.829999999999984,-0.4999999999999998,-0.8660254037844388,26.480167264038233,38.1,11.5,152.8148148148148,19.074074074074073,10.035993359219434,19.093261648745518,4.372556750298686,45.4,291.51,216.64,393.98,284.55999999999995,135.70740740740743,270.9185185185185,26.42703703703704
Green Chilli,2021-08-01,239.34,315.68,316.21,76.6,2021,8,32.00466616333827,0.5299999999999727,-0.8660254037844384,-0.5000000000000004,26.173357228195936,38.2,10.5,150.7037037037037,20.14814814814815,9.281493747510952,18.53409796893668,4.1990919952210275,37.9,345.53,291.51,216.64,292.1266666666666,152.8148148148148,135.70740740740743,26.480167264038233
Green Chilli,2021-09-01,311.09,391.72,433.24,101.39,2021,9,32.591843970605304,41.51999999999998,-1.0,-1.8369701987210297e-16,26.211604938271606,37.8,11.8,158.91111111111113,21.48148148148148,9.599454698216736,19.07972839506173,4.259493827160494,47.1,239.34,345.53,291.51,298.6533333333333,150.7037037037037,152.8148148148148,26.173357228195936
Green Chilli,2021-10-01,313.1,390.37,406.13,85.15,2021,10,27.195775408567425,15.759999999999991,-0.8660254037844386,0.5000000000000001,25.332138590203105,35.8,12.1,278.4,25.11111111111111,8.63790509757069,17.564982078853046,3.6884707287933094,41.5,311.09,239.34,345.53,287.8433333333333,158.91111111111113,150.7037037037037,26.211604938271606
Green Chilli,2021-11-01,212.12,262.29,292.92,65.49,2021,11,30.87401901092824,30.629999999999995,-0.5000000000000004,0.8660254037844384,24.365061728395062,33.5,10.0,427.3777777777778,26.925925925925927,6.782470631001372,14.440074074074072,2.9260493827160494,35.8,313.1,311.09,239.34,278.77,278.4,158.91111111111113,25.332138590203105
Green Chilli,2021-12-01,265.29,342.43,355.75,83.8,2021,12,31.588061522084693,13.319999999999993,-2.4492935982947064e-16,1.0,24.4415770609319,33.6,7.5,103.32592592592593,17.62962962962963,9.852105223682463,18.46284348864994,3.7568219832735963,30.7,212.12,313.1,311.09,263.50333333333333,427.3777777777778,278.4,24.365061728395062
Green Chilli,2022-01-01,240.17,297.98,324.09,70.87,2022,1,29.508252692570807,26.109999999999957,0.49999999999999994,0.8660254037844387,24.333452807646353,34.6,6.6,79.39259259259259,16.14814814814815,10.050922418027346,19.505256869773,3.973847072879331,29.2,265.29,212.12,313.1,239.19333333333336,103.32592592592593,427.3777777777778,24.4415770609319
Green Chilli,2022-02-01,325.01,425.9,437.35,106.62,2022,2,32.80513436351671,11.450000000000045,0.8660254037844386,0.5000000000000001,24.69126984126984,34.9,7.6,79.60370370370372,11.11111111111111,9.95848259112287,21.214708994708996,4.435978835978836,27.7,240.17,265.29,212.12,276.8233333333333,79.39259259259259,103.32592592592593,24.333452807646353
Green Chilli,2022-03-01,301.98,393.79,435.5,112.66,2022,3,37.307094076728895,41.70999999999998,1.0,6.123233995736766e-17,25.770967741935483,35.5,10.5,59.69259259259258,16.555555555555557,10.201836081242533,21.651875746714456,4.57,31.9,325.01,240.17,265.29,289.05333333333334,79.60370370370372,79.39259259259259,24.69126984126984
Green Chilli,2022-04-01,318.74,386.72,450.82,100.03,2022,4,31.382935501369296,64.09999999999997,0.8660254037844387,-0.49999999999999983,25.617407407407406,34.3,10.9,202.30740740740737,25.962962962962962,9.503278967764063,20.255123456790127,4.1158271604938275,28.6,301.98,325.01,240.17,315.24333333333334,59.69259259259258,79.60370370370372,25.770967741935483
Green Chilli,2022-05-01,270.17,339.99,343.13,71.39,2022,5,26.42409356179681,3.1399999999999864,0.49999999999999994,-0.8660254037844387,26.48757467144564,37.1,13.6,213.74444444444447,19.814814814814813,9.514996717775123,19.586021505376344,4.3536559139784945,42.1,318.74,301.98,325.01,296.96333333333337,202.30740740740737,59.69259259259258,25.617407407407406
Green Chilli,2022-06-01,244.92,295.14,316.63,60.96,2022,6,24.889749759207188,21.49000000000001,1.2246467991473532e-16,-1.0,26.23222222222222,37.0,12.4,124.10370370370369,19.22222222222222,9.639822321673526,19.14904938271605,4.2830864197530865,42.9,270.17,318.74,301.98,277.9433333333333,213.74444444444447,202.30740740740737,26.48757467144564
Green Chilli,2022-07-01,357.43,447.79,486.15,109.54,2022,7,30.646551591486006,38.35999999999996,-0.4999999999999998,-0.8660254037844388,26.23273596176822,38.0,12.2,123.77407407407406,18.48148148148148,8.95918853046595,18.739330943847072,4.2962007168458785,43.1,244.92,270.17,318.74,290.84,124.10370370370369,213.74444444444447,26.23222222222222
Green Chilli,2022-08-01,246.69,338.84,356.73,101.1,2022,8,40.98259314013817,17.890000000000043,-0.8660254037844384,-0.5000000000000004,25.684587813620073,36.9,11.1,193.66666666666666,21.25925925925926,9.281554533386434,19.427443249701316,4.245890083632019,45.9,357.43,244.92,270.17,283.0133333333333,123.77407407407406,124.10370370370369,26.23273596176822
Green Chilli,2022-09-01,243.14,332.49,328.44,87.33,2022,9,35.91756357754233,-4.050000000000011,-1.0,-1.8369701987210297e-16,25.752222222222223,37.6,10.5,98.95185185185184,16.77777777777778,9.9764180829904,21.314691358024692,4.598962962962963,40.0,246.69,357.43,244.92,282.42,193.66666666666666,123.77407407407406,25.684587813620073
Green Chilli,2022-10-01,278.59,335.58,397.84,88.12,2022,10,31.630700444847115,62.25999999999999,-0.8660254037844386,0.5000000000000001,24.89163679808841,36.8,10.4,295.11111111111114,25.962962962962962,8.194988298154787,17.328076463560336,3.6061768219832735,42.1,243.14,246.69,357.43,256.14,98.95185185185184,193.66666666666666,25.752222222222223
Green Chilli,2022-11-01,187.48,239.69,251.39,58.06,2022,11,30.96862013621713,11.699999999999989,-0.5000000000000004,0.8660254037844384,24.250864197530866,33.1,9.6,239.3592592592593,18.74074074074074,8.210116035665294,16.932876543209876,3.4289506172839506,31.4,278.59,243.14,246.69,236.40333333333334,295.11111111111114,98.95185185185184,24.89163679808841
Green Chilli,2022-12-01,253.11,328.84,349.59,86.1,2022,12,34.01681718746111,20.75,-2.4492935982947064e-16,1.0,23.920908004778973,32.6,8.0,215.6962962962963,22.185185185185187,7.868798171379264,15.54121863799283,3.2044324970131424,41.5,187.48,278.59,243.14,239.72666666666666,239.3592592592593,295.11111111111114,24.250864197530866
Green Chilli,2023-01-01,254.27,337.06,343.29,85.9,2023,1,33.78297330279887,6.230000000000018,0.49999999999999994,0.8660254037844387,23.56953405017921,32.4,6.2,103.34074074074073,13.814814814814815,9.35084146090535,18.494062126642774,3.812951015531661,28.7,253.11,187.48,278.59,231.62,215.6962962962963,239.3592592592593,23.920908004778973
Green Chilli,2023-02-01,353.36,459.04,462.71,107.51,2023,2,30.425053649237704,3.669999999999959,0.8660254037844386,0.5000000000000001,24.21732804232804,34.1,6.1,117.72222222222223,13.222222222222221,9.727644201940036,20.465039682539683,4.152261904761905,44.3,254.27,253.11,187.48,286.91333333333336,103.34074074074073,215.6962962962963,23.56953405017921
Green Chilli,2023-03-01,280.83,338.21,385.95,81.25,2023,3,28.932083847137473,47.74000000000001,1.0,6.123233995736766e-17,25.44014336917563,35.4,10.5,101.71481481481482,18.074074074074073,10.236548420284082,21.96173237753883,4.543154121863799,34.7,353.36,254.27,253.11,296.15333333333336,117.72222222222223,103.34074074074073,24.21732804232804
Green Chilli,2023-04-01,428.26,546.26,594.04,141.89,2023,4,33.13173466311711,47.77999999999997,0.8660254037844387,-0.49999999999999983,26.40691358024691,36.8,10.4,125.12592592592593,18.25925925925926,10.259467297668039,22.379345679012346,4.719345679012346,26.6,280.83,353.36,254.27,354.15000000000003,101.71481481481482,117.72222222222223,25.44014336917563
Green Chilli,2023-05-01,245.57,311.67,320.23,70.38,2023,5,28.65984091711491,8.560000000000002,0.49999999999999994,-0.8660254037844387,26.61672640382318,37.0,11.9,151.91851851851848,19.88888888888889,9.052870496482146,19.442508960573477,4.1923655913978495,39.3,428.26,280.83,353.36,318.21999999999997,125.12592592592593,101.71481481481482,26.40691358024691
Green Chilli,2023-06-01,275.19,373.75,369.07,96.22,2023,6,34.964920613059846,-4.680000000000007,1.2246467991473532e-16,-1.0,27.14296296296296,37.9,12.9,117.73703703703703,18.666666666666668,10.179046608367628,20.140827160493828,4.662617283950617,37.4,245.57,428.26,280.83,316.34,151.91851851851848,125.12592592592593,26.61672640382318
Green Chilli,2023-07-01,244.68,299.62,325.33,67.79,2023,7,27.705563304903013,25.70999999999998,-0.4999999999999998,-0.8660254037844388,26.840979689366787,39.3,11.8,118.34444444444445,17.333333333333332,9.548847059604407,19.37148148148148,4.611099163679809,43.9,275.19,245.57,428.26,255.14666666666665,117.73703703703703,151.91851851851848,27.14296296296296
Green Chilli,2023-08-01,296.61,410.7,383.47,100.48,2023,8,33.87612222240578,-27.22999999999996,-0.8660254037844384,-0.5000000000000004,27.261409796893666,39.5,11.4,74.89629629629628,15.777777777777779,10.886052190362406,22.576105137395462,5.263297491039427,35.1,244.68,275.19,245.57,272.16,118.34444444444445,117.73703703703703,26.840979689366787
Green Chilli,2023-09-01,317.32,394.78,447.41,103.78,2023,9,32.70514537213369,52.63000000000005,-1.0,-1.8369701987210297e-16,25.915185185185184,37.0,12.0,254.35555555555558,24.48148148148148,8.70759411179698,18.487765432098765,4.146185185185185,41.1,296.61,244.68,275.19,286.2033333333333,74.89629629629628,118.34444444444445,27.261409796893666
Green Chilli,2023-10-01,259.03,345.27,373.6,100.41,2023,10,38.76383478213536,28.33000000000004,-0.8660254037844386,0.5000000000000001,25.041696535244924,35.2,11.7,390.61851851851856,27.88888888888889,8.155679135138724,17.433476702508962,3.5616367980884114,37.3,317.32,296.61,244.68,290.9866666666667,254.35555555555558,74.89629629629628,25.915185185185184
Green Chilli,2023-11-01,313.23,389.26,451.88,107.34,2023,11,34.268737263755945,62.620000000000005,-0.5000000000000004,0.8660254037844384,24.58407407407407,32.2,10.8,515.1407407407407,29.11111111111111,7.543883251028808,15.49683950617284,3.0763703703703706,26.1,259.03,317.32,296.61,296.52666666666664,390.61851851851856,254.35555555555558,25.041696535244924
Green Chilli,2023-12-01,249.94,348.1,333.21,90.72,2023,12,36.296696688526566,-14.890000000000043,-2.4492935982947064e-16,1.0,24.70310633213859,32.4,10.1,347.7074074074075,27.074074074074073,7.775822411389885,15.059247311827956,3.05715651135006,35.0,313.23,259.03,317.32,274.06666666666666,515.1407407407407,390.61851851851856,24.58407407407407
Green Chilli,2024-01-01,315.42,423.09,456.69,124.47,2024,1,39.461657643251016,33.60000000000002,0.49999999999999994,0.8660254037844387,24.613500597371566,33.2,6.6,164.60370370370367,17.22222222222222,9.050596405814415,17.903405017921145,3.690406212664277,34.3,249.94,313.23,259.03,292.8633333333334,347.7074074074075,515.1407407407407,24.70310633213859
Green Chilli,2024-02-01,462.31,601.65,599.37,138.2,2024,2,29.89335513111221,-2.2799999999999727,0.8660254037844386,0.5000000000000001,25.937037037037037,37.3,10.1,38.696296296296296,9.62962962962963,10.865918103448278,22.239182630906768,4.844712643678161,36.2,315.42,249.94,313.23,342.5566666666667,164.60370370370367,347.7074074074075,24.613500597371566
Green Chilli,2024-03-01,239.98,310.53,316.83,73.7,2024,3,30.71087977711485,6.300000000000011,1.0,6.123233995736766e-17,26.72258064516129,38.3,9.8,58.05925925925926,8.407407407407407,10.914837687508298,23.956308243727598,5.247909199522103,29.8,462.31,315.42,249.94,339.2366666666667,38.696296296296296,164.60370370370367,25.937037037037037
Green Chilli,2024-04-01,267.75,369.71,373.18,103.7,2024,4,38.73014426511886,3.4700000000000273,0.8660254037844387,-0.49999999999999983,27.57950617283951,39.4,11.3,112.4925925925926,16.814814814814813,10.575852921810698,22.987333333333336,4.997975308641975,30.3,239.98,462.31,315.42,323.34666666666664,58.05925925925926,38.696296296296296,26.72258064516129
Green Chilli,2024-05-01,240.28,331.74,313.24,82.21,2024,5,34.214235802299065,-18.5,0.49999999999999994,-0.8660254037844387,27.09545997610514,40.3,13.7,371.0,23.77777777777778,8.357931302270012,18.273715651135007,3.9950537634408603,48.3,267.75,239.98,462.31,249.33666666666667,112.4925925925926,58.05925925925926,27.57950617283951
Green Chilli,2024-06-01,278.61,382.12,396.59,110.74,2024,6,39.74730277186649,14.46999999999997,1.2246467991473532e-16,-1.0,26.601388888888888,36.4,12.8,53.1,6.333333333333333,9.251713567386833,18.447453703703705,3.9457407407407405,36.0,240.28,267.75,239.98,262.2133333333333,371.0,112.4925925925926,27.09545997610514
Lime,2010-01-01,147.17,181.53,204.56,45.88,2010,1,31.174810644281685,23.03,0.49999999999999994,0.8660254037844387,24.38219832735962,33.2,13.1,74.89629629629628,11.555555555555555,10.191066301606265,18.25299880525687,3.817479091995221,31.1,147.17,147.17,147.17,147.17,74.89629629629628,74.89629629629628,24.38219832735962
Lime,2010-02-01,129.96,164.83,187.34,46.12,2010,2,35.48781510632878,22.50999999999999,0.8660254037844386,0.5000000000000001,25.346428571428575,36.5,12.6,27.08888888888889,5.0,10.081776940035274,20.48521164021164,4.425886243386243,31.2,147.17,147.17,147.17,138.565,74.89629629629628,74.89629629629628,24.38219832735962
Lime,2010-03-01,148.5,201.24,196.85,50.54,2010,3,34.03364711538915,-4.390000000000015,1.0,6.123233995736766e-17,26.880884109916366,37.2,12.9,62.329629629629636,9.666666666666666,10.952022939068101,22.906750298685782,5.054336917562724,28.3,129.96,147.17,147.17,141.87666666666667,27.08888888888889,74.89629629629628,25.346428571428575
Lime,2010-04-01,128.37,174.77,163.77,40.9,2010,4,31.861001899975143,-11.0,0.8660254037844387,-0.49999999999999983,26.98037037037037,36.3,15.0,183.96666666666667,21.77777777777778,10.057895030864195,20.685123456790123,4.393654320987655,28.8,148.5,129.96,147.17,135.61,62.329629629629636,27.08888888888889,26.880884109916366
Lime,2010-05-01,151.05,199.95,192.03,44.94,2010,5,29.751718138551375,-7.9199999999999875,0.49999999999999994,-0.8660254037844387,26.86762246117085,35.5,15.9,171.74074074074073,22.51851851851852,9.573050126111776,18.505292712066908,4.026881720430108,48.0,128.37,148.5,129.96,142.64000000000001,183.96666666666667,62.329629629629636,26.98037037037037
Lime,2010-06-01,153.29,209.9,211.27,57.3,2010,6,37.3801047817178,1.3700000000000045,1.2246467991473532e-16,-1.0,26.621975308641975,37.0,16.0,161.88888888888889,20.51851851851852,9.854107297668039,18.50595061728395,4.217641975308642,47.1,151.05,128.37,148.5,144.23666666666668,171.74074074074073,183.96666666666667,26.86762246117085
Lime,2010-07-01,164.67,228.85,210.81,55.16,2010,7,33.497277283489844,-18.039999999999992,-0.4999999999999998,-0.8660254037844388,26.288530465949822,35.5,14.8,127.11111111111111,19.666666666666668,9.882708134209476,18.813775388291518,4.249342891278375,40.1,153.29,151.05,128.37,156.33666666666667,161.88888888888889,171.74074074074073,26.621975308641975
Lime,2010-08-01,147.55,177.97,206.54,44.7,2010,8,30.294794784957784,28.569999999999993,-0.8660254037844384,-0.5000000000000004,26.09295101553166,36.0,14.8,145.3,19.40740740740741,9.287111814682067,17.983154121863798,4.0579689366786145,40.0,164.67,153.29,151.05,155.17,127.11111111111111,161.88888888888889,26.288530465949822
Lime,2010-09-01,136.42,190.48,185.9,51.77,2010,9,37.94895327008264,-4.579999999999984,-1.0,-1.8369701987210297e-16,25.68567901234568,35.3,14.6,185.2185185185185,21.962962962962962,8.915182475994513,18.153679012345677,3.9281604938271606,37.0,147.55,164.67,153.29,149.54666666666665,145.3,127.11111111111111,26.09295101553166
Lime,2010-10-01,165.18,228.38,214.85,56.43,2010,10,34.162710883453876,-13.530000000000001,-0.8660254037844386,0.5000000000000001,25.488291517323777,36.2,12.8,210.63703703703703,19.333333333333332,9.755867881322182,18.504074074074072,3.9231541218637993,37.9,136.42,147.55,164.67,149.71666666666667,185.2185185185185,145.3,25.68567901234568
Lime,2010-11-01,139.78,178.19,181.35,39.99,2010,11,28.60922262897222,3.1599999999999966,-0.5000000000000004,0.8660254037844384,24.464197530864197,32.2,13.7,375.0592592592592,26.703703703703702,8.210342170781892,14.95035802469136,3.0094691358024694,31.7,165.18,136.42,147.55,147.12666666666667,210.63703703703703,185.2185185185185,25.488291517323777
Lime,2010-12-01,162.26,212.44,213.62,50.77,2010,12,31.289269512344692,1.1800000000000068,-2.4492935982947064e-16,1.0,23.63237753882915,30.4,12.3,478.24074074074076,25.444444444444443,6.248732145227664,12.087502986857825,2.504826762246117,44.1,139.78,165.18,136.42,155.74,375.0592592592592,210.63703703703703,24.464197530864197
Lime,2011-01-01,185.45,225.47,233.33,43.95,2011,1,23.699097493072262,7.860000000000014,0.49999999999999994,0.8660254037844387,23.309318996415772,29.9,10.0,377.9555555555555,21.25925925925926,6.860116985264835,13.278458781362007,2.7479689366786144,39.8,162.26,139.78,165.18,162.49666666666664,478.24074074074076,375.0592592592592,23.63237753882915
Lime,2011-02-01,176.58,229.38,233.57,54.89,2011,2,31.085042991820703,4.189999999999998,0.8660254037844386,0.5000000000000001,24.098148148148148,31.7,13.1,281.75555555555553,14.185185185185185,8.1077059707525,16.28414021164021,3.3464021164021167,36.3,185.45,162.26,139.78,174.76333333333332,377.9555555555555,478.24074074074076,23.309318996415772
Lime,2011-03-01,173.25,212.22,237.19,51.46,2011,3,29.702724558311942,24.97,1.0,6.123233995736766e-17,25.415890083632018,35.7,12.7,79.2925925925926,16.074074074074073,10.637956013540423,21.56808841099164,4.439450418160096,30.5,176.58,185.45,162.26,178.42666666666665,281.75555555555553,377.9555555555555,24.098148148148148
Lime,2011-04-01,137.65,169.86,172.35,33.46,2011,4,24.308009946959718,2.4899999999999807,0.8660254037844387,-0.49999999999999983,25.76320987654321,35.7,13.0,207.73703703703703,22.962962962962962,9.720265562414264,20.033617283950615,4.145567901234568,31.5,173.25,176.58,185.45,162.49333333333334,79.2925925925926,281.75555555555553,25.415890083632018
Lime,2011-05-01,179.31,222.37,239.63,51.69,2011,5,28.827154744768972,17.25999999999999,0.49999999999999994,-0.8660254037844387,26.61373954599761,35.7,14.2,81.60740740740741,17.333333333333332,10.89341501061994,21.225173237753886,4.574217443249701,40.8,137.65,173.25,176.58,163.40333333333334,207.73703703703703,79.2925925925926,25.76320987654321
Lime,2011-06-01,188.19,249.26,267.77,70.32,2011,6,37.36647145625619,18.50999999999999,1.2246467991473532e-16,-1.0,26.950493827160496,37.0,14.5,60.029629629629625,13.777777777777779,10.838705425240056,20.47843209876543,4.773728395061728,44.2,179.31,137.65,173.25,168.38333333333335,81.60740740740741,207.73703703703703,26.61373954599761
Lime,2011-07-01,183.96,242.25,262.47,68.4,2011,7,37.181975874116176,20.220000000000027,-0.4999999999999998,-0.8660254037844388,26.418040621266428,35.6,15.1,114.77407407407408,19.77777777777778,10.305884322315148,19.09958183990442,4.394587813620071,43.6,188.19,179.31,137.65,183.82000000000002,60.029629629629625,81.60740740740741,26.950493827160496
Lime,2011-08-01,156.08,215.92,209.29,56.52,2011,8,36.21217567133798,-6.6299999999999955,-0.8660254037844384,-0.5000000000000004,26.163201911589006,35.5,14.9,123.93333333333332,21.444444444444443,10.277780177220231,19.317921146953406,4.386236559139785,41.5,183.96,188.19,179.31,176.07666666666668,114.77407407407408,60.029629629629625,26.418040621266428
Lime,2011-09-01,166.15,209.62,207.75,42.54,2011,9,25.603355038606658,-1.8700000000000045,-1.0,-1.8369701987210297e-16,26.394567901234566,36.8,13.5,128.13333333333335,16.77777777777778,10.440950826474623,20.307703703703705,4.630888888888889,41.0,156.08,183.96,188.19,168.73000000000002,123.93333333333332,114.77407407407408,26.163201911589006
Lime,2011-10-01,148.91,205.63,196.7,52.26,2011,10,35.095000271976176,-8.930000000000007,-0.8660254037844386,0.5000000000000001,25.554599761051374,36.4,14.0,290.7444444444444,25.25925925925926,9.106757062259392,17.938697729988053,3.7755077658303464,29.1,166.15,156.08,183.96,157.04666666666665,128.13333333333335,123.93333333333332,26.394567901234566
Lime,2011-11-01,183.31,222.75,243.79,49.96,2011,11,27.254362961997185,21.039999999999992,-0.5000000000000004,0.8660254037844384,24.60037037037037,30.9,13.2,227.7037037037037,23.185185185185187,8.755125891632373,15.819074074074075,3.190111111111111,38.0,148.91,166.15,156.08,166.12333333333333,290.7444444444444,128.13333333333335,25.554599761051374
Lime,2011-12-01,139.76,190.65,176.89,44.01,2011,12,31.48967409153256,-13.76000000000002,-2.4492935982947064e-16,1.0,24.174551971326164,30.6,12.7,238.3296296296296,19.0,8.318002937076862,15.13463560334528,3.1733094384707288,41.7,183.31,148.91,166.15,157.32666666666668,227.7037037037037,290.7444444444444,24.60037037037037
Lime,2012-01-01,176.41,241.85,228.79,58.91,2012,1,33.393779607856914,-13.060000000000002,0.49999999999999994,0.8660254037844387,24.00310633213859,32.2,11.7,41.87407407407407,8.11111111111111,10.526879619673437,19.145698924731185,3.9631421744324973,32.9,139.76,183.31,148.91,166.49333333333334,238.3296296296296,227.7037037037037,24.174551971326164
Lime,2012-02-01,193.1,255.7,269.54,69.52,2012,2,36.00205282130874,13.840000000000032,0.8660254037844386,0.5000000000000001,24.737164750957856,33.1,11.5,88.37407407407407,11.62962962962963,9.96542747623102,19.20183908045977,4.065938697318008,34.4,176.41,139.76,183.31,169.75666666666666,41.87407407407407,238.3296296296296,24.00310633213859
Lime,2012-03-01,191.56,268.13,269.12,77.06,2012,3,40.2275839279683,0.9900000000000091,1.0,6.123233995736766e-17,26.114814814814814,35.8,12.7,62.56666666666667,11.037037037037036,11.041847268684455,23.043142174432496,4.872556750298686,25.6,193.1,176.41,139.76,187.0233333333333,88.37407407407407,41.87407407407407,24.737164750957856
Lime,2012-04-01,147.38,199.66,203.47,54.18,2012,4,36.762086604636586,3.8100000000000023,0.8660254037844387,-0.49999999999999983,26.094197530864196,35.0,14.2,151.7296296296296,22.814814814814813,9.937619732510289,19.906234567901233,4.172765432098766,34.8,191.56,193.1,176.41,177.34666666666666,62.56666666666667,88.37407407407407,26.114814814814814
Lime,2012-05-01,174.61,220.39,234.69,52.93,2012,5,30.31325221164182,14.300000000000011,0.49999999999999994,-0.8660254037844387,27.31612903225806,37.4,13.0,38.32962962962962,9.703703703703704,10.995511419753086,22.113142174432497,5.193488649940263,46.5,147.38,191.56,193.1,171.1833333333333,151.7296296296296,62.56666666666667,26.094197530864196
Lime,2012-06-01,166.72,210.3,220.66,48.76,2012,6,29.24662353249548,10.359999999999985,1.2246467991473532e-16,-1.0,26.930617283950617,37.3,15.5,72.88888888888889,15.481481481481481,10.494983017832647,19.584814814814816,4.750666666666667,44.5,174.61,147.38,191.56,162.90333333333334,38.32962962962962,151.7296296296296,27.31612903225806
Lime,2012-07-01,188.86,231.73,236.67,45.34,2012,7,24.00718838971281,4.939999999999998,-0.4999999999999998,-0.8660254037844388,26.741338112305854,37.4,15.2,91.75555555555556,16.555555555555557,10.725608117615826,20.296356033452806,4.737252090800478,40.1,166.72,174.61,147.38,176.73000000000002,72.88888888888889,38.32962962962962,26.930617283950617
Lime,2012-08-01,138.41,183.35,199.14,52.83,2012,8,38.169179850314386,15.789999999999992,-0.8660254037844384,-0.5000000000000004,26.55149342891278,37.0,14.8,106.80740740740741,18.14814814814815,10.462001473516526,19.9221027479092,4.753954599761052,40.9,188.86,166.72,174.61,164.66333333333333,91.75555555555556,72.88888888888889,26.741338112305854
Lime,2012-09-01,167.43,218.91,212.39,48.22,2012,9,28.800078361059327,-6.52000000000001,-1.0,-1.8369701987210297e-16,26.46827160493827,36.9,14.8,113.72962962962963,19.25925925925926,10.030292259945131,19.901728395061728,4.575271604938272,38.2,138.41,188.86,166.72,164.9,106.80740740740741,91.75555555555556,26.55149342891278
Lime,2012-10-01,148.28,207.32,206.9,58.83,2012,10,39.67491254726696,-0.4199999999999875,-0.8660254037844386,0.5000000000000001,25.311230585424134,38.1,13.8,449.9777777777778,25.77777777777778,8.247822464489579,16.84641577060932,3.593273596176822,46.0,167.43,138.41,188.86,151.37333333333333,113.72962962962963,106.80740740740741,26.46827160493827
Lime,2012-11-01,167.89,211.91,221.74,48.94,2012,11,29.150021353254303,9.830000000000013,-0.5000000000000004,0.8660254037844384,24.764074074074077,31.6,14.0,291.1888888888889,20.59259259259259,8.831181690672153,16.15237037037037,3.3229135802469134,41.6,148.28,167.43,138.41,161.20000000000002,449.9777777777778,113.72962962962963,25.311230585424134
Lime,2012-12-01,132.92,171.98,190.62,48.38,2012,12,36.397805899935385,18.640000000000015,-2.4492935982947064e-16,1.0,24.22437275985663,30.7,11.7,206.9148148148148,19.962962962962962,8.388824093986461,14.450955794504182,2.998279569892473,39.6,167.89,148.28,167.43,149.69666666666666,291.1888888888889,449.9777777777778,24.764074074074077
Lime,2013-01-01,215.87,293.71,298.88,80.42,2013,1,37.25388555432178,5.170000000000016,0.49999999999999994,0.8660254037844387,24.042652329749103,32.2,10.8,214.65925925925924,11.037037037037036,8.49450116155582,16.101481481481482,3.4447311827956986,31.9,132.92,167.89,148.28,172.22666666666666,206.9148148148148,291.1888888888889,24.22437275985663
Lime,2013-02-01,166.46,223.67,212.97,51.86,2013,2,31.15461302738614,-10.699999999999989,0.8660254037844386,0.5000000000000001,24.672883597883597,32.8,12.2,111.08148148148148,13.11111111111111,9.777058847736626,19.015753968253968,3.9231613756613757,29.5,215.87,132.92,167.89,171.75,214.65925925925924,206.9148148148148,24.042652329749103
Lime,2013-03-01,219.38,284.97,291.58,68.9,2013,3,31.406677269269185,6.609999999999957,1.0,6.123233995736766e-17,25.66057347670251,34.6,13.9,153.78518518518518,18.25925925925926,10.352612066905616,20.766630824372758,4.285304659498208,26.6,166.46,215.87,132.92,200.57000000000002,111.08148148148148,214.65925925925924,24.672883597883597
Lime,2013-04-01,223.91,288.16,317.48,78.91,2013,4,35.24182249929771,29.319999999999993,0.8660254037844387,-0.49999999999999983,26.996913580246915,36.5,14.6,82.41111111111111,15.481481481481481,10.709399595336075,21.9620987654321,4.685876543209877,31.6,219.38,166.46,215.87,203.25,153.78518518518518,111.08148148148148,25.66057347670251
Lime,2013-05-01,163.34,210.69,224.33,54.17,2013,5,33.16393218811547,13.640000000000015,0.49999999999999994,-0.8660254037844387,26.8389486260454,36.3,14.9,143.0814814814815,19.74074074074074,9.638459176290986,19.227825567502986,4.32221027479092,45.7,223.91,219.38,166.46,202.21,82.41111111111111,153.78518518518518,26.996913580246915
Lime,2013-06-01,202.27,260.17,291.7,73.66,2013,6,36.4166527825912,31.529999999999973,1.2246467991473532e-16,-1.0,25.994074074074074,34.6,15.4,170.0888888888889,19.85185185185185,9.694006200274348,17.583827160493826,4.057296296296296,43.2,163.34,223.91,219.38,196.50666666666666,143.0814814814815,82.41111111111111,26.8389486260454
Lime,2013-07-01,170.92,229.07,242.05,64.64,2013,7,37.81884049915721,12.980000000000018,-0.4999999999999998,-0.8660254037844388,26.04826762246117,36.2,15.2,102.04444444444444,17.0,10.26724616686579,18.919187574671447,4.3469414575866185,43.0,202.27,163.34,223.91,178.84333333333333,170.0888888888889,143.0814814814815,25.994074074074074
Lime,2013-08-01,167.43,228.74,229.61,61.74,2013,8,36.87508996291587,0.8700000000000045,-0.8660254037844384,-0.5000000000000004,26.133213859020312,37.5,14.3,106.14444444444445,18.074074074074073,10.622712196336122,20.584492234169655,4.578936678614098,39.6,170.92,202.27,163.34,180.20666666666668,102.04444444444444,170.0888888888889,26.04826762246117
Lime,2013-09-01,201.59,243.13,259.55,49.75,2013,9,24.678791270007803,16.420000000000016,-1.0,-1.8369701987210297e-16,25.803086419753086,36.5,13.9,122.63703703703703,17.62962962962963,9.680483124142661,18.931222222222225,4.218827160493827,40.6,167.43,170.92,202.27,179.98000000000002,106.14444444444445,102.04444444444444,26.133213859020312
Lime,2013-10-01,144.91,201.3,205.8,58.64,2013,10,40.46646852082774,4.5,-0.8660254037844386,0.5000000000000001,25.8415770609319,36.0,13.3,180.94444444444446,19.444444444444443,9.920446226602948,19.132138590203105,4.223010752688172,36.1,201.59,167.43,170.92,171.31000000000003,122.63703703703703,106.14444444444445,25.803086419753086
Lime,2013-11-01,199.37,255.01,287.74,72.0,2013,11,36.113740224838125,32.73000000000002,-0.5000000000000004,0.8660254037844384,24.765925925925927,31.5,12.4,167.89629629629633,20.22222222222222,9.901379499314128,17.46762962962963,3.5697901234567904,40.2,144.91,201.59,167.43,181.95666666666668,180.94444444444446,122.63703703703703,25.8415770609319
Lime,2013-12-01,220.9,288.74,290.02,68.48,2013,12,31.000438659828582,1.2799999999999727,-2.4492935982947064e-16,1.0,24.01027479091995,31.3,13.1,162.94444444444446,15.481481481481481,8.190521113766096,14.278112305854242,3.0887574671445637,40.0,199.37,144.91,201.59,188.39333333333335,167.89629629629633,180.94444444444446,24.765925925925927
Lime,2014-01-01,186.95,245.35,248.62,60.04,2014,1,32.11552173547915,3.2700000000000102,0.49999999999999994,0.8660254037844387,23.94109916367981,32.5,11.7,131.15555555555554,13.555555555555555,9.34556176158237,16.36010752688172,3.4371804062126645,41.5,220.9,199.37,144.91,202.40666666666667,162.94444444444446,167.89629629629633,24.01027479091995
Lime,2014-02-01,167.09,211.14,241.83,59.4,2014,2,35.549682476699694,30.690000000000026,0.8660254037844386,0.5000000000000001,24.89920634920635,35.9,9.7,18.8,5.333333333333333,10.92148025793651,21.56505291005291,4.585925925925926,29.6,186.95,220.9,199.37,191.64666666666668,131.15555555555554,162.94444444444446,23.94109916367981
Lime,2014-03-01,210.16,255.02,266.08,50.39,2014,3,23.976958518767358,11.059999999999974,1.0,6.123233995736766e-17,26.361170848267623,37.2,12.2,34.196296296296296,5.925925925925926,10.952933014735166,22.873548387096776,5.147072879330945,28.1,167.09,186.95,220.9,188.0666666666667,18.8,131.15555555555554,24.89920634920635
Lime,2014-04-01,181.09,246.83,257.03,70.84,2014,4,39.1186486726773,10.19999999999996,0.8660254037844387,-0.49999999999999983,26.7458024691358,37.2,13.6,152.52592592592592,17.296296296296298,10.610301241426612,21.791827160493828,4.638111111111111,25.2,210.16,167.09,186.95,186.11333333333334,34.196296296296296,18.8,26.361170848267623
Lime,2014-05-01,254.74,337.14,330.24,78.95,2014,5,30.99237222565273,-6.899999999999977,0.49999999999999994,-0.8660254037844387,26.574671445639186,35.2,15.0,169.88148148148144,20.51851851851852,9.93649666799416,19.42304659498208,4.1792592592592595,39.3,181.09,210.16,167.09,215.33,152.52592592592592,34.196296296296296,26.7458024691358
Lime,2014-06-01,163.61,198.86,225.54,48.59,2014,6,29.69865552310035,26.67999999999998,1.2246467991473532e-16,-1.0,27.230493827160494,36.2,15.6,75.25925925925925,15.444444444444445,10.797738693415639,20.258123456790127,4.799592592592592,41.0,254.74,181.09,210.16,199.81333333333336,169.88148148148144,152.52592592592592,26.574671445639186
Lime,2014-07-01,184.07,229.63,232.95,47.22,2014,7,25.65327014001731,3.319999999999993,-0.4999999999999998,-0.8660254037844388,26.96941457586619,36.8,15.3,73.40370370370371,15.592592592592593,10.71005141046064,20.10921146953405,4.85078853046595,39.0,163.61,254.74,181.09,200.80666666666664,75.25925925925925,169.88148148148144,27.230493827160494
Lime,2014-08-01,177.59,223.44,237.54,52.9,2014,8,29.787696498847627,14.099999999999994,-0.8660254037844384,-0.5000000000000004,26.11589008363202,36.3,14.0,129.73703703703703,20.0,10.03903343289526,19.2368458781362,4.3563560334528075,41.8,184.07,163.61,254.74,175.09,73.40370370370371,75.25925925925925,26.96941457586619
Lime,2014-09-01,203.31,268.97,289.41,75.88,2014,9,37.322297318234554,20.439999999999998,-1.0,-1.8369701987210297e-16,26.094814814814814,37.2,14.6,160.03333333333333,20.77777777777778,10.29222377914952,20.17385185185185,4.477555555555556,40.1,177.59,184.07,163.61,188.32333333333335,129.73703703703703,73.40370370370371,26.11589008363202
Lime,2014-10-01,183.04,238.58,239.77,56.14,2014,10,30.670874852013302,1.1899999999999977,-0.8660254037844386,0.5000000000000001,25.124133811230585,33.5,14.5,379.1629629629629,28.074074074074073,8.895012322447897,17.07173237753883,3.4983512544802866,37.9,203.31,177.59,184.07,187.98000000000002,160.03333333333333,129.73703703703703,26.094814814814814
Lime,2014-11-01,231.77,323.39,304.06,81.95,2014,11,35.358314122486036,-19.329999999999984,-0.5000000000000004,0.8660254037844384,24.40691358024691,31.6,12.9,339.6814814814815,22.88888888888889,7.338499725651578,14.214506172839506,2.9098148148148146,39.0,183.04,203.31,177.59,206.04,379.1629629629629,160.03333333333333,25.124133811230585
Lime,2014-12-01,205.17,281.2,275.48,73.17,2014,12,35.66309125939891,-5.71999999999997,-2.4492935982947064e-16,1.0,23.95137395459976,30.7,13.6,532.0333333333333,27.037037037037038,6.568287976237887,12.152485065710872,2.4931780167264037,40.0,231.77,183.04,203.31,206.66,339.6814814814815,379.1629629629629,24.40691358024691
Lime,2015-01-01,234.62,296.11,339.44,83.16,2015,1,35.44453352462129,43.329999999999984,0.49999999999999994,0.8660254037844387,24.391756272401434,33.2,12.1,32.10740740740741,7.592592592592593,10.502823702376213,18.87594982078853,3.954408602150538,30.5,205.17,231.77,183.04,223.85333333333335,532.0333333333333,339.6814814814815,23.95137395459976
Lime,2015-02-01,183.6,224.4,253.14,55.17,2015,2,30.04900324128364,28.73999999999998,0.8660254037844386,0.5000000000000001,24.457010582010582,34.7,10.4,93.92592592592592,13.74074074074074,10.328361654908877,19.483002645502644,4.039828042328042,33.2,234.62,205.17,231.77,207.79666666666665,32.10740740740741,532.0333333333333,24.391756272401434
Lime,2015-03-01,159.66,217.47,206.64,52.4,2015,3,32.81972139563986,-10.830000000000013,1.0,6.123233995736766e-17,25.695579450418162,35.2,11.0,84.23703703703703,11.814814814814815,10.76329743130227,22.61729988052569,4.7389486260454,26.6,183.6,234.62,205.17,192.62666666666667,93.92592592592592,32.10740740740741,24.457010582010582
Lime,2015-04-01,217.93,281.02,288.05,66.6,2015,4,30.56025762388949,7.03000000000003,0.8660254037844387,-0.49999999999999983,26.122839506172838,35.1,14.4,201.55555555555554,23.37037037037037,10.262591769547326,20.982123456790124,4.3398518518518525,24.6,159.66,183.6,234.62,187.06333333333336,84.23703703703703,93.92592592592592,25.695579450418162
Lime,2015-05-01,279.42,346.64,365.39,76.59,2015,5,27.410340201009163,18.75,0.49999999999999994,-0.8660254037844387,26.43094384707288,34.3,15.2,178.8259259259259,22.555555555555557,10.002322003185983,19.305830346475506,4.072939068100359,43.7,217.93,159.66,183.6,219.00333333333333,201.55555555555554,84.23703703703703,26.122839506172838
Lime,2015-06-01,223.98,285.22,306.87,72.07,2015,6,32.176965721508296,21.649999999999977,1.2246467991473532e-16,-1.0,26.698024691358025,35.8,15.1,103.0037037037037,17.14814814814815,10.34859715020576,19.485444444444447,4.364913580246913,46.7,279.42,217.93,159.66,240.44333333333336,178.8259259259259,201.55555555555554,26.43094384707288
Lime,2015-07-01,152.16,193.18,216.77,52.82,2015,7,34.713436702525826,23.590000000000003,-0.4999999999999998,-0.8660254037844388,26.75627240143369,36.4,14.6,86.6962962962963,16.40740740740741,10.644947477764504,19.966547192353644,4.646487455197133,38.2,223.98,279.42,217.93,218.51999999999998,103.0037037037037,178.8259259259259,26.698024691358025
Lime,2015-08-01,243.93,297.87,308.08,59.04,2015,8,24.20365506347925,10.20999999999998,-0.8660254037844384,-0.5000000000000004,26.590083632019116,36.2,14.9,112.4962962962963,18.666666666666668,10.723101148280898,20.643727598566308,4.654898446833931,39.3,152.16,223.98,279.42,206.68999999999997,86.6962962962963,103.0037037037037,26.75627240143369
Lime,2015-09-01,177.03,223.85,221.44,45.61,2015,9,25.76398024968635,-2.4099999999999966,-1.0,-1.8369701987210297e-16,26.04555555555556,37.0,14.9,183.8777777777778,22.666666666666668,9.439200600137173,18.515641975308643,4.0424444444444445,40.8,243.93,152.16,223.98,191.04,112.4962962962963,86.6962962962963,26.590083632019116
Lime,2015-10-01,165.78,215.33,237.52,60.65,2015,10,36.58460816467115,22.189999999999998,-0.8660254037844386,0.5000000000000001,25.31935483870968,34.1,14.6,488.0888888888888,28.074074074074073,8.062620496482145,16.338637992831543,3.3829032258064515,38.6,177.03,243.93,152.16,195.58,183.8777777777778,112.4962962962963,26.04555555555556
Lime,2015-11-01,225.12,270.68,300.83,60.63,2015,11,26.932290808328535,30.149999999999977,-0.5000000000000004,0.8660254037844384,24.75172839506173,31.2,14.6,372.6592592592592,26.59259259259259,8.015063124142662,14.546234567901235,2.939864197530864,44.7,165.78,177.03,243.93,189.31000000000003,488.0888888888888,183.8777777777778,25.31935483870968
Lime,2015-12-01,202.9,267.09,277.7,69.49,2015,12,34.24838134628814,10.610000000000014,-2.4492935982947064e-16,1.0,24.736081242532855,31.2,12.4,251.9148148148148,22.40740740740741,8.835831073277578,14.967132616487454,3.0635722819593787,33.3,225.12,165.78,177.03,197.93333333333337,372.6592592592592,488.0888888888888,24.75172839506173
Lime,2016-01-01,189.26,249.69,240.95,56.06,2016,1,29.620612057163665,-8.740000000000009,0.49999999999999994,0.8660254037844387,24.99163679808841,33.6,12.4,32.54074074074074,8.11111111111111,10.499397992167795,18.714743130227,4.010071684587813,33.8,202.9,225.12,165.78,205.76,251.9148148148148,372.6592592592592,24.736081242532855
Lime,2016-02-01,197.78,265.39,252.31,61.07,2016,2,30.87772733454984,-13.079999999999984,0.8660254037844386,0.5000000000000001,25.845466155810982,35.3,11.4,35.737037037037034,8.407407407407407,10.57882929615439,20.39846743295019,4.45367816091954,32.2,189.26,202.9,225.12,196.64666666666668,32.54074074074074,251.9148148148148,24.99163679808841
Lime,2016-03-01,231.62,286.6,332.01,77.68,2016,3,33.537676566066594,45.40999999999997,1.0,6.123233995736766e-17,27.301911589008363,37.4,14.2,35.2962962962963,8.0,11.166788357891942,23.19941457586619,5.134707287933094,26.7,197.78,189.26,202.9,206.22000000000003,35.737037037037034,32.54074074074074,25.845466155810982
Lime,2016-04-01,170.43,207.31,240.66,53.55,2016,4,31.420506119517615,33.349999999999994,0.8660254037844387,-0.49999999999999983,27.98493827160494,38.0,15.0,71.91111111111111,14.962962962962964,10.944782026748971,22.621925925925925,4.977925925925926,31.0,231.62,197.78,189.26,199.94333333333336,35.2962962962963,35.737037037037034,27.301911589008363
Lime,2016-05-01,215.96,285.05,304.58,78.85,2016,5,36.51137409178825,19.529999999999973,0.49999999999999994,-0.8660254037844387,26.69510155316607,35.9,16.0,460.4074074074074,24.11111111111111,8.456143664542678,16.913584229390683,3.669665471923536,45.5,170.43,231.62,197.78,206.00333333333333,71.91111111111111,35.2962962962963,27.98493827160494
Lime,2016-06-01,234.74,322.02,323.0,87.77,2016,6,37.39028823792781,0.9800000000000182,1.2246467991473532e-16,-1.0,26.669629629629632,35.6,15.3,93.5,17.51851851851852,10.096888892318242,18.93088888888889,4.3085555555555555,46.9,215.96,170.43,231.62,207.04333333333332,460.4074074074074,71.91111111111111,26.69510155316607
Lime,2016-07-01,226.18,308.53,301.95,79.06,2016,7,34.954445594462115,-6.579999999999984,-0.4999999999999998,-0.8660254037844388,26.59390681003584,37.6,15.2,99.44074074074072,16.37037037037037,10.414703195937875,19.63237753882915,4.491517323775389,39.2,234.74,215.96,170.43,225.62666666666667,93.5,460.4074074074074,26.669629629629632
Lime,2016-08-01,268.8,340.04,337.04,69.74,2016,8,25.94493082405847,-3.0,-0.8660254037844384,-0.5000000000000004,26.63811230585424,36.8,15.3,72.67407407407407,16.37037037037037,10.85600315279437,20.868924731182798,4.77041816009558,35.9,226.18,234.74,215.96,243.24,99.44074074074072,93.5,26.59390681003584
Lime,2016-09-01,212.94,262.3,272.21,54.32,2016,9,25.509521222165294,9.909999999999968,-1.0,-1.8369701987210297e-16,26.59493827160494,36.1,13.1,55.6074074074074,14.11111111111111,10.578944777091907,21.04641975308642,4.902024691358024,36.3,268.8,226.18,234.74,235.97333333333336,72.67407407407407,99.44074074074072,26.63811230585424
Lime,2016-10-01,202.66,280.39,288.7,81.88,2016,10,40.40262488768139,8.310000000000002,-0.8660254037844386,0.5000000000000001,26.38183990442055,37.5,13.1,105.65555555555555,16.14814814814815,10.614833320058409,20.415555555555557,4.600657108721625,36.1,212.94,268.8,226.18,228.13333333333335,55.6074074074074,72.67407407407407,26.59493827160494
Lime,2016-11-01,234.71,283.72,310.22,62.26,2016,11,26.526340366264595,26.5,-0.5000000000000004,0.8660254037844384,24.78827160493827,31.9,13.1,246.91111111111113,22.074074074074073,8.394442119341564,15.466246913580246,3.2081851851851853,36.7,202.66,212.94,268.8,216.76999999999998,105.65555555555555,55.6074074074074,26.38183990442055
Lime,2016-12-01,226.55,300.85,286.26,67.0,2016,12,29.574032410491096,-14.590000000000032,-2.4492935982947064e-16,1.0,24.54408602150538,32.1,12.8,73.35185185185185,12.407407407407407,10.276127943714323,17.85927120669056,3.706332138590203,46.2,234.71,202.66,212.94,221.3066666666667,246.91111111111113,105.65555555555555,24.78827160493827
Lime,2017-01-01,254.7,311.5,367.09,84.6,2017,1,33.21553466213794,55.589999999999975,0.49999999999999994,0.8660254037844387,24.014934289127837,35.0,5.3,146.84074074074073,12.88888888888889,9.398610291384575,18.306917562724013,3.93700119474313,30.0,226.55,234.71,202.66,238.65333333333334,73.35185185185185,246.91111111111113,24.54408602150538
Lime,2017-02-01,210.61,286.09,302.26,83.56,2017,2,39.67521025819749,16.170000000000016,0.8660254037844386,0.5000000000000001,24.398015873015876,36.2,6.3,48.577777777777776,8.407407407407407,10.132609402557318,20.729907407407406,4.400740740740741,35.9,254.7,226.55,234.71,230.62,146.84074074074073,73.35185185185185,24.014934289127837
Lime,2017-03-01,287.54,357.8,403.01,92.86,2017,3,32.29462603650761,45.20999999999998,1.0,6.123233995736766e-17,25.586977299880523,35.9,8.0,118.58148148148148,19.296296296296298,10.42839526417098,21.431254480286736,4.4047550776583035,31.8,210.61,254.7,226.55,250.95000000000002,48.577777777777776,146.84074074074073,24.398015873015876
Lime,2017-04-01,204.0,258.52,291.19,70.85,2017,4,34.73037513216905,32.670000000000016,0.8660254037844387,-0.49999999999999983,27.3,39.3,10.7,82.42962962962964,13.962962962962964,10.951856083676269,23.111493827160494,5.064864197530865,32.5,287.54,210.61,254.7,234.05000000000004,118.58148148148148,48.577777777777776,25.586977299880523
Lime,2017-05-01,282.9,340.6,355.07,64.94,2017,5,22.955099697737825,14.46999999999997,0.49999999999999994,-0.8660254037844387,27.174074074074074,37.8,12.0,166.72962962962958,21.666666666666668,9.881361147617152,19.387491039426525,4.414109916367981,42.2,204.0,287.54,210.61,258.1466666666667,82.42962962962964,118.58148148148148,27.3
Lime,2017-06-01,228.66,277.7,289.02,54.7,2017,6,23.921969770852023,11.319999999999993,1.2246467991473532e-16,-1.0,26.935555555555556,39.1,13.0,129.3,18.925925925925927,10.23791511659808,18.765913580246913,4.445913580246914,41.2,282.9,204.0,287.54,238.51999999999998,166.72962962962958,82.42962962962964,27.174074074074074
Lime,2017-07-01,274.69,331.48,354.22,68.16,2017,7,24.813417010660377,22.74000000000001,-0.4999999999999998,-0.8660254037844388,27.253405017921146,39.5,12.6,104.68148148148147,19.0,10.337333223815213,19.277873357228195,4.638351254480287,40.9,228.66,282.9,204.0,262.0833333333333,129.3,166.72962962962958,26.935555555555556
Lime,2017-08-01,194.63,260.32,262.37,66.72,2017,8,34.28041191984179,2.0500000000000114,-0.8660254037844384,-0.5000000000000004,26.511350059737158,38.4,11.7,160.82222222222222,21.40740740740741,9.4878531129696,18.38399044205496,4.242652329749104,40.0,274.69,228.66,282.9,232.66,104.68148148148147,129.3,27.253405017921146
Lime,2017-09-01,234.7,290.83,327.73,74.58,2017,9,31.776722719760237,36.900000000000034,-1.0,-1.8369701987210297e-16,25.927777777777777,37.8,11.4,173.06666666666663,20.51851851851852,9.282737726337448,18.361543209876544,4.028864197530864,41.8,194.63,274.69,228.66,234.67333333333332,160.82222222222222,104.68148148148147,26.511350059737158
Lime,2017-10-01,251.49,323.17,333.12,76.66,2017,10,30.48231322028183,9.949999999999989,-0.8660254037844386,0.5000000000000001,25.738351254480285,36.7,11.7,266.72222222222223,26.0,8.75059341563786,16.79330943847073,3.6334767025089603,36.6,234.7,194.63,274.69,226.93999999999997,173.06666666666663,160.82222222222222,25.927777777777777
Lime,2017-11-01,231.05,299.69,307.94,72.76,2017,11,31.4910056303806,8.25,-0.5000000000000004,0.8660254037844384,24.537283950617287,32.7,10.3,389.05925925925936,24.85185185185185,7.012991056241426,14.044666666666666,2.8818641975308643,49.3,251.49,234.7,194.63,239.08,266.72222222222223,173.06666666666663,25.738351254480285
Lime,2017-12-01,218.93,278.27,301.62,71.01,2017,12,32.43501007855932,23.350000000000023,-2.4492935982947064e-16,1.0,24.322341696535243,32.1,10.0,117.70370370370371,16.48148148148148,9.467093986459577,16.48821983273596,3.3940023894862605,29.3,231.05,251.49,234.7,233.82333333333335,389.05925925925936,266.72222222222223,24.537283950617287
Lime,2018-01-01,265.15,363.41,374.42,103.77,2018,1,39.13632316186191,11.009999999999991,0.49999999999999994,0.8660254037844387,23.959976105137397,35.0,6.4,47.22592592592592,8.592592592592593,9.747279261250497,18.507001194743133,3.9380286738351256,30.8,218.93,231.05,251.49,238.37666666666667,117.70370370370371,389.05925925925936,24.322341696535243
Lime,2018-02-01,196.92,247.04,265.84,59.52,2018,2,30.225456923899596,18.799999999999983,0.8660254037844386,0.5000000000000001,24.76878306878307,36.0,9.3,73.10000000000001,12.37037037037037,10.333134461346267,20.12851851851852,4.31005291005291,30.5,265.15,218.93,231.05,227.0,47.22592592592592,117.70370370370371,23.959976105137397
Lime,2018-03-01,200.53,260.99,265.45,62.69,2018,3,31.262139698728518,4.4599999999999795,1.0,6.123233995736766e-17,25.733811230585424,37.0,9.9,107.91851851851851,18.074074074074073,9.972489738484002,20.42831541218638,4.319008363201912,36.2,196.92,265.15,218.93,220.86666666666665,73.10000000000001,47.22592592592592,24.76878306878307
Lime,2018-04-01,324.49,438.54,407.51,98.54,2018,4,30.367644498245095,-31.03000000000003,0.8660254037844387,-0.49999999999999983,26.249382716049382,37.9,11.5,136.58148148148146,22.037037037037038,10.20821816872428,20.737827160493826,4.3362592592592595,23.7,200.53,196.92,265.15,240.64666666666668,107.91851851851851,73.10000000000001,25.733811230585424
Lime,2018-05-01,190.02,230.9,257.77,54.31,2018,5,28.58118693759239,26.869999999999976,0.49999999999999994,-0.8660254037844387,25.950896057347673,38.6,12.4,281.8703703703704,26.51851851851852,8.218543744192221,16.934659498207886,3.6000955794504184,40.4,324.49,200.53,196.92,238.3466666666667,136.58148148148146,107.91851851851851,26.249382716049382
Lime,2018-06-01,284.64,382.22,411.27,112.11,2018,6,39.38657975457429,29.049999999999955,1.2246467991473532e-16,-1.0,26.280740740740743,37.3,13.0,156.8148148148148,18.555555555555557,10.04098037037037,19.019024691358023,4.258370370370371,49.4,190.02,324.49,200.53,266.3833333333333,281.8703703703704,136.58148148148146,25.950896057347673
Lime,2018-07-01,270.4,371.3,346.11,88.31,2018,7,32.659011590602226,-25.189999999999998,-0.4999999999999998,-0.8660254037844388,26.442771804062126,39.4,11.7,105.4074074074074,16.296296296296298,10.151720861542547,19.49703703703704,4.578888888888889,42.6,284.64,190.02,324.49,248.35333333333332,156.8148148148148,281.8703703703704,26.280740740740743
Lime,2018-08-01,222.63,306.29,284.16,72.6,2018,8,32.61014570806014,-22.129999999999995,-0.8660254037844384,-0.5000000000000004,26.169295101553168,38.8,11.1,110.07037037037037,16.59259259259259,9.740048861675293,19.399438470728793,4.512031063321386,47.9,270.4,284.64,190.02,259.22333333333336,105.4074074074074,156.8148148148148,26.442771804062126
Lime,2018-09-01,177.61,217.72,237.49,49.99,2018,9,28.14592188169479,19.77000000000001,-1.0,-1.8369701987210297e-16,26.19975308641975,39.3,10.6,151.07407407407408,15.37037037037037,10.156860775034293,20.977728395061728,4.694456790123457,38.5,222.63,270.4,284.64,223.5466666666667,110.07037037037037,105.4074074074074,26.169295101553168
Lime,2018-10-01,234.76,319.58,303.3,76.68,2018,10,32.66313142650732,-16.279999999999973,-0.8660254037844386,0.5000000000000001,24.765232974910393,33.1,11.3,427.51111111111106,28.814814814814813,7.764433117615823,15.895244922341696,3.1759139784946235,27.5,177.61,222.63,270.4,211.66666666666666,151.07407407407408,110.07037037037037,26.19975308641975
Lime,2018-11-01,311.34,406.22,417.45,100.5,2018,11,32.27981233384328,11.229999999999961,-0.5000000000000004,0.8660254037844384,24.50913580246914,32.8,9.6,364.6888888888889,24.037037037037038,8.268375205761318,15.564481481481481,3.120740740740741,46.7,234.76,177.61,222.63,241.23666666666668,427.51111111111106,151.07407407407408,24.765232974910393
Lime,2018-12-01,284.03,391.0,408.92,115.93,2018,12,40.81609660384587,17.920000000000016,-2.4492935982947064e-16,1.0,24.27383512544803,31.5,9.3,116.16666666666667,15.777777777777779,9.064698848400372,16.77383512544803,3.3995579450418156,29.2,311.34,234.76,177.61,276.71,364.6888888888889,427.51111111111106,24.50913580246914
Lime,2019-01-01,275.18,381.13,358.27,94.52,2019,1,34.348414002320666,-22.860000000000014,0.49999999999999994,0.8660254037844387,24.212903225806453,35.7,6.4,50.925925925925924,9.703703703703704,10.277958074472322,19.057729988052568,4.049450418160095,29.6,284.03,311.34,234.76,290.18333333333334,116.16666666666667,364.6888888888889,24.27383512544803
Lime,2019-02-01,243.53,329.26,306.15,74.17,2019,2,30.45619412138376,-23.110000000000014,0.8660254037844386,0.5000000000000001,25.137301587301586,36.0,8.5,137.72222222222223,15.962962962962964,10.223752781452086,19.592037037037038,4.077936507936508,35.1,275.18,284.03,311.34,267.58000000000004,50.925925925925924,116.16666666666667,24.212903225806453
Lime,2019-03-01,298.56,411.86,393.37,104.06,2019,3,34.85395402801647,-18.49000000000001,1.0,6.123233995736766e-17,26.278972520908006,38.5,8.4,44.711111111111116,9.11111111111111,10.987465465286073,23.488016726403824,5.092640382317802,31.6,243.53,275.18,284.03,272.42333333333335,137.72222222222223,50.925925925925924,25.137301587301586
Lime,2019-04-01,325.91,440.98,419.59,104.37,2019,4,32.02416862809714,-21.390000000000043,0.8660254037844387,-0.49999999999999983,27.08716049382716,38.0,11.1,118.6925925925926,15.88888888888889,9.605431121399178,20.82320987654321,4.5343580246913575,35.5,298.56,243.53,275.18,289.3333333333333,44.711111111111116,137.72222222222223,26.278972520908006
Lime,2019-05-01,209.25,281.03,279.52,71.02,2019,5,33.94024662353805,-1.509999999999991,0.49999999999999994,-0.8660254037844387,27.60131421744325,38.8,11.4,71.44444444444444,14.62962962962963,10.562540979689366,20.850215053763442,4.868160095579451,41.0,325.91,298.56,243.53,277.9066666666667,118.6925925925926,44.711111111111116,27.08716049382716
Lime,2019-06-01,275.19,378.78,372.96,100.68,2019,6,36.585618450663745,-5.819999999999993,1.2246467991473532e-16,-1.0,27.607407407407408,39.1,13.0,112.76666666666667,15.666666666666666,10.03913598079561,19.192456790123455,4.719913580246914,41.6,209.25,325.91,298.56,270.1166666666667,71.44444444444444,118.6925925925926,27.60131421744325
Lime,2019-07-01,237.54,320.29,322.66,83.94,2019,7,35.337191488931765,2.3700000000000045,-0.4999999999999998,-0.8660254037844388,27.097132616487453,39.8,11.0,91.35555555555555,15.296296296296296,10.36241189765034,19.905256869772998,4.747873357228196,49.2,275.19,209.25,325.91,240.66,112.76666666666667,71.44444444444444,27.607407407407408
Lime,2019-08-01,251.55,311.35,314.76,61.5,2019,8,24.44841007815143,3.409999999999968,-0.8660254037844384,-0.5000000000000004,26.305973715651135,38.5,12.5,207.83333333333334,20.703703703703702,8.75700611642108,17.228554360812424,4.048327359617682,42.5,237.54,275.19,209.25,254.76,91.35555555555555,112.76666666666667,27.097132616487453
Lime,2019-09-01,314.22,377.45,423.62,86.31,2019,9,27.468007298069093,46.170000000000016,-1.0,-1.8369701987210297e-16,25.829135802469136,38.0,12.3,217.9814814814815,24.333333333333332,9.308988034979423,18.34032098765432,3.9999135802469135,38.5,251.55,237.54,275.19,267.77,207.83333333333334,91.35555555555555,26.305973715651135
Lime,2019-10-01,312.52,392.38,422.49,94.92,2019,10,30.372446444244712,30.110000000000014,-0.8660254037844386,0.5000000000000001,24.684707287933094,33.0,11.5,446.2851851851852,29.22222222222222,7.022678955927252,15.168781362007168,3.057060931899642,27.0,314.22,251.55,237.54,292.7633333333333,217.9814814814815,207.83333333333334,25.829135802469136
Lime,2019-11-01,326.81,419.68,424.84,95.45,2019,11,29.2065636894331,5.159999999999968,-0.5000000000000004,0.8660254037844384,24.95012345679012,32.3,11.0,229.92962962962963,26.11111111111111,9.403515637860083,17.369481481481483,3.454716049382716,28.7,312.52,314.22,251.55,317.84999999999997,446.2851851851852,217.9814814814815,24.684707287933094
Lime,2019-12-01,239.42,330.74,319.98,85.94,2019,12,35.895064783616746,-10.759999999999991,-2.4492935982947064e-16,1.0,24.533452807646356,31.6,9.9,222.0148148148148,23.40740740740741,8.656992559405284,15.23205495818399,3.0920310633213863,30.8,326.81,312.52,314.22,292.91666666666663,229.92962962962963,446.2851851851852,24.95012345679012
Lime,2020-01-01,257.63,320.75,322.54,64.02,2020,1,24.8495808525479,1.7900000000000205,0.49999999999999994,0.8660254037844387,24.866427718040622,35.0,8.1,35.46296296296296,11.148148148148149,10.679307032390815,19.835232974910394,4.180872162485065,33.8,239.42,326.81,312.52,274.61999999999995,222.0148148148148,229.92962962962963,24.533452807646356
Lime,2020-02-01,290.18,365.2,382.34,83.59,2020,2,28.806248257547644,17.139999999999986,0.8660254037844386,0.5000000000000001,25.54367816091954,37.1,8.7,39.285185185185185,8.333333333333334,10.903973052362709,21.708429118773946,4.827918263090677,40.7,257.63,239.42,326.81,262.40999999999997,35.46296296296296,222.0148148148148,24.866427718040622
Lime,2020-03-01,341.12,425.88,463.6,103.62,2020,3,30.376398224554933,37.72000000000003,1.0,6.123233995736766e-17,26.619713261648748,37.0,9.0,30.65555555555556,7.592592592592593,11.034342954334264,23.400645161290324,5.168757467144564,35.0,290.18,257.63,239.42,296.31,39.285185185185185,35.46296296296296,25.54367816091954
Lime,2020-04-01,380.72,468.01,499.64,103.1,2020,4,27.08026185116047,31.629999999999995,0.8660254037844387,-0.49999999999999983,26.975061728395062,37.8,10.6,129.98888888888888,20.22222222222222,10.672721124828533,22.053827160493825,4.7376913580246915,28.1,341.12,290.18,257.63,337.34,30.65555555555556,39.285185185185185,26.619713261648748
Lime,2020-05-01,254.83,326.97,340.25,78.78,2020,5,30.91471533386362,13.279999999999973,0.49999999999999994,-0.8660254037844387,27.07431302270012,37.3,13.4,184.54074074074074,22.074074074074073,9.019299054161689,18.124169653524493,4.016583034647551,43.8,380.72,341.12,290.18,325.5566666666667,129.98888888888888,30.65555555555556,26.975061728395062
Lime,2020-06-01,360.66,439.62,467.87,93.08,2020,6,25.808233292232767,28.25,1.2246467991473532e-16,-1.0,27.07012345679012,38.5,11.6,116.4074074074074,17.296296296296298,9.95355420781893,19.088296296296296,4.403753086419753,39.3,254.83,380.72,341.12,332.07,184.54074074074074,129.98888888888888,27.07431302270012
Lime,2020-07-01,219.6,295.2,292.2,74.1,2020,7,33.74315403317211,-3.0,-0.4999999999999998,-0.8660254037844388,26.37574671445639,37.5,12.4,152.52592592592595,20.48148148148148,9.078961413115625,17.43378733572282,3.915722819593787,38.4,360.66,254.83,380.72,278.36333333333334,116.4074074074074,184.54074074074074,27.07012345679012
Lime,2020-08-01,301.46,373.17,387.8,79.03,2020,8,26.215741320327307,14.629999999999995,-0.8660254037844384,-0.5000000000000004,26.58183990442055,38.8,11.0,106.85185185185185,14.592592592592593,9.914153697066242,20.05278375149343,4.572078853046595,43.4,219.6,360.66,254.83,293.90666666666664,152.52592592592595,116.4074074074074,26.37574671445639
Lime,2020-09-01,323.49,411.9,405.34,85.13,2020,9,26.316106737114985,-6.560000000000002,-1.0,-1.8369701987210297e-16,25.79074074074074,36.9,11.8,215.6814814814815,21.62962962962963,7.988970222908092,16.36483950617284,3.6884320987654324,41.5,301.46,219.6,360.66,281.5166666666666,106.85185185185185,152.52592592592595,26.58183990442055
Lime,2020-10-01,238.49,287.78,336.02,73.41,2020,10,30.781151922029466,48.24000000000001,-0.8660254037844386,0.5000000000000001,26.279091995221027,39.3,10.9,107.62592592592591,18.333333333333332,10.502320128103014,20.286403823178016,4.526618876941458,42.8,323.49,301.46,219.6,287.8133333333333,215.6814814814815,106.85185185185185,25.79074074074074
Lime,2020-11-01,326.48,413.74,432.41,96.6,2020,11,29.588327129279858,18.670000000000016,-0.5000000000000004,0.8660254037844384,25.08407407407407,34.6,10.5,274.7851851851851,25.25925925925926,8.593452866941014,16.191395061728397,3.3017654320987653,33.0,238.49,323.49,301.46,296.1533333333333,107.62592592592591,215.6814814814815,26.279091995221027
Lime,2020-12-01,330.77,436.58,456.57,115.8,2020,12,35.00921032463334,19.99000000000001,-2.4492935982947064e-16,1.0,24.260812425328552,32.2,9.4,328.14074074074074,22.962962962962962,8.186538195274128,15.054970131421745,3.0599641577060934,60.7,326.48,238.49,323.49,298.58,274.7851851851851,107.62592592592591,25.08407407407407
Lime,2021-01-01,346.44,447.62,486.47,120.61,2021,1,34.8140991761635,38.85000000000002,0.49999999999999994,0.8660254037844387,24.084109916367982,31.8,7.8,305.01111111111106,22.22222222222222,8.01223636001593,15.325017921146955,3.077658303464755,37.6,330.77,326.48,238.49,334.5633333333333,328.14074074074074,274.7851851851851,24.260812425328552
Lime,2021-02-01,352.13,485.72,449.47,115.47,2021,2,32.791857327732,-36.25,0.8660254037844386,0.5000000000000001,24.609920634920634,36.3,8.8,45.803703703703704,10.407407407407407,10.754679559817754,20.968068783068784,4.324074074074074,29.6,346.44,330.77,326.48,343.1133333333333,305.01111111111106,328.14074074074074,24.084109916367982
Lime,2021-03-01,246.87,336.05,309.09,75.7,2021,3,30.663899759428137,-26.960000000000036,1.0,6.123233995736766e-17,25.527240143369173,36.2,7.1,114.44814814814816,16.074074074074073,9.764480708217178,20.53426523297491,4.3707885304659495,30.8,352.13,346.44,330.77,315.1466666666666,45.803703703703704,305.01111111111106,24.609920634920634
Lime,2021-04-01,321.15,431.83,455.65,122.59,2021,4,38.17218179287505,23.819999999999993,0.8660254037844387,-0.49999999999999983,26.35074074074074,37.8,9.6,139.86296296296297,18.48148148148148,10.590717719478738,21.803691358024693,4.592555555555555,32.4,246.87,352.13,346.44,306.71666666666664,114.44814814814816,45.803703703703704,25.527240143369173
Lime,2021-05-01,262.22,358.4,346.19,90.07,2021,5,34.34900680763984,-12.20999999999998,0.49999999999999994,-0.8660254037844387,26.356152927120668,37.2,12.9,270.9185185185185,24.444444444444443,8.824277094119209,17.940095579450418,3.9063918757467144,45.5,321.15,246.87,352.13,276.74666666666667,139.86296296296297,114.44814814814816,26.35074074074074
Lime,2021-06-01,241.61,296.08,344.19,78.52,2021,6,32.49864140613327,48.110000000000014,1.2246467991473532e-16,-1.0,26.42703703703704,37.8,11.7,135.70740740740743,16.88888888888889,10.241626052812071,19.585086419753086,4.388802469135802,39.5,262.22,321.15,246.87,274.9933333333333,270.9185185185185,139.86296296296297,26.356152927120668
Lime,2021-07-01,227.7,280.06,299.65,62.16,2021,7,27.29906574481083,19.589999999999975,-0.4999999999999998,-0.8660254037844388,26.480167264038233,38.1,11.5,152.8148148148148,19.074074074074073,10.035993359219434,19.093261648745518,4.372556750298686,45.4,241.61,262.22,321.15,243.84333333333333,135.70740740740743,270.9185185185185,26.42703703703704
Lime,2021-08-01,249.2,331.92,334.03,83.78,2021,8,33.61956917352762,2.109999999999957,-0.8660254037844384,-0.5000000000000004,26.173357228195936,38.2,10.5,150.7037037037037,20.14814814814815,9.281493747510952,18.53409796893668,4.1990919952210275,37.9,227.7,241.61,262.22,239.5033333333333,152.8148148148148,135.70740740740743,26.480167264038233
Lime,2021-09-01,220.25,282.42,277.01,59.46,2021,9,26.99658252141543,-5.410000000000025,-1.0,-1.8369701987210297e-16,26.211604938271606,37.8,11.8,158.91111111111113,21.48148148148148,9.599454698216736,19.07972839506173,4.259493827160494,47.1,249.2,227.7,241.61,232.3833333333333,150.7037037037037,152.8148148148148,26.173357228195936
Lime,2021-10-01,299.76,372.04,426.0,99.26,2021,10,33.11314614586799,53.95999999999998,-0.8660254037844386,0.5000000000000001,25.332138590203105,35.8,12.1,278.4,25.11111111111111,8.63790509757069,17.564982078853046,3.6884707287933094,41.5,220.25,249.2,227.7,256.40333333333325,158.91111111111113,150.7037037037037,26.211604938271606
Lime,2021-11-01,279.05,354.27,360.31,78.24,2021,11,28.037975976356933,6.0400000000000205,-0.5000000000000004,0.8660254037844384,24.365061728395062,33.5,10.0,427.3777777777778,26.925925925925927,6.782470631001372,14.440074074074072,2.9260493827160494,35.8,299.76,220.25,249.2,266.3533333333333,278.4,158.91111111111113,25.332138590203105
Lime,2021-12-01,265.89,351.49,332.42,76.07,2021,12,28.609564628393464,-19.069999999999993,-2.4492935982947064e-16,1.0,24.4415770609319,33.6,7.5,103.32592592592593,17.62962962962963,9.852105223682463,18.46284348864994,3.7568219832735963,30.7,279.05,299.76,220.25,281.56666666666666,427.3777777777778,278.4,24.365061728395062
Lime,2022-01-01,381.04,490.63,519.87,124.21,2022,1,32.59761899075714,29.24000000000001,0.49999999999999994,0.8660254037844387,24.333452807646353,34.6,6.6,79.39259259259259,16.14814814814815,10.050922418027346,19.505256869773,3.973847072879331,29.2,265.89,279.05,299.76,308.6599999999999,103.32592592592593,427.3777777777778,24.4415770609319
Lime,2022-02-01,251.63,324.71,348.8,85.12,2022,2,33.82743161489822,24.090000000000032,0.8660254037844386,0.5000000000000001,24.69126984126984,34.9,7.6,79.60370370370372,11.11111111111111,9.95848259112287,21.214708994708996,4.435978835978836,27.7,381.04,265.89,279.05,299.52,79.39259259259259,103.32592592592593,24.333452807646353
Lime,2022-03-01,426.01,548.4,542.46,119.42,2022,3,28.03219923659087,-5.939999999999941,1.0,6.123233995736766e-17,25.770967741935483,35.5,10.5,59.69259259259258,16.555555555555557,10.201836081242533,21.651875746714456,4.57,31.9,251.63,381.04,265.89,352.89333333333326,79.60370370370372,79.39259259259259,24.69126984126984
Lime,2022-04-01,445.27,622.14,616.38,173.99,2022,4,39.075159100060844,-5.759999999999991,0.8660254037844387,-0.49999999999999983,25.617407407407406,34.3,10.9,202.30740740740737,25.962962962962962,9.503278967764063,20.255123456790127,4.1158271604938275,28.6,426.01,251.63,381.04,374.3033333333333,59.69259259259258,79.60370370370372,25.770967741935483
Lime,2022-05-01,243.75,333.36,329.31,87.58,2022,5,35.93024166964444,-4.050000000000011,0.49999999999999994,-0.8660254037844387,26.48757467144564,37.1,13.6,213.74444444444447,19.814814814814813,9.514996717775123,19.586021505376344,4.3536559139784945,42.1,445.27,426.01,251.63,371.67666666666656,202.30740740740737,59.69259259259258,25.617407407407406
Lime,2022-06-01,247.55,340.65,331.82,88.68,2022,6,35.82305157622639,-8.829999999999984,1.2246467991473532e-16,-1.0,26.23222222222222,37.0,12.4,124.10370370370369,19.22222222222222,9.639822321673526,19.14904938271605,4.2830864197530865,42.9,243.75,445.27,426.01,312.18999999999994,213.74444444444447,202.30740740740737,26.48757467144564
Lime,2022-07-01,361.46,493.83,477.51,124.21,2022,7,34.363405532173545,-16.319999999999993,-0.4999999999999998,-0.8660254037844388,26.23273596176822,38.0,12.2,123.77407407407406,18.48148148148148,8.95918853046595,18.739330943847072,4.2962007168458785,43.1,247.55,243.75,445.27,284.2533333333333,124.10370370370369,213.74444444444447,26.23222222222222
Lime,2022-08-01,324.75,417.01,435.22,101.36,2022,8,31.21169169770849,18.210000000000036,-0.8660254037844384,-0.5000000000000004,25.684587813620073,36.9,11.1,193.66666666666666,21.25925925925926,9.281554533386434,19.427443249701316,4.245890083632019,45.9,361.46,247.55,243.75,311.2533333333333,123.77407407407406,124.10370370370369,26.23273596176822
Lime,2022-09-01,429.14,564.96,545.51,126.1,2022,9,29.384343248277194,-19.450000000000045,-1.0,-1.8369701987210297e-16,25.752222222222223,37.6,10.5,98.95185185185184,16.77777777777778,9.9764180829904,21.314691358024692,4.598962962962963,40.0,324.75,361.46,247.55,371.7833333333333,193.66666666666666,123.77407407407406,25.684587813620073
Lime,2022-10-01,375.37,478.1,538.83,133.1,2022,10,35.45833831730338,60.73000000000002,-0.8660254037844386,0.5000000000000001,24.89163679808841,36.8,10.4,295.11111111111114,25.962962962962962,8.194988298154787,17.328076463560336,3.6061768219832735,42.1,429.14,324.75,361.46,376.4199999999999,98.95185185185184,193.66666666666666,25.752222222222223
Lime,2022-11-01,346.51,455.84,497.36,130.09,2022,11,37.54291721944036,41.52000000000004,-0.5000000000000004,0.8660254037844384,24.250864197530866,33.1,9.6,239.3592592592593,18.74074074074074,8.210116035665294,16.932876543209876,3.4289506172839506,31.4,375.37,429.14,324.75,383.67333333333335,295.11111111111114,98.95185185185184,24.89163679808841
Lime,2022-12-01,373.96,470.47,524.87,123.71,2022,12,33.081069344028954,54.39999999999998,-2.4492935982947064e-16,1.0,23.920908004778973,32.6,8.0,215.6962962962963,22.185185185185187,7.868798171379264,15.54121863799283,3.2044324970131424,41.5,346.51,375.37,429.14,365.28,239.3592592592593,295.11111111111114,24.250864197530866
Lime,2023-01-01,414.32,515.5,555.77,121.32,2023,1,29.28170754930789,40.26999999999998,0.49999999999999994,0.8660254037844387,23.56953405017921,32.4,6.2,103.34074074074073,13.814814814814815,9.35084146090535,18.494062126642774,3.812951015531661,28.7,373.96,346.51,375.37,378.2633333333333,215.6962962962963,239.3592592592593,23.920908004778973
Lime,2023-02-01,242.73,300.41,331.77,73.36,2023,2,30.222868939616472,31.359999999999957,0.8660254037844386,0.5000000000000001,24.21732804232804,34.1,6.1,117.72222222222223,13.222222222222221,9.727644201940036,20.465039682539683,4.152261904761905,44.3,414.32,373.96,346.51,343.6699999999999,103.34074074074073,215.6962962962963,23.56953405017921
Lime,2023-03-01,308.03,374.13,411.87,84.97,2023,3,27.58496653411469,37.74000000000001,1.0,6.123233995736766e-17,25.44014336917563,35.4,10.5,101.71481481481482,18.074074074074073,10.236548420284082,21.96173237753883,4.543154121863799,34.7,242.73,414.32,373.96,321.69333333333327,117.72222222222223,103.34074074074073,24.21732804232804
Lime,2023-04-01,305.61,408.76,439.84,118.69,2023,4,38.83706723043512,31.079999999999984,0.8660254037844387,-0.49999999999999983,26.40691358024691,36.8,10.4,125.12592592592593,18.25925925925926,10.259467297668039,22.379345679012346,4.719345679012346,26.6,308.03,242.73,414.32,285.45666666666665,101.71481481481482,117.72222222222223,25.44014336917563
Lime,2023-05-01,275.66,378.63,356.22,91.76,2023,5,33.28737093253612,-22.409999999999968,0.49999999999999994,-0.8660254037844387,26.61672640382318,37.0,11.9,151.91851851851848,19.88888888888889,9.052870496482146,19.442508960573477,4.1923655913978495,39.3,305.61,308.03,242.73,296.43333333333334,125.12592592592593,101.71481481481482,26.40691358024691
Lime,2023-06-01,399.78,486.6,504.29,95.67,2023,6,23.930655878068972,17.689999999999998,1.2246467991473532e-16,-1.0,27.14296296296296,37.9,12.9,117.73703703703703,18.666666666666668,10.179046608367628,20.140827160493828,4.662617283950617,37.4,275.66,305.61,308.03,327.01666666666665,151.91851851851848,125.12592592592593,26.61672640382318
Lime,2023-07-01,250.5,320.98,337.4,78.69,2023,7,31.413161112510537,16.41999999999996,-0.4999999999999998,-0.8660254037844388,26.840979689366787,39.3,11.8,118.34444444444445,17.333333333333332,9.548847059604407,19.37148148148148,4.611099163679809,43.9,399.78,275.66,305.61,308.6466666666666,117.73703703703703,151.91851851851848,27.14296296296296
Lime,2023-08-01,434.89,581.9,543.86,127.99,2023,8,29.430423916295172,-38.039999999999964,-0.8660254037844384,-0.5000000000000004,27.261409796893666,39.5,11.4,74.89629629629628,15.777777777777779,10.886052190362406,22.576105137395462,5.263297491039427,35.1,250.5,399.78,275.66,361.7233333333333,118.34444444444445,117.73703703703703,26.840979689366787
Lime,2023-09-01,386.58,527.15,502.45,128.22,2023,9,33.16777040515019,-24.69999999999999,-1.0,-1.8369701987210297e-16,25.915185185185184,37.0,12.0,254.35555555555558,24.48148148148148,8.70759411179698,18.487765432098765,4.146185185185185,41.1,434.89,250.5,399.78,357.32333333333327,74.89629629629628,118.34444444444445,27.261409796893666
Lime,2023-10-01,340.2,409.19,467.67,98.23,2023,10,28.874183164555216,58.48000000000002,-0.8660254037844386,0.5000000000000001,25.041696535244924,35.2,11.7,390.61851851851856,27.88888888888889,8.155679135138724,17.433476702508962,3.5616367980884114,37.3,386.58,434.89,250.5,387.2233333333333,254.35555555555558,74.89629629629628,25.915185185185184
Lime,2023-11-01,262.18,350.4,371.55,98.79,2023,11,37.68020532450785,21.150000000000034,-0.5000000000000004,0.8660254037844384,24.58407407407407,32.2,10.8,515.1407407407407,29.11111111111111,7.543883251028808,15.49683950617284,3.0763703703703706,26.1,340.2,386.58,434.89,329.6533333333333,390.61851851851856,254.35555555555558,25.041696535244924
Lime,2023-12-01,399.92,542.59,526.42,134.58,2023,12,33.65172193145581,-16.170000000000073,-2.4492935982947064e-16,1.0,24.70310633213859,32.4,10.1,347.7074074074075,27.074074074074073,7.775822411389885,15.059247311827956,3.05715651135006,35.0,262.18,340.2,386.58,334.09999999999997,515.1407407407407,390.61851851851856,24.58407407407407
Lime,2024-01-01,548.05,725.14,703.6,166.32,2024,1,30.347590484884506,-21.539999999999964,0.49999999999999994,0.8660254037844387,24.613500597371566,33.2,6.6,164.60370370370367,17.22222222222222,9.050596405814415,17.903405017921145,3.690406212664277,34.3,399.92,262.18,340.2,403.38333333333327,347.7074074074075,515.1407407407407,24.70310633213859
Lime,2024-02-01,406.62,528.44,566.84,141.02,2024,2,34.681020441439074,38.39999999999998,0.8660254037844386,0.5000000000000001,25.937037037037037,37.3,10.1,38.696296296296296,9.62962962962963,10.865918103448278,22.239182630906768,4.844712643678161,36.2,548.05,399.92,262.18,451.53,164.60370370370367,347.7074074074075,24.613500597371566
Lime,2024-03-01,328.84,439.94,428.03,105.15,2024,3,31.976027254583617,-11.910000000000025,1.0,6.123233995736766e-17,26.72258064516129,38.3,9.8,58.05925925925926,8.407407407407407,10.914837687508298,23.956308243727598,5.247909199522103,29.8,406.62,548.05,399.92,427.8366666666666,38.696296296296296,164.60370370370367,25.937037037037037
Lime,2024-04-01,541.33,757.52,760.32,217.59,2024,4,40.1954371279188,2.800000000000068,0.8660254037844387,-0.49999999999999983,27.57950617283951,39.4,11.3,112.4925925925926,16.814814814814813,10.575852921810698,22.987333333333336,4.997975308641975,30.3,328.84,406.62,548.05,425.59666666666664,58.05925925925926,38.696296296296296,26.72258064516129
Lime,2024-05-01,441.21,537.64,562.36,108.79,2024,5,24.65718713148226,24.720000000000027,0.49999999999999994,-0.8660254037844387,27.09545997610514,40.3,13.7,371.0,23.77777777777778,8.357931302270012,18.273715651135007,3.9950537634408603,48.3,541.33,328.84,406.62,437.1266666666666,112.4925925925926,58.05925925925926,27.57950617283951
Lime,2024-06-01,411.33,525.79,552.14,127.64,2024,6,31.03103808838692,26.350000000000023,1.2246467991473532e-16,-1.0,26.601388888888888,36.4,12.8,53.1,6.333333333333333,9.251713567386833,18.447453703703705,3.9457407407407405,36.0,441.21,541.33,328.84,464.6233333333333,371.0,112.4925925925926,27.09545997610514
Pumpkin,2010-01-01,58.85,77.83,81.23,20.68,2010,1,35.140127204541706,3.4000000000000057,0.49999999999999994,0.8660254037844387,24.38219832735962,33.2,13.1,74.89629629629628,11.555555555555555,10.191066301606265,18.25299880525687,3.817479091995221,31.1,58.85,58.85,58.85,58.85,74.89629629629628,74.89629629629628,24.38219832735962
Pumpkin,2010-02-01,52.1,71.72,70.46,18.99,2010,2,36.44906631657137,-1.2600000000000051,0.8660254037844386,0.5000000000000001,25.346428571428575,36.5,12.6,27.08888888888889,5.0,10.081776940035274,20.48521164021164,4.425886243386243,31.2,58.85,58.85,58.85,55.475,74.89629629629628,74.89629629629628,24.38219832735962
Pumpkin,2010-03-01,49.99,63.2,71.79,17.51,2010,3,35.02693533319597,8.590000000000003,1.0,6.123233995736766e-17,26.880884109916366,37.2,12.9,62.329629629629636,9.666666666666666,10.952022939068101,22.906750298685782,5.054336917562724,28.3,52.1,58.85,58.85,53.64666666666667,27.08888888888889,74.89629629629628,25.346428571428575
Pumpkin,2010-04-01,68.35,88.78,92.25,22.17,2010,4,32.43594376599303,3.469999999999999,0.8660254037844387,-0.49999999999999983,26.98037037037037,36.3,15.0,183.96666666666667,21.77777777777778,10.057895030864195,20.685123456790123,4.393654320987655,28.8,49.99,52.1,58.85,56.81333333333333,62.329629629629636,27.08888888888889,26.880884109916366
Pumpkin,2010-05-01,62.55,78.68,89.45,21.52,2010,5,34.4044214157931,10.769999999999996,0.49999999999999994,-0.8660254037844387,26.86762246117085,35.5,15.9,171.74074074074073,22.51851851851852,9.573050126111776,18.505292712066908,4.026881720430108,48.0,68.35,49.99,52.1,60.29666666666666,183.96666666666667,62.329629629629636,26.98037037037037
Pumpkin,2010-06-01,57.56,79.39,73.02,18.64,2010,6,32.383543461529776,-6.3700000000000045,1.2246467991473532e-16,-1.0,26.621975308641975,37.0,16.0,161.88888888888889,20.51851851851852,9.854107297668039,18.50595061728395,4.217641975308642,47.1,62.55,68.35,49.99,62.81999999999999,171.74074074074073,183.96666666666667,26.86762246117085
Pumpkin,2010-07-01,56.05,74.54,73.59,18.02,2010,7,32.1498088317416,-0.9500000000000028,-0.4999999999999998,-0.8660254037844388,26.288530465949822,35.5,14.8,127.11111111111111,19.666666666666668,9.882708134209476,18.813775388291518,4.249342891278375,40.1,57.56,62.55,68.35,58.71999999999999,161.88888888888889,171.74074074074073,26.621975308641975
Pumpkin,2010-08-01,53.24,68.07,71.31,16.45,2010,8,30.897763152210455,3.240000000000009,-0.8660254037844384,-0.5000000000000004,26.09295101553166,36.0,14.8,145.3,19.40740740740741,9.287111814682067,17.983154121863798,4.0579689366786145,40.0,56.05,57.56,62.55,55.61666666666667,127.11111111111111,161.88888888888889,26.288530465949822
Pumpkin,2010-09-01,53.79,65.16,72.18,14.88,2010,9,27.663082983671718,7.02000000000001,-1.0,-1.8369701987210297e-16,25.68567901234568,35.3,14.6,185.2185185185185,21.962962962962962,8.915182475994513,18.153679012345677,3.9281604938271606,37.0,53.24,56.05,57.56,54.35999999999999,145.3,127.11111111111111,26.09295101553166
Pumpkin,2010-10-01,55.23,75.18,70.05,17.39,2010,10,31.486453944497654,-5.13000000000001,-0.8660254037844386,0.5000000000000001,25.488291517323777,36.2,12.8,210.63703703703703,19.333333333333332,9.755867881322182,18.504074074074072,3.9231541218637993,37.9,53.79,53.24,56.05,54.086666666666666,185.2185185185185,145.3,25.68567901234568
Pumpkin,2010-11-01,52.93,69.4,74.16,18.85,2010,11,35.613006587933896,4.759999999999991,-0.5000000000000004,0.8660254037844384,24.464197530864197,32.2,13.7,375.0592592592592,26.703703703703702,8.210342170781892,14.95035802469136,3.0094691358024694,31.7,55.23,53.79,53.24,53.98333333333333,210.63703703703703,185.2185185185185,25.488291517323777
Pumpkin,2010-12-01,51.16,71.35,68.03,18.53,2010,12,36.219632096106146,-3.319999999999993,-2.4492935982947064e-16,1.0,23.63237753882915,30.4,12.3,478.24074074074076,25.444444444444443,6.248732145227664,12.087502986857825,2.504826762246117,44.1,52.93,55.23,53.79,53.10666666666666,375.0592592592592,210.63703703703703,24.464197530864197
Pumpkin,2011-01-01,64.64,86.88,81.33,19.46,2011,1,30.10515144623848,-5.549999999999997,0.49999999999999994,0.8660254037844387,23.309318996415772,29.9,10.0,377.9555555555555,21.25925925925926,6.860116985264835,13.278458781362007,2.7479689366786144,39.8,51.16,52.93,55.23,56.24333333333333,478.24074074074076,375.0592592592592,23.63237753882915
Pumpkin,2011-02-01,75.29,92.34,107.76,24.76,2011,2,32.886129783331405,15.420000000000002,0.8660254037844386,0.5000000000000001,24.098148148148148,31.7,13.1,281.75555555555553,14.185185185185185,8.1077059707525,16.28414021164021,3.3464021164021167,36.3,64.64,51.16,52.93,63.69666666666666,377.9555555555555,478.24074074074076,23.309318996415772
Pumpkin,2011-03-01,74.2,91.79,98.02,20.7,2011,3,27.897536526231093,6.22999999999999,1.0,6.123233995736766e-17,25.415890083632018,35.7,12.7,79.2925925925926,16.074074074074073,10.637956013540423,21.56808841099164,4.439450418160096,30.5,75.29,64.64,51.16,71.37666666666667,281.75555555555553,377.9555555555555,24.098148148148148
Pumpkin,2011-04-01,70.37,84.8,93.79,18.92,2011,4,26.88641908992598,8.990000000000009,0.8660254037844387,-0.49999999999999983,25.76320987654321,35.7,13.0,207.73703703703703,22.962962962962962,9.720265562414264,20.033617283950615,4.145567901234568,31.5,74.2,75.29,64.64,73.28666666666668,79.2925925925926,281.75555555555553,25.415890083632018
Pumpkin,2011-05-01,53.94,66.3,70.87,14.65,2011,5,27.159756841385168,4.570000000000007,0.49999999999999994,-0.8660254037844387,26.61373954599761,35.7,14.2,81.60740740740741,17.333333333333332,10.89341501061994,21.225173237753886,4.574217443249701,40.8,70.37,74.2,75.29,66.17,207.73703703703703,79.2925925925926,25.76320987654321
Pumpkin,2011-06-01,51.7,62.4,67.45,13.22,2011,6,25.57055015367475,5.050000000000004,1.2246467991473532e-16,-1.0,26.950493827160496,37.0,14.5,60.029629629629625,13.777777777777779,10.838705425240056,20.47843209876543,4.773728395061728,44.2,53.94,70.37,74.2,58.669999999999995,81.60740740740741,207.73703703703703,26.61373954599761
Pumpkin,2011-07-01,49.83,65.37,64.1,14.9,2011,7,29.901605656019154,-1.2700000000000102,-0.4999999999999998,-0.8660254037844388,26.418040621266428,35.6,15.1,114.77407407407408,19.77777777777778,10.305884322315148,19.09958183990442,4.394587813620071,43.6,51.7,53.94,70.37,51.82333333333332,60.029629629629625,81.60740740740741,26.950493827160496
Pumpkin,2011-08-01,55.07,66.6,79.68,18.07,2011,8,32.812724146133746,13.080000000000013,-0.8660254037844384,-0.5000000000000004,26.163201911589006,35.5,14.9,123.93333333333332,21.444444444444443,10.277780177220231,19.317921146953406,4.386236559139785,41.5,49.83,51.7,53.94,52.199999999999996,114.77407407407408,60.029629629629625,26.418040621266428
Pumpkin,2011-09-01,52.39,69.37,67.33,15.96,2011,9,30.463770826931043,-2.0400000000000063,-1.0,-1.8369701987210297e-16,26.394567901234566,36.8,13.5,128.13333333333335,16.77777777777778,10.440950826474623,20.307703703703705,4.630888888888889,41.0,55.07,49.83,51.7,52.43,123.93333333333332,114.77407407407408,26.163201911589006
Pumpkin,2011-10-01,46.68,64.96,64.62,18.11,2011,10,38.795975158579346,-0.3399999999999892,-0.8660254037844386,0.5000000000000001,25.554599761051374,36.4,14.0,290.7444444444444,25.25925925925926,9.106757062259392,17.938697729988053,3.7755077658303464,29.1,52.39,55.07,49.83,51.379999999999995,128.13333333333335,123.93333333333332,26.394567901234566
Pumpkin,2011-11-01,62.36,78.88,82.55,18.35,2011,11,29.425866860380278,3.6700000000000017,-0.5000000000000004,0.8660254037844384,24.60037037037037,30.9,13.2,227.7037037037037,23.185185185185187,8.755125891632373,15.819074074074075,3.190111111111111,38.0,46.68,52.39,55.07,53.81,290.7444444444444,128.13333333333335,25.554599761051374
Pumpkin,2011-12-01,58.02,69.74,82.36,18.03,2011,12,31.075437650055754,12.620000000000005,-2.4492935982947064e-16,1.0,24.174551971326164,30.6,12.7,238.3296296296296,19.0,8.318002937076862,15.13463560334528,3.1733094384707288,41.7,62.36,46.68,52.39,55.68666666666666,227.7037037037037,290.7444444444444,24.60037037037037
Pumpkin,2012-01-01,73.11,96.63,98.44,24.42,2012,1,33.40167774356758,1.8100000000000023,0.49999999999999994,0.8660254037844387,24.00310633213859,32.2,11.7,41.87407407407407,8.11111111111111,10.526879619673437,19.145698924731185,3.9631421744324973,32.9,58.02,62.36,46.68,64.49666666666667,238.3296296296296,227.7037037037037,24.174551971326164
Pumpkin,2012-02-01,55.82,69.05,80.15,18.78,2012,2,33.64379497707815,11.100000000000009,0.8660254037844386,0.5000000000000001,24.737164750957856,33.1,11.5,88.37407407407407,11.62962962962963,9.96542747623102,19.20183908045977,4.065938697318008,34.4,73.11,58.02,62.36,62.31666666666666,41.87407407407407,238.3296296296296,24.00310633213859
Pumpkin,2012-03-01,63.59,79.73,86.97,19.76,2012,3,31.07401938352039,7.239999999999995,1.0,6.123233995736766e-17,26.114814814814814,35.8,12.7,62.56666666666667,11.037037037037036,11.041847268684455,23.043142174432496,4.872556750298686,25.6,55.82,73.11,58.02,64.17333333333333,88.37407407407407,41.87407407407407,24.737164750957856
Pumpkin,2012-04-01,76.1,93.74,103.1,22.32,2012,4,29.32979063102414,9.36,0.8660254037844387,-0.49999999999999983,26.094197530864196,35.0,14.2,151.7296296296296,22.814814814814813,9.937619732510289,19.906234567901233,4.172765432098766,34.8,63.59,55.82,73.11,65.17,62.56666666666667,88.37407407407407,26.114814814814814
Pumpkin,2012-05-01,62.09,86.91,83.71,23.22,2012,5,37.397266230848395,-3.200000000000003,0.49999999999999994,-0.8660254037844387,27.31612903225806,37.4,13.0,38.32962962962962,9.703703703703704,10.995511419753086,22.113142174432497,5.193488649940263,46.5,76.1,63.59,55.82,67.26,151.7296296296296,62.56666666666667,26.094197530864196
Pumpkin,2012-06-01,71.39,92.72,96.07,23.0,2012,6,32.21735226593043,3.3499999999999943,1.2246467991473532e-16,-1.0,26.930617283950617,37.3,15.5,72.88888888888889,15.481481481481481,10.494983017832647,19.584814814814816,4.750666666666667,44.5,62.09,76.1,63.59,69.86,38.32962962962962,151.7296296296296,27.31612903225806
Pumpkin,2012-07-01,68.08,85.31,91.7,20.43,2012,7,30.008769082301583,6.390000000000001,-0.4999999999999998,-0.8660254037844388,26.741338112305854,37.4,15.2,91.75555555555556,16.555555555555557,10.725608117615826,20.296356033452806,4.737252090800478,40.1,71.39,62.09,76.1,67.18666666666667,72.88888888888889,38.32962962962962,26.930617283950617
Pumpkin,2012-08-01,75.78,104.61,108.73,30.89,2012,8,40.76268043985162,4.1200000000000045,-0.8660254037844384,-0.5000000000000004,26.55149342891278,37.0,14.8,106.80740740740741,18.14814814814815,10.462001473516526,19.9221027479092,4.753954599761052,40.9,68.08,71.39,62.09,71.75,91.75555555555556,72.88888888888889,26.741338112305854
Pumpkin,2012-09-01,67.01,85.08,95.32,23.19,2012,9,34.60672346407482,10.239999999999995,-1.0,-1.8369701987210297e-16,26.46827160493827,36.9,14.8,113.72962962962963,19.25925925925926,10.030292259945131,19.901728395061728,4.575271604938272,38.2,75.78,68.08,71.39,70.29,106.80740740740741,91.75555555555556,26.55149342891278
Pumpkin,2012-10-01,50.3,65.37,66.94,15.86,2012,10,31.53075242395144,1.5699999999999932,-0.8660254037844386,0.5000000000000001,25.311230585424134,38.1,13.8,449.9777777777778,25.77777777777778,8.247822464489579,16.84641577060932,3.593273596176822,46.0,67.01,75.78,68.08,64.36333333333333,113.72962962962963,106.80740740740741,26.46827160493827
Pumpkin,2012-11-01,61.38,74.39,79.01,15.32,2012,11,24.959229457104172,4.6200000000000045,-0.5000000000000004,0.8660254037844384,24.764074074074077,31.6,14.0,291.1888888888889,20.59259259259259,8.831181690672153,16.15237037037037,3.3229135802469134,41.6,50.3,67.01,75.78,59.56333333333333,449.9777777777778,113.72962962962963,25.311230585424134
Pumpkin,2012-12-01,54.75,66.76,73.49,15.38,2012,12,28.091272892652253,6.72999999999999,-2.4492935982947064e-16,1.0,24.22437275985663,30.7,11.7,206.9148148148148,19.962962962962962,8.388824093986461,14.450955794504182,2.998279569892473,39.6,61.38,50.3,67.01,55.47666666666667,291.1888888888889,449.9777777777778,24.764074074074077
Pumpkin,2013-01-01,56.77,69.08,81.85,18.69,2013,1,32.9222601334153,12.769999999999996,0.49999999999999994,0.8660254037844387,24.042652329749103,32.2,10.8,214.65925925925924,11.037037037037036,8.49450116155582,16.101481481481482,3.4447311827956986,31.9,54.75,61.38,50.3,57.63333333333333,206.9148148148148,291.1888888888889,24.22437275985663
Pumpkin,2013-02-01,77.64,95.12,112.55,26.2,2013,2,33.74544855042691,17.429999999999993,0.8660254037844386,0.5000000000000001,24.672883597883597,32.8,12.2,111.08148148148148,13.11111111111111,9.777058847736626,19.015753968253968,3.9231613756613757,29.5,56.77,54.75,61.38,63.05333333333334,214.65925925925924,206.9148148148148,24.042652329749103
Pumpkin,2013-03-01,63.53,76.74,89.79,19.74,2013,3,31.07188561012811,13.050000000000011,1.0,6.123233995736766e-17,25.66057347670251,34.6,13.9,153.78518518518518,18.25925925925926,10.352612066905616,20.766630824372758,4.285304659498208,26.6,77.64,56.77,54.75,65.98,111.08148148148148,214.65925925925924,24.672883597883597
Pumpkin,2013-04-01,58.22,79.5,81.18,22.12,2013,4,37.993751298950016,1.6800000000000068,0.8660254037844387,-0.49999999999999983,26.996913580246915,36.5,14.6,82.41111111111111,15.481481481481481,10.709399595336075,21.9620987654321,4.685876543209877,31.6,63.53,77.64,56.77,66.46333333333332,153.78518518518518,111.08148148148148,25.66057347670251
Pumpkin,2013-05-01,69.25,96.32,99.75,28.78,2013,5,41.559506773275416,3.430000000000007,0.49999999999999994,-0.8660254037844387,26.8389486260454,36.3,14.9,143.0814814814815,19.74074074074074,9.638459176290986,19.227825567502986,4.32221027479092,45.7,58.22,63.53,77.64,63.666666666666664,82.41111111111111,153.78518518518518,26.996913580246915
Pumpkin,2013-06-01,79.02,102.27,110.76,27.5,2013,6,34.801272081407134,8.490000000000009,1.2246467991473532e-16,-1.0,25.994074074074074,34.6,15.4,170.0888888888889,19.85185185185185,9.694006200274348,17.583827160493826,4.057296296296296,43.2,69.25,58.22,63.53,68.83,143.0814814814815,82.41111111111111,26.8389486260454
Pumpkin,2013-07-01,62.56,80.75,83.07,19.35,2013,7,30.930257464422212,2.319999999999993,-0.4999999999999998,-0.8660254037844388,26.04826762246117,36.2,15.2,102.04444444444444,17.0,10.26724616686579,18.919187574671447,4.3469414575866185,43.0,79.02,69.25,58.22,70.27666666666666,170.0888888888889,143.0814814814815,25.994074074074074
Pumpkin,2013-08-01,71.94,91.42,93.56,20.55,2013,8,28.56543151872183,2.1400000000000006,-0.8660254037844384,-0.5000000000000004,26.133213859020312,37.5,14.3,106.14444444444445,18.074074074074073,10.622712196336122,20.584492234169655,4.578936678614098,39.6,62.56,79.02,69.25,71.17333333333333,102.04444444444444,170.0888888888889,26.04826762246117
Pumpkin,2013-09-01,62.44,75.1,85.48,17.85,2013,9,28.58739816239885,10.38000000000001,-1.0,-1.8369701987210297e-16,25.803086419753086,36.5,13.9,122.63703703703703,17.62962962962963,9.680483124142661,18.931222222222225,4.218827160493827,40.6,71.94,62.56,79.02,65.64666666666666,106.14444444444445,102.04444444444444,26.133213859020312
Pumpkin,2013-10-01,64.28,82.95,87.49,20.94,2013,10,32.57617831957324,4.539999999999992,-0.8660254037844386,0.5000000000000001,25.8415770609319,36.0,13.3,180.94444444444446,19.444444444444443,9.920446226602948,19.132138590203105,4.223010752688172,36.1,62.44,71.94,62.56,66.22000000000001,122.63703703703703,106.14444444444445,25.803086419753086
Pumpkin,2013-11-01,61.95,81.79,87.0,22.44,2013,11,36.222701819690364,5.209999999999994,-0.5000000000000004,0.8660254037844384,24.765925925925927,31.5,12.4,167.89629629629633,20.22222222222222,9.901379499314128,17.46762962962963,3.5697901234567904,40.2,64.28,62.44,71.94,62.89000000000001,180.94444444444446,122.63703703703703,25.8415770609319
Pumpkin,2013-12-01,77.82,107.29,107.47,29.56,2013,12,37.98504499480212,0.1799999999999926,-2.4492935982947064e-16,1.0,24.01027479091995,31.3,13.1,162.94444444444446,15.481481481481481,8.190521113766096,14.278112305854242,3.0887574671445637,40.0,61.95,64.28,62.44,68.01666666666667,167.89629629629633,180.94444444444446,24.765925925925927
Pumpkin,2014-01-01,74.23,102.03,107.08,30.32,2014,1,40.84596410351057,5.049999999999997,0.49999999999999994,0.8660254037844387,23.94109916367981,32.5,11.7,131.15555555555554,13.555555555555555,9.34556176158237,16.36010752688172,3.4371804062126645,41.5,77.82,61.95,64.28,71.33333333333333,162.94444444444446,167.89629629629633,24.01027479091995
Pumpkin,2014-02-01,82.1,105.93,107.75,24.74,2014,2,30.133946243670835,1.8199999999999932,0.8660254037844386,0.5000000000000001,24.89920634920635,35.9,9.7,18.8,5.333333333333333,10.92148025793651,21.56505291005291,4.585925925925926,29.6,74.23,77.82,61.95,78.05,131.15555555555554,162.94444444444446,23.94109916367981
Pumpkin,2014-03-01,72.18,90.99,95.91,21.27,2014,3,29.467955849326888,4.920000000000002,1.0,6.123233995736766e-17,26.361170848267623,37.2,12.2,34.196296296296296,5.925925925925926,10.952933014735166,22.873548387096776,5.147072879330945,28.1,82.1,74.23,77.82,76.17,18.8,131.15555555555554,24.89920634920635
Pumpkin,2014-04-01,79.54,111.02,112.51,32.22,2014,4,40.507869615451824,1.490000000000009,0.8660254037844387,-0.49999999999999983,26.7458024691358,37.2,13.6,152.52592592592592,17.296296296296298,10.610301241426612,21.791827160493828,4.638111111111111,25.2,72.18,82.1,74.23,77.94,34.196296296296296,18.8,26.361170848267623
Pumpkin,2014-05-01,65.75,82.96,90.48,20.97,2014,5,31.893487614467503,7.52000000000001,0.49999999999999994,-0.8660254037844387,26.574671445639186,35.2,15.0,169.88148148148144,20.51851851851852,9.93649666799416,19.42304659498208,4.1792592592592595,39.3,79.54,72.18,82.1,72.49000000000001,152.52592592592592,34.196296296296296,26.7458024691358
Pumpkin,2014-06-01,90.55,109.21,124.03,26.07,2014,6,28.790691561908822,14.820000000000007,1.2246467991473532e-16,-1.0,27.230493827160494,36.2,15.6,75.25925925925925,15.444444444444445,10.797738693415639,20.258123456790127,4.799592592592592,41.0,65.75,79.54,72.18,78.61333333333333,169.88148148148144,152.52592592592592,26.574671445639186
Pumpkin,2014-07-01,68.64,84.08,97.67,22.24,2014,7,32.40088519684557,13.590000000000003,-0.4999999999999998,-0.8660254037844388,26.96941457586619,36.8,15.3,73.40370370370371,15.592592592592593,10.71005141046064,20.10921146953405,4.85078853046595,39.0,90.55,65.75,79.54,74.98,75.25925925925925,169.88148148148144,27.230493827160494
Pumpkin,2014-08-01,69.99,85.33,94.78,20.07,2014,8,28.67548410418045,9.450000000000003,-0.8660254037844384,-0.5000000000000004,26.11589008363202,36.3,14.0,129.73703703703703,20.0,10.03903343289526,19.2368458781362,4.3563560334528075,41.8,68.64,90.55,65.75,76.39333333333333,73.40370370370371,75.25925925925925,26.96941457586619
Pumpkin,2014-09-01,60.56,84.7,77.15,20.37,2014,9,33.636007866565606,-7.549999999999997,-1.0,-1.8369701987210297e-16,26.094814814814814,37.2,14.6,160.03333333333333,20.77777777777778,10.29222377914952,20.17385185185185,4.477555555555556,40.1,69.99,68.64,90.55,66.39666666666666,129.73703703703703,73.40370370370371,26.11589008363202
Pumpkin,2014-10-01,58.58,75.31,80.59,19.37,2014,10,33.06583635056956,5.280000000000001,-0.8660254037844386,0.5000000000000001,25.124133811230585,33.5,14.5,379.1629629629629,28.074074074074073,8.895012322447897,17.07173237753883,3.4983512544802866,37.9,60.56,69.99,68.64,63.04333333333333,160.03333333333333,129.73703703703703,26.094814814814814
Pumpkin,2014-11-01,64.31,77.63,81.1,15.05,2014,11,23.402233863732132,3.469999999999999,-0.5000000000000004,0.8660254037844384,24.40691358024691,31.6,12.9,339.6814814814815,22.88888888888889,7.338499725651578,14.214506172839506,2.9098148148148146,39.0,58.58,60.56,69.99,61.15,379.1629629629629,160.03333333333333,25.124133811230585
Pumpkin,2014-12-01,63.91,83.85,88.74,22.38,2014,12,35.01793926155647,4.890000000000001,-2.4492935982947064e-16,1.0,23.95137395459976,30.7,13.6,532.0333333333333,27.037037037037038,6.568287976237887,12.152485065710872,2.4931780167264037,40.0,64.31,58.58,60.56,62.26666666666667,339.6814814814815,379.1629629629629,24.40691358024691
Pumpkin,2015-01-01,63.5,78.35,81.36,16.35,2015,1,25.74799094804575,3.010000000000005,0.49999999999999994,0.8660254037844387,24.391756272401434,33.2,12.1,32.10740740740741,7.592592592592593,10.502823702376213,18.87594982078853,3.954408602150538,30.5,63.91,64.31,58.58,63.90666666666667,532.0333333333333,339.6814814814815,23.95137395459976
Pumpkin,2015-02-01,89.9,119.05,120.91,30.08,2015,2,33.45936211416895,1.8599999999999994,0.8660254037844386,0.5000000000000001,24.457010582010582,34.7,10.4,93.92592592592592,13.74074074074074,10.328361654908877,19.483002645502644,4.039828042328042,33.2,63.5,63.91,64.31,72.43666666666667,32.10740740740741,532.0333333333333,24.391756272401434
Pumpkin,2015-03-01,75.6,99.78,97.23,22.91,2015,3,30.304192719321797,-2.549999999999997,1.0,6.123233995736766e-17,25.695579450418162,35.2,11.0,84.23703703703703,11.814814814814815,10.76329743130227,22.61729988052569,4.7389486260454,26.6,89.9,63.5,63.91,76.33333333333333,93.92592592592592,32.10740740740741,24.457010582010582
Pumpkin,2015-04-01,92.44,123.88,123.16,31.08,2015,4,33.62177236935053,-0.7199999999999989,0.8660254037844387,-0.49999999999999983,26.122839506172838,35.1,14.4,201.55555555555554,23.37037037037037,10.262591769547326,20.982123456790124,4.3398518518518525,24.6,75.6,89.9,63.5,85.98,84.23703703703703,93.92592592592592,25.695579450418162
Pumpkin,2015-05-01,101.74,135.55,145.85,38.96,2015,5,38.29365215878499,10.299999999999983,0.49999999999999994,-0.8660254037844387,26.43094384707288,34.3,15.2,178.8259259259259,22.555555555555557,10.002322003185983,19.305830346475506,4.072939068100359,43.7,92.44,75.6,89.9,89.92666666666666,201.55555555555554,84.23703703703703,26.122839506172838
Pumpkin,2015-06-01,64.1,83.14,90.02,22.48,2015,6,35.07014809649283,6.8799999999999955,1.2246467991473532e-16,-1.0,26.698024691358025,35.8,15.1,103.0037037037037,17.14814814814815,10.34859715020576,19.485444444444447,4.364913580246913,46.7,101.74,92.44,75.6,86.09333333333332,178.8259259259259,201.55555555555554,26.43094384707288
Pumpkin,2015-07-01,82.34,100.97,110.85,23.57,2015,7,28.62517776879066,9.879999999999995,-0.4999999999999998,-0.8660254037844388,26.75627240143369,36.4,14.6,86.6962962962963,16.40740740740741,10.644947477764504,19.966547192353644,4.646487455197133,38.2,64.1,101.74,92.44,82.72666666666667,103.0037037037037,178.8259259259259,26.698024691358025
Pumpkin,2015-08-01,74.39,97.83,97.49,23.27,2015,8,31.2810441174296,-0.3400000000000034,-0.8660254037844384,-0.5000000000000004,26.590083632019116,36.2,14.9,112.4962962962963,18.666666666666668,10.723101148280898,20.643727598566308,4.654898446833931,39.3,82.34,64.1,101.74,73.61,86.6962962962963,103.0037037037037,26.75627240143369
Pumpkin,2015-09-01,72.36,88.08,93.95,18.66,2015,9,25.78769238848481,5.8700000000000045,-1.0,-1.8369701987210297e-16,26.04555555555556,37.0,14.9,183.8777777777778,22.666666666666668,9.439200600137173,18.515641975308643,4.0424444444444445,40.8,74.39,82.34,64.1,76.36333333333334,112.4962962962963,86.6962962962963,26.590083632019116
Pumpkin,2015-10-01,63.13,81.81,86.48,21.02,2015,10,33.2963198220817,4.670000000000002,-0.8660254037844386,0.5000000000000001,25.31935483870968,34.1,14.6,488.0888888888888,28.074074074074073,8.062620496482145,16.338637992831543,3.3829032258064515,38.6,72.36,74.39,82.34,69.96,183.8777777777778,112.4962962962963,26.04555555555556
Pumpkin,2015-11-01,80.31,109.77,103.39,26.27,2015,11,32.71070512924277,-6.3799999999999955,-0.5000000000000004,0.8660254037844384,24.75172839506173,31.2,14.6,372.6592592592592,26.59259259259259,8.015063124142662,14.546234567901235,2.939864197530864,44.7,63.13,72.36,74.39,71.93333333333334,488.0888888888888,183.8777777777778,25.31935483870968
Pumpkin,2015-12-01,69.38,94.89,88.72,22.43,2015,12,32.329154901765776,-6.170000000000002,-2.4492935982947064e-16,1.0,24.736081242532855,31.2,12.4,251.9148148148148,22.40740740740741,8.835831073277578,14.967132616487454,3.0635722819593787,33.3,80.31,63.13,72.36,70.94,372.6592592592592,488.0888888888888,24.75172839506173
Pumpkin,2016-01-01,84.6,114.04,121.83,33.34,2016,1,39.408936868868956,7.789999999999992,0.49999999999999994,0.8660254037844387,24.99163679808841,33.6,12.4,32.54074074074074,8.11111111111111,10.499397992167795,18.714743130227,4.010071684587813,33.8,69.38,80.31,63.13,78.09666666666666,251.9148148148148,372.6592592592592,24.736081242532855
Pumpkin,2016-02-01,62.74,77.43,85.96,18.95,2016,2,30.203968434860634,8.529999999999987,0.8660254037844386,0.5000000000000001,25.845466155810982,35.3,11.4,35.737037037037034,8.407407407407407,10.57882929615439,20.39846743295019,4.45367816091954,32.2,84.6,69.38,80.31,72.24,32.54074074074074,251.9148148148148,24.99163679808841
Pumpkin,2016-03-01,112.05,143.35,157.97,38.61,2016,3,34.45780057313648,14.620000000000005,1.0,6.123233995736766e-17,27.301911589008363,37.4,14.2,35.2962962962963,8.0,11.166788357891942,23.19941457586619,5.134707287933094,26.7,62.74,84.6,69.38,86.46333333333332,35.737037037037034,32.54074074074074,25.845466155810982
Pumpkin,2016-04-01,92.89,115.81,131.99,31.01,2016,4,33.38353602805896,16.180000000000007,0.8660254037844387,-0.49999999999999983,27.98493827160494,38.0,15.0,71.91111111111111,14.962962962962964,10.944782026748971,22.621925925925925,4.977925925925926,31.0,112.05,62.74,84.6,89.22666666666667,35.2962962962963,35.737037037037034,27.301911589008363
Pumpkin,2016-05-01,111.62,152.72,148.13,38.8,2016,5,34.760764414294556,-4.590000000000003,0.49999999999999994,-0.8660254037844387,26.69510155316607,35.9,16.0,460.4074074074074,24.11111111111111,8.456143664542678,16.913584229390683,3.669665471923536,45.5,92.89,112.05,62.74,105.52,71.91111111111111,35.2962962962963,27.98493827160494
Pumpkin,2016-06-01,72.78,90.78,92.53,18.88,2016,6,25.94115699208987,1.75,1.2246467991473532e-16,-1.0,26.669629629629632,35.6,15.3,93.5,17.51851851851852,10.096888892318242,18.93088888888889,4.3085555555555555,46.9,111.62,92.89,112.05,92.43,460.4074074074074,71.91111111111111,26.69510155316607
Pumpkin,2016-07-01,61.68,83.05,78.53,19.11,2016,7,30.982440041439617,-4.519999999999996,-0.4999999999999998,-0.8660254037844388,26.59390681003584,37.6,15.2,99.44074074074072,16.37037037037037,10.414703195937875,19.63237753882915,4.491517323775389,39.2,72.78,111.62,92.89,82.02666666666667,93.5,460.4074074074074,26.669629629629632
Pumpkin,2016-08-01,73.16,99.59,95.05,24.16,2016,8,33.0234649761277,-4.540000000000006,-0.8660254037844384,-0.5000000000000004,26.63811230585424,36.8,15.3,72.67407407407407,16.37037037037037,10.85600315279437,20.868924731182798,4.77041816009558,35.9,61.68,72.78,111.62,69.20666666666666,99.44074074074072,93.5,26.59390681003584
Pumpkin,2016-09-01,74.48,97.0,98.87,23.46,2016,9,31.49834653820282,1.8700000000000045,-1.0,-1.8369701987210297e-16,26.59493827160494,36.1,13.1,55.6074074074074,14.11111111111111,10.578944777091907,21.04641975308642,4.902024691358024,36.3,73.16,61.68,72.78,69.77333333333333,72.67407407407407,99.44074074074072,26.63811230585424
Pumpkin,2016-10-01,86.98,110.2,111.95,24.1,2016,10,27.7074871148688,1.75,-0.8660254037844386,0.5000000000000001,26.38183990442055,37.5,13.1,105.65555555555555,16.14814814814815,10.614833320058409,20.415555555555557,4.600657108721625,36.1,74.48,73.16,61.68,78.20666666666666,55.6074074074074,72.67407407407407,26.59493827160494
Pumpkin,2016-11-01,80.26,111.4,115.89,33.38,2016,11,41.58978122379613,4.489999999999995,-0.5000000000000004,0.8660254037844384,24.78827160493827,31.9,13.1,246.91111111111113,22.074074074074073,8.394442119341564,15.466246913580246,3.2081851851851853,36.7,86.98,74.48,73.16,80.57333333333334,105.65555555555555,55.6074074074074,26.38183990442055
Pumpkin,2016-12-01,68.78,88.53,96.24,23.6,2016,12,34.312250200275955,7.709999999999994,-2.4492935982947064e-16,1.0,24.54408602150538,32.1,12.8,73.35185185185185,12.407407407407407,10.276127943714323,17.85927120669056,3.706332138590203,46.2,80.26,86.98,74.48,78.67333333333333,246.91111111111113,105.65555555555555,24.78827160493827
Pumpkin,2017-01-01,121.26,158.55,161.64,38.83,2017,1,32.02207486221766,3.089999999999975,0.49999999999999994,0.8660254037844387,24.014934289127837,35.0,5.3,146.84074074074073,12.88888888888889,9.398610291384575,18.306917562724013,3.93700119474313,30.0,68.78,80.26,86.98,90.10000000000001,73.35185185185185,246.91111111111113,24.54408602150538
Pumpkin,2017-02-01,82.81,102.34,105.67,21.2,2017,2,25.600741938483345,3.3299999999999983,0.8660254037844386,0.5000000000000001,24.398015873015876,36.2,6.3,48.577777777777776,8.407407407407407,10.132609402557318,20.729907407407406,4.400740740740741,35.9,121.26,68.78,80.26,90.95,146.84074074074073,73.35185185185185,24.014934289127837
Pumpkin,2017-03-01,81.02,99.23,115.62,26.41,2017,3,32.59684942378496,16.39,1.0,6.123233995736766e-17,25.586977299880523,35.9,8.0,118.58148148148148,19.296296296296298,10.42839526417098,21.431254480286736,4.4047550776583035,31.8,82.81,121.26,68.78,95.02999999999999,48.577777777777776,146.84074074074073,24.398015873015876
Pumpkin,2017-04-01,76.7,105.28,101.97,26.92,2017,4,35.09773781259737,-3.3100000000000023,0.8660254037844387,-0.49999999999999983,27.3,39.3,10.7,82.42962962962964,13.962962962962964,10.951856083676269,23.111493827160494,5.064864197530865,32.5,81.02,82.81,121.26,80.17666666666666,118.58148148148148,48.577777777777776,25.586977299880523
Pumpkin,2017-05-01,71.24,90.59,89.07,18.59,2017,5,26.094853881451595,-1.5200000000000102,0.49999999999999994,-0.8660254037844387,27.174074074074074,37.8,12.0,166.72962962962958,21.666666666666668,9.881361147617152,19.387491039426525,4.414109916367981,42.2,76.7,81.02,82.81,76.32,82.42962962962964,118.58148148148148,27.3
Pumpkin,2017-06-01,80.72,112.65,102.4,26.81,2017,6,33.21353665320038,-10.25,1.2246467991473532e-16,-1.0,26.935555555555556,39.1,13.0,129.3,18.925925925925927,10.23791511659808,18.765913580246913,4.445913580246914,41.2,71.24,76.7,81.02,76.22000000000001,166.72962962962958,82.42962962962964,27.174074074074074
Pumpkin,2017-07-01,100.88,130.36,133.87,31.24,2017,7,30.96745542480628,3.509999999999991,-0.4999999999999998,-0.8660254037844388,27.253405017921146,39.5,12.6,104.68148148148147,19.0,10.337333223815213,19.277873357228195,4.638351254480287,40.9,80.72,71.24,76.7,84.27999999999999,129.3,166.72962962962958,26.935555555555556
Pumpkin,2017-08-01,77.74,98.49,100.45,21.73,2017,8,27.952112230367597,1.960000000000008,-0.8660254037844384,-0.5000000000000004,26.511350059737158,38.4,11.7,160.82222222222222,21.40740740740741,9.4878531129696,18.38399044205496,4.242652329749104,40.0,100.88,80.72,71.24,86.44666666666666,104.68148148148147,129.3,27.253405017921146
Pumpkin,2017-09-01,81.81,113.47,103.56,26.7,2017,9,32.63655709991798,-9.909999999999997,-1.0,-1.8369701987210297e-16,25.927777777777777,37.8,11.4,173.06666666666663,20.51851851851852,9.282737726337448,18.361543209876544,4.028864197530864,41.8,77.74,100.88,80.72,86.81,160.82222222222222,104.68148148148147,26.511350059737158
Pumpkin,2017-10-01,95.77,123.46,138.12,35.02,2017,10,36.56673638223204,14.66000000000001,-0.8660254037844386,0.5000000000000001,25.738351254480285,36.7,11.7,266.72222222222223,26.0,8.75059341563786,16.79330943847073,3.6334767025089603,36.6,81.81,77.74,100.88,85.10666666666667,173.06666666666663,160.82222222222222,25.927777777777777
Pumpkin,2017-11-01,76.17,101.63,100.78,25.03,2017,11,32.86066317360749,-0.8499999999999943,-0.5000000000000004,0.8660254037844384,24.537283950617287,32.7,10.3,389.05925925925936,24.85185185185185,7.012991056241426,14.044666666666666,2.8818641975308643,49.3,95.77,81.81,77.74,84.58333333333333,266.72222222222223,173.06666666666663,25.738351254480285
Pumpkin,2017-12-01,80.68,102.37,106.99,24.0,2017,12,29.7471123610407,4.61999999999999,-2.4492935982947064e-16,1.0,24.322341696535243,32.1,10.0,117.70370370370371,16.48148148148148,9.467093986459577,16.48821983273596,3.3940023894862605,29.3,76.17,95.77,81.81,84.20666666666666,389.05925925925936,266.72222222222223,24.537283950617287
Pumpkin,2018-01-01,91.84,115.8,125.98,29.05,2018,1,31.631063119487017,10.180000000000007,0.49999999999999994,0.8660254037844387,23.959976105137397,35.0,6.4,47.22592592592592,8.592592592592593,9.747279261250497,18.507001194743133,3.9380286738351256,30.8,80.68,76.17,95.77,82.89666666666668,117.70370370370371,389.05925925925936,24.322341696535243
Pumpkin,2018-02-01,76.52,96.53,108.93,26.21,2018,2,34.25243824825112,12.400000000000006,0.8660254037844386,0.5000000000000001,24.76878306878307,36.0,9.3,73.10000000000001,12.37037037037037,10.333134461346267,20.12851851851852,4.31005291005291,30.5,91.84,80.68,76.17,83.01333333333334,47.22592592592592,117.70370370370371,23.959976105137397
Pumpkin,2018-03-01,131.81,164.21,178.34,39.47,2018,3,29.944594534106262,14.129999999999995,1.0,6.123233995736766e-17,25.733811230585424,37.0,9.9,107.91851851851851,18.074074074074073,9.972489738484002,20.42831541218638,4.319008363201912,36.2,76.52,91.84,80.68,100.05666666666667,73.10000000000001,47.22592592592592,24.76878306878307
Pumpkin,2018-04-01,117.77,159.69,152.44,38.3,2018,4,32.520987924778865,-7.25,0.8660254037844387,-0.49999999999999983,26.249382716049382,37.9,11.5,136.58148148148146,22.037037037037038,10.20821816872428,20.737827160493826,4.3362592592592595,23.7,131.81,76.52,91.84,108.7,107.91851851851851,73.10000000000001,25.733811230585424
Pumpkin,2018-05-01,88.19,116.79,115.96,28.18,2018,5,31.9537000184828,-0.8300000000000125,0.49999999999999994,-0.8660254037844387,25.950896057347673,38.6,12.4,281.8703703703704,26.51851851851852,8.218543744192221,16.934659498207886,3.6000955794504184,40.4,117.77,131.81,76.52,112.59000000000002,136.58148148148146,107.91851851851851,26.249382716049382
Pumpkin,2018-06-01,82.56,113.91,115.41,32.1,2018,6,38.880766859536266,1.5,1.2246467991473532e-16,-1.0,26.280740740740743,37.3,13.0,156.8148148148148,18.555555555555557,10.04098037037037,19.019024691358023,4.258370370370371,49.4,88.19,117.77,131.81,96.17333333333335,281.8703703703704,136.58148148148146,25.950896057347673
Pumpkin,2018-07-01,75.05,96.44,103.59,24.97,2018,7,33.271108233033665,7.150000000000006,-0.4999999999999998,-0.8660254037844388,26.442771804062126,39.4,11.7,105.4074074074074,16.296296296296298,10.151720861542547,19.49703703703704,4.578888888888889,42.6,82.56,88.19,117.77,81.93333333333335,156.8148148148148,281.8703703703704,26.280740740740743
Pumpkin,2018-08-01,74.28,91.59,93.23,18.13,2018,8,24.407613883126164,1.6400000000000006,-0.8660254037844384,-0.5000000000000004,26.169295101553168,38.8,11.1,110.07037037037037,16.59259259259259,9.740048861675293,19.399438470728793,4.512031063321386,47.9,75.05,82.56,88.19,77.29666666666667,105.4074074074074,156.8148148148148,26.442771804062126
Pumpkin,2018-09-01,76.86,106.08,100.64,26.5,2018,9,34.478227324710744,-5.439999999999998,-1.0,-1.8369701987210297e-16,26.19975308641975,39.3,10.6,151.07407407407408,15.37037037037037,10.156860775034293,20.977728395061728,4.694456790123457,38.5,74.28,75.05,82.56,75.39666666666669,110.07037037037037,105.4074074074074,26.169295101553168
Pumpkin,2018-10-01,115.51,143.88,164.51,38.68,2018,10,33.4862492543942,20.629999999999995,-0.8660254037844386,0.5000000000000001,24.765232974910393,33.1,11.3,427.51111111111106,28.814814814814813,7.764433117615823,15.895244922341696,3.1759139784946235,27.5,76.86,74.28,75.05,88.88333333333334,151.07407407407408,110.07037037037037,26.19975308641975
Pumpkin,2018-11-01,77.78,108.52,108.52,30.74,2018,11,39.521677138496855,0.0,-0.5000000000000004,0.8660254037844384,24.50913580246914,32.8,9.6,364.6888888888889,24.037037037037038,8.268375205761318,15.564481481481481,3.120740740740741,46.7,115.51,76.86,74.28,90.05000000000001,427.51111111111106,151.07407407407408,24.765232974910393
Pumpkin,2018-12-01,101.17,129.23,142.9,34.89,2018,12,34.4864737704124,13.670000000000016,-2.4492935982947064e-16,1.0,24.27383512544803,31.5,9.3,116.16666666666667,15.777777777777779,9.064698848400372,16.77383512544803,3.3995579450418156,29.2,77.78,115.51,76.86,98.15333333333335,364.6888888888889,427.51111111111106,24.50913580246914
Pumpkin,2019-01-01,80.88,101.23,103.73,21.6,2019,1,26.70619843447276,2.5,0.49999999999999994,0.8660254037844387,24.212903225806453,35.7,6.4,50.925925925925924,9.703703703703704,10.277958074472322,19.057729988052568,4.049450418160095,29.6,101.17,77.78,115.51,86.61000000000001,116.16666666666667,364.6888888888889,24.27383512544803
Pumpkin,2019-02-01,119.2,160.39,162.77,42.38,2019,2,35.553661448270596,2.380000000000024,0.8660254037844386,0.5000000000000001,25.137301587301586,36.0,8.5,137.72222222222223,15.962962962962964,10.223752781452086,19.592037037037038,4.077936507936508,35.1,80.88,101.17,77.78,100.41666666666667,50.925925925925924,116.16666666666667,24.212903225806453
Pumpkin,2019-03-01,112.46,145.35,151.72,36.08,2019,3,32.082489700791655,6.3700000000000045,1.0,6.123233995736766e-17,26.278972520908006,38.5,8.4,44.711111111111116,9.11111111111111,10.987465465286073,23.488016726403824,5.092640382317802,31.6,119.2,80.88,101.17,104.18,137.72222222222223,50.925925925925924,25.137301587301586
Pumpkin,2019-04-01,105.08,137.17,142.37,34.69,2019,4,33.01291110305376,5.200000000000017,0.8660254037844387,-0.49999999999999983,27.08716049382716,38.0,11.1,118.6925925925926,15.88888888888889,9.605431121399178,20.82320987654321,4.5343580246913575,35.5,112.46,119.2,80.88,112.24666666666667,44.711111111111116,137.72222222222223,26.278972520908006
Pumpkin,2019-05-01,135.26,189.17,190.32,54.48,2019,5,40.27795336540487,1.1500000000000057,0.49999999999999994,-0.8660254037844387,27.60131421744325,38.8,11.4,71.44444444444444,14.62962962962963,10.562540979689366,20.850215053763442,4.868160095579451,41.0,105.08,112.46,119.2,117.60000000000001,118.6925925925926,44.711111111111116,27.08716049382716
Pumpkin,2019-06-01,78.34,100.37,108.63,26.16,2019,6,33.392860106126996,8.259999999999991,1.2246467991473532e-16,-1.0,27.607407407407408,39.1,13.0,112.76666666666667,15.666666666666666,10.03913598079561,19.192456790123455,4.719913580246914,41.6,135.26,105.08,112.46,106.22666666666669,71.44444444444444,118.6925925925926,27.60131421744325
Pumpkin,2019-07-01,101.61,134.19,133.8,32.39,2019,7,31.87675240945536,-0.38999999999998636,-0.4999999999999998,-0.8660254037844388,27.097132616487453,39.8,11.0,91.35555555555555,15.296296296296296,10.36241189765034,19.905256869772998,4.747873357228196,49.2,78.34,135.26,105.08,105.07000000000001,112.76666666666667,71.44444444444444,27.607407407407408
Pumpkin,2019-08-01,77.33,101.72,101.4,24.23,2019,8,31.3332066038968,-0.3199999999999932,-0.8660254037844384,-0.5000000000000004,26.305973715651135,38.5,12.5,207.83333333333334,20.703703703703702,8.75700611642108,17.228554360812424,4.048327359617682,42.5,101.61,78.34,135.26,85.76,91.35555555555555,112.76666666666667,27.097132616487453
Pumpkin,2019-09-01,117.31,160.29,165.68,45.68,2019,9,38.939528650985714,5.390000000000015,-1.0,-1.8369701987210297e-16,25.829135802469136,38.0,12.3,217.9814814814815,24.333333333333332,9.308988034979423,18.34032098765432,3.9999135802469135,38.5,77.33,101.61,78.34,98.75,207.83333333333334,91.35555555555555,26.305973715651135
Pumpkin,2019-10-01,122.42,164.47,154.86,37.25,2019,10,30.42800977943981,-9.609999999999985,-0.8660254037844386,0.5000000000000001,24.684707287933094,33.0,11.5,446.2851851851852,29.22222222222222,7.022678955927252,15.168781362007168,3.057060931899642,27.0,117.31,77.33,101.61,105.68666666666667,217.9814814814815,207.83333333333334,25.829135802469136
Pumpkin,2019-11-01,123.97,153.21,166.24,35.76,2019,11,28.845665204755015,13.030000000000001,-0.5000000000000004,0.8660254037844384,24.95012345679012,32.3,11.0,229.92962962962963,26.11111111111111,9.403515637860083,17.369481481481483,3.454716049382716,28.7,122.42,117.31,77.33,121.23333333333335,446.2851851851852,217.9814814814815,24.684707287933094
Pumpkin,2019-12-01,97.08,117.85,128.9,26.3,2019,12,27.091031014595163,11.050000000000011,-2.4492935982947064e-16,1.0,24.533452807646356,31.6,9.9,222.0148148148148,23.40740740740741,8.656992559405284,15.23205495818399,3.0920310633213863,30.8,123.97,122.42,117.31,114.49000000000001,229.92962962962963,446.2851851851852,24.95012345679012
Pumpkin,2020-01-01,106.8,140.47,146.5,36.68,2020,1,34.344537130583205,6.030000000000001,0.49999999999999994,0.8660254037844387,24.866427718040622,35.0,8.1,35.46296296296296,11.148148148148149,10.679307032390815,19.835232974910394,4.180872162485065,33.8,97.08,123.97,122.42,109.28333333333335,222.0148148148148,229.92962962962963,24.533452807646356
Pumpkin,2020-02-01,124.23,172.49,157.38,40.7,2020,2,32.76178639476262,-15.110000000000014,0.8660254037844386,0.5000000000000001,25.54367816091954,37.1,8.7,39.285185185185185,8.333333333333334,10.903973052362709,21.708429118773946,4.827918263090677,40.7,106.8,97.08,123.97,109.37,35.46296296296296,222.0148148148148,24.866427718040622
Pumpkin,2020-03-01,121.96,150.49,169.97,38.27,2020,3,31.37911497284768,19.47999999999999,1.0,6.123233995736766e-17,26.619713261648748,37.0,9.0,30.65555555555556,7.592592592592593,11.034342954334264,23.400645161290324,5.168757467144564,35.0,124.23,106.8,97.08,117.66333333333334,39.285185185185185,35.46296296296296,25.54367816091954
Pumpkin,2020-04-01,122.21,162.74,166.18,42.25,2020,4,34.57161069338786,3.4399999999999977,0.8660254037844387,-0.49999999999999983,26.975061728395062,37.8,10.6,129.98888888888888,20.22222222222222,10.672721124828533,22.053827160493825,4.7376913580246915,28.1,121.96,124.23,106.8,122.8,30.65555555555556,39.285185185185185,26.619713261648748
Pumpkin,2020-05-01,91.36,110.68,128.59,28.28,2020,5,30.95443196756571,17.909999999999997,0.49999999999999994,-0.8660254037844387,27.07431302270012,37.3,13.4,184.54074074074074,22.074074074074073,9.019299054161689,18.124169653524493,4.016583034647551,43.8,122.21,121.96,124.23,111.84333333333335,129.98888888888888,30.65555555555556,26.975061728395062
Pumpkin,2020-06-01,110.46,151.51,143.61,37.1,2020,6,33.58678835163104,-7.899999999999977,1.2246467991473532e-16,-1.0,27.07012345679012,38.5,11.6,116.4074074074074,17.296296296296298,9.95355420781893,19.088296296296296,4.403753086419753,39.3,91.36,122.21,121.96,108.01,184.54074074074074,129.98888888888888,27.07431302270012
Pumpkin,2020-07-01,85.66,105.49,108.77,21.47,2020,7,25.064178071237365,3.280000000000001,-0.4999999999999998,-0.8660254037844388,26.37574671445639,37.5,12.4,152.52592592592595,20.48148148148148,9.078961413115625,17.43378733572282,3.915722819593787,38.4,110.46,91.36,122.21,95.82666666666667,116.4074074074074,184.54074074074074,27.07012345679012
Pumpkin,2020-08-01,112.17,145.4,159.52,40.29,2020,8,35.91866281656163,14.120000000000005,-0.8660254037844384,-0.5000000000000004,26.58183990442055,38.8,11.0,106.85185185185185,14.592592592592593,9.914153697066242,20.05278375149343,4.572078853046595,43.4,85.66,110.46,91.36,102.76333333333334,152.52592592592595,116.4074074074074,26.37574671445639
Pumpkin,2020-09-01,91.71,111.04,117.53,22.58,2020,9,24.621061366196308,6.489999999999995,-1.0,-1.8369701987210297e-16,25.79074074074074,36.9,11.8,215.6814814814815,21.62962962962963,7.988970222908092,16.36483950617284,3.6884320987654324,41.5,112.17,85.66,110.46,96.51333333333334,106.85185185185185,152.52592592592595,26.58183990442055
Pumpkin,2020-10-01,108.54,151.17,144.72,39.4,2020,10,36.29994812976955,-6.449999999999989,-0.8660254037844386,0.5000000000000001,26.279091995221027,39.3,10.9,107.62592592592591,18.333333333333332,10.502320128103014,20.286403823178016,4.526618876941458,42.8,91.71,112.17,85.66,104.14,215.6814814814815,106.85185185185185,25.79074074074074
Pumpkin,2020-11-01,100.95,122.11,142.2,31.2,2020,11,30.90635868612314,20.08999999999999,-0.5000000000000004,0.8660254037844384,25.08407407407407,34.6,10.5,274.7851851851851,25.25925925925926,8.593452866941014,16.191395061728397,3.3017654320987653,33.0,108.54,91.71,112.17,100.40000000000002,107.62592592592591,215.6814814814815,26.279091995221027
Pumpkin,2020-12-01,97.59,129.79,133.24,33.92,2020,12,34.757623980301275,3.450000000000017,-2.4492935982947064e-16,1.0,24.260812425328552,32.2,9.4,328.14074074074074,22.962962962962962,8.186538195274128,15.054970131421745,3.0599641577060934,60.7,100.95,108.54,91.71,102.36000000000001,274.7851851851851,107.62592592592591,25.08407407407407
Pumpkin,2021-01-01,98.46,119.79,129.57,26.22,2021,1,26.63007654877458,9.779999999999987,0.49999999999999994,0.8660254037844387,24.084109916367982,31.8,7.8,305.01111111111106,22.22222222222222,8.01223636001593,15.325017921146955,3.077658303464755,37.6,97.59,100.95,108.54,99.0,328.14074074074074,274.7851851851851,24.260812425328552
Pumpkin,2021-02-01,106.76,130.55,151.7,34.36,2021,2,32.184308557223154,21.149999999999977,0.8660254037844386,0.5000000000000001,24.609920634920634,36.3,8.8,45.803703703703704,10.407407407407407,10.754679559817754,20.968068783068784,4.324074074074074,29.6,98.46,97.59,100.95,100.93666666666668,305.01111111111106,328.14074074074074,24.084109916367982
Pumpkin,2021-03-01,146.75,195.18,202.49,52.09,2021,3,35.49571686833603,7.310000000000002,1.0,6.123233995736766e-17,25.527240143369173,36.2,7.1,114.44814814814816,16.074074074074073,9.764480708217178,20.53426523297491,4.3707885304659495,30.8,106.76,98.46,97.59,117.32333333333334,45.803703703703704,305.01111111111106,24.609920634920634
Pumpkin,2021-04-01,120.46,162.2,157.94,39.61,2021,4,32.88225727855116,-4.259999999999991,0.8660254037844387,-0.49999999999999983,26.35074074074074,37.8,9.6,139.86296296296297,18.48148148148148,10.590717719478738,21.803691358024693,4.592555555555555,32.4,146.75,106.76,98.46,124.65666666666668,114.44814814814816,45.803703703703704,25.527240143369173
Pumpkin,2021-05-01,110.28,152.14,143.83,37.7,2021,5,34.185678105115976,-8.309999999999974,0.49999999999999994,-0.8660254037844387,26.356152927120668,37.2,12.9,270.9185185185185,24.444444444444443,8.824277094119209,17.940095579450418,3.9063918757467144,45.5,120.46,146.75,106.76,125.83000000000003,139.86296296296297,114.44814814814816,26.35074074074074
Pumpkin,2021-06-01,124.15,152.65,162.86,33.61,2021,6,27.07206840751638,10.210000000000008,1.2246467991473532e-16,-1.0,26.42703703703704,37.8,11.7,135.70740740740743,16.88888888888889,10.241626052812071,19.585086419753086,4.388802469135802,39.5,110.28,120.46,146.75,118.29666666666668,270.9185185185185,139.86296296296297,26.356152927120668
Pumpkin,2021-07-01,89.21,111.65,124.75,28.99,2021,7,32.4963204838914,13.099999999999994,-0.4999999999999998,-0.8660254037844388,26.480167264038233,38.1,11.5,152.8148148148148,19.074074074074073,10.035993359219434,19.093261648745518,4.372556750298686,45.4,124.15,110.28,120.46,107.88000000000001,135.70740740740743,270.9185185185185,26.42703703703704
Pumpkin,2021-08-01,151.93,206.08,200.83,51.53,2021,8,33.91691310675106,-5.25,-0.8660254037844384,-0.5000000000000004,26.173357228195936,38.2,10.5,150.7037037037037,20.14814814814815,9.281493747510952,18.53409796893668,4.1990919952210275,37.9,89.21,124.15,110.28,121.76333333333334,152.8148148148148,135.70740740740743,26.480167264038233
Pumpkin,2021-09-01,106.29,131.46,138.83,28.86,2021,9,27.152105417155497,7.3700000000000045,-1.0,-1.8369701987210297e-16,26.211604938271606,37.8,11.8,158.91111111111113,21.48148148148148,9.599454698216736,19.07972839506173,4.259493827160494,47.1,151.93,89.21,124.15,115.81000000000002,150.7037037037037,152.8148148148148,26.173357228195936
Pumpkin,2021-10-01,87.79,105.9,125.45,27.88,2021,10,31.75756719721244,19.549999999999997,-0.8660254037844386,0.5000000000000001,25.332138590203105,35.8,12.1,278.4,25.11111111111111,8.63790509757069,17.564982078853046,3.6884707287933094,41.5,106.29,151.93,89.21,115.33666666666666,158.91111111111113,150.7037037037037,26.211604938271606
Pumpkin,2021-11-01,125.61,169.57,177.97,48.16,2021,11,38.34086590170694,8.400000000000006,-0.5000000000000004,0.8660254037844384,24.365061728395062,33.5,10.0,427.3777777777778,26.925925925925927,6.782470631001372,14.440074074074072,2.9260493827160494,35.8,87.79,106.29,151.93,106.56333333333335,278.4,158.91111111111113,25.332138590203105
Pumpkin,2021-12-01,84.24,113.45,113.04,29.01,2021,12,34.43728105735867,-0.4099999999999966,-2.4492935982947064e-16,1.0,24.4415770609319,33.6,7.5,103.32592592592593,17.62962962962963,9.852105223682463,18.46284348864994,3.7568219832735963,30.7,125.61,87.79,106.29,99.21333333333332,427.3777777777778,278.4,24.365061728395062
Pumpkin,2022-01-01,105.54,129.73,150.21,34.43,2022,1,32.62267138272561,20.480000000000018,0.49999999999999994,0.8660254037844387,24.333452807646353,34.6,6.6,79.39259259259259,16.14814814814815,10.050922418027346,19.505256869773,3.973847072879331,29.2,84.24,125.61,87.79,105.13000000000001,103.32592592592593,427.3777777777778,24.4415770609319
Pumpkin,2022-02-01,128.1,162.1,170.34,38.12,2022,2,29.757978331008328,8.240000000000009,0.8660254037844386,0.5000000000000001,24.69126984126984,34.9,7.6,79.60370370370372,11.11111111111111,9.95848259112287,21.214708994708996,4.435978835978836,27.7,105.54,84.24,125.61,105.96,79.39259259259259,103.32592592592593,24.333452807646353
Pumpkin,2022-03-01,97.82,127.65,133.59,32.8,2022,3,33.53094098247701,5.939999999999998,1.0,6.123233995736766e-17,25.770967741935483,35.5,10.5,59.69259259259258,16.555555555555557,10.201836081242533,21.651875746714456,4.57,31.9,128.1,105.54,84.24,110.48666666666668,79.60370370370372,79.39259259259259,24.69126984126984
Pumpkin,2022-04-01,118.8,164.95,157.15,42.25,2022,4,35.563943127994,-7.799999999999983,0.8660254037844387,-0.49999999999999983,25.617407407407406,34.3,10.9,202.30740740740737,25.962962962962962,9.503278967764063,20.255123456790127,4.1158271604938275,28.6,97.82,128.1,105.54,114.90666666666665,59.69259259259258,79.60370370370372,25.770967741935483
Pumpkin,2022-05-01,107.31,128.88,154.38,34.32,2022,5,31.98207810821162,25.5,0.49999999999999994,-0.8660254037844387,26.48757467144564,37.1,13.6,213.74444444444447,19.814814814814813,9.514996717775123,19.586021505376344,4.3536559139784945,42.1,118.8,97.82,128.1,107.97666666666667,202.30740740740737,59.69259259259258,25.617407407407406
Pumpkin,2022-06-01,118.08,153.02,148.65,32.76,2022,6,27.74387894319195,-4.3700000000000045,1.2246467991473532e-16,-1.0,26.23222222222222,37.0,12.4,124.10370370370369,19.22222222222222,9.639822321673526,19.14904938271605,4.2830864197530865,42.9,107.31,118.8,97.82,114.73000000000002,213.74444444444447,202.30740740740737,26.48757467144564
Pumpkin,2022-07-01,117.08,154.42,156.48,38.37,2022,7,32.77243528148677,2.0600000000000023,-0.4999999999999998,-0.8660254037844388,26.23273596176822,38.0,12.2,123.77407407407406,18.48148148148148,8.95918853046595,18.739330943847072,4.2962007168458785,43.1,118.08,107.31,118.8,114.15666666666668,124.10370370370369,213.74444444444447,26.23222222222222
Pumpkin,2022-08-01,133.11,164.15,167.61,32.77,2022,8,24.618717888424694,3.460000000000008,-0.8660254037844384,-0.5000000000000004,25.684587813620073,36.9,11.1,193.66666666666666,21.25925925925926,9.281554533386434,19.427443249701316,4.245890083632019,45.9,117.08,118.08,107.31,122.75666666666667,123.77407407407406,124.10370370370369,26.23273596176822
Pumpkin,2022-09-01,153.63,185.47,209.17,43.69,2022,9,28.43843751973083,23.69999999999999,-1.0,-1.8369701987210297e-16,25.752222222222223,37.6,10.5,98.95185185185184,16.77777777777778,9.9764180829904,21.314691358024692,4.598962962962963,40.0,133.11,117.08,118.08,134.60666666666668,193.66666666666666,123.77407407407406,25.684587813620073
Pumpkin,2022-10-01,128.58,161.2,177.25,40.64,2022,10,31.6067571887096,16.05000000000001,-0.8660254037844386,0.5000000000000001,24.89163679808841,36.8,10.4,295.11111111111114,25.962962962962962,8.194988298154787,17.328076463560336,3.6061768219832735,42.1,153.63,133.11,117.08,138.44000000000003,98.95185185185184,193.66666666666666,25.752222222222223
Pumpkin,2022-11-01,151.43,193.29,211.22,50.82,2022,11,33.560038592063265,17.930000000000007,-0.5000000000000004,0.8660254037844384,24.250864197530866,33.1,9.6,239.3592592592593,18.74074074074074,8.210116035665294,16.932876543209876,3.4289506172839506,31.4,128.58,153.63,133.11,144.5466666666667,295.11111111111114,98.95185185185184,24.89163679808841
Pumpkin,2022-12-01,99.69,123.96,135.45,30.01,2022,12,30.10329009600753,11.489999999999995,-2.4492935982947064e-16,1.0,23.920908004778973,32.6,8.0,215.6962962962963,22.185185185185187,7.868798171379264,15.54121863799283,3.2044324970131424,41.5,151.43,128.58,153.63,126.56666666666668,239.3592592592593,295.11111111111114,24.250864197530866
Pumpkin,2023-01-01,157.66,196.25,224.21,52.57,2023,1,33.343883455611156,27.960000000000008,0.49999999999999994,0.8660254037844387,23.56953405017921,32.4,6.2,103.34074074074073,13.814814814814815,9.35084146090535,18.494062126642774,3.812951015531661,28.7,99.69,151.43,128.58,136.26000000000002,215.6962962962963,239.3592592592593,23.920908004778973
Pumpkin,2023-02-01,167.18,228.02,232.85,63.26,2023,2,37.83943184625442,4.829999999999984,0.8660254037844386,0.5000000000000001,24.21732804232804,34.1,6.1,117.72222222222223,13.222222222222221,9.727644201940036,20.465039682539683,4.152261904761905,44.3,157.66,99.69,151.43,141.51000000000002,103.34074074074073,215.6962962962963,23.56953405017921
Pumpkin,2023-03-01,124.15,171.61,164.97,44.14,2023,3,35.55373696839551,-6.640000000000015,1.0,6.123233995736766e-17,25.44014336917563,35.4,10.5,101.71481481481482,18.074074074074073,10.236548420284082,21.96173237753883,4.543154121863799,34.7,167.18,157.66,99.69,149.66333333333336,117.72222222222223,103.34074074074073,24.21732804232804
Pumpkin,2023-04-01,128.11,163.42,173.11,40.15,2023,4,31.340230005284514,9.690000000000026,0.8660254037844387,-0.49999999999999983,26.40691358024691,36.8,10.4,125.12592592592593,18.25925925925926,10.259467297668039,22.379345679012346,4.719345679012346,26.6,124.15,167.18,157.66,139.81333333333336,101.71481481481482,117.72222222222223,25.44014336917563
Pumpkin,2023-05-01,161.12,200.47,219.66,48.94,2023,5,30.374857016598174,19.189999999999998,0.49999999999999994,-0.8660254037844387,26.61672640382318,37.0,11.9,151.91851851851848,19.88888888888889,9.052870496482146,19.442508960573477,4.1923655913978495,39.3,128.11,124.15,167.18,137.79333333333338,125.12592592592593,101.71481481481482,26.40691358024691
Pumpkin,2023-06-01,151.79,186.91,192.97,38.15,2023,6,25.133391439889692,6.060000000000002,1.2246467991473532e-16,-1.0,27.14296296296296,37.9,12.9,117.73703703703703,18.666666666666668,10.179046608367628,20.140827160493828,4.662617283950617,37.4,161.12,128.11,124.15,147.0066666666667,151.91851851851848,125.12592592592593,26.61672640382318
Pumpkin,2023-07-01,104.07,140.27,141.52,36.83,2023,7,35.38960758181264,1.25,-0.4999999999999998,-0.8660254037844388,26.840979689366787,39.3,11.8,118.34444444444445,17.333333333333332,9.548847059604407,19.37148148148148,4.611099163679809,43.9,151.79,161.12,128.11,138.99333333333337,117.73703703703703,151.91851851851848,27.14296296296296
Pumpkin,2023-08-01,122.14,156.94,153.67,33.16,2023,8,27.14915085217713,-3.2700000000000102,-0.8660254037844384,-0.5000000000000004,27.261409796893666,39.5,11.4,74.89629629629628,15.777777777777779,10.886052190362406,22.576105137395462,5.263297491039427,35.1,104.07,151.79,161.12,126.00000000000001,118.34444444444445,117.73703703703703,26.840979689366787
Pumpkin,2023-09-01,146.75,196.38,204.24,53.56,2023,9,36.497419763257405,7.860000000000014,-1.0,-1.8369701987210297e-16,25.915185185185184,37.0,12.0,254.35555555555558,24.48148148148148,8.70759411179698,18.487765432098765,4.146185185185185,41.1,122.14,104.07,151.79,124.32000000000001,74.89629629629628,118.34444444444445,27.261409796893666
Pumpkin,2023-10-01,141.11,184.47,191.32,46.78,2023,10,33.15141864402335,6.849999999999994,-0.8660254037844386,0.5000000000000001,25.041696535244924,35.2,11.7,390.61851851851856,27.88888888888889,8.155679135138724,17.433476702508962,3.5616367980884114,37.3,146.75,122.14,104.07,136.6666666666667,254.35555555555558,74.89629629629628,25.915185185185184
Pumpkin,2023-11-01,113.89,155.46,145.73,36.7,2023,11,32.22404756866488,-9.730000000000018,-0.5000000000000004,0.8660254037844384,24.58407407407407,32.2,10.8,515.1407407407407,29.11111111111111,7.543883251028808,15.49683950617284,3.0763703703703706,26.1,141.11,146.75,122.14,133.9166666666667,390.61851851851856,254.35555555555558,25.041696535244924
Pumpkin,2023-12-01,174.7,229.7,234.74,57.52,2023,12,32.924995463654575,5.0400000000000205,-2.4492935982947064e-16,1.0,24.70310633213859,32.4,10.1,347.7074074074075,27.074074074074073,7.775822411389885,15.059247311827956,3.05715651135006,35.0,113.89,141.11,146.75,143.23333333333338,515.1407407407407,390.61851851851856,24.58407407407407
Pumpkin,2024-01-01,132.55,162.64,179.61,38.57,2024,1,29.09843146100983,16.970000000000027,0.49999999999999994,0.8660254037844387,24.613500597371566,33.2,6.6,164.60370370370367,17.22222222222222,9.050596405814415,17.903405017921145,3.690406212664277,34.3,174.7,113.89,141.11,140.38000000000002,347.7074074074075,515.1407407407407,24.70310633213859
Pumpkin,2024-02-01,167.12,200.76,228.0,47.26,2024,2,28.27906397853998,27.24000000000001,0.8660254037844386,0.5000000000000001,25.937037037037037,37.3,10.1,38.696296296296296,9.62962962962963,10.865918103448278,22.239182630906768,4.844712643678161,36.2,132.55,174.7,113.89,158.12333333333336,164.60370370370367,347.7074074074075,24.613500597371566
Pumpkin,2024-03-01,140.86,196.54,180.05,47.43,2024,3,33.67170689215753,-16.48999999999998,1.0,6.123233995736766e-17,26.72258064516129,38.3,9.8,58.05925925925926,8.407407407407407,10.914837687508298,23.956308243727598,5.247909199522103,29.8,167.12,132.55,174.7,146.8433333333334,38.696296296296296,164.60370370370367,25.937037037037037
Pumpkin,2024-04-01,150.0,204.79,199.15,51.97,2024,4,34.64664356890428,-5.639999999999986,0.8660254037844387,-0.49999999999999983,27.57950617283951,39.4,11.3,112.4925925925926,16.814814814814813,10.575852921810698,22.987333333333336,4.997975308641975,30.3,140.86,167.12,132.55,152.66000000000005,58.05925925925926,38.696296296296296,26.72258064516129
Pumpkin,2024-05-01,135.1,168.04,192.3,45.07,2024,5,33.36044903001552,24.26000000000002,0.49999999999999994,-0.8660254037844387,27.09545997610514,40.3,13.7,371.0,23.77777777777778,8.357931302270012,18.273715651135007,3.9950537634408603,48.3,150.0,140.86,167.12,141.9866666666667,112.4925925925926,58.05925925925926,27.57950617283951
Pumpkin,2024-06-01,107.25,130.56,143.09,29.58,2024,6,27.580393864434622,12.530000000000001,1.2246467991473532e-16,-1.0,26.601388888888888,36.4,12.8,53.1,6.333333333333333,9.251713567386833,18.447453703703705,3.9457407407407405,36.0,135.1,150.0,140.86,130.7833333333334,371.0,112.4925925925926,27.09545997610514
Snake Gourd,2010-01-01,69.07,83.27,96.13,20.63,2010,1,29.868206358467702,12.86,0.49999999999999994,0.8660254037844387,24.38219832735962,33.2,13.1,74.89629629629628,11.555555555555555,10.191066301606265,18.25299880525687,3.817479091995221,31.1,69.07,69.07,69.07,69.07,74.89629629629628,74.89629629629628,24.38219832735962
Snake Gourd,2010-02-01,64.23,84.26,82.02,18.91,2010,2,29.441025313676917,-2.240000000000009,0.8660254037844386,0.5000000000000001,25.346428571428575,36.5,12.6,27.08888888888889,5.0,10.081776940035274,20.48521164021164,4.425886243386243,31.2,69.07,69.07,69.07,66.65,74.89629629629628,74.89629629629628,24.38219832735962
Snake Gourd,2010-03-01,67.03,84.33,91.88,21.07,2010,3,31.4336395141884,7.549999999999997,1.0,6.123233995736766e-17,26.880884109916366,37.2,12.9,62.329629629629636,9.666666666666666,10.952022939068101,22.906750298685782,5.054336917562724,28.3,64.23,69.07,69.07,66.77666666666666,27.08888888888889,74.89629629629628,25.346428571428575
Snake Gourd,2010-04-01,73.95,102.02,100.19,27.15,2010,4,36.713946296218666,-1.8299999999999983,0.8660254037844387,-0.49999999999999983,26.98037037037037,36.3,15.0,183.96666666666667,21.77777777777778,10.057895030864195,20.685123456790123,4.393654320987655,28.8,67.03,64.23,69.07,68.40333333333334,62.329629629629636,27.08888888888889,26.880884109916366
Snake Gourd,2010-05-01,60.37,80.68,83.98,21.96,2010,5,36.37562303193137,3.299999999999997,0.49999999999999994,-0.8660254037844387,26.86762246117085,35.5,15.9,171.74074074074073,22.51851851851852,9.573050126111776,18.505292712066908,4.026881720430108,48.0,73.95,67.03,64.23,67.11666666666667,183.96666666666667,62.329629629629636,26.98037037037037
Snake Gourd,2010-06-01,66.36,89.26,88.79,22.67,2010,6,34.16209439105728,-0.46999999999999886,1.2246467991473532e-16,-1.0,26.621975308641975,37.0,16.0,161.88888888888889,20.51851851851852,9.854107297668039,18.50595061728395,4.217641975308642,47.1,60.37,73.95,67.03,66.89333333333333,171.74074074074073,183.96666666666667,26.86762246117085
Snake Gourd,2010-07-01,73.43,96.6,103.68,26.71,2010,7,36.37472916419833,7.0800000000000125,-0.4999999999999998,-0.8660254037844388,26.288530465949822,35.5,14.8,127.11111111111111,19.666666666666668,9.882708134209476,18.813775388291518,4.249342891278375,40.1,66.36,60.37,73.95,66.72,161.88888888888889,171.74074074074073,26.621975308641975
Snake Gourd,2010-08-01,63.57,76.41,81.86,15.56,2010,8,24.47691603442499,5.450000000000003,-0.8660254037844384,-0.5000000000000004,26.09295101553166,36.0,14.8,145.3,19.40740740740741,9.287111814682067,17.983154121863798,4.0579689366786145,40.0,73.43,66.36,60.37,67.78666666666666,127.11111111111111,161.88888888888889,26.288530465949822
Snake Gourd,2010-09-01,63.61,85.66,86.63,22.53,2010,9,35.41890360178651,0.9699999999999989,-1.0,-1.8369701987210297e-16,25.68567901234568,35.3,14.6,185.2185185185185,21.962962962962962,8.915182475994513,18.153679012345677,3.9281604938271606,37.0,63.57,73.43,66.36,66.87,145.3,127.11111111111111,26.09295101553166
Snake Gourd,2010-10-01,63.67,88.74,84.89,23.14,2010,10,36.34358984829614,-3.8499999999999943,-0.8660254037844386,0.5000000000000001,25.488291517323777,36.2,12.8,210.63703703703703,19.333333333333332,9.755867881322182,18.504074074074072,3.9231541218637993,37.9,63.61,63.57,73.43,63.61666666666667,185.2185185185185,145.3,25.68567901234568
Snake Gourd,2010-11-01,58.12,76.66,74.72,17.57,2010,11,30.230505453362948,-1.9399999999999977,-0.5000000000000004,0.8660254037844384,24.464197530864197,32.2,13.7,375.0592592592592,26.703703703703702,8.210342170781892,14.95035802469136,3.0094691358024694,31.7,63.67,63.61,63.57,61.800000000000004,210.63703703703703,185.2185185185185,25.488291517323777
Snake Gourd,2010-12-01,65.59,79.69,92.82,20.66,2010,12,31.498656047177846,13.129999999999995,-2.4492935982947064e-16,1.0,23.63237753882915,30.4,12.3,478.24074074074076,25.444444444444443,6.248732145227664,12.087502986857825,2.504826762246117,44.1,58.12,63.67,63.61,62.46,375.0592592592592,210.63703703703703,24.464197530864197
Snake Gourd,2011-01-01,83.97,117.5,116.57,33.06,2011,1,39.37115711425853,-0.9300000000000068,0.49999999999999994,0.8660254037844387,23.309318996415772,29.9,10.0,377.9555555555555,21.25925925925926,6.860116985264835,13.278458781362007,2.7479689366786144,39.8,65.59,58.12,63.67,69.22666666666667,478.24074074074076,375.0592592592592,23.63237753882915
Snake Gourd,2011-02-01,78.48,100.99,112.58,28.3,2011,2,36.06009676338333,11.590000000000003,0.8660254037844386,0.5000000000000001,24.098148148148148,31.7,13.1,281.75555555555553,14.185185185185185,8.1077059707525,16.28414021164021,3.3464021164021167,36.3,83.97,65.59,58.12,76.01333333333334,377.9555555555555,478.24074074074076,23.309318996415772
Snake Gourd,2011-03-01,74.09,96.26,95.54,21.81,2011,3,29.437131276648294,-0.7199999999999989,1.0,6.123233995736766e-17,25.415890083632018,35.7,12.7,79.2925925925926,16.074074074074073,10.637956013540423,21.56808841099164,4.439450418160096,30.5,78.48,83.97,65.59,78.84666666666668,281.75555555555553,377.9555555555555,24.098148148148148
Snake Gourd,2011-04-01,90.67,119.85,122.09,30.3,2011,4,33.417852191626565,2.240000000000009,0.8660254037844387,-0.49999999999999983,25.76320987654321,35.7,13.0,207.73703703703703,22.962962962962962,9.720265562414264,20.033617283950615,4.145567901234568,31.5,74.09,78.48,83.97,81.08,79.2925925925926,281.75555555555553,25.415890083632018
Snake Gourd,2011-05-01,80.43,105.18,103.31,23.82,2011,5,29.615778172599562,-1.8700000000000045,0.49999999999999994,-0.8660254037844387,26.61373954599761,35.7,14.2,81.60740740740741,17.333333333333332,10.89341501061994,21.225173237753886,4.574217443249701,40.8,90.67,74.09,78.48,81.73,207.73703703703703,79.2925925925926,25.76320987654321
Snake Gourd,2011-06-01,63.8,85.81,83.52,20.86,2011,6,32.69587351743963,-2.2900000000000063,1.2246467991473532e-16,-1.0,26.950493827160496,37.0,14.5,60.029629629629625,13.777777777777779,10.838705425240056,20.47843209876543,4.773728395061728,44.2,80.43,90.67,74.09,78.30000000000001,81.60740740740741,207.73703703703703,26.61373954599761
Snake Gourd,2011-07-01,79.26,101.96,108.52,25.98,2011,7,32.778156979362876,6.560000000000002,-0.4999999999999998,-0.8660254037844388,26.418040621266428,35.6,15.1,114.77407407407408,19.77777777777778,10.305884322315148,19.09958183990442,4.394587813620071,43.6,63.8,80.43,90.67,74.49666666666667,60.029629629629625,81.60740740740741,26.950493827160496
Snake Gourd,2011-08-01,54.17,66.93,68.52,13.56,2011,8,25.03225949370594,1.5899999999999892,-0.8660254037844384,-0.5000000000000004,26.163201911589006,35.5,14.9,123.93333333333332,21.444444444444443,10.277780177220231,19.317921146953406,4.386236559139785,41.5,79.26,63.8,80.43,65.74333333333334,114.77407407407408,60.029629629629625,26.418040621266428
Snake Gourd,2011-09-01,86.98,119.85,115.74,30.81,2011,9,35.42189535307501,-4.109999999999999,-1.0,-1.8369701987210297e-16,26.394567901234566,36.8,13.5,128.13333333333335,16.77777777777778,10.440950826474623,20.307703703703705,4.630888888888889,41.0,54.17,79.26,63.8,73.47,123.93333333333332,114.77407407407408,26.163201911589006
Snake Gourd,2011-10-01,58.22,76.06,74.16,16.89,2011,10,29.010599432154876,-1.9000000000000057,-0.8660254037844386,0.5000000000000001,25.554599761051374,36.4,14.0,290.7444444444444,25.25925925925926,9.106757062259392,17.938697729988053,3.7755077658303464,29.1,86.98,54.17,79.26,66.45666666666666,128.13333333333335,123.93333333333332,26.394567901234566
Snake Gourd,2011-11-01,59.16,73.13,81.97,18.39,2011,11,31.085140153583247,8.840000000000003,-0.5000000000000004,0.8660254037844384,24.60037037037037,30.9,13.2,227.7037037037037,23.185185185185187,8.755125891632373,15.819074074074075,3.190111111111111,38.0,58.22,86.98,54.17,68.11999999999999,290.7444444444444,128.13333333333335,25.554599761051374
Snake Gourd,2011-12-01,71.3,89.21,96.5,21.56,2011,12,30.238386762430906,7.290000000000006,-2.4492935982947064e-16,1.0,24.174551971326164,30.6,12.7,238.3296296296296,19.0,8.318002937076862,15.13463560334528,3.1733094384707288,41.7,59.16,58.22,86.98,62.89333333333334,227.7037037037037,290.7444444444444,24.60037037037037
Snake Gourd,2012-01-01,82.53,113.61,118.57,33.56,2012,1,40.663951697623055,4.959999999999994,0.49999999999999994,0.8660254037844387,24.00310633213859,32.2,11.7,41.87407407407407,8.11111111111111,10.526879619673437,19.145698924731185,3.9631421744324973,32.9,71.3,59.16,58.22,70.99666666666667,238.3296296296296,227.7037037037037,24.174551971326164
Snake Gourd,2012-02-01,72.11,95.03,103.19,27.0,2012,2,37.44274380426597,8.159999999999997,0.8660254037844386,0.5000000000000001,24.737164750957856,33.1,11.5,88.37407407407407,11.62962962962963,9.96542747623102,19.20183908045977,4.065938697318008,34.4,82.53,71.3,59.16,75.31333333333333,41.87407407407407,238.3296296296296,24.00310633213859
Snake Gourd,2012-03-01,75.91,94.31,107.44,24.97,2012,3,32.894173502603735,13.129999999999995,1.0,6.123233995736766e-17,26.114814814814814,35.8,12.7,62.56666666666667,11.037037037037036,11.041847268684455,23.043142174432496,4.872556750298686,25.6,72.11,82.53,71.3,76.85,88.37407407407407,41.87407407407407,24.737164750957856
Snake Gourd,2012-04-01,74.09,93.14,104.13,24.54,2012,4,33.121834091194366,10.989999999999995,0.8660254037844387,-0.49999999999999983,26.094197530864196,35.0,14.2,151.7296296296296,22.814814814814813,9.937619732510289,19.906234567901233,4.172765432098766,34.8,75.91,72.11,82.53,74.03666666666666,62.56666666666667,88.37407407407407,26.114814814814814
Snake Gourd,2012-05-01,84.93,117.72,112.77,30.31,2012,5,35.688171802458726,-4.950000000000003,0.49999999999999994,-0.8660254037844387,27.31612903225806,37.4,13.0,38.32962962962962,9.703703703703704,10.995511419753086,22.113142174432497,5.193488649940263,46.5,74.09,75.91,72.11,78.31,151.7296296296296,62.56666666666667,26.094197530864196
Snake Gourd,2012-06-01,74.56,96.63,99.75,23.63,2012,6,31.692554060415688,3.1200000000000045,1.2246467991473532e-16,-1.0,26.930617283950617,37.3,15.5,72.88888888888889,15.481481481481481,10.494983017832647,19.584814814814816,4.750666666666667,44.5,84.93,74.09,75.91,77.86,38.32962962962962,151.7296296296296,27.31612903225806
Snake Gourd,2012-07-01,83.56,106.49,114.22,26.79,2012,7,32.06075627003797,7.730000000000004,-0.4999999999999998,-0.8660254037844388,26.741338112305854,37.4,15.2,91.75555555555556,16.555555555555557,10.725608117615826,20.296356033452806,4.737252090800478,40.1,74.56,84.93,74.09,81.01666666666667,72.88888888888889,38.32962962962962,26.930617283950617
Snake Gourd,2012-08-01,67.75,86.81,88.41,19.86,2012,8,29.313609869210524,1.5999999999999943,-0.8660254037844384,-0.5000000000000004,26.55149342891278,37.0,14.8,106.80740740740741,18.14814814814815,10.462001473516526,19.9221027479092,4.753954599761052,40.9,83.56,74.56,84.93,75.29,91.75555555555556,72.88888888888889,26.741338112305854
Snake Gourd,2012-09-01,67.84,81.88,85.54,15.87,2012,9,23.393243818921253,3.660000000000011,-1.0,-1.8369701987210297e-16,26.46827160493827,36.9,14.8,113.72962962962963,19.25925925925926,10.030292259945131,19.901728395061728,4.575271604938272,38.2,67.75,83.56,74.56,73.05,106.80740740740741,91.75555555555556,26.55149342891278
Snake Gourd,2012-10-01,60.2,82.28,76.5,19.19,2012,10,31.877023460093916,-5.780000000000001,-0.8660254037844386,0.5000000000000001,25.311230585424134,38.1,13.8,449.9777777777778,25.77777777777778,8.247822464489579,16.84641577060932,3.593273596176822,46.0,67.84,67.75,83.56,65.26333333333334,113.72962962962963,106.80740740740741,26.46827160493827
Snake Gourd,2012-11-01,66.93,81.4,90.16,18.85,2012,11,28.163711095605713,8.759999999999991,-0.5000000000000004,0.8660254037844384,24.764074074074077,31.6,14.0,291.1888888888889,20.59259259259259,8.831181690672153,16.15237037037037,3.3229135802469134,41.6,60.2,67.84,67.75,64.99000000000001,449.9777777777778,113.72962962962963,25.311230585424134
Snake Gourd,2012-12-01,71.4,97.52,94.86,24.79,2012,12,34.71983932795612,-2.6599999999999966,-2.4492935982947064e-16,1.0,24.22437275985663,30.7,11.7,206.9148148148148,19.962962962962962,8.388824093986461,14.450955794504182,2.998279569892473,39.6,66.93,60.2,67.84,66.17666666666668,291.1888888888889,449.9777777777778,24.764074074074077
Snake Gourd,2013-01-01,81.05,110.97,105.1,26.98,2013,1,33.28805269826935,-5.8700000000000045,0.49999999999999994,0.8660254037844387,24.042652329749103,32.2,10.8,214.65925925925924,11.037037037037036,8.49450116155582,16.101481481481482,3.4447311827956986,31.9,71.4,66.93,60.2,73.12666666666668,206.9148148148148,291.1888888888889,24.22437275985663
Snake Gourd,2013-02-01,97.16,122.19,133.22,30.54,2013,2,31.43265599767806,11.030000000000001,0.8660254037844386,0.5000000000000001,24.672883597883597,32.8,12.2,111.08148148148148,13.11111111111111,9.777058847736626,19.015753968253968,3.9231613756613757,29.5,81.05,71.4,66.93,83.20333333333333,214.65925925925924,206.9148148148148,24.042652329749103
Snake Gourd,2013-03-01,70.0,84.61,95.32,19.96,2013,3,28.514244979650027,10.709999999999994,1.0,6.123233995736766e-17,25.66057347670251,34.6,13.9,153.78518518518518,18.25925925925926,10.352612066905616,20.766630824372758,4.285304659498208,26.6,97.16,81.05,71.4,82.73666666666666,111.08148148148148,214.65925925925924,24.672883597883597
Snake Gourd,2013-04-01,85.78,116.12,120.17,32.36,2013,4,37.72436730663639,4.049999999999997,0.8660254037844387,-0.49999999999999983,26.996913580246915,36.5,14.6,82.41111111111111,15.481481481481481,10.709399595336075,21.9620987654321,4.685876543209877,31.6,70.0,97.16,81.05,84.31333333333333,153.78518518518518,111.08148148148148,25.66057347670251
Snake Gourd,2013-05-01,83.91,104.2,120.3,28.34,2013,5,33.774241718219855,16.099999999999994,0.49999999999999994,-0.8660254037844387,26.8389486260454,36.3,14.9,143.0814814814815,19.74074074074074,9.638459176290986,19.227825567502986,4.32221027479092,45.7,85.78,70.0,97.16,79.89666666666666,82.41111111111111,153.78518518518518,26.996913580246915
Snake Gourd,2013-06-01,72.16,98.25,96.26,25.1,2013,6,34.78376554356216,-1.9899999999999949,1.2246467991473532e-16,-1.0,25.994074074074074,34.6,15.4,170.0888888888889,19.85185185185185,9.694006200274348,17.583827160493826,4.057296296296296,43.2,83.91,85.78,70.0,80.61666666666666,143.0814814814815,82.41111111111111,26.8389486260454
Snake Gourd,2013-07-01,85.38,106.94,109.97,23.08,2013,7,27.03206016390236,3.030000000000001,-0.4999999999999998,-0.8660254037844388,26.04826762246117,36.2,15.2,102.04444444444444,17.0,10.26724616686579,18.919187574671447,4.3469414575866185,43.0,72.16,83.91,85.78,80.48333333333333,170.0888888888889,143.0814814814815,25.994074074074074
Snake Gourd,2013-08-01,67.51,88.04,95.48,24.25,2013,8,35.920551147161675,7.439999999999998,-0.8660254037844384,-0.5000000000000004,26.133213859020312,37.5,14.3,106.14444444444445,18.074074074074073,10.622712196336122,20.584492234169655,4.578936678614098,39.6,85.38,72.16,83.91,75.01666666666667,102.04444444444444,170.0888888888889,26.04826762246117
Snake Gourd,2013-09-01,86.07,115.99,118.91,31.38,2013,9,36.458654050593644,2.9200000000000017,-1.0,-1.8369701987210297e-16,25.803086419753086,36.5,13.9,122.63703703703703,17.62962962962963,9.680483124142661,18.931222222222225,4.218827160493827,40.6,67.51,85.38,72.16,79.65333333333332,106.14444444444445,102.04444444444444,26.133213859020312
Snake Gourd,2013-10-01,85.22,112.86,115.4,28.91,2013,10,33.92392170391727,2.5400000000000063,-0.8660254037844386,0.5000000000000001,25.8415770609319,36.0,13.3,180.94444444444446,19.444444444444443,9.920446226602948,19.132138590203105,4.223010752688172,36.1,86.07,67.51,85.38,79.60000000000001,122.63703703703703,106.14444444444445,25.803086419753086
Snake Gourd,2013-11-01,67.53,90.62,88.86,22.21,2013,11,32.88903762914611,-1.7600000000000051,-0.5000000000000004,0.8660254037844384,24.765925925925927,31.5,12.4,167.89629629629633,20.22222222222222,9.901379499314128,17.46762962962963,3.5697901234567904,40.2,85.22,86.07,67.51,79.60666666666667,180.94444444444446,122.63703703703703,25.8415770609319
Snake Gourd,2013-12-01,70.87,91.28,95.15,22.34,2013,12,31.522461517621675,3.8700000000000045,-2.4492935982947064e-16,1.0,24.01027479091995,31.3,13.1,162.94444444444446,15.481481481481481,8.190521113766096,14.278112305854242,3.0887574671445637,40.0,67.53,85.22,86.07,74.54,167.89629629629633,180.94444444444446,24.765925925925927
Snake Gourd,2014-01-01,85.3,107.17,117.86,27.22,2014,1,31.91086528620717,10.689999999999998,0.49999999999999994,0.8660254037844387,23.94109916367981,32.5,11.7,131.15555555555554,13.555555555555555,9.34556176158237,16.36010752688172,3.4371804062126645,41.5,70.87,67.53,85.22,74.56666666666666,162.94444444444446,167.89629629629633,24.01027479091995
Snake Gourd,2014-02-01,92.49,118.63,123.53,28.59,2014,2,30.91141646511356,4.900000000000006,0.8660254037844386,0.5000000000000001,24.89920634920635,35.9,9.7,18.8,5.333333333333333,10.92148025793651,21.56505291005291,4.585925925925926,29.6,85.3,70.87,67.53,82.88666666666667,131.15555555555554,162.94444444444446,23.94109916367981
Snake Gourd,2014-03-01,79.43,104.23,114.25,29.81,2014,3,37.52985329239167,10.019999999999996,1.0,6.123233995736766e-17,26.361170848267623,37.2,12.2,34.196296296296296,5.925925925925926,10.952933014735166,22.873548387096776,5.147072879330945,28.1,92.49,85.3,70.87,85.74000000000001,18.8,131.15555555555554,24.89920634920635
Snake Gourd,2014-04-01,73.26,91.19,94.95,19.81,2014,4,27.04064013016635,3.760000000000005,0.8660254037844387,-0.49999999999999983,26.7458024691358,37.2,13.6,152.52592592592592,17.296296296296298,10.610301241426612,21.791827160493828,4.638111111111111,25.2,79.43,92.49,85.3,81.72666666666667,34.196296296296296,18.8,26.361170848267623
Snake Gourd,2014-05-01,74.32,95.18,100.59,23.57,2014,5,31.714166154243607,5.409999999999997,0.49999999999999994,-0.8660254037844387,26.574671445639186,35.2,15.0,169.88148148148144,20.51851851851852,9.93649666799416,19.42304659498208,4.1792592592592595,39.3,73.26,79.43,92.49,75.67,152.52592592592592,34.196296296296296,26.7458024691358
Snake Gourd,2014-06-01,78.14,100.16,101.73,22.8,2014,6,29.17836040650063,1.5700000000000074,1.2246467991473532e-16,-1.0,27.230493827160494,36.2,15.6,75.25925925925925,15.444444444444445,10.797738693415639,20.258123456790127,4.799592592592592,41.0,74.32,73.26,79.43,75.24,169.88148148148144,152.52592592592592,26.574671445639186
Snake Gourd,2014-07-01,77.96,106.25,106.29,28.31,2014,7,36.31344751994931,0.04000000000000625,-0.4999999999999998,-0.8660254037844388,26.96941457586619,36.8,15.3,73.40370370370371,15.592592592592593,10.71005141046064,20.10921146953405,4.85078853046595,39.0,78.14,74.32,73.26,76.80666666666666,75.25925925925925,169.88148148148144,27.230493827160494
Snake Gourd,2014-08-01,83.5,108.08,118.91,29.99,2014,8,35.91612465134772,10.829999999999998,-0.8660254037844384,-0.5000000000000004,26.11589008363202,36.3,14.0,129.73703703703703,20.0,10.03903343289526,19.2368458781362,4.3563560334528075,41.8,77.96,78.14,74.32,79.86666666666666,73.40370370370371,75.25925925925925,26.96941457586619
Snake Gourd,2014-09-01,91.48,125.71,121.67,32.21,2014,9,35.20984345229181,-4.039999999999992,-1.0,-1.8369701987210297e-16,26.094814814814814,37.2,14.6,160.03333333333333,20.77777777777778,10.29222377914952,20.17385185185185,4.477555555555556,40.1,83.5,77.96,78.14,84.31333333333333,129.73703703703703,73.40370370370371,26.11589008363202
Snake Gourd,2014-10-01,81.39,103.39,106.43,23.52,2014,10,28.897863499369087,3.0400000000000063,-0.8660254037844386,0.5000000000000001,25.124133811230585,33.5,14.5,379.1629629629629,28.074074074074073,8.895012322447897,17.07173237753883,3.4983512544802866,37.9,91.48,83.5,77.96,85.45666666666666,160.03333333333333,129.73703703703703,26.094814814814814
Snake Gourd,2014-11-01,81.23,104.94,110.0,26.24,2014,11,32.303296438143,5.060000000000002,-0.5000000000000004,0.8660254037844384,24.40691358024691,31.6,12.9,339.6814814814815,22.88888888888889,7.338499725651578,14.214506172839506,2.9098148148148146,39.0,81.39,91.48,83.5,84.7,379.1629629629629,160.03333333333333,25.124133811230585
Snake Gourd,2014-12-01,84.06,116.66,112.53,30.53,2014,12,36.319252534793556,-4.1299999999999955,-2.4492935982947064e-16,1.0,23.95137395459976,30.7,13.6,532.0333333333333,27.037037037037038,6.568287976237887,12.152485065710872,2.4931780167264037,40.0,81.23,81.39,91.48,82.22666666666667,339.6814814814815,379.1629629629629,24.40691358024691
Snake Gourd,2015-01-01,110.96,140.74,148.03,33.43,2015,1,30.127946892621765,7.289999999999992,0.49999999999999994,0.8660254037844387,24.391756272401434,33.2,12.1,32.10740740740741,7.592592592592593,10.502823702376213,18.87594982078853,3.954408602150538,30.5,84.06,81.23,81.39,92.08333333333333,532.0333333333333,339.6814814814815,23.95137395459976
Snake Gourd,2015-02-01,108.08,150.79,137.01,35.82,2015,2,33.14208628600455,-13.780000000000001,0.8660254037844386,0.5000000000000001,24.457010582010582,34.7,10.4,93.92592592592592,13.74074074074074,10.328361654908877,19.483002645502644,4.039828042328042,33.2,110.96,84.06,81.23,101.03333333333332,32.10740740740741,532.0333333333333,24.391756272401434
Snake Gourd,2015-03-01,90.42,113.01,118.31,25.24,2015,3,27.914147407490148,5.299999999999997,1.0,6.123233995736766e-17,25.695579450418162,35.2,11.0,84.23703703703703,11.814814814814815,10.76329743130227,22.61729988052569,4.7389486260454,26.6,108.08,110.96,84.06,103.15333333333332,93.92592592592592,32.10740740740741,24.457010582010582
Snake Gourd,2015-04-01,73.44,101.51,105.04,29.84,2015,4,40.63175295240611,3.530000000000001,0.8660254037844387,-0.49999999999999983,26.122839506172838,35.1,14.4,201.55555555555554,23.37037037037037,10.262591769547326,20.982123456790124,4.3398518518518525,24.6,90.42,108.08,110.96,90.64666666666666,84.23703703703703,93.92592592592592,25.695579450418162
Snake Gourd,2015-05-01,113.41,152.14,153.81,39.56,2015,5,34.882254755087956,1.670000000000016,0.49999999999999994,-0.8660254037844387,26.43094384707288,34.3,15.2,178.8259259259259,22.555555555555557,10.002322003185983,19.305830346475506,4.072939068100359,43.7,73.44,90.42,108.08,92.42333333333333,201.55555555555554,84.23703703703703,26.122839506172838
Snake Gourd,2015-06-01,70.79,91.47,99.06,24.47,2015,6,34.566980411102676,7.590000000000003,1.2246467991473532e-16,-1.0,26.698024691358025,35.8,15.1,103.0037037037037,17.14814814814815,10.34859715020576,19.485444444444447,4.364913580246913,46.7,113.41,73.44,90.42,85.88,178.8259259259259,201.55555555555554,26.43094384707288
Snake Gourd,2015-07-01,99.41,127.69,126.34,27.61,2015,7,27.773837869592725,-1.3499999999999943,-0.4999999999999998,-0.8660254037844388,26.75627240143369,36.4,14.6,86.6962962962963,16.40740740740741,10.644947477764504,19.966547192353644,4.646487455197133,38.2,70.79,113.41,73.44,94.53666666666668,103.0037037037037,178.8259259259259,26.698024691358025
Snake Gourd,2015-08-01,102.88,124.01,145.8,32.03,2015,8,31.133328991709767,21.790000000000006,-0.8660254037844384,-0.5000000000000004,26.590083632019116,36.2,14.9,112.4962962962963,18.666666666666668,10.723101148280898,20.643727598566308,4.654898446833931,39.3,99.41,70.79,113.41,91.02666666666666,86.6962962962963,103.0037037037037,26.75627240143369
Snake Gourd,2015-09-01,86.21,107.57,117.09,26.12,2015,9,30.29807412356557,9.52000000000001,-1.0,-1.8369701987210297e-16,26.04555555555556,37.0,14.9,183.8777777777778,22.666666666666668,9.439200600137173,18.515641975308643,4.0424444444444445,40.8,102.88,99.41,70.79,96.16666666666667,112.4962962962963,86.6962962962963,26.590083632019116
Snake Gourd,2015-10-01,79.29,97.12,111.7,25.12,2015,10,31.681130431163535,14.579999999999998,-0.8660254037844386,0.5000000000000001,25.31935483870968,34.1,14.6,488.0888888888888,28.074074074074073,8.062620496482145,16.338637992831543,3.3829032258064515,38.6,86.21,102.88,99.41,89.46,183.8777777777778,112.4962962962963,26.04555555555556
Snake Gourd,2015-11-01,90.25,124.53,128.65,36.34,2015,11,40.26588336190209,4.1200000000000045,-0.5000000000000004,0.8660254037844384,24.75172839506173,31.2,14.6,372.6592592592592,26.59259259259259,8.015063124142662,14.546234567901235,2.939864197530864,44.7,79.29,86.21,102.88,85.25,488.0888888888888,183.8777777777778,25.31935483870968
Snake Gourd,2015-12-01,93.48,130.72,131.72,37.74,2015,12,40.37222895568148,1.0,-2.4492935982947064e-16,1.0,24.736081242532855,31.2,12.4,251.9148148148148,22.40740740740741,8.835831073277578,14.967132616487454,3.0635722819593787,33.3,90.25,79.29,86.21,87.67333333333333,372.6592592592592,488.0888888888888,24.75172839506173
Snake Gourd,2016-01-01,125.74,166.48,165.11,40.06,2016,1,31.85936705951403,-1.3699999999999761,0.49999999999999994,0.8660254037844387,24.99163679808841,33.6,12.4,32.54074074074074,8.11111111111111,10.499397992167795,18.714743130227,4.010071684587813,33.8,93.48,90.25,79.29,103.15666666666665,251.9148148148148,372.6592592592592,24.736081242532855
Snake Gourd,2016-02-01,133.45,164.84,191.95,44.95,2016,2,33.683002110901384,27.109999999999985,0.8660254037844386,0.5000000000000001,25.845466155810982,35.3,11.4,35.737037037037034,8.407407407407407,10.57882929615439,20.39846743295019,4.45367816091954,32.2,125.74,93.48,90.25,117.55666666666666,32.54074074074074,251.9148148148148,24.99163679808841
Snake Gourd,2016-03-01,90.31,110.28,127.83,28.74,2016,3,31.82368306534928,17.549999999999997,1.0,6.123233995736766e-17,27.301911589008363,37.4,14.2,35.2962962962963,8.0,11.166788357891942,23.19941457586619,5.134707287933094,26.7,133.45,125.74,93.48,116.49999999999999,35.737037037037034,32.54074074074074,25.845466155810982
Snake Gourd,2016-04-01,113.28,146.33,156.71,38.24,2016,4,33.75703234725252,10.379999999999995,0.8660254037844387,-0.49999999999999983,27.98493827160494,38.0,15.0,71.91111111111111,14.962962962962964,10.944782026748971,22.621925925925925,4.977925925925926,31.0,90.31,133.45,125.74,112.34666666666665,35.2962962962963,35.737037037037034,27.301911589008363
Snake Gourd,2016-05-01,86.52,117.86,122.44,33.63,2016,5,38.86958059456704,4.579999999999998,0.49999999999999994,-0.8660254037844387,26.69510155316607,35.9,16.0,460.4074074074074,24.11111111111111,8.456143664542678,16.913584229390683,3.669665471923536,45.5,113.28,90.31,133.45,96.70333333333333,71.91111111111111,35.2962962962963,27.98493827160494
Snake Gourd,2016-06-01,123.22,168.74,176.52,49.41,2016,6,40.09897735840175,7.780000000000001,1.2246467991473532e-16,-1.0,26.669629629629632,35.6,15.3,93.5,17.51851851851852,10.096888892318242,18.93088888888889,4.3085555555555555,46.9,86.52,113.28,90.31,107.67333333333333,460.4074074074074,71.91111111111111,26.69510155316607
Snake Gourd,2016-07-01,85.46,104.32,110.91,22.16,2016,7,25.930229428704155,6.590000000000003,-0.4999999999999998,-0.8660254037844388,26.59390681003584,37.6,15.2,99.44074074074072,16.37037037037037,10.414703195937875,19.63237753882915,4.491517323775389,39.2,123.22,86.52,113.28,98.39999999999999,93.5,460.4074074074074,26.669629629629632
Snake Gourd,2016-08-01,85.78,111.27,111.88,25.79,2016,8,30.065248233564656,0.6099999999999994,-0.8660254037844384,-0.5000000000000004,26.63811230585424,36.8,15.3,72.67407407407407,16.37037037037037,10.85600315279437,20.868924731182798,4.77041816009558,35.9,85.46,123.22,86.52,98.15333333333335,99.44074074074072,93.5,26.59390681003584
Snake Gourd,2016-09-01,87.84,120.71,114.5,29.76,2016,9,33.87974285093026,-6.209999999999994,-1.0,-1.8369701987210297e-16,26.59493827160494,36.1,13.1,55.6074074074074,14.11111111111111,10.578944777091907,21.04641975308642,4.902024691358024,36.3,85.78,85.46,123.22,86.36,72.67407407407407,99.44074074074072,26.63811230585424
Snake Gourd,2016-10-01,76.86,102.82,104.79,26.94,2016,10,35.05069600481915,1.970000000000013,-0.8660254037844386,0.5000000000000001,26.38183990442055,37.5,13.1,105.65555555555555,16.14814814814815,10.614833320058409,20.415555555555557,4.600657108721625,36.1,87.84,85.78,85.46,83.49333333333334,55.6074074074074,72.67407407407407,26.59493827160494
Snake Gourd,2016-11-01,94.27,117.56,121.73,25.38,2016,11,26.922640370594703,4.170000000000002,-0.5000000000000004,0.8660254037844384,24.78827160493827,31.9,13.1,246.91111111111113,22.074074074074073,8.394442119341564,15.466246913580246,3.2081851851851853,36.7,76.86,87.84,85.78,86.32333333333334,105.65555555555555,55.6074074074074,26.38183990442055
Snake Gourd,2016-12-01,106.94,129.7,150.05,32.94,2016,12,30.802290254076816,20.350000000000023,-2.4492935982947064e-16,1.0,24.54408602150538,32.1,12.8,73.35185185185185,12.407407407407407,10.276127943714323,17.85927120669056,3.706332138590203,46.2,94.27,76.86,87.84,92.69,246.91111111111113,105.65555555555555,24.78827160493827
Snake Gourd,2017-01-01,132.17,179.7,166.23,40.8,2017,1,30.86931159165348,-13.469999999999999,0.49999999999999994,0.8660254037844387,24.014934289127837,35.0,5.3,146.84074074074073,12.88888888888889,9.398610291384575,18.306917562724013,3.93700119474313,30.0,106.94,94.27,76.86,111.12666666666667,73.35185185185185,246.91111111111113,24.54408602150538
Snake Gourd,2017-02-01,120.45,149.74,169.46,39.15,2017,2,32.50308634031852,19.72,0.8660254037844386,0.5000000000000001,24.398015873015876,36.2,6.3,48.577777777777776,8.407407407407407,10.132609402557318,20.729907407407406,4.400740740740741,35.9,132.17,106.94,94.27,119.85333333333334,146.84074074074073,73.35185185185185,24.014934289127837
Snake Gourd,2017-03-01,97.24,122.16,127.74,27.71,2017,3,28.496474191203014,5.579999999999998,1.0,6.123233995736766e-17,25.586977299880523,35.9,8.0,118.58148148148148,19.296296296296298,10.42839526417098,21.431254480286736,4.4047550776583035,31.8,120.45,132.17,106.94,116.62,48.577777777777776,146.84074074074073,24.398015873015876
Snake Gourd,2017-04-01,118.19,161.23,149.32,37.08,2017,4,31.373186079037076,-11.909999999999997,0.8660254037844387,-0.49999999999999983,27.3,39.3,10.7,82.42962962962964,13.962962962962964,10.951856083676269,23.111493827160494,5.064864197530865,32.5,97.24,120.45,132.17,111.96,118.58148148148148,48.577777777777776,25.586977299880523
Snake Gourd,2017-05-01,101.4,130.37,136.71,32.14,2017,5,31.696221206882434,6.340000000000003,0.49999999999999994,-0.8660254037844387,27.174074074074074,37.8,12.0,166.72962962962958,21.666666666666668,9.881361147617152,19.387491039426525,4.414109916367981,42.2,118.19,97.24,120.45,105.61000000000001,82.42962962962964,118.58148148148148,27.3
Snake Gourd,2017-06-01,103.19,143.6,131.44,34.33,2017,6,33.26869534965079,-12.159999999999997,1.2246467991473532e-16,-1.0,26.935555555555556,39.1,13.0,129.3,18.925925925925927,10.23791511659808,18.765913580246913,4.445913580246914,41.2,101.4,118.19,97.24,107.59333333333332,166.72962962962958,82.42962962962964,27.174074074074074
Snake Gourd,2017-07-01,114.98,147.93,163.44,40.7,2017,7,35.39742964217286,15.509999999999991,-0.4999999999999998,-0.8660254037844388,27.253405017921146,39.5,12.6,104.68148148148147,19.0,10.337333223815213,19.277873357228195,4.638351254480287,40.9,103.19,101.4,118.19,106.52333333333333,129.3,166.72962962962958,26.935555555555556
Snake Gourd,2017-08-01,80.45,112.38,107.33,29.4,2017,8,36.54439211386934,-5.049999999999997,-0.8660254037844384,-0.5000000000000004,26.511350059737158,38.4,11.7,160.82222222222222,21.40740740740741,9.4878531129696,18.38399044205496,4.242652329749104,40.0,114.98,103.19,101.4,99.54,104.68148148148147,129.3,27.253405017921146
Snake Gourd,2017-09-01,78.86,106.21,100.47,24.48,2017,9,31.042314174088038,-5.739999999999995,-1.0,-1.8369701987210297e-16,25.927777777777777,37.8,11.4,173.06666666666663,20.51851851851852,9.282737726337448,18.361543209876544,4.028864197530864,41.8,80.45,114.98,103.19,91.43,160.82222222222222,104.68148148148147,26.511350059737158
Snake Gourd,2017-10-01,88.17,113.75,121.75,29.58,2017,10,33.54878808122027,8.0,-0.8660254037844386,0.5000000000000001,25.738351254480285,36.7,11.7,266.72222222222223,26.0,8.75059341563786,16.79330943847073,3.6334767025089603,36.6,78.86,80.45,114.98,82.49333333333333,173.06666666666663,160.82222222222222,25.927777777777777
Snake Gourd,2017-11-01,82.99,113.99,118.51,33.26,2017,11,40.07706943358304,4.52000000000001,-0.5000000000000004,0.8660254037844384,24.537283950617287,32.7,10.3,389.05925925925936,24.85185185185185,7.012991056241426,14.044666666666666,2.8818641975308643,49.3,88.17,78.86,80.45,83.33999999999999,266.72222222222223,173.06666666666663,25.738351254480285
Snake Gourd,2017-12-01,133.82,165.01,193.92,45.64,2017,12,34.10548938462907,28.909999999999997,-2.4492935982947064e-16,1.0,24.322341696535243,32.1,10.0,117.70370370370371,16.48148148148148,9.467093986459577,16.48821983273596,3.3940023894862605,29.3,82.99,88.17,78.86,101.65999999999998,389.05925925925936,266.72222222222223,24.537283950617287
Snake Gourd,2018-01-01,112.48,142.42,155.76,36.61,2018,1,32.54797959816892,13.340000000000003,0.49999999999999994,0.8660254037844387,23.959976105137397,35.0,6.4,47.22592592592592,8.592592592592593,9.747279261250497,18.507001194743133,3.9380286738351256,30.8,133.82,82.99,88.17,109.76333333333332,117.70370370370371,389.05925925925936,24.322341696535243
Snake Gourd,2018-02-01,85.69,116.36,114.49,29.74,2018,2,34.70645967270431,-1.8700000000000045,0.8660254037844386,0.5000000000000001,24.76878306878307,36.0,9.3,73.10000000000001,12.37037037037037,10.333134461346267,20.12851851851852,4.31005291005291,30.5,112.48,133.82,82.99,110.66333333333331,47.22592592592592,117.70370370370371,23.959976105137397
Snake Gourd,2018-03-01,86.99,116.17,111.95,27.07,2018,3,31.118483597558804,-4.219999999999999,1.0,6.123233995736766e-17,25.733811230585424,37.0,9.9,107.91851851851851,18.074074074074073,9.972489738484002,20.42831541218638,4.319008363201912,36.2,85.69,112.48,133.82,95.05333333333333,73.10000000000001,47.22592592592592,24.76878306878307
Snake Gourd,2018-04-01,93.98,119.8,129.05,30.44,2018,4,32.38983572054084,9.250000000000014,0.8660254037844387,-0.49999999999999983,26.249382716049382,37.9,11.5,136.58148148148146,22.037037037037038,10.20821816872428,20.737827160493826,4.3362592592592595,23.7,86.99,85.69,112.48,88.88666666666666,107.91851851851851,73.10000000000001,25.733811230585424
Snake Gourd,2018-05-01,92.41,112.74,126.4,27.16,2018,5,29.39072677120791,13.66000000000001,0.49999999999999994,-0.8660254037844387,25.950896057347673,38.6,12.4,281.8703703703704,26.51851851851852,8.218543744192221,16.934659498207886,3.6000955794504184,40.4,93.98,86.99,85.69,91.12666666666665,136.58148148148146,107.91851851851851,26.249382716049382
Snake Gourd,2018-06-01,131.85,171.34,176.0,41.82,2018,6,31.717837149914942,4.659999999999997,1.2246467991473532e-16,-1.0,26.280740740740743,37.3,13.0,156.8148148148148,18.555555555555557,10.04098037037037,19.019024691358023,4.258370370370371,49.4,92.41,93.98,86.99,106.08,281.8703703703704,136.58148148148146,25.950896057347673
Snake Gourd,2018-07-01,142.07,192.0,205.35,56.6,2018,7,39.83948768952792,13.349999999999994,-0.4999999999999998,-0.8660254037844388,26.442771804062126,39.4,11.7,105.4074074074074,16.296296296296298,10.151720861542547,19.49703703703704,4.578888888888889,42.6,131.85,92.41,93.98,122.10999999999997,156.8148148148148,281.8703703703704,26.280740740740743
Snake Gourd,2018-08-01,144.09,175.51,201.9,44.61,2018,8,30.959795294749604,26.390000000000015,-0.8660254037844384,-0.5000000000000004,26.169295101553168,38.8,11.1,110.07037037037037,16.59259259259259,9.740048861675293,19.399438470728793,4.512031063321386,47.9,142.07,131.85,92.41,139.33666666666667,105.4074074074074,156.8148148148148,26.442771804062126
Snake Gourd,2018-09-01,99.06,132.23,124.09,29.1,2018,9,29.376106020486553,-8.139999999999986,-1.0,-1.8369701987210297e-16,26.19975308641975,39.3,10.6,151.07407407407408,15.37037037037037,10.156860775034293,20.977728395061728,4.694456790123457,38.5,144.09,142.07,131.85,128.40666666666667,110.07037037037037,105.4074074074074,26.169295101553168
Snake Gourd,2018-10-01,85.92,107.52,112.27,23.97,2018,10,27.89801222298391,4.75,-0.8660254037844386,0.5000000000000001,24.765232974910393,33.1,11.3,427.51111111111106,28.814814814814813,7.764433117615823,15.895244922341696,3.1759139784946235,27.5,99.06,144.09,142.07,109.69,151.07407407407408,110.07037037037037,26.19975308641975
Snake Gourd,2018-11-01,97.22,129.65,123.39,29.3,2018,11,30.137800722278623,-6.260000000000005,-0.5000000000000004,0.8660254037844384,24.50913580246914,32.8,9.6,364.6888888888889,24.037037037037038,8.268375205761318,15.564481481481481,3.120740740740741,46.7,85.92,99.06,144.09,94.06666666666666,427.51111111111106,151.07407407407408,24.765232974910393
Snake Gourd,2018-12-01,107.32,142.81,153.44,40.81,2018,12,38.02642748189762,10.629999999999995,-2.4492935982947064e-16,1.0,24.27383512544803,31.5,9.3,116.16666666666667,15.777777777777779,9.064698848400372,16.77383512544803,3.3995579450418156,29.2,97.22,85.92,99.06,96.82,364.6888888888889,427.51111111111106,24.50913580246914
Snake Gourd,2019-01-01,139.82,180.25,183.49,42.05,2019,1,30.07435983810625,3.240000000000009,0.49999999999999994,0.8660254037844387,24.212903225806453,35.7,6.4,50.925925925925924,9.703703703703704,10.277958074472322,19.057729988052568,4.049450418160095,29.6,107.32,97.22,85.92,114.78666666666665,116.16666666666667,364.6888888888889,24.27383512544803
Snake Gourd,2019-02-01,105.53,141.82,135.36,33.06,2019,2,31.327554887183844,-6.4599999999999795,0.8660254037844386,0.5000000000000001,25.137301587301586,36.0,8.5,137.72222222222223,15.962962962962964,10.223752781452086,19.592037037037038,4.077936507936508,35.1,139.82,107.32,97.22,117.55666666666666,50.925925925925924,116.16666666666667,24.212903225806453
Snake Gourd,2019-03-01,135.49,168.37,180.03,38.71,2019,3,28.570353110670077,11.659999999999997,1.0,6.123233995736766e-17,26.278972520908006,38.5,8.4,44.711111111111116,9.11111111111111,10.987465465286073,23.488016726403824,5.092640382317802,31.6,105.53,139.82,107.32,126.94666666666667,137.72222222222223,50.925925925925924,25.137301587301586
Snake Gourd,2019-04-01,99.5,127.54,141.33,34.94,2019,4,35.11554259744462,13.790000000000006,0.8660254037844387,-0.49999999999999983,27.08716049382716,38.0,11.1,118.6925925925926,15.88888888888889,9.605431121399178,20.82320987654321,4.5343580246913575,35.5,135.49,105.53,139.82,113.50666666666666,44.711111111111116,137.72222222222223,26.278972520908006
Snake Gourd,2019-05-01,96.93,129.8,124.02,29.98,2019,5,30.92950487000426,-5.780000000000015,0.49999999999999994,-0.8660254037844387,27.60131421744325,38.8,11.4,71.44444444444444,14.62962962962963,10.562540979689366,20.850215053763442,4.868160095579451,41.0,99.5,135.49,105.53,110.64,118.6925925925926,44.711111111111116,27.08716049382716
Snake Gourd,2019-06-01,159.07,220.08,210.64,56.29,2019,6,35.38691432267912,-9.440000000000026,1.2246467991473532e-16,-1.0,27.607407407407408,39.1,13.0,112.76666666666667,15.666666666666666,10.03913598079561,19.192456790123455,4.719913580246914,41.6,96.93,99.5,135.49,118.5,71.44444444444444,118.6925925925926,27.60131421744325
Snake Gourd,2019-07-01,118.27,161.16,159.37,42.0,2019,7,35.51193412367116,-1.789999999999992,-0.4999999999999998,-0.8660254037844388,27.097132616487453,39.8,11.0,91.35555555555555,15.296296296296296,10.36241189765034,19.905256869772998,4.747873357228196,49.2,159.07,96.93,99.5,124.75666666666666,112.76666666666667,71.44444444444444,27.607407407407408
Snake Gourd,2019-08-01,138.65,174.77,200.48,48.97,2019,8,35.31912346258675,25.70999999999998,-0.8660254037844384,-0.5000000000000004,26.305973715651135,38.5,12.5,207.83333333333334,20.703703703703702,8.75700611642108,17.228554360812424,4.048327359617682,42.5,118.27,159.07,96.93,138.66333333333333,91.35555555555555,112.76666666666667,27.097132616487453
Snake Gourd,2019-09-01,127.26,174.33,179.22,49.52,2019,9,38.91243209772741,4.889999999999986,-1.0,-1.8369701987210297e-16,25.829135802469136,38.0,12.3,217.9814814814815,24.333333333333332,9.308988034979423,18.34032098765432,3.9999135802469135,38.5,138.65,118.27,159.07,128.06,207.83333333333334,91.35555555555555,26.305973715651135
Snake Gourd,2019-10-01,130.42,170.89,167.78,38.92,2019,10,29.84202588404702,-3.109999999999985,-0.8660254037844386,0.5000000000000001,24.684707287933094,33.0,11.5,446.2851851851852,29.22222222222222,7.022678955927252,15.168781362007168,3.057060931899642,27.0,127.26,138.65,118.27,132.11,217.9814814814815,207.83333333333334,25.829135802469136
Snake Gourd,2019-11-01,94.49,122.72,126.72,30.23,2019,11,31.992769612901245,4.0,-0.5000000000000004,0.8660254037844384,24.95012345679012,32.3,11.0,229.92962962962963,26.11111111111111,9.403515637860083,17.369481481481483,3.454716049382716,28.7,130.42,127.26,138.65,117.39,446.2851851851852,217.9814814814815,24.684707287933094
Snake Gourd,2019-12-01,137.99,190.01,176.55,45.29,2019,12,32.82119514370958,-13.45999999999998,-2.4492935982947064e-16,1.0,24.533452807646356,31.6,9.9,222.0148148148148,23.40740740740741,8.656992559405284,15.23205495818399,3.0920310633213863,30.8,94.49,130.42,127.26,120.96666666666668,229.92962962962963,446.2851851851852,24.95012345679012
Snake Gourd,2020-01-01,122.71,154.74,161.78,35.55,2020,1,28.970720421546392,7.039999999999992,0.49999999999999994,0.8660254037844387,24.866427718040622,35.0,8.1,35.46296296296296,11.148148148148149,10.679307032390815,19.835232974910394,4.180872162485065,33.8,137.99,94.49,130.42,118.39666666666666,222.0148148148148,229.92962962962963,24.533452807646356
Snake Gourd,2020-02-01,105.61,137.63,151.18,38.8,2020,2,36.73891038830566,13.550000000000011,0.8660254037844386,0.5000000000000001,25.54367816091954,37.1,8.7,39.285185185185185,8.333333333333334,10.903973052362709,21.708429118773946,4.827918263090677,40.7,122.71,137.99,94.49,122.10333333333334,35.46296296296296,222.0148148148148,24.866427718040622
Snake Gourd,2020-03-01,107.28,149.87,153.05,44.18,2020,3,41.1819153785278,3.180000000000007,1.0,6.123233995736766e-17,26.619713261648748,37.0,9.0,30.65555555555556,7.592592592592593,11.034342954334264,23.400645161290324,5.168757467144564,35.0,105.61,122.71,137.99,111.86666666666667,39.285185185185185,35.46296296296296,25.54367816091954
Snake Gourd,2020-04-01,177.72,237.13,247.96,64.82,2020,4,36.473083235942354,10.830000000000013,0.8660254037844387,-0.49999999999999983,26.975061728395062,37.8,10.6,129.98888888888888,20.22222222222222,10.672721124828533,22.053827160493825,4.7376913580246915,28.1,107.28,105.61,122.71,130.20333333333335,30.65555555555556,39.285185185185185,26.619713261648748
Snake Gourd,2020-05-01,161.22,205.25,224.72,53.76,2020,5,33.34571805872841,19.47,0.49999999999999994,-0.8660254037844387,27.07431302270012,37.3,13.4,184.54074074074074,22.074074074074073,9.019299054161689,18.124169653524493,4.016583034647551,43.8,177.72,107.28,105.61,148.74,129.98888888888888,30.65555555555556,26.975061728395062
Snake Gourd,2020-06-01,117.49,164.23,150.53,39.89,2020,6,33.95179678968696,-13.699999999999989,1.2246467991473532e-16,-1.0,27.07012345679012,38.5,11.6,116.4074074074074,17.296296296296298,9.95355420781893,19.088296296296296,4.403753086419753,39.3,161.22,177.72,107.28,152.14333333333335,184.54074074074074,129.98888888888888,27.07431302270012
Snake Gourd,2020-07-01,140.32,191.88,202.94,57.09,2020,7,40.68554683185089,11.060000000000002,-0.4999999999999998,-0.8660254037844388,26.37574671445639,37.5,12.4,152.52592592592595,20.48148148148148,9.078961413115625,17.43378733572282,3.915722819593787,38.4,117.49,161.22,177.72,139.67666666666665,116.4074074074074,184.54074074074074,27.07012345679012
Snake Gourd,2020-08-01,121.46,150.08,153.82,30.49,2020,8,25.102893872144023,3.7399999999999807,-0.8660254037844384,-0.5000000000000004,26.58183990442055,38.8,11.0,106.85185185185185,14.592592592592593,9.914153697066242,20.05278375149343,4.572078853046595,43.4,140.32,117.49,161.22,126.4233333333333,152.52592592592595,116.4074074074074,26.37574671445639
Snake Gourd,2020-09-01,153.44,210.6,213.41,58.56,2020,9,38.16473008033754,2.8100000000000023,-1.0,-1.8369701987210297e-16,25.79074074074074,36.9,11.8,215.6814814814815,21.62962962962963,7.988970222908092,16.36483950617284,3.6884320987654324,41.5,121.46,140.32,117.49,138.40666666666667,106.85185185185185,152.52592592592595,26.58183990442055
Snake Gourd,2020-10-01,89.42,117.97,125.0,32.06,2020,10,35.85323657656389,7.030000000000001,-0.8660254037844386,0.5000000000000001,26.279091995221027,39.3,10.9,107.62592592592591,18.333333333333332,10.502320128103014,20.286403823178016,4.526618876941458,42.8,153.44,121.46,140.32,121.44,215.6814814814815,106.85185185185185,25.79074074074074
Snake Gourd,2020-11-01,101.81,123.13,138.09,28.8,2020,11,28.287959642510906,14.960000000000008,-0.5000000000000004,0.8660254037844384,25.08407407407407,34.6,10.5,274.7851851851851,25.25925925925926,8.593452866941014,16.191395061728397,3.3017654320987653,33.0,89.42,153.44,121.46,114.89,107.62592592592591,215.6814814814815,26.279091995221027
Snake Gourd,2020-12-01,138.49,175.88,194.99,46.94,2020,12,33.89411950745937,19.110000000000014,-2.4492935982947064e-16,1.0,24.260812425328552,32.2,9.4,328.14074074074074,22.962962962962962,8.186538195274128,15.054970131421745,3.0599641577060934,60.7,101.81,89.42,153.44,109.90666666666668,274.7851851851851,107.62592592592591,25.08407407407407
Snake Gourd,2021-01-01,111.53,143.49,161.62,41.03,2021,1,36.78827509345011,18.129999999999995,0.49999999999999994,0.8660254037844387,24.084109916367982,31.8,7.8,305.01111111111106,22.22222222222222,8.01223636001593,15.325017921146955,3.077658303464755,37.6,138.49,101.81,89.42,117.27666666666669,328.14074074074074,274.7851851851851,24.260812425328552
Snake Gourd,2021-02-01,133.33,170.28,192.12,47.87,2021,2,35.90337065673842,21.840000000000003,0.8660254037844386,0.5000000000000001,24.609920634920634,36.3,8.8,45.803703703703704,10.407407407407407,10.754679559817754,20.968068783068784,4.324074074074074,29.6,111.53,138.49,101.81,127.78333333333335,305.01111111111106,328.14074074074074,24.084109916367982
Snake Gourd,2021-03-01,130.07,170.03,183.79,46.84,2021,3,36.011350802375034,13.759999999999991,1.0,6.123233995736766e-17,25.527240143369173,36.2,7.1,114.44814814814816,16.074074074074073,9.764480708217178,20.53426523297491,4.3707885304659495,30.8,133.33,111.53,138.49,124.97666666666667,45.803703703703704,305.01111111111106,24.609920634920634
Snake Gourd,2021-04-01,169.43,214.61,214.23,44.99,2021,4,26.55372333487379,-0.3800000000000239,0.8660254037844387,-0.49999999999999983,26.35074074074074,37.8,9.6,139.86296296296297,18.48148148148148,10.590717719478738,21.803691358024693,4.592555555555555,32.4,130.07,133.33,111.53,144.27666666666667,114.44814814814816,45.803703703703704,25.527240143369173
Snake Gourd,2021-05-01,123.82,162.72,173.36,44.22,2021,5,35.71310312299861,10.640000000000015,0.49999999999999994,-0.8660254037844387,26.356152927120668,37.2,12.9,270.9185185185185,24.444444444444443,8.824277094119209,17.940095579450418,3.9063918757467144,45.5,169.43,130.07,133.33,141.10666666666665,139.86296296296297,114.44814814814816,26.35074074074074
Snake Gourd,2021-06-01,154.13,186.75,214.04,46.26,2021,6,30.0136053892134,27.289999999999992,1.2246467991473532e-16,-1.0,26.42703703703704,37.8,11.7,135.70740740740743,16.88888888888889,10.241626052812071,19.585086419753086,4.388802469135802,39.5,123.82,169.43,130.07,149.12666666666667,270.9185185185185,139.86296296296297,26.356152927120668
Snake Gourd,2021-07-01,172.08,225.27,223.25,52.18,2021,7,30.323087910804325,-2.0200000000000102,-0.4999999999999998,-0.8660254037844388,26.480167264038233,38.1,11.5,152.8148148148148,19.074074074074073,10.035993359219434,19.093261648745518,4.372556750298686,45.4,154.13,123.82,169.43,150.01,135.70740740740743,270.9185185185185,26.42703703703704
Snake Gourd,2021-08-01,137.75,166.94,178.94,35.19,2021,8,25.54626094645303,12.0,-0.8660254037844384,-0.5000000000000004,26.173357228195936,38.2,10.5,150.7037037037037,20.14814814814815,9.281493747510952,18.53409796893668,4.1990919952210275,37.9,172.08,154.13,123.82,154.65333333333334,152.8148148148148,135.70740740740743,26.480167264038233
Snake Gourd,2021-09-01,128.72,176.89,163.0,41.22,2021,9,32.02297077146459,-13.889999999999986,-1.0,-1.8369701987210297e-16,26.211604938271606,37.8,11.8,158.91111111111113,21.48148148148148,9.599454698216736,19.07972839506173,4.259493827160494,47.1,137.75,172.08,154.13,146.18333333333334,150.7037037037037,152.8148148148148,26.173357228195936
Snake Gourd,2021-10-01,130.59,156.95,164.61,30.19,2021,10,23.118138358114436,7.660000000000025,-0.8660254037844386,0.5000000000000001,25.332138590203105,35.8,12.1,278.4,25.11111111111111,8.63790509757069,17.564982078853046,3.6884707287933094,41.5,128.72,137.75,172.08,132.35333333333335,158.91111111111113,150.7037037037037,26.211604938271606
Snake Gourd,2021-11-01,130.94,163.34,187.59,44.53,2021,11,34.00791659697832,24.25,-0.5000000000000004,0.8660254037844384,24.365061728395062,33.5,10.0,427.3777777777778,26.925925925925927,6.782470631001372,14.440074074074072,2.9260493827160494,35.8,130.59,128.72,137.75,130.08333333333334,278.4,158.91111111111113,25.332138590203105
Snake Gourd,2021-12-01,114.03,149.77,160.45,41.08,2021,12,36.025575703257296,10.679999999999978,-2.4492935982947064e-16,1.0,24.4415770609319,33.6,7.5,103.32592592592593,17.62962962962963,9.852105223682463,18.46284348864994,3.7568219832735963,30.7,130.94,130.59,128.72,125.18666666666667,427.3777777777778,278.4,24.365061728395062
Snake Gourd,2022-01-01,106.18,143.97,142.1,36.85,2022,1,34.70518486985791,-1.8700000000000045,0.49999999999999994,0.8660254037844387,24.333452807646353,34.6,6.6,79.39259259259259,16.14814814814815,10.050922418027346,19.505256869773,3.973847072879331,29.2,114.03,130.94,130.59,117.05,103.32592592592593,427.3777777777778,24.4415770609319
Snake Gourd,2022-02-01,135.4,182.39,177.04,44.31,2022,2,32.72523432405146,-5.349999999999994,0.8660254037844386,0.5000000000000001,24.69126984126984,34.9,7.6,79.60370370370372,11.11111111111111,9.95848259112287,21.214708994708996,4.435978835978836,27.7,106.18,114.03,130.94,118.53666666666668,79.39259259259259,103.32592592592593,24.333452807646353
Snake Gourd,2022-03-01,123.12,158.99,177.28,45.02,2022,3,36.56592221741211,18.289999999999992,1.0,6.123233995736766e-17,25.770967741935483,35.5,10.5,59.69259259259258,16.555555555555557,10.201836081242533,21.651875746714456,4.57,31.9,135.4,106.18,114.03,121.56666666666668,79.60370370370372,79.39259259259259,24.69126984126984
Snake Gourd,2022-04-01,115.79,140.04,158.39,33.42,2022,4,28.86257115245604,18.349999999999994,0.8660254037844387,-0.49999999999999983,25.617407407407406,34.3,10.9,202.30740740740737,25.962962962962962,9.503278967764063,20.255123456790127,4.1158271604938275,28.6,123.12,135.4,106.18,124.77,59.69259259259258,79.60370370370372,25.770967741935483
Snake Gourd,2022-05-01,154.26,198.7,205.17,47.68,2022,5,30.908835142723234,6.469999999999999,0.49999999999999994,-0.8660254037844387,26.48757467144564,37.1,13.6,213.74444444444447,19.814814814814813,9.514996717775123,19.586021505376344,4.3536559139784945,42.1,115.79,123.12,135.4,131.05666666666664,202.30740740740737,59.69259259259258,25.617407407407406
Snake Gourd,2022-06-01,146.97,203.09,191.36,50.26,2022,6,34.19743199467102,-11.72999999999999,1.2246467991473532e-16,-1.0,26.23222222222222,37.0,12.4,124.10370370370369,19.22222222222222,9.639822321673526,19.14904938271605,4.2830864197530865,42.9,154.26,115.79,123.12,139.00666666666666,213.74444444444447,202.30740740740737,26.48757467144564
Snake Gourd,2022-07-01,168.92,210.4,223.98,48.27,2022,7,28.575640199123733,13.579999999999984,-0.4999999999999998,-0.8660254037844388,26.23273596176822,38.0,12.2,123.77407407407406,18.48148148148148,8.95918853046595,18.739330943847072,4.2962007168458785,43.1,146.97,154.26,115.79,156.71666666666667,124.10370370370369,213.74444444444447,26.23222222222222
Snake Gourd,2022-08-01,133.21,180.12,183.66,48.68,2022,8,36.54377558458405,3.539999999999992,-0.8660254037844384,-0.5000000000000004,25.684587813620073,36.9,11.1,193.66666666666666,21.25925925925926,9.281554533386434,19.427443249701316,4.245890083632019,45.9,168.92,146.97,154.26,149.7,123.77407407407406,124.10370370370369,26.23273596176822
Snake Gourd,2022-09-01,120.64,163.75,153.13,37.8,2022,9,31.332865274481698,-10.620000000000005,-1.0,-1.8369701987210297e-16,25.752222222222223,37.6,10.5,98.95185185185184,16.77777777777778,9.9764180829904,21.314691358024692,4.598962962962963,40.0,133.21,168.92,146.97,140.92333333333332,193.66666666666666,123.77407407407406,25.684587813620073
Snake Gourd,2022-10-01,128.12,156.79,184.26,42.4,2022,10,33.093948568569644,27.47,-0.8660254037844386,0.5000000000000001,24.89163679808841,36.8,10.4,295.11111111111114,25.962962962962962,8.194988298154787,17.328076463560336,3.6061768219832735,42.1,120.64,133.21,168.92,127.32333333333332,98.95185185185184,193.66666666666666,25.752222222222223
Snake Gourd,2022-11-01,92.84,116.85,120.35,25.76,2022,11,27.746631035511594,3.5,-0.5000000000000004,0.8660254037844384,24.250864197530866,33.1,9.6,239.3592592592593,18.74074074074074,8.210116035665294,16.932876543209876,3.4289506172839506,31.4,128.12,120.64,133.21,113.86666666666666,295.11111111111114,98.95185185185184,24.89163679808841
Snake Gourd,2022-12-01,99.63,134.09,129.07,31.95,2022,12,32.06862183215715,-5.02000000000001,-2.4492935982947064e-16,1.0,23.920908004778973,32.6,8.0,215.6962962962963,22.185185185185187,7.868798171379264,15.54121863799283,3.2044324970131424,41.5,92.84,128.12,120.64,106.86333333333333,239.3592592592593,295.11111111111114,24.250864197530866
Snake Gourd,2023-01-01,138.48,179.42,190.93,46.7,2023,1,33.723256987827135,11.51000000000002,0.49999999999999994,0.8660254037844387,23.56953405017921,32.4,6.2,103.34074074074073,13.814814814814815,9.35084146090535,18.494062126642774,3.812951015531661,28.7,99.63,92.84,128.12,110.31666666666665,215.6962962962963,239.3592592592593,23.920908004778973
Snake Gourd,2023-02-01,204.87,254.43,266.69,55.69,2023,2,27.183078448245983,12.259999999999991,0.8660254037844386,0.5000000000000001,24.21732804232804,34.1,6.1,117.72222222222223,13.222222222222221,9.727644201940036,20.465039682539683,4.152261904761905,44.3,138.48,99.63,92.84,147.66,103.34074074074073,215.6962962962963,23.56953405017921
Snake Gourd,2023-03-01,124.42,172.7,174.05,48.96,2023,3,39.35055509519764,1.3500000000000227,1.0,6.123233995736766e-17,25.44014336917563,35.4,10.5,101.71481481481482,18.074074074074073,10.236548420284082,21.96173237753883,4.543154121863799,34.7,204.87,138.48,99.63,155.92333333333332,117.72222222222223,103.34074074074073,24.21732804232804
Snake Gourd,2023-04-01,125.29,151.68,160.39,30.74,2023,4,24.535059034991587,8.70999999999998,0.8660254037844387,-0.49999999999999983,26.40691358024691,36.8,10.4,125.12592592592593,18.25925925925926,10.259467297668039,22.379345679012346,4.719345679012346,26.6,124.42,204.87,138.48,151.52666666666664,101.71481481481482,117.72222222222223,25.44014336917563
Snake Gourd,2023-05-01,109.89,151.84,152.5,42.28,2023,5,38.47480346273231,0.6599999999999966,0.49999999999999994,-0.8660254037844387,26.61672640382318,37.0,11.9,151.91851851851848,19.88888888888889,9.052870496482146,19.442508960573477,4.1923655913978495,39.3,125.29,124.42,204.87,119.86666666666666,125.12592592592593,101.71481481481482,26.40691358024691
Snake Gourd,2023-06-01,173.55,224.43,244.41,60.87,2023,6,35.0734456505643,19.97999999999999,1.2246467991473532e-16,-1.0,27.14296296296296,37.9,12.9,117.73703703703703,18.666666666666668,10.179046608367628,20.140827160493828,4.662617283950617,37.4,109.89,125.29,124.42,136.2433333333333,151.91851851851848,125.12592592592593,26.61672640382318
Snake Gourd,2023-07-01,120.92,167.83,161.48,43.74,2023,7,36.17264623499319,-6.350000000000023,-0.4999999999999998,-0.8660254037844388,26.840979689366787,39.3,11.8,118.34444444444445,17.333333333333332,9.548847059604407,19.37148148148148,4.611099163679809,43.9,173.55,109.89,125.29,134.78666666666666,117.73703703703703,151.91851851851848,27.14296296296296
Snake Gourd,2023-08-01,118.95,161.63,168.04,45.88,2023,8,38.570795652967085,6.409999999999997,-0.8660254037844384,-0.5000000000000004,27.261409796893666,39.5,11.4,74.89629629629628,15.777777777777779,10.886052190362406,22.576105137395462,5.263297491039427,35.1,120.92,173.55,109.89,137.80666666666664,118.34444444444445,117.73703703703703,26.840979689366787
Snake Gourd,2023-09-01,122.29,146.96,169.25,35.82,2023,9,29.291005567907785,22.289999999999992,-1.0,-1.8369701987210297e-16,25.915185185185184,37.0,12.0,254.35555555555558,24.48148148148148,8.70759411179698,18.487765432098765,4.146185185185185,41.1,118.95,120.92,173.55,120.71999999999998,74.89629629629628,118.34444444444445,27.261409796893666
Snake Gourd,2023-10-01,120.48,153.87,171.91,42.41,2023,10,35.200833996651724,18.039999999999992,-0.8660254037844386,0.5000000000000001,25.041696535244924,35.2,11.7,390.61851851851856,27.88888888888889,8.155679135138724,17.433476702508962,3.5616367980884114,37.3,122.29,118.95,120.92,120.57333333333331,254.35555555555558,74.89629629629628,25.915185185185184
Snake Gourd,2023-11-01,183.77,240.3,253.42,63.09,2023,11,34.33093849325869,13.119999999999976,-0.5000000000000004,0.8660254037844384,24.58407407407407,32.2,10.8,515.1407407407407,29.11111111111111,7.543883251028808,15.49683950617284,3.0763703703703706,26.1,120.48,122.29,118.95,142.17999999999998,390.61851851851856,254.35555555555558,25.041696535244924
Snake Gourd,2023-12-01,121.38,165.57,153.17,37.99,2023,12,31.298375928179333,-12.400000000000006,-2.4492935982947064e-16,1.0,24.70310633213859,32.4,10.1,347.7074074074075,27.074074074074073,7.775822411389885,15.059247311827956,3.05715651135006,35.0,183.77,120.48,122.29,141.87666666666664,515.1407407407407,390.61851851851856,24.58407407407407
Snake Gourd,2024-01-01,147.31,177.25,194.83,38.73,2024,1,26.291476280309357,17.580000000000013,0.49999999999999994,0.8660254037844387,24.613500597371566,33.2,6.6,164.60370370370367,17.22222222222222,9.050596405814415,17.903405017921145,3.690406212664277,34.3,121.38,183.77,120.48,150.82,347.7074074074075,515.1407407407407,24.70310633213859
Snake Gourd,2024-02-01,189.37,235.45,255.2,55.95,2024,2,29.54531892838415,19.75,0.8660254037844386,0.5000000000000001,25.937037037037037,37.3,10.1,38.696296296296296,9.62962962962963,10.865918103448278,22.239182630906768,4.844712643678161,36.2,147.31,121.38,183.77,152.68666666666664,164.60370370370367,347.7074074074075,24.613500597371566
Snake Gourd,2024-03-01,132.44,184.56,181.53,50.6,2024,3,38.20595121870189,-3.030000000000001,1.0,6.123233995736766e-17,26.72258064516129,38.3,9.8,58.05925925925926,8.407407407407407,10.914837687508298,23.956308243727598,5.247909199522103,29.8,189.37,147.31,121.38,156.3733333333333,38.696296296296296,164.60370370370367,25.937037037037037
Snake Gourd,2024-04-01,133.47,162.68,191.33,43.54,2024,4,32.62153845692781,28.650000000000006,0.8660254037844387,-0.49999999999999983,27.57950617283951,39.4,11.3,112.4925925925926,16.814814814814813,10.575852921810698,22.987333333333336,4.997975308641975,30.3,132.44,189.37,147.31,151.76,58.05925925925926,38.696296296296296,26.72258064516129
Snake Gourd,2024-05-01,146.19,182.43,208.58,49.32,2024,5,33.73689463239987,26.150000000000006,0.49999999999999994,-0.8660254037844387,27.09545997610514,40.3,13.7,371.0,23.77777777777778,8.357931302270012,18.273715651135007,3.9950537634408603,48.3,133.47,132.44,189.37,137.36666666666665,112.4925925925926,58.05925925925926,27.57950617283951
Snake Gourd,2024-06-01,169.38,229.51,217.71,54.23,2024,6,32.01674813038839,-11.799999999999983,1.2246467991473532e-16,-1.0,26.601388888888888,36.4,12.8,53.1,6.333333333333333,9.251713567386833,18.447453703703705,3.9457407407407405,36.0,146.19,133.47,132.44,149.67999999999998,371.0,112.4925925925926,27.09545997610514
Tomato,2010-01-01,105.07,144.33,145.23,39.71,2010,1,37.7938157477722,0.8999999999999773,0.49999999999999994,0.8660254037844387,24.38219832735962,33.2,13.1,74.89629629629628,11.555555555555555,10.191066301606265,18.25299880525687,3.817479091995221,31.1,105.07,105.07,105.07,105.07,74.89629629629628,74.89629629629628,24.38219832735962
Tomato,2010-02-01,121.25,149.66,174.79,40.97,2010,2,33.789662853886306,25.129999999999995,0.8660254037844386,0.5000000000000001,25.346428571428575,36.5,12.6,27.08888888888889,5.0,10.081776940035274,20.48521164021164,4.425886243386243,31.2,105.07,105.07,105.07,113.16,74.89629629629628,74.89629629629628,24.38219832735962
Tomato,2010-03-01,99.41,127.64,135.63,32.22,2010,3,32.41119363123063,7.989999999999995,1.0,6.123233995736766e-17,26.880884109916366,37.2,12.9,62.329629629629636,9.666666666666666,10.952022939068101,22.906750298685782,5.054336917562724,28.3,121.25,105.07,105.07,108.57666666666667,27.08888888888889,74.89629629629628,25.346428571428575
Tomato,2010-04-01,103.9,137.77,138.37,34.17,2010,4,32.887360069913306,0.5999999999999943,0.8660254037844387,-0.49999999999999983,26.98037037037037,36.3,15.0,183.96666666666667,21.77777777777778,10.057895030864195,20.685123456790123,4.393654320987655,28.8,99.41,121.25,105.07,108.18666666666667,62.329629629629636,27.08888888888889,26.880884109916366
Tomato,2010-05-01,101.95,142.35,135.65,37.05,2010,5,36.34130814977131,-6.699999999999989,0.49999999999999994,-0.8660254037844387,26.86762246117085,35.5,15.9,171.74074074074073,22.51851851851852,9.573050126111776,18.505292712066908,4.026881720430108,48.0,103.9,99.41,121.25,101.75333333333333,183.96666666666667,62.329629629629636,26.98037037037037
Tomato,2010-06-01,109.89,145.6,144.36,35.09,2010,6,31.93190287387126,-1.2399999999999807,1.2246467991473532e-16,-1.0,26.621975308641975,37.0,16.0,161.88888888888889,20.51851851851852,9.854107297668039,18.50595061728395,4.217641975308642,47.1,101.95,103.9,99.41,105.24666666666667,171.74074074074073,183.96666666666667,26.86762246117085
Tomato,2010-07-01,107.67,142.32,136.55,31.76,2010,7,29.49751137966808,-5.769999999999982,-0.4999999999999998,-0.8660254037844388,26.288530465949822,35.5,14.8,127.11111111111111,19.666666666666668,9.882708134209476,18.813775388291518,4.249342891278375,40.1,109.89,101.95,103.9,106.50333333333333,161.88888888888889,171.74074074074073,26.621975308641975
Tomato,2010-08-01,96.42,128.5,130.23,32.94,2010,8,34.16300128292752,1.7299999999999898,-0.8660254037844384,-0.5000000000000004,26.09295101553166,36.0,14.8,145.3,19.40740740740741,9.287111814682067,17.983154121863798,4.0579689366786145,40.0,107.67,109.89,101.95,104.66000000000001,127.11111111111111,161.88888888888889,26.288530465949822
Tomato,2010-09-01,86.43,106.43,118.43,26.0,2010,9,30.08211259734745,12.0,-1.0,-1.8369701987210297e-16,25.68567901234568,35.3,14.6,185.2185185185185,21.962962962962962,8.915182475994513,18.153679012345677,3.9281604938271606,37.0,96.42,107.67,109.89,96.83999999999999,145.3,127.11111111111111,26.09295101553166
Tomato,2010-10-01,90.67,114.42,122.69,27.88,2010,10,30.748835613945495,8.269999999999996,-0.8660254037844386,0.5000000000000001,25.488291517323777,36.2,12.8,210.63703703703703,19.333333333333332,9.755867881322182,18.504074074074072,3.9231541218637993,37.9,86.43,96.42,107.67,91.17333333333333,185.2185185185185,145.3,25.68567901234568
Tomato,2010-11-01,113.95,152.48,162.15,43.36,2010,11,38.05174370184844,9.670000000000016,-0.5000000000000004,0.8660254037844384,24.464197530864197,32.2,13.7,375.0592592592592,26.703703703703702,8.210342170781892,14.95035802469136,3.0094691358024694,31.7,90.67,86.43,96.42,97.01666666666667,210.63703703703703,185.2185185185185,25.488291517323777
Tomato,2010-12-01,91.76,119.75,117.63,26.93,2010,12,29.348267929089,-2.1200000000000045,-2.4492935982947064e-16,1.0,23.63237753882915,30.4,12.3,478.24074074074076,25.444444444444443,6.248732145227664,12.087502986857825,2.504826762246117,44.1,113.95,90.67,86.43,98.79333333333334,375.0592592592592,210.63703703703703,24.464197530864197
Tomato,2011-01-01,116.17,142.43,151.65,30.87,2011,1,26.573102717480662,9.219999999999999,0.49999999999999994,0.8660254037844387,23.309318996415772,29.9,10.0,377.9555555555555,21.25925925925926,6.860116985264835,13.278458781362007,2.7479689366786144,39.8,91.76,113.95,90.67,107.29333333333334,478.24074074074076,375.0592592592592,23.63237753882915
Tomato,2011-02-01,111.79,153.86,154.53,42.4,2011,2,37.928224413431955,0.6699999999999875,0.8660254037844386,0.5000000000000001,24.098148148148148,31.7,13.1,281.75555555555553,14.185185185185185,8.1077059707525,16.28414021164021,3.3464021164021167,36.3,116.17,91.76,113.95,106.57333333333334,377.9555555555555,478.24074074074076,23.309318996415772
Tomato,2011-03-01,112.29,153.62,161.49,45.26,2011,3,40.306313735583096,7.8700000000000045,1.0,6.123233995736766e-17,25.415890083632018,35.7,12.7,79.2925925925926,16.074074074074073,10.637956013540423,21.56808841099164,4.439450418160096,30.5,111.79,116.17,91.76,113.41666666666667,281.75555555555553,377.9555555555555,24.098148148148148
Tomato,2011-04-01,143.51,176.94,207.72,48.82,2011,4,34.0185115890798,30.78,0.8660254037844387,-0.49999999999999983,25.76320987654321,35.7,13.0,207.73703703703703,22.962962962962962,9.720265562414264,20.033617283950615,4.145567901234568,31.5,112.29,111.79,116.17,122.53000000000002,79.2925925925926,281.75555555555553,25.415890083632018
Tomato,2011-05-01,140.42,191.63,194.69,52.74,2011,5,37.55872556706626,3.0600000000000023,0.49999999999999994,-0.8660254037844387,26.61373954599761,35.7,14.2,81.60740740740741,17.333333333333332,10.89341501061994,21.225173237753886,4.574217443249701,40.8,143.51,112.29,111.79,132.07333333333332,207.73703703703703,79.2925925925926,25.76320987654321
Tomato,2011-06-01,114.02,144.62,165.23,40.9,2011,6,35.87086838197827,20.609999999999985,1.2246467991473532e-16,-1.0,26.950493827160496,37.0,14.5,60.029629629629625,13.777777777777779,10.838705425240056,20.47843209876543,4.773728395061728,44.2,140.42,143.51,112.29,132.64999999999998,81.60740740740741,207.73703703703703,26.61373954599761
Tomato,2011-07-01,97.54,124.19,133.16,31.13,2011,7,31.915079029035233,8.969999999999999,-0.4999999999999998,-0.8660254037844388,26.418040621266428,35.6,15.1,114.77407407407408,19.77777777777778,10.305884322315148,19.09958183990442,4.394587813620071,43.6,114.02,140.42,143.51,117.32666666666667,60.029629629629625,81.60740740740741,26.950493827160496
Tomato,2011-08-01,106.71,146.41,135.89,34.44,2011,8,32.27435828473593,-10.52000000000001,-0.8660254037844384,-0.5000000000000004,26.163201911589006,35.5,14.9,123.93333333333332,21.444444444444443,10.277780177220231,19.317921146953406,4.386236559139785,41.5,97.54,114.02,140.42,106.08999999999999,114.77407407407408,60.029629629629625,26.418040621266428
Tomato,2011-09-01,96.41,133.17,133.62,36.98,2011,9,38.35697712169161,0.45000000000001705,-1.0,-1.8369701987210297e-16,26.394567901234566,36.8,13.5,128.13333333333335,16.77777777777778,10.440950826474623,20.307703703703705,4.630888888888889,41.0,106.71,97.54,114.02,100.22000000000001,123.93333333333332,114.77407407407408,26.163201911589006
Tomato,2011-10-01,107.19,138.15,147.23,35.5,2011,10,33.11873018123875,9.079999999999984,-0.8660254037844386,0.5000000000000001,25.554599761051374,36.4,14.0,290.7444444444444,25.25925925925926,9.106757062259392,17.938697729988053,3.7755077658303464,29.1,96.41,106.71,97.54,103.43666666666667,128.13333333333335,123.93333333333332,26.394567901234566
Tomato,2011-11-01,119.33,160.96,166.16,44.23,2011,11,37.06525009197176,5.199999999999989,-0.5000000000000004,0.8660254037844384,24.60037037037037,30.9,13.2,227.7037037037037,23.185185185185187,8.755125891632373,15.819074074074075,3.190111111111111,38.0,107.19,96.41,106.71,107.64333333333333,290.7444444444444,128.13333333333335,25.554599761051374
Tomato,2011-12-01,102.0,123.22,139.47,29.34,2011,12,28.764677681688543,16.25,-2.4492935982947064e-16,1.0,24.174551971326164,30.6,12.7,238.3296296296296,19.0,8.318002937076862,15.13463560334528,3.1733094384707288,41.7,119.33,107.19,96.41,109.50666666666666,227.7037037037037,290.7444444444444,24.60037037037037
Tomato,2012-01-01,105.67,132.67,136.98,29.15,2012,1,27.585854465927444,4.310000000000002,0.49999999999999994,0.8660254037844387,24.00310633213859,32.2,11.7,41.87407407407407,8.11111111111111,10.526879619673437,19.145698924731185,3.9631421744324973,32.9,102.0,119.33,107.19,109.0,238.3296296296296,227.7037037037037,24.174551971326164
Tomato,2012-02-01,154.67,187.08,213.93,45.84,2012,2,29.63727313811784,26.849999999999994,0.8660254037844386,0.5000000000000001,24.737164750957856,33.1,11.5,88.37407407407407,11.62962962962963,9.96542747623102,19.20183908045977,4.065938697318008,34.4,105.67,102.0,119.33,120.77999999999999,41.87407407407407,238.3296296296296,24.00310633213859
Tomato,2012-03-01,118.19,162.12,166.63,46.18,2012,3,39.0726465245397,4.509999999999991,1.0,6.123233995736766e-17,26.114814814814814,35.8,12.7,62.56666666666667,11.037037037037036,11.041847268684455,23.043142174432496,4.872556750298686,25.6,154.67,105.67,102.0,126.17666666666666,88.37407407407407,41.87407407407407,24.737164750957856
Tomato,2012-04-01,119.91,148.54,157.28,33.0,2012,4,27.520617529299034,8.740000000000009,0.8660254037844387,-0.49999999999999983,26.094197530864196,35.0,14.2,151.7296296296296,22.814814814814813,9.937619732510289,19.906234567901233,4.172765432098766,34.8,118.19,154.67,105.67,130.92333333333332,62.56666666666667,88.37407407407407,26.114814814814814
Tomato,2012-05-01,109.02,132.84,136.51,25.66,2012,5,23.536944104802693,3.6699999999999875,0.49999999999999994,-0.8660254037844387,27.31612903225806,37.4,13.0,38.32962962962962,9.703703703703704,10.995511419753086,22.113142174432497,5.193488649940263,46.5,119.91,118.19,154.67,115.70666666666666,151.7296296296296,62.56666666666667,26.094197530864196
Tomato,2012-06-01,149.11,181.49,208.66,45.96,2012,6,30.82286176456189,27.169999999999987,1.2246467991473532e-16,-1.0,26.930617283950617,37.3,15.5,72.88888888888889,15.481481481481481,10.494983017832647,19.584814814814816,4.750666666666667,44.5,109.02,119.91,118.19,126.01333333333334,38.32962962962962,151.7296296296296,27.31612903225806
Tomato,2012-07-01,130.47,166.1,183.81,44.48,2012,7,34.09210232842621,17.710000000000008,-0.4999999999999998,-0.8660254037844388,26.741338112305854,37.4,15.2,91.75555555555556,16.555555555555557,10.725608117615826,20.296356033452806,4.737252090800478,40.1,149.11,109.02,119.91,129.53333333333333,72.88888888888889,38.32962962962962,26.930617283950617
Tomato,2012-08-01,146.83,204.17,188.33,49.42,2012,8,33.65794888105368,-15.839999999999975,-0.8660254037844384,-0.5000000000000004,26.55149342891278,37.0,14.8,106.80740740740741,18.14814814814815,10.462001473516526,19.9221027479092,4.753954599761052,40.9,130.47,149.11,109.02,142.13666666666668,91.75555555555556,72.88888888888889,26.741338112305854
Tomato,2012-09-01,109.25,134.74,144.26,30.25,2012,9,27.68876184095026,9.519999999999982,-1.0,-1.8369701987210297e-16,26.46827160493827,36.9,14.8,113.72962962962963,19.25925925925926,10.030292259945131,19.901728395061728,4.575271604938272,38.2,146.83,130.47,149.11,128.85,106.80740740740741,91.75555555555556,26.55149342891278
Tomato,2012-10-01,109.2,141.8,157.17,40.28,2012,10,36.886413107680305,15.369999999999976,-0.8660254037844386,0.5000000000000001,25.311230585424134,38.1,13.8,449.9777777777778,25.77777777777778,8.247822464489579,16.84641577060932,3.593273596176822,46.0,109.25,146.83,130.47,121.76,113.72962962962963,106.80740740740741,26.46827160493827
Tomato,2012-11-01,106.26,134.59,148.48,35.27,2012,11,33.19213891197166,13.889999999999986,-0.5000000000000004,0.8660254037844384,24.764074074074077,31.6,14.0,291.1888888888889,20.59259259259259,8.831181690672153,16.15237037037037,3.3229135802469134,41.6,109.2,109.25,146.83,108.23666666666668,449.9777777777778,113.72962962962963,25.311230585424134
Tomato,2012-12-01,118.18,145.69,148.36,28.84,2012,12,24.403431711430265,2.670000000000016,-2.4492935982947064e-16,1.0,24.22437275985663,30.7,11.7,206.9148148148148,19.962962962962962,8.388824093986461,14.450955794504182,2.998279569892473,39.6,106.26,109.2,109.25,111.21333333333332,291.1888888888889,449.9777777777778,24.764074074074077
Tomato,2013-01-01,155.24,193.49,217.45,50.23,2013,1,32.356330613031034,23.95999999999998,0.49999999999999994,0.8660254037844387,24.042652329749103,32.2,10.8,214.65925925925924,11.037037037037036,8.49450116155582,16.101481481481482,3.4447311827956986,31.9,118.18,106.26,109.2,126.56000000000002,206.9148148148148,291.1888888888889,24.22437275985663
Tomato,2013-02-01,146.54,200.11,212.15,59.59,2013,2,40.66463718804614,12.039999999999992,0.8660254037844386,0.5000000000000001,24.672883597883597,32.8,12.2,111.08148148148148,13.11111111111111,9.777058847736626,19.015753968253968,3.9231613756613757,29.5,155.24,118.18,106.26,139.98666666666668,214.65925925925924,206.9148148148148,24.042652329749103
Tomato,2013-03-01,105.06,132.37,138.92,30.58,2013,3,29.107149146060202,6.549999999999983,1.0,6.123233995736766e-17,25.66057347670251,34.6,13.9,153.78518518518518,18.25925925925926,10.352612066905616,20.766630824372758,4.285304659498208,26.6,146.54,155.24,118.18,135.61333333333332,111.08148148148148,214.65925925925924,24.672883597883597
Tomato,2013-04-01,127.24,176.67,172.55,47.37,2013,4,37.228829590671495,-4.119999999999976,0.8660254037844387,-0.49999999999999983,26.996913580246915,36.5,14.6,82.41111111111111,15.481481481481481,10.709399595336075,21.9620987654321,4.685876543209877,31.6,105.06,146.54,155.24,126.27999999999999,153.78518518518518,111.08148148148148,25.66057347670251
Tomato,2013-05-01,152.0,193.88,215.02,52.45,2013,5,34.50655624568668,21.140000000000015,0.49999999999999994,-0.8660254037844387,26.8389486260454,36.3,14.9,143.0814814814815,19.74074074074074,9.638459176290986,19.227825567502986,4.32221027479092,45.7,127.24,105.06,146.54,128.1,82.41111111111111,153.78518518518518,26.996913580246915
Tomato,2013-06-01,102.25,141.1,129.86,33.23,2013,6,32.49874572249807,-11.23999999999998,1.2246467991473532e-16,-1.0,25.994074074074074,34.6,15.4,170.0888888888889,19.85185185185185,9.694006200274348,17.583827160493826,4.057296296296296,43.2,152.0,127.24,105.06,127.16333333333334,143.0814814814815,82.41111111111111,26.8389486260454
Tomato,2013-07-01,118.45,157.23,154.34,37.33,2013,7,31.515380738386877,-2.8899999999999864,-0.4999999999999998,-0.8660254037844388,26.04826762246117,36.2,15.2,102.04444444444444,17.0,10.26724616686579,18.919187574671447,4.3469414575866185,43.0,102.25,152.0,127.24,124.23333333333333,170.0888888888889,143.0814814814815,25.994074074074074
Tomato,2013-08-01,130.08,174.47,170.56,42.43,2013,8,32.61836360826905,-3.9099999999999966,-0.8660254037844384,-0.5000000000000004,26.133213859020312,37.5,14.3,106.14444444444445,18.074074074074073,10.622712196336122,20.584492234169655,4.578936678614098,39.6,118.45,102.25,152.0,116.92666666666666,102.04444444444444,170.0888888888889,26.04826762246117
Tomato,2013-09-01,137.09,172.08,173.56,35.73,2013,9,26.063151168465115,1.4799999999999898,-1.0,-1.8369701987210297e-16,25.803086419753086,36.5,13.9,122.63703703703703,17.62962962962963,9.680483124142661,18.931222222222225,4.218827160493827,40.6,130.08,118.45,102.25,128.54,106.14444444444445,102.04444444444444,26.133213859020312
Tomato,2013-10-01,132.78,161.39,183.97,39.9,2013,10,30.04968364988428,22.580000000000013,-0.8660254037844386,0.5000000000000001,25.8415770609319,36.0,13.3,180.94444444444446,19.444444444444443,9.920446226602948,19.132138590203105,4.223010752688172,36.1,137.09,130.08,118.45,133.31666666666666,122.63703703703703,106.14444444444445,25.803086419753086
Tomato,2013-11-01,100.84,135.54,138.71,36.28,2013,11,35.97775091456673,3.170000000000016,-0.5000000000000004,0.8660254037844384,24.765925925925927,31.5,12.4,167.89629629629633,20.22222222222222,9.901379499314128,17.46762962962963,3.5697901234567904,40.2,132.78,137.09,130.08,123.56999999999998,180.94444444444446,122.63703703703703,25.8415770609319
Tomato,2013-12-01,114.77,138.61,159.93,34.5,2013,12,30.060094048885556,21.319999999999993,-2.4492935982947064e-16,1.0,24.01027479091995,31.3,13.1,162.94444444444446,15.481481481481481,8.190521113766096,14.278112305854242,3.0887574671445637,40.0,100.84,132.78,137.09,116.12999999999998,167.89629629629633,180.94444444444446,24.765925925925927
Tomato,2014-01-01,134.69,172.75,170.08,36.73,2014,1,27.27000722399048,-2.6699999999999875,0.49999999999999994,0.8660254037844387,23.94109916367981,32.5,11.7,131.15555555555554,13.555555555555555,9.34556176158237,16.36010752688172,3.4371804062126645,41.5,114.77,100.84,132.78,116.76666666666665,162.94444444444446,167.89629629629633,24.01027479091995
Tomato,2014-02-01,171.27,228.75,220.11,53.16,2014,2,31.038692684829392,-8.639999999999986,0.8660254037844386,0.5000000000000001,24.89920634920635,35.9,9.7,18.8,5.333333333333333,10.92148025793651,21.56505291005291,4.585925925925926,29.6,134.69,114.77,100.84,140.2433333333333,131.15555555555554,162.94444444444446,23.94109916367981
Tomato,2014-03-01,133.84,169.12,170.34,35.89,2014,3,26.815580681723937,1.2199999999999989,1.0,6.123233995736766e-17,26.361170848267623,37.2,12.2,34.196296296296296,5.925925925925926,10.952933014735166,22.873548387096776,5.147072879330945,28.1,171.27,134.69,114.77,146.6,18.8,131.15555555555554,24.89920634920635
Tomato,2014-04-01,135.9,180.09,182.0,45.14,2014,4,33.21557526447736,1.9099999999999966,0.8660254037844387,-0.49999999999999983,26.7458024691358,37.2,13.6,152.52592592592592,17.296296296296298,10.610301241426612,21.791827160493828,4.638111111111111,25.2,133.84,171.27,134.69,147.00333333333333,34.196296296296296,18.8,26.361170848267623
Tomato,2014-05-01,115.72,159.39,165.16,46.55,2014,5,40.22637381059989,5.77000000000001,0.49999999999999994,-0.8660254037844387,26.574671445639186,35.2,15.0,169.88148148148144,20.51851851851852,9.93649666799416,19.42304659498208,4.1792592592592595,39.3,135.9,133.84,171.27,128.48666666666665,152.52592592592592,34.196296296296296,26.7458024691358
Tomato,2014-06-01,147.37,179.87,195.21,40.17,2014,6,27.257903740310958,15.340000000000003,1.2246467991473532e-16,-1.0,27.230493827160494,36.2,15.6,75.25925925925925,15.444444444444445,10.797738693415639,20.258123456790127,4.799592592592592,41.0,115.72,135.9,133.84,132.99666666666664,169.88148148148144,152.52592592592592,26.574671445639186
Tomato,2014-07-01,138.62,183.36,190.62,48.37,2014,7,34.89392952392907,7.259999999999991,-0.4999999999999998,-0.8660254037844388,26.96941457586619,36.8,15.3,73.40370370370371,15.592592592592593,10.71005141046064,20.10921146953405,4.85078853046595,39.0,147.37,115.72,135.9,133.9033333333333,75.25925925925925,169.88148148148144,27.230493827160494
Tomato,2014-08-01,178.26,233.53,227.17,52.09,2014,8,29.2213456628825,-6.360000000000014,-0.8660254037844384,-0.5000000000000004,26.11589008363202,36.3,14.0,129.73703703703703,20.0,10.03903343289526,19.2368458781362,4.3563560334528075,41.8,138.62,147.37,115.72,154.74999999999997,73.40370370370371,75.25925925925925,26.96941457586619
Tomato,2014-09-01,129.42,164.17,177.95,41.64,2014,9,32.17429131950911,13.780000000000001,-1.0,-1.8369701987210297e-16,26.094814814814814,37.2,14.6,160.03333333333333,20.77777777777778,10.29222377914952,20.17385185185185,4.477555555555556,40.1,178.26,138.62,147.37,148.76666666666665,129.73703703703703,73.40370370370371,26.11589008363202
Tomato,2014-10-01,159.93,211.94,219.23,55.65,2014,10,34.79645169983636,7.289999999999992,-0.8660254037844386,0.5000000000000001,25.124133811230585,33.5,14.5,379.1629629629629,28.074074074074073,8.895012322447897,17.07173237753883,3.4983512544802866,37.9,129.42,178.26,138.62,155.86999999999998,160.03333333333333,129.73703703703703,26.094814814814814
Tomato,2014-11-01,122.45,150.57,166.38,36.02,2014,11,29.41606417634612,15.810000000000002,-0.5000000000000004,0.8660254037844384,24.40691358024691,31.6,12.9,339.6814814814815,22.88888888888889,7.338499725651578,14.214506172839506,2.9098148148148146,39.0,159.93,129.42,178.26,137.26666666666665,379.1629629629629,160.03333333333333,25.124133811230585
Tomato,2014-12-01,138.54,166.37,198.42,43.86,2014,12,31.65870386985429,32.04999999999998,-2.4492935982947064e-16,1.0,23.95137395459976,30.7,13.6,532.0333333333333,27.037037037037038,6.568287976237887,12.152485065710872,2.4931780167264037,40.0,122.45,159.93,129.42,140.30666666666664,339.6814814814815,379.1629629629629,24.40691358024691
Tomato,2015-01-01,152.29,203.03,211.04,54.74,2015,1,35.9445558181392,8.009999999999991,0.49999999999999994,0.8660254037844387,24.391756272401434,33.2,12.1,32.10740740740741,7.592592592592593,10.502823702376213,18.87594982078853,3.954408602150538,30.5,138.54,122.45,159.93,137.75999999999996,532.0333333333333,339.6814814814815,23.95137395459976
Tomato,2015-02-01,139.63,174.83,191.36,43.47,2015,2,31.132255867466974,16.53,0.8660254037844386,0.5000000000000001,24.457010582010582,34.7,10.4,93.92592592592592,13.74074074074074,10.328361654908877,19.483002645502644,4.039828042328042,33.2,152.29,138.54,122.45,143.48666666666665,32.10740740740741,532.0333333333333,24.391756272401434
Tomato,2015-03-01,169.51,205.15,228.78,47.46,2015,3,27.99833166283307,23.629999999999995,1.0,6.123233995736766e-17,25.695579450418162,35.2,11.0,84.23703703703703,11.814814814814815,10.76329743130227,22.61729988052569,4.7389486260454,26.6,139.63,152.29,138.54,153.80999999999997,93.92592592592592,32.10740740740741,24.457010582010582
Tomato,2015-04-01,162.16,214.48,218.09,54.12,2015,4,33.37442441143043,3.6100000000000136,0.8660254037844387,-0.49999999999999983,26.122839506172838,35.1,14.4,201.55555555555554,23.37037037037037,10.262591769547326,20.982123456790124,4.3398518518518525,24.6,169.51,139.63,152.29,157.1,84.23703703703703,93.92592592592592,25.695579450418162
Tomato,2015-05-01,132.58,181.43,189.57,52.92,2015,5,39.91549259655106,8.139999999999986,0.49999999999999994,-0.8660254037844387,26.43094384707288,34.3,15.2,178.8259259259259,22.555555555555557,10.002322003185983,19.305830346475506,4.072939068100359,43.7,162.16,169.51,139.63,154.75,201.55555555555554,84.23703703703703,26.122839506172838
Tomato,2015-06-01,145.92,185.0,201.35,47.26,2015,6,32.387587453681846,16.349999999999994,1.2246467991473532e-16,-1.0,26.698024691358025,35.8,15.1,103.0037037037037,17.14814814814815,10.34859715020576,19.485444444444447,4.364913580246913,46.7,132.58,162.16,169.51,146.88666666666666,178.8259259259259,201.55555555555554,26.43094384707288
Tomato,2015-07-01,115.71,149.51,144.97,31.53,2015,7,27.249133826692745,-4.539999999999992,-0.4999999999999998,-0.8660254037844388,26.75627240143369,36.4,14.6,86.6962962962963,16.40740740740741,10.644947477764504,19.966547192353644,4.646487455197133,38.2,145.92,132.58,162.16,131.4033333333333,103.0037037037037,178.8259259259259,26.698024691358025
Tomato,2015-08-01,164.98,222.71,219.49,56.12,2015,8,34.01622377486739,-3.219999999999999,-0.8660254037844384,-0.5000000000000004,26.590083632019116,36.2,14.9,112.4962962962963,18.666666666666668,10.723101148280898,20.643727598566308,4.654898446833931,39.3,115.71,145.92,132.58,142.2033333333333,86.6962962962963,103.0037037037037,26.75627240143369
Tomato,2015-09-01,128.12,167.68,173.27,42.36,2015,9,33.06272786237288,5.590000000000003,-1.0,-1.8369701987210297e-16,26.04555555555556,37.0,14.9,183.8777777777778,22.666666666666668,9.439200600137173,18.515641975308643,4.0424444444444445,40.8,164.98,115.71,145.92,136.26999999999998,112.4962962962963,86.6962962962963,26.590083632019116
Tomato,2015-10-01,175.89,214.48,254.71,58.71,2015,10,33.37879732855914,40.23000000000002,-0.8660254037844386,0.5000000000000001,25.31935483870968,34.1,14.6,488.0888888888888,28.074074074074073,8.062620496482145,16.338637992831543,3.3829032258064515,38.6,128.12,164.98,115.71,156.32999999999998,183.8777777777778,112.4962962962963,26.04555555555556
Tomato,2015-11-01,109.8,146.56,156.04,41.5,2015,11,37.795958291476964,9.47999999999999,-0.5000000000000004,0.8660254037844384,24.75172839506173,31.2,14.6,372.6592592592592,26.59259259259259,8.015063124142662,14.546234567901235,2.939864197530864,44.7,175.89,128.12,164.98,137.93666666666664,488.0888888888888,183.8777777777778,25.31935483870968
Tomato,2015-12-01,105.46,138.16,147.35,37.3,2015,12,35.36882669369742,9.189999999999998,-2.4492935982947064e-16,1.0,24.736081242532855,31.2,12.4,251.9148148148148,22.40740740740741,8.835831073277578,14.967132616487454,3.0635722819593787,33.3,109.8,175.89,128.12,130.3833333333333,372.6592592592592,488.0888888888888,24.75172839506173
Tomato,2016-01-01,179.77,235.28,237.06,56.4,2016,1,31.373404142290624,1.7800000000000011,0.49999999999999994,0.8660254037844387,24.99163679808841,33.6,12.4,32.54074074074074,8.11111111111111,10.499397992167795,18.714743130227,4.010071684587813,33.8,105.46,109.8,175.89,131.67666666666665,251.9148148148148,372.6592592592592,24.736081242532855
Tomato,2016-02-01,146.6,182.25,185.69,37.37,2016,2,25.491114944669203,3.4399999999999977,0.8660254037844386,0.5000000000000001,25.845466155810982,35.3,11.4,35.737037037037034,8.407407407407407,10.57882929615439,20.39846743295019,4.45367816091954,32.2,179.77,105.46,109.8,143.9433333333333,32.54074074074074,251.9148148148148,24.99163679808841
Tomato,2016-03-01,177.35,239.62,225.58,55.25,2016,3,31.15306955000307,-14.039999999999992,1.0,6.123233995736766e-17,27.301911589008363,37.4,14.2,35.2962962962963,8.0,11.166788357891942,23.19941457586619,5.134707287933094,26.7,146.6,179.77,105.46,167.90666666666664,35.737037037037034,32.54074074074074,25.845466155810982
Tomato,2016-04-01,164.7,213.97,232.62,58.6,2016,4,35.57982053441376,18.650000000000006,0.8660254037844387,-0.49999999999999983,27.98493827160494,38.0,15.0,71.91111111111111,14.962962962962964,10.944782026748971,22.621925925925925,4.977925925925926,31.0,177.35,146.6,179.77,162.88333333333333,35.2962962962963,35.737037037037034,27.301911589008363
Tomato,2016-05-01,143.09,197.44,191.31,51.28,2016,5,35.837559691411215,-6.1299999999999955,0.49999999999999994,-0.8660254037844387,26.69510155316607,35.9,16.0,460.4074074074074,24.11111111111111,8.456143664542678,16.913584229390683,3.669665471923536,45.5,164.7,177.35,146.6,161.7133333333333,71.91111111111111,35.2962962962963,27.98493827160494
Tomato,2016-06-01,124.58,153.48,166.18,35.25,2016,6,28.295048727686044,12.700000000000017,1.2246467991473532e-16,-1.0,26.669629629629632,35.6,15.3,93.5,17.51851851851852,10.096888892318242,18.93088888888889,4.3085555555555555,46.9,143.09,164.7,177.35,144.1233333333333,460.4074074074074,71.91111111111111,26.69510155316607
Tomato,2016-07-01,151.44,201.29,206.07,52.24,2016,7,34.495486994527866,4.780000000000001,-0.4999999999999998,-0.8660254037844388,26.59390681003584,37.6,15.2,99.44074074074072,16.37037037037037,10.414703195937875,19.63237753882915,4.491517323775389,39.2,124.58,143.09,164.7,139.70333333333332,93.5,460.4074074074074,26.669629629629632
Tomato,2016-08-01,172.43,240.82,217.42,56.69,2016,8,32.877090484781945,-23.400000000000006,-0.8660254037844384,-0.5000000000000004,26.63811230585424,36.8,15.3,72.67407407407407,16.37037037037037,10.85600315279437,20.868924731182798,4.77041816009558,35.9,151.44,124.58,143.09,149.48333333333332,99.44074074074072,93.5,26.59390681003584
Tomato,2016-09-01,127.6,163.03,184.91,46.37,2016,9,36.340096912149754,21.879999999999995,-1.0,-1.8369701987210297e-16,26.59493827160494,36.1,13.1,55.6074074074074,14.11111111111111,10.578944777091907,21.04641975308642,4.902024691358024,36.3,172.43,151.44,124.58,150.48999999999998,72.67407407407407,99.44074074074072,26.63811230585424
Tomato,2016-10-01,166.26,200.43,237.53,52.72,2016,10,31.709351792763268,37.099999999999994,-0.8660254037844386,0.5000000000000001,26.38183990442055,37.5,13.1,105.65555555555555,16.14814814814815,10.614833320058409,20.415555555555557,4.600657108721625,36.1,127.6,172.43,151.44,155.42999999999998,55.6074074074074,72.67407407407407,26.59493827160494
Tomato,2016-11-01,115.94,152.52,151.38,36.01,2016,11,31.059141746470804,-1.1400000000000148,-0.5000000000000004,0.8660254037844384,24.78827160493827,31.9,13.1,246.91111111111113,22.074074074074073,8.394442119341564,15.466246913580246,3.2081851851851853,36.7,166.26,127.6,172.43,136.6,105.65555555555555,55.6074074074074,26.38183990442055
Tomato,2016-12-01,170.94,214.86,228.54,50.76,2016,12,29.694612323264113,13.679999999999978,-2.4492935982947064e-16,1.0,24.54408602150538,32.1,12.8,73.35185185185185,12.407407407407407,10.276127943714323,17.85927120669056,3.706332138590203,46.2,115.94,166.26,127.6,151.04666666666662,246.91111111111113,105.65555555555555,24.78827160493827
Tomato,2017-01-01,158.36,220.76,225.42,64.73,2017,1,40.87519520384238,4.659999999999997,0.49999999999999994,0.8660254037844387,24.014934289127837,35.0,5.3,146.84074074074073,12.88888888888889,9.398610291384575,18.306917562724013,3.93700119474313,30.0,170.94,115.94,166.26,148.4133333333333,73.35185185185185,246.91111111111113,24.54408602150538
Tomato,2017-02-01,149.6,206.1,200.37,53.64,2017,2,35.85559100562099,-5.72999999999999,0.8660254037844386,0.5000000000000001,24.398015873015876,36.2,6.3,48.577777777777776,8.407407407407407,10.132609402557318,20.729907407407406,4.400740740740741,35.9,158.36,170.94,115.94,159.63333333333333,146.84074074074073,73.35185185185185,24.014934289127837
Tomato,2017-03-01,141.62,176.43,181.13,37.16,2017,3,26.23921321902752,4.699999999999989,1.0,6.123233995736766e-17,25.586977299880523,35.9,8.0,118.58148148148148,19.296296296296298,10.42839526417098,21.431254480286736,4.4047550776583035,31.8,149.6,158.36,170.94,149.85999999999999,48.577777777777776,146.84074074074073,24.398015873015876
Tomato,2017-04-01,166.89,204.47,221.07,45.88,2017,4,27.49114537051629,16.599999999999994,0.8660254037844387,-0.49999999999999983,27.3,39.3,10.7,82.42962962962964,13.962962962962964,10.951856083676269,23.111493827160494,5.064864197530865,32.5,141.62,149.6,158.36,152.7033333333333,118.58148148148148,48.577777777777776,25.586977299880523
Tomato,2017-05-01,214.65,288.42,298.61,78.87,2017,5,36.74351887094392,10.189999999999998,0.49999999999999994,-0.8660254037844387,27.174074074074074,37.8,12.0,166.72962962962958,21.666666666666668,9.881361147617152,19.387491039426525,4.414109916367981,42.2,166.89,141.62,149.6,174.38666666666666,82.42962962962964,118.58148148148148,27.3
Tomato,2017-06-01,177.16,220.01,246.73,56.21,2017,6,31.728363214967704,26.72,1.2246467991473532e-16,-1.0,26.935555555555556,39.1,13.0,129.3,18.925925925925927,10.23791511659808,18.765913580246913,4.445913580246914,41.2,214.65,166.89,141.62,186.23333333333332,166.72962962962958,82.42962962962964,27.174074074074074
Tomato,2017-07-01,139.17,177.22,188.59,43.74,2017,7,31.429164741564463,11.370000000000005,-0.4999999999999998,-0.8660254037844388,27.253405017921146,39.5,12.6,104.68148148148147,19.0,10.337333223815213,19.277873357228195,4.638351254480287,40.9,177.16,214.65,166.89,176.9933333333333,129.3,166.72962962962958,26.935555555555556
Tomato,2017-08-01,151.25,193.19,195.13,42.91,2017,8,28.37022917670798,1.9399999999999977,-0.8660254037844384,-0.5000000000000004,26.511350059737158,38.4,11.7,160.82222222222222,21.40740740740741,9.4878531129696,18.38399044205496,4.242652329749104,40.0,139.17,177.16,214.65,155.85999999999999,104.68148148148147,129.3,27.253405017921146
Tomato,2017-09-01,196.36,235.97,272.98,58.11,2017,9,29.593588514163514,37.01000000000002,-1.0,-1.8369701987210297e-16,25.927777777777777,37.8,11.4,173.06666666666663,20.51851851851852,9.282737726337448,18.361543209876544,4.028864197530864,41.8,151.25,139.17,177.16,162.26,160.82222222222222,104.68148148148147,26.511350059737158
Tomato,2017-10-01,128.38,154.79,171.42,34.72,2017,10,27.044689948052696,16.629999999999995,-0.8660254037844386,0.5000000000000001,25.738351254480285,36.7,11.7,266.72222222222223,26.0,8.75059341563786,16.79330943847073,3.6334767025089603,36.6,196.36,151.25,139.17,158.66333333333333,173.06666666666663,160.82222222222222,25.927777777777777
Tomato,2017-11-01,126.77,170.56,180.23,48.62,2017,11,38.35289236184242,9.669999999999987,-0.5000000000000004,0.8660254037844384,24.537283950617287,32.7,10.3,389.05925925925936,24.85185185185185,7.012991056241426,14.044666666666666,2.8818641975308643,49.3,128.38,196.36,151.25,150.50333333333333,266.72222222222223,173.06666666666663,25.738351254480285
Tomato,2017-12-01,183.59,237.58,243.11,56.76,2017,12,30.91669975668622,5.530000000000001,-2.4492935982947064e-16,1.0,24.322341696535243,32.1,10.0,117.70370370370371,16.48148148148148,9.467093986459577,16.48821983273596,3.3940023894862605,29.3,126.77,128.38,196.36,146.24666666666664,389.05925925925936,266.72222222222223,24.537283950617287
Tomato,2018-01-01,188.68,238.9,258.62,60.08,2018,1,31.842255754581426,19.72,0.49999999999999994,0.8660254037844387,23.959976105137397,35.0,6.4,47.22592592592592,8.592592592592593,9.747279261250497,18.507001194743133,3.9380286738351256,30.8,183.59,126.77,128.38,166.34666666666666,117.70370370370371,389.05925925925936,24.322341696535243
Tomato,2018-02-01,174.45,213.88,245.93,55.46,2018,2,31.79132600095959,32.05000000000001,0.8660254037844386,0.5000000000000001,24.76878306878307,36.0,9.3,73.10000000000001,12.37037037037037,10.333134461346267,20.12851851851852,4.31005291005291,30.5,188.68,183.59,126.77,182.23999999999998,47.22592592592592,117.70370370370371,23.959976105137397
Tomato,2018-03-01,241.51,330.14,327.38,87.25,2018,3,36.126853493911845,-2.759999999999991,1.0,6.123233995736766e-17,25.733811230585424,37.0,9.9,107.91851851851851,18.074074074074073,9.972489738484002,20.42831541218638,4.319008363201912,36.2,174.45,188.68,183.59,201.54666666666662,73.10000000000001,47.22592592592592,24.76878306878307
Tomato,2018-04-01,141.74,171.97,177.49,32.99,2018,4,23.27499416184975,5.52000000000001,0.8660254037844387,-0.49999999999999983,26.249382716049382,37.9,11.5,136.58148148148146,22.037037037037038,10.20821816872428,20.737827160493826,4.3362592592592595,23.7,241.51,174.45,188.68,185.89999999999998,107.91851851851851,73.10000000000001,25.733811230585424
Tomato,2018-05-01,135.49,180.81,173.07,41.45,2018,5,30.592641085953883,-7.740000000000009,0.49999999999999994,-0.8660254037844387,25.950896057347673,38.6,12.4,281.8703703703704,26.51851851851852,8.218543744192221,16.934659498207886,3.6000955794504184,40.4,141.74,241.51,174.45,172.9133333333333,136.58148148148146,107.91851851851851,26.249382716049382
Tomato,2018-06-01,206.11,271.27,276.16,67.6,2018,6,32.79800456163962,4.890000000000043,1.2246467991473532e-16,-1.0,26.280740740740743,37.3,13.0,156.8148148148148,18.555555555555557,10.04098037037037,19.019024691358023,4.258370370370371,49.4,135.49,141.74,241.51,161.11333333333332,281.8703703703704,136.58148148148146,25.950896057347673
Tomato,2018-07-01,201.23,249.22,263.34,55.05,2018,7,27.356742356138568,14.119999999999976,-0.4999999999999998,-0.8660254037844388,26.442771804062126,39.4,11.7,105.4074074074074,16.296296296296298,10.151720861542547,19.49703703703704,4.578888888888889,42.6,206.11,135.49,141.74,180.9433333333333,156.8148148148148,281.8703703703704,26.280740740740743
Tomato,2018-08-01,132.23,164.93,176.76,38.62,2018,8,29.206663233257785,11.829999999999984,-0.8660254037844384,-0.5000000000000004,26.169295101553168,38.8,11.1,110.07037037037037,16.59259259259259,9.740048861675293,19.399438470728793,4.512031063321386,47.9,201.23,206.11,135.49,179.85666666666665,105.4074074074074,156.8148148148148,26.442771804062126
Tomato,2018-09-01,202.85,250.11,267.75,56.08,2018,9,27.646030245979663,17.639999999999986,-1.0,-1.8369701987210297e-16,26.19975308641975,39.3,10.6,151.07407407407408,15.37037037037037,10.156860775034293,20.977728395061728,4.694456790123457,38.5,132.23,201.23,206.11,178.76999999999998,110.07037037037037,105.4074074074074,26.169295101553168
Tomato,2018-10-01,167.15,215.17,236.87,58.87,2018,10,35.2198413282433,21.700000000000017,-0.8660254037844386,0.5000000000000001,24.765232974910393,33.1,11.3,427.51111111111106,28.814814814814813,7.764433117615823,15.895244922341696,3.1759139784946235,27.5,202.85,132.23,201.23,167.40999999999997,151.07407407407408,110.07037037037037,26.19975308641975
Tomato,2018-11-01,130.24,173.15,173.87,43.27,2018,11,33.22325458902443,0.7199999999999989,-0.5000000000000004,0.8660254037844384,24.50913580246914,32.8,9.6,364.6888888888889,24.037037037037038,8.268375205761318,15.564481481481481,3.120740740740741,46.7,167.15,202.85,132.23,166.74666666666664,427.51111111111106,151.07407407407408,24.765232974910393
Tomato,2018-12-01,175.7,241.53,238.62,64.38,2018,12,36.64198256005546,-2.9099999999999966,-2.4492935982947064e-16,1.0,24.27383512544803,31.5,9.3,116.16666666666667,15.777777777777779,9.064698848400372,16.77383512544803,3.3995579450418156,29.2,130.24,167.15,202.85,157.69666666666663,364.6888888888889,427.51111111111106,24.50913580246914
Tomato,2019-01-01,224.1,288.32,284.82,62.47,2019,1,27.87593579833298,-3.5,0.49999999999999994,0.8660254037844387,24.212903225806453,35.7,6.4,50.925925925925924,9.703703703703704,10.277958074472322,19.057729988052568,4.049450418160095,29.6,175.7,130.24,167.15,176.67999999999998,116.16666666666667,364.6888888888889,24.27383512544803
Tomato,2019-02-01,203.32,278.92,267.44,69.86,2019,2,34.359613240402695,-11.480000000000018,0.8660254037844386,0.5000000000000001,25.137301587301586,36.0,8.5,137.72222222222223,15.962962962962964,10.223752781452086,19.592037037037038,4.077936507936508,35.1,224.1,175.7,130.24,201.03999999999996,50.925925925925924,116.16666666666667,24.212903225806453
Tomato,2019-03-01,213.14,277.52,286.33,68.78,2019,3,32.269854429082095,8.810000000000002,1.0,6.123233995736766e-17,26.278972520908006,38.5,8.4,44.711111111111116,9.11111111111111,10.987465465286073,23.488016726403824,5.092640382317802,31.6,203.32,224.1,175.7,213.51999999999998,137.72222222222223,50.925925925925924,25.137301587301586
Tomato,2019-04-01,178.39,249.09,252.52,72.42,2019,4,40.596423232006714,3.430000000000007,0.8660254037844387,-0.49999999999999983,27.08716049382716,38.0,11.1,118.6925925925926,15.88888888888889,9.605431121399178,20.82320987654321,4.5343580246913575,35.5,213.14,203.32,224.1,198.2833333333333,44.711111111111116,137.72222222222223,26.278972520908006
Tomato,2019-05-01,243.87,303.07,353.59,84.46,2019,5,34.63319201492926,50.51999999999998,0.49999999999999994,-0.8660254037844387,27.60131421744325,38.8,11.4,71.44444444444444,14.62962962962963,10.562540979689366,20.850215053763442,4.868160095579451,41.0,178.39,213.14,203.32,211.79999999999995,118.6925925925926,44.711111111111116,27.08716049382716
Tomato,2019-06-01,137.43,167.65,185.34,39.06,2019,6,28.421721296862913,17.689999999999998,1.2246467991473532e-16,-1.0,27.607407407407408,39.1,13.0,112.76666666666667,15.666666666666666,10.03913598079561,19.192456790123455,4.719913580246914,41.6,243.87,178.39,213.14,186.5633333333333,71.44444444444444,118.6925925925926,27.60131421744325
Tomato,2019-07-01,148.24,206.47,198.07,54.03,2019,7,36.447627868572674,-8.400000000000006,-0.4999999999999998,-0.8660254037844388,27.097132616487453,39.8,11.0,91.35555555555555,15.296296296296296,10.36241189765034,19.905256869772998,4.747873357228196,49.2,137.43,243.87,178.39,176.51333333333332,112.76666666666667,71.44444444444444,27.607407407407408
Tomato,2019-08-01,150.88,190.92,203.34,46.25,2019,8,30.653479153314457,12.420000000000016,-0.8660254037844384,-0.5000000000000004,26.305973715651135,38.5,12.5,207.83333333333334,20.703703703703702,8.75700611642108,17.228554360812424,4.048327359617682,42.5,148.24,137.43,243.87,145.51666666666665,91.35555555555555,112.76666666666667,27.097132616487453
Tomato,2019-09-01,214.05,286.25,297.25,77.7,2019,9,36.29991296430134,11.0,-1.0,-1.8369701987210297e-16,25.829135802469136,38.0,12.3,217.9814814814815,24.333333333333332,9.308988034979423,18.34032098765432,3.9999135802469135,38.5,150.88,148.24,137.43,171.05666666666662,207.83333333333334,91.35555555555555,26.305973715651135
Tomato,2019-10-01,150.06,198.97,214.53,56.69,2019,10,37.7781968691211,15.560000000000002,-0.8660254037844386,0.5000000000000001,24.684707287933094,33.0,11.5,446.2851851851852,29.22222222222222,7.022678955927252,15.168781362007168,3.057060931899642,27.0,214.05,150.88,148.24,171.6633333333333,217.9814814814815,207.83333333333334,25.829135802469136
Tomato,2019-11-01,193.97,245.6,257.51,57.58,2019,11,29.684987531583474,11.909999999999997,-0.5000000000000004,0.8660254037844384,24.95012345679012,32.3,11.0,229.92962962962963,26.11111111111111,9.403515637860083,17.369481481481483,3.454716049382716,28.7,150.06,214.05,150.88,186.02666666666664,446.2851851851852,217.9814814814815,24.684707287933094
Tomato,2019-12-01,147.73,194.61,185.96,42.56,2019,12,28.8092947882659,-8.650000000000006,-2.4492935982947064e-16,1.0,24.533452807646356,31.6,9.9,222.0148148148148,23.40740740740741,8.656992559405284,15.23205495818399,3.0920310633213863,30.8,193.97,150.06,214.05,163.92,229.92962962962963,446.2851851851852,24.95012345679012
Tomato,2020-01-01,179.87,250.14,228.42,59.41,2020,1,33.02939176661379,-21.72,0.49999999999999994,0.8660254037844387,24.866427718040622,35.0,8.1,35.46296296296296,11.148148148148149,10.679307032390815,19.835232974910394,4.180872162485065,33.8,147.73,193.97,150.06,173.85666666666665,222.0148148148148,229.92962962962963,24.533452807646356
Tomato,2020-02-01,217.16,295.07,287.42,74.09,2020,2,34.11768552326141,-7.649999999999977,0.8660254037844386,0.5000000000000001,25.54367816091954,37.1,8.7,39.285185185185185,8.333333333333334,10.903973052362709,21.708429118773946,4.827918263090677,40.7,179.87,147.73,193.97,181.58666666666662,35.46296296296296,222.0148148148148,24.866427718040622
Tomato,2020-03-01,183.31,234.98,240.42,54.39,2020,3,29.671032856345615,5.439999999999998,1.0,6.123233995736766e-17,26.619713261648748,37.0,9.0,30.65555555555556,7.592592592592593,11.034342954334264,23.400645161290324,5.168757467144564,35.0,217.16,179.87,147.73,193.44666666666663,39.285185185185185,35.46296296296296,25.54367816091954
Tomato,2020-04-01,195.85,249.92,255.26,56.74,2020,4,28.971136598858006,5.340000000000003,0.8660254037844387,-0.49999999999999983,26.975061728395062,37.8,10.6,129.98888888888888,20.22222222222222,10.672721124828533,22.053827160493825,4.7376913580246915,28.1,183.31,217.16,179.87,198.7733333333333,30.65555555555556,39.285185185185185,26.619713261648748
Tomato,2020-05-01,169.94,211.71,217.46,44.65,2020,5,26.27396359070049,5.75,0.49999999999999994,-0.8660254037844387,27.07431302270012,37.3,13.4,184.54074074074074,22.074074074074073,9.019299054161689,18.124169653524493,4.016583034647551,43.8,195.85,183.31,217.16,183.0333333333333,129.98888888888888,30.65555555555556,26.975061728395062
Tomato,2020-06-01,220.23,296.31,303.31,79.58,2020,6,36.13493341736665,7.0,1.2246467991473532e-16,-1.0,27.07012345679012,38.5,11.6,116.4074074074074,17.296296296296298,9.95355420781893,19.088296296296296,4.403753086419753,39.3,169.94,195.85,183.31,195.33999999999995,184.54074074074074,129.98888888888888,27.07431302270012
Tomato,2020-07-01,164.26,201.77,218.46,45.86,2020,7,27.919135566093047,16.689999999999998,-0.4999999999999998,-0.8660254037844388,26.37574671445639,37.5,12.4,152.52592592592595,20.48148148148148,9.078961413115625,17.43378733572282,3.915722819593787,38.4,220.23,169.94,195.85,184.80999999999995,116.4074074074074,184.54074074074074,27.07012345679012
Tomato,2020-08-01,205.15,248.91,274.0,56.3,2020,8,27.443320768549462,25.090000000000003,-0.8660254037844384,-0.5000000000000004,26.58183990442055,38.8,11.0,106.85185185185185,14.592592592592593,9.914153697066242,20.05278375149343,4.572078853046595,43.4,164.26,220.23,169.94,196.54666666666662,152.52592592592595,116.4074074074074,26.37574671445639
Tomato,2020-09-01,150.28,184.65,190.17,37.13,2020,9,24.707196761247832,5.519999999999982,-1.0,-1.8369701987210297e-16,25.79074074074074,36.9,11.8,215.6814814814815,21.62962962962963,7.988970222908092,16.36483950617284,3.6884320987654324,41.5,205.15,164.26,220.23,173.23,106.85185185185185,152.52592592592595,26.58183990442055
Tomato,2020-10-01,214.78,293.6,270.01,67.03,2020,10,31.208664117392626,-23.590000000000032,-0.8660254037844386,0.5000000000000001,26.279091995221027,39.3,10.9,107.62592592592591,18.333333333333332,10.502320128103014,20.286403823178016,4.526618876941458,42.8,150.28,205.15,164.26,190.06999999999996,215.6814814814815,106.85185185185185,25.79074074074074
Tomato,2020-11-01,159.37,192.6,203.98,38.92,2020,11,24.42114298729812,11.379999999999995,-0.5000000000000004,0.8660254037844384,25.08407407407407,34.6,10.5,274.7851851851851,25.25925925925926,8.593452866941014,16.191395061728397,3.3017654320987653,33.0,214.78,150.28,205.15,174.80999999999997,107.62592592592591,215.6814814814815,26.279091995221027
Tomato,2020-12-01,174.86,244.05,230.39,62.36,2020,12,35.662795572002985,-13.660000000000025,-2.4492935982947064e-16,1.0,24.260812425328552,32.2,9.4,328.14074074074074,22.962962962962962,8.186538195274128,15.054970131421745,3.0599641577060934,60.7,159.37,214.78,150.28,183.00333333333333,274.7851851851851,107.62592592592591,25.08407407407407
Tomato,2021-01-01,171.92,215.22,247.66,59.52,2021,1,34.62073370129497,32.44,0.49999999999999994,0.8660254037844387,24.084109916367982,31.8,7.8,305.01111111111106,22.22222222222222,8.01223636001593,15.325017921146955,3.077658303464755,37.6,174.86,159.37,214.78,168.71666666666667,328.14074074074074,274.7851851851851,24.260812425328552
Tomato,2021-02-01,194.8,262.07,277.66,75.06,2021,2,38.53180773521163,15.590000000000032,0.8660254037844386,0.5000000000000001,24.609920634920634,36.3,8.8,45.803703703703704,10.407407407407407,10.754679559817754,20.968068783068784,4.324074074074074,29.6,171.92,174.86,159.37,180.52666666666664,305.01111111111106,328.14074074074074,24.084109916367982
Tomato,2021-03-01,264.26,329.87,333.79,67.57,2021,3,25.5695051958279,3.920000000000016,1.0,6.123233995736766e-17,25.527240143369173,36.2,7.1,114.44814814814816,16.074074074074073,9.764480708217178,20.53426523297491,4.3707885304659495,30.8,194.8,171.92,174.86,210.32666666666663,45.803703703703704,305.01111111111106,24.609920634920634
Tomato,2021-04-01,264.11,342.36,357.14,85.64,2021,4,32.42587087733487,14.779999999999973,0.8660254037844387,-0.49999999999999983,26.35074074074074,37.8,9.6,139.86296296296297,18.48148148148148,10.590717719478738,21.803691358024693,4.592555555555555,32.4,264.26,194.8,171.92,241.05666666666662,114.44814814814816,45.803703703703704,25.527240143369173
Tomato,2021-05-01,265.86,350.75,373.09,96.06,2021,5,36.13178510050963,22.339999999999975,0.49999999999999994,-0.8660254037844387,26.356152927120668,37.2,12.9,270.9185185185185,24.444444444444443,8.824277094119209,17.940095579450418,3.9063918757467144,45.5,264.11,264.26,194.8,264.74333333333334,139.86296296296297,114.44814814814816,26.35074074074074
Tomato,2021-06-01,234.33,305.83,319.79,78.48,2021,6,33.491216023891084,13.960000000000036,1.2246467991473532e-16,-1.0,26.42703703703704,37.8,11.7,135.70740740740743,16.88888888888889,10.241626052812071,19.585086419753086,4.388802469135802,39.5,265.86,264.11,264.26,254.76666666666665,270.9185185185185,139.86296296296297,26.356152927120668
Tomato,2021-07-01,161.89,204.05,207.7,43.99,2021,7,27.172754850358366,3.6499999999999773,-0.4999999999999998,-0.8660254037844388,26.480167264038233,38.1,11.5,152.8148148148148,19.074074074074073,10.035993359219434,19.093261648745518,4.372556750298686,45.4,234.33,265.86,264.11,220.6933333333333,135.70740740740743,270.9185185185185,26.42703703703704
Tomato,2021-08-01,153.54,207.16,200.99,50.54,2021,8,32.91648240427094,-6.1699999999999875,-0.8660254037844384,-0.5000000000000004,26.173357228195936,38.2,10.5,150.7037037037037,20.14814814814815,9.281493747510952,18.53409796893668,4.1990919952210275,37.9,161.89,234.33,265.86,183.2533333333333,152.8148148148148,135.70740740740743,26.480167264038233
Tomato,2021-09-01,245.24,325.64,315.27,75.21,2021,9,30.66790463712908,-10.370000000000005,-1.0,-1.8369701987210297e-16,26.211604938271606,37.8,11.8,158.91111111111113,21.48148148148148,9.599454698216736,19.07972839506173,4.259493827160494,47.1,153.54,161.89,234.33,186.88999999999996,150.7037037037037,152.8148148148148,26.173357228195936
Tomato,2021-10-01,179.63,248.98,260.41,75.07,2021,10,41.79143695850528,11.430000000000035,-0.8660254037844386,0.5000000000000001,25.332138590203105,35.8,12.1,278.4,25.11111111111111,8.63790509757069,17.564982078853046,3.6884707287933094,41.5,245.24,153.54,161.89,192.80333333333328,158.91111111111113,150.7037037037037,26.211604938271606
Tomato,2021-11-01,197.76,253.51,269.88,63.94,2021,11,32.33210339193801,16.370000000000005,-0.5000000000000004,0.8660254037844384,24.365061728395062,33.5,10.0,427.3777777777778,26.925925925925927,6.782470631001372,14.440074074074072,2.9260493827160494,35.8,179.63,245.24,153.54,207.5433333333333,278.4,158.91111111111113,25.332138590203105
Tomato,2021-12-01,184.1,251.13,241.74,62.34,2021,12,33.862013111345405,-9.389999999999986,-2.4492935982947064e-16,1.0,24.4415770609319,33.6,7.5,103.32592592592593,17.62962962962963,9.852105223682463,18.46284348864994,3.7568219832735963,30.7,197.76,179.63,245.24,187.1633333333333,427.3777777777778,278.4,24.365061728395062
Tomato,2022-01-01,183.23,227.64,241.9,51.54,2022,1,28.128566212647378,14.26000000000002,0.49999999999999994,0.8660254037844387,24.333452807646353,34.6,6.6,79.39259259259259,16.14814814814815,10.050922418027346,19.505256869773,3.973847072879331,29.2,184.1,197.76,179.63,188.36333333333332,103.32592592592593,427.3777777777778,24.4415770609319
Tomato,2022-02-01,182.3,254.24,251.08,70.36,2022,2,38.59570016692256,-3.1599999999999966,0.8660254037844386,0.5000000000000001,24.69126984126984,34.9,7.6,79.60370370370372,11.11111111111111,9.95848259112287,21.214708994708996,4.435978835978836,27.7,183.23,184.1,197.76,183.20999999999995,79.39259259259259,103.32592592592593,24.333452807646353
Tomato,2022-03-01,283.13,376.38,408.05,109.08,2022,3,38.52645833134662,31.670000000000016,1.0,6.123233995736766e-17,25.770967741935483,35.5,10.5,59.69259259259258,16.555555555555557,10.201836081242533,21.651875746714456,4.57,31.9,182.3,183.23,184.1,216.21999999999994,79.60370370370372,79.39259259259259,24.69126984126984
Tomato,2022-04-01,330.38,449.72,468.0,128.48,2022,4,38.88854080496979,18.279999999999973,0.8660254037844387,-0.49999999999999983,25.617407407407406,34.3,10.9,202.30740740740737,25.962962962962962,9.503278967764063,20.255123456790127,4.1158271604938275,28.6,283.13,182.3,183.23,265.27,59.69259259259258,79.60370370370372,25.770967741935483
Tomato,2022-05-01,188.19,249.02,242.4,57.52,2022,5,30.564838426676005,-6.6200000000000045,0.49999999999999994,-0.8660254037844387,26.48757467144564,37.1,13.6,213.74444444444447,19.814814814814813,9.514996717775123,19.586021505376344,4.3536559139784945,42.1,330.38,283.13,182.3,267.2333333333333,202.30740740740737,59.69259259259258,25.617407407407406
Tomato,2022-06-01,209.73,288.25,266.31,67.55,2022,6,32.20806169453026,-21.939999999999998,1.2246467991473532e-16,-1.0,26.23222222222222,37.0,12.4,124.10370370370369,19.22222222222222,9.639822321673526,19.14904938271605,4.2830864197530865,42.9,188.19,330.38,283.13,242.76666666666665,213.74444444444447,202.30740740740737,26.48757467144564
Tomato,2022-07-01,198.82,241.61,262.15,53.06,2022,7,26.687442567426533,20.539999999999964,-0.4999999999999998,-0.8660254037844388,26.23273596176822,38.0,12.2,123.77407407407406,18.48148148148148,8.95918853046595,18.739330943847072,4.2962007168458785,43.1,209.73,188.19,330.38,198.9133333333333,124.10370370370369,213.74444444444447,26.23222222222222
Tomato,2022-08-01,171.95,219.96,231.94,54.0,2022,8,31.404459782227516,11.97999999999999,-0.8660254037844384,-0.5000000000000004,25.684587813620073,36.9,11.1,193.66666666666666,21.25925925925926,9.281554533386434,19.427443249701316,4.245890083632019,45.9,198.82,209.73,188.19,193.49999999999997,123.77407407407406,124.10370370370369,26.23273596176822
Tomato,2022-09-01,183.07,220.12,236.23,45.1,2022,9,24.635371914911282,16.109999999999985,-1.0,-1.8369701987210297e-16,25.752222222222223,37.6,10.5,98.95185185185184,16.77777777777778,9.9764180829904,21.314691358024692,4.598962962962963,40.0,171.95,198.82,209.73,184.61333333333326,193.66666666666666,123.77407407407406,25.684587813620073
Tomato,2022-10-01,169.84,231.48,239.48,65.64,2022,10,38.64811666973818,8.0,-0.8660254037844386,0.5000000000000001,24.89163679808841,36.8,10.4,295.11111111111114,25.962962962962962,8.194988298154787,17.328076463560336,3.6061768219832735,42.1,183.07,171.95,198.82,174.9533333333333,98.95185185185184,193.66666666666666,25.752222222222223
Tomato,2022-11-01,155.21,213.11,198.78,50.74,2022,11,32.691171515255775,-14.330000000000013,-0.5000000000000004,0.8660254037844384,24.250864197530866,33.1,9.6,239.3592592592593,18.74074074074074,8.210116035665294,16.932876543209876,3.4289506172839506,31.4,169.84,183.07,171.95,169.3733333333333,295.11111111111114,98.95185185185184,24.89163679808841
Tomato,2022-12-01,255.43,356.73,367.88,106.88,2022,12,41.84315004378888,11.149999999999977,-2.4492935982947064e-16,1.0,23.920908004778973,32.6,8.0,215.6962962962963,22.185185185185187,7.868798171379264,15.54121863799283,3.2044324970131424,41.5,155.21,169.84,183.07,193.4933333333333,239.3592592592593,295.11111111111114,24.250864197530866
Tomato,2023-01-01,244.69,342.21,348.68,100.76,2023,1,41.178617361307225,6.470000000000027,0.49999999999999994,0.8660254037844387,23.56953405017921,32.4,6.2,103.34074074074073,13.814814814814815,9.35084146090535,18.494062126642774,3.812951015531661,28.7,255.43,155.21,169.84,218.4433333333333,215.6962962962963,239.3592592592593,23.920908004778973
Tomato,2023-02-01,177.36,225.84,226.62,48.87,2023,2,27.554111663220755,0.7800000000000011,0.8660254037844386,0.5000000000000001,24.21732804232804,34.1,6.1,117.72222222222223,13.222222222222221,9.727644201940036,20.465039682539683,4.152261904761905,44.3,244.69,255.43,155.21,225.82666666666663,103.34074074074073,215.6962962962963,23.56953405017921
Tomato,2023-03-01,166.81,214.87,209.82,45.54,2023,3,27.300505185237583,-5.050000000000011,1.0,6.123233995736766e-17,25.44014336917563,35.4,10.5,101.71481481481482,18.074074074074073,10.236548420284082,21.96173237753883,4.543154121863799,34.7,177.36,244.69,255.43,196.28666666666663,117.72222222222223,103.34074074074073,24.21732804232804
Tomato,2023-04-01,245.98,302.19,322.87,66.55,2023,4,27.0550341267444,20.680000000000007,0.8660254037844387,-0.49999999999999983,26.40691358024691,36.8,10.4,125.12592592592593,18.25925925925926,10.259467297668039,22.379345679012346,4.719345679012346,26.6,166.81,177.36,244.69,196.7166666666666,101.71481481481482,117.72222222222223,25.44014336917563
Tomato,2023-05-01,297.46,383.73,421.79,105.3,2023,5,35.399705708429465,38.06,0.49999999999999994,-0.8660254037844387,26.61672640382318,37.0,11.9,151.91851851851848,19.88888888888889,9.052870496482146,19.442508960573477,4.1923655913978495,39.3,245.98,166.81,177.36,236.74999999999991,125.12592592592593,101.71481481481482,26.40691358024691
Tomato,2023-06-01,187.0,254.7,259.45,70.07,2023,6,37.47056819755711,4.75,1.2246467991473532e-16,-1.0,27.14296296296296,37.9,12.9,117.73703703703703,18.666666666666668,10.179046608367628,20.140827160493828,4.662617283950617,37.4,297.46,245.98,166.81,243.47999999999993,151.91851851851848,125.12592592592593,26.61672640382318
Tomato,2023-07-01,166.75,224.85,230.32,60.83,2023,7,36.479738243035534,5.469999999999999,-0.4999999999999998,-0.8660254037844388,26.840979689366787,39.3,11.8,118.34444444444445,17.333333333333332,9.548847059604407,19.37148148148148,4.611099163679809,43.9,187.0,297.46,245.98,217.06999999999994,117.73703703703703,151.91851851851848,27.14296296296296
Tomato,2023-08-01,255.41,323.74,353.76,83.34,2023,8,32.62987642227147,30.019999999999982,-0.8660254037844384,-0.5000000000000004,27.261409796893666,39.5,11.4,74.89629629629628,15.777777777777779,10.886052190362406,22.576105137395462,5.263297491039427,35.1,166.75,187.0,297.46,203.05333333333328,118.34444444444445,117.73703703703703,26.840979689366787
Tomato,2023-09-01,255.75,330.68,353.14,86.16,2023,9,33.689136387434445,22.45999999999998,-1.0,-1.8369701987210297e-16,25.915185185185184,37.0,12.0,254.35555555555558,24.48148148148148,8.70759411179698,18.487765432098765,4.146185185185185,41.1,255.41,166.75,187.0,225.96999999999994,74.89629629629628,118.34444444444445,27.261409796893666
Tomato,2023-10-01,286.95,362.0,388.84,88.47,2023,10,30.83114450909758,26.839999999999975,-0.8660254037844386,0.5000000000000001,25.041696535244924,35.2,11.7,390.61851851851856,27.88888888888889,8.155679135138724,17.433476702508962,3.5616367980884114,37.3,255.75,255.41,166.75,266.03666666666663,254.35555555555558,74.89629629629628,25.915185185185184
Tomato,2023-11-01,225.7,304.81,307.17,80.29,2023,11,35.57375473028147,2.3600000000000136,-0.5000000000000004,0.8660254037844384,24.58407407407407,32.2,10.8,515.1407407407407,29.11111111111111,7.543883251028808,15.49683950617284,3.0763703703703706,26.1,286.95,255.75,255.41,256.13333333333327,390.61851851851856,254.35555555555558,25.041696535244924
Tomato,2023-12-01,298.76,366.63,418.94,94.02,2023,12,31.4700657818765,52.31,-2.4492935982947064e-16,1.0,24.70310633213859,32.4,10.1,347.7074074074075,27.074074074074073,7.775822411389885,15.059247311827956,3.05715651135006,35.0,225.7,286.95,255.75,270.46999999999997,515.1407407407407,390.61851851851856,24.58407407407407
Tomato,2024-01-01,205.34,256.56,267.89,56.88,2024,1,27.700385847674173,11.329999999999984,0.49999999999999994,0.8660254037844387,24.613500597371566,33.2,6.6,164.60370370370367,17.22222222222222,9.050596405814415,17.903405017921145,3.690406212664277,34.3,298.76,225.7,286.95,243.26666666666662,347.7074074074075,515.1407407407407,24.70310633213859
Tomato,2024-02-01,273.06,338.88,362.1,77.43,2024,2,28.356394800998025,23.220000000000027,0.8660254037844386,0.5000000000000001,25.937037037037037,37.3,10.1,38.696296296296296,9.62962962962963,10.865918103448278,22.239182630906768,4.844712643678161,36.2,205.34,298.76,225.7,259.0533333333333,164.60370370370367,347.7074074074075,24.613500597371566
Tomato,2024-03-01,245.44,321.51,323.91,77.27,2024,3,31.482223157503604,2.400000000000034,1.0,6.123233995736766e-17,26.72258064516129,38.3,9.8,58.05925925925926,8.407407407407407,10.914837687508298,23.956308243727598,5.247909199522103,29.8,273.06,205.34,298.76,241.27999999999997,38.696296296296296,164.60370370370367,25.937037037037037
Tomato,2024-04-01,315.75,431.83,452.5,126.42,2024,4,40.037992070311304,20.670000000000016,0.8660254037844387,-0.49999999999999983,27.57950617283951,39.4,11.3,112.4925925925926,16.814814814814813,10.575852921810698,22.987333333333336,4.997975308641975,30.3,245.44,273.06,205.34,278.0833333333333,58.05925925925926,38.696296296296296,26.72258064516129
Tomato,2024-05-01,298.11,383.47,392.04,89.65,2024,5,30.072781834630902,8.569999999999993,0.49999999999999994,-0.8660254037844387,27.09545997610514,40.3,13.7,371.0,23.77777777777778,8.357931302270012,18.273715651135007,3.9950537634408603,48.3,315.75,245.44,273.06,286.43333333333334,112.4925925925926,58.05925925925926,27.57950617283951
Tomato,2024-06-01,281.3,374.78,363.56,87.87,2024,6,31.237102297510738,-11.21999999999997,1.2246467991473532e-16,-1.0,26.601388888888888,36.4,12.8,53.1,6.333333333333333,9.251713567386833,18.447453703703705,3.9457407407407405,36.0,298.11,315.75,245.44,298.3866666666666,371.0,112.4925925925926,27.09545997610514
