location_id,year,month,temp_mean,temp_max,temp_min,rain_sum,rain_days,sunshine_mean_hours,radiation_mean,et0_mean,wind_speed_max,date
0,2010,1,26.416129032258063,33.2,21.3,91.2,10,10.417396505376345,19.580645161290324,4.27258064516129,18.7,2010-01-01
0,2010,2,27.425,33.7,22.8,69.8,10,9.877672916666668,19.768571428571427,4.351428571428571,15.8,2010-02-01
0,2010,3,28.351612903225806,34.9,22.5,61.0,12,10.710635573476704,21.924516129032256,4.835483870967742,16.3,2010-03-01
0,2010,4,27.48,31.7,24.5,260.8,29,9.20658833333333,18.531000000000002,3.8190000000000004,14.3,2010-04-01
0,2010,5,27.225806451612904,31.6,25.1,321.9,31,8.077989695340502,14.929354838709678,3.043548387096774,23.0,2010-05-01
0,2010,6,26.740000000000002,30.2,24.4,388.4,30,8.71822074074074,15.738,3.1616666666666666,26.7,2010-06-01
0,2010,7,26.38064516129032,30.2,23.7,246.9,31,9.090638172043011,16.47967741935484,3.2364516129032257,22.0,2010-07-01
0,2010,8,26.19677419354839,29.0,23.1,201.5,29,8.44435734767025,16.143870967741936,3.1616129032258065,27.0,2010-08-01
0,2010,9,25.993333333333332,29.2,22.6,265.0,29,7.724023055555554,15.764666666666667,3.0923333333333334,21.6,2010-09-01
0,2010,10,26.24516129032258,29.7,23.6,281.7,25,9.383630286738352,16.553870967741933,3.3161290322580643,23.2,2010-10-01
0,2010,11,25.63,30.0,23.1,495.5,29,7.7807759259259255,14.718,2.958666666666667,24.8,2010-11-01
0,2010,12,24.94516129032258,29.5,20.2,406.2,23,6.161185304659498,12.51741935483871,2.613225806451613,23.1,2010-12-01
0,2011,1,24.816129032258065,29.9,19.7,162.6,20,7.301877508960573,14.226129032258065,3.0038709677419355,25.8,2011-01-01
0,2011,2,25.539285714285715,31.2,21.7,115.5,14,8.245475992063492,16.896071428571428,3.5089285714285716,31.3,2011-02-01
0,2011,3,26.761290322580646,33.3,22.0,117.7,21,10.487484229390683,21.232580645161292,4.386129032258064,17.9,2011-03-01
0,2011,4,26.64,31.1,23.3,274.1,29,9.425715925925926,18.617666666666665,3.783333333333333,18.6,2011-04-01
0,2011,5,26.861290322580647,30.4,24.1,213.20000000000002,29,9.946252956989248,17.725161290322582,3.516774193548387,21.3,2011-05-01
0,2011,6,26.883333333333333,29.7,24.4,171.2,30,10.254018055555557,17.703333333333333,3.4963333333333333,22.0,2011-06-01
0,2011,7,26.309677419354838,29.3,23.7,257.7,31,9.455773207885304,16.615161290322582,3.22741935483871,21.0,2011-07-01
0,2011,8,26.251612903225805,29.1,23.9,266.4,31,9.321184139784945,17.144516129032258,3.3448387096774193,19.8,2011-08-01
0,2011,9,26.383333333333333,29.6,23.9,283.2,26,9.621532777777778,17.877333333333336,3.5386666666666664,22.6,2011-09-01
0,2011,10,26.248387096774195,30.3,23.2,283.6,26,9.081245430107527,17.338709677419356,3.5067741935483867,18.8,2011-10-01
0,2011,11,25.956666666666667,30.7,21.9,293.1,24,8.557302777777778,16.152,3.3176666666666668,30.2,2011-11-01
0,2011,12,25.583870967741937,30.4,18.7,230.2,17,8.474778584229393,16.144516129032258,3.412258064516129,22.0,2011-12-01
0,2012,1,25.816129032258065,31.7,20.7,64.1,7,10.56920958781362,20.047096774193548,4.227096774193548,20.1,2012-01-01
0,2012,2,26.46896551724138,33.1,20.7,159.1,14,9.911882279693486,19.228965517241377,4.058275862068966,15.8,2012-02-01
0,2012,3,26.80322580645161,31.3,23.2,136.3,20,10.8945646953405,22.028387096774193,4.49741935483871,18.2,2012-03-01
0,2012,4,26.823333333333334,31.3,23.9,178.9,27,9.347574722222221,18.493666666666666,3.7366666666666664,19.7,2012-04-01
0,2012,5,27.37741935483871,30.5,24.3,118.9,20,10.228352240143371,18.529677419354837,3.898387096774193,23.3,2012-05-01
0,2012,6,26.57,29.7,23.9,201.9,30,9.174764259259257,16.026333333333334,3.1806666666666668,22.3,2012-06-01
0,2012,7,26.60967741935484,30.2,24.1,211.2,28,10.001611559139786,17.56451612903226,3.4874193548387096,23.4,2012-07-01
0,2012,8,26.30322580645161,29.5,23.6,266.4,31,9.352853673835124,17.11774193548387,3.3822580645161286,22.4,2012-08-01
0,2012,9,26.36,29.8,24.0,240.0,28,8.705678148148149,16.925,3.3549999999999995,20.6,2012-09-01
0,2012,10,26.09032258064516,30.2,23.5,448.9,28,7.601494713261649,16.011290322580646,3.2738709677419355,27.5,2012-10-01
0,2012,11,25.959999999999997,30.3,20.3,336.2,21,8.664709722222224,16.562,3.426333333333333,20.4,2012-11-01
0,2012,12,25.635483870967743,30.7,21.3,203.3,22,8.62945510752688,15.426451612903227,3.1851612903225806,17.3,2012-12-01
0,2013,1,25.906451612903226,32.2,20.6,108.2,10,9.081351164874551,17.72290322580645,3.855483870967742,18.6,2013-01-01
0,2013,2,26.557142857142857,32.8,21.1,153.7,13,9.928335515873014,19.804285714285715,4.202142857142857,15.2,2013-02-01
0,2013,3,27.05806451612903,33.1,23.0,205.4,26,10.1624479390681,20.059032258064516,4.164193548387097,13.4,2013-03-01
0,2013,4,27.81,32.0,24.6,109.0,25,10.498156296296294,20.66,4.295,14.8,2013-04-01
0,2013,5,27.02258064516129,30.7,24.6,327.5,30,7.903021774193549,15.27516129032258,3.123548387096774,21.5,2013-05-01
0,2013,6,26.05666666666667,29.0,23.8,374.4,30,8.251964537037036,14.571666666666665,2.880333333333333,28.8,2013-06-01
0,2013,7,26.183870967741935,29.3,24.0,217.4,28,9.569638261648747,16.738064516129032,3.2925806451612907,23.9,2013-07-01
0,2013,8,26.274193548387096,30.5,24.0,143.1,28,10.329853046594978,19.053870967741933,3.706451612903226,25.9,2013-08-01
0,2013,9,26.02,29.2,23.6,277.2,28,8.55421037037037,16.165,3.1856666666666666,23.9,2013-09-01
0,2013,10,26.161290322580644,29.5,23.4,352.7,29,9.142057526881718,16.75032258064516,3.331935483870968,22.1,2013-10-01
0,2013,11,25.926666666666666,30.3,22.3,210.0,21,9.520224074074076,17.878333333333334,3.64,18.4,2013-11-01
0,2013,12,25.64516129032258,31.3,21.1,120.9,15,8.776740681003584,15.618387096774194,3.4025806451612906,24.3,2013-12-01
0,2014,1,26.66774193548387,32.5,22.2,36.6,5,10.314647401433694,18.865806451612904,4.3022580645161295,21.2,2014-01-01
0,2014,2,27.896428571428572,35.3,20.5,13.4,4,10.97903640873016,21.969285714285714,4.973928571428572,16.2,2014-02-01
0,2014,3,28.335483870967742,35.8,22.8,72.9,10,10.891620788530464,22.958387096774196,5.10516129032258,18.6,2014-03-01
0,2014,4,27.3,32.9,24.0,269.6,26,10.167415185185186,19.997333333333334,4.115333333333333,16.2,2014-04-01
0,2014,5,27.116129032258065,30.5,24.4,257.1,29,9.322796057347672,16.75709677419355,3.3890322580645162,20.9,2014-05-01
0,2014,6,27.209999999999997,30.0,24.7,177.5,30,9.928820555555555,16.968,3.3916666666666666,23.0,2014-06-01
0,2014,7,26.835483870967742,29.5,24.6,166.7,31,10.014977956989245,17.562258064516126,3.472258064516129,23.8,2014-07-01
0,2014,8,26.203225806451613,29.4,24.0,254.8,28,8.724755197132616,16.648064516129033,3.275483870967742,25.4,2014-08-01
0,2014,9,26.146666666666665,29.7,23.7,269.7,30,9.652907407407408,17.625333333333334,3.441333333333333,20.9,2014-09-01
0,2014,10,25.938709677419357,30.4,23.5,576.3000000000001,31,7.741421505376344,15.259677419354839,3.065806451612903,20.1,2014-10-01
0,2014,11,25.709999999999997,30.4,22.3,309.5,25,7.544670648148148,15.060333333333334,3.0846666666666667,21.4,2014-11-01
0,2014,12,25.299999999999997,30.2,22.3,466.1,25,7.223374999999999,13.606129032258066,2.8125806451612902,26.4,2014-12-01
0,2015,1,26.593548387096774,32.5,20.8,35.8,7,10.605216577060933,19.951290322580647,4.343870967741935,15.4,2015-01-01
0,2015,2,26.92142857142857,34.2,20.5,81.2,13,10.572007837301589,20.925,4.529642857142857,17.2,2015-02-01
0,2015,3,27.65806451612903,34.1,23.3,146.6,14,10.696653494623657,22.10516129032258,4.719354838709678,15.1,2015-03-01
0,2015,4,27.12,31.8,23.8,269.3,29,10.144343611111111,20.389666666666663,4.172666666666667,14.8,2015-04-01
0,2015,5,27.14516129032258,30.7,24.6,264.1,31,9.520833960573476,17.252903225806453,3.478709677419355,21.8,2015-05-01
0,2015,6,26.983333333333334,30.3,24.5,239.0,28,8.95090064814815,16.606666666666666,3.318,21.3,2015-06-01
0,2015,7,26.838709677419356,29.8,24.1,209.3,29,10.076417293906811,17.587419354838712,3.5338709677419353,24.3,2015-07-01
0,2015,8,26.716129032258067,30.2,24.0,182.6,28,9.833655197132618,17.903225806451612,3.55,22.3,2015-08-01
0,2015,9,26.226666666666667,29.9,23.9,340.0,29,7.873916574074075,15.467,3.0633333333333335,21.8,2015-09-01
0,2015,10,26.17096774193548,30.4,23.4,581.6,31,7.509850806451612,15.38774193548387,3.12,19.2,2015-10-01
0,2015,11,26.026666666666664,30.9,23.6,334.9,27,7.643352314814817,14.613333333333333,2.987,17.7,2015-11-01
0,2015,12,26.258064516129032,31.2,22.4,295.7,23,8.697599193548385,15.796774193548387,3.279677419354839,15.8,2015-12-01
0,2016,1,27.270967741935483,33.6,21.8,36.0,9,10.6619896953405,20.068387096774195,4.420967741935484,16.9,2016-01-01
0,2016,2,28.275862068965516,34.5,22.7,58.2,9,10.658806704980842,20.947241379310345,4.712068965517242,15.2,2016-02-01
0,2016,3,29.08709677419355,34.9,24.7,43.3,15,11.21013046594982,22.091290322580647,4.964838709677419,17.4,2016-03-01
0,2016,4,29.03666666666667,33.8,25.6,103.0,26,10.783518055555557,21.362000000000002,4.7090000000000005,17.7,2016-04-01
0,2016,5,27.25483870967742,32.1,24.6,723.3,31,6.657768906810034,13.91451612903226,2.934516129032258,26.3,2016-05-01
0,2016,6,26.973333333333336,29.6,24.6,225.0,27,9.51285888888889,16.877333333333333,3.397666666666667,26.9,2016-06-01
0,2016,7,26.638709677419353,30.1,23.8,192.3,25,9.58312840501792,17.33677419354839,3.4274193548387095,25.1,2016-07-01
0,2016,8,26.73225806451613,29.6,24.4,136.3,30,10.780742652329748,18.885161290322582,3.719032258064516,25.0,2016-08-01
0,2016,9,26.43,29.0,24.0,132.5,28,10.16094712962963,18.613,3.6566666666666667,22.4,2016-09-01
0,2016,10,26.638709677419353,30.4,23.6,138.0,24,10.41323817204301,18.947741935483872,3.855483870967742,22.7,2016-10-01
0,2016,11,25.926666666666666,31.0,21.8,377.9,22,7.854041851851851,15.416333333333334,3.195,21.8,2016-11-01
0,2016,12,26.18064516129032,31.4,18.5,68.7,11,10.488018279569893,18.766774193548386,3.963225806451613,19.2,2016-12-01
0,2017,1,25.593548387096774,32.6,19.0,96.69999999999999,12,9.57631129032258,19.833225806451615,4.391935483870968,28.8,2017-01-01
0,2017,2,26.00357142857143,34.4,19.7,43.0,8,10.196099007936507,21.34392857142857,4.610714285714286,24.1,2017-02-01
0,2017,3,26.73548387096774,30.8,22.8,144.1,23,10.687193369175631,21.101290322580645,4.25,19.1,2017-03-01
0,2017,4,28.05,32.1,24.6,139.9,27,10.651196203703703,21.022333333333332,4.440333333333333,19.9,2017-04-01
0,2017,5,27.664516129032258,31.8,23.9,350.1,28,9.065561917562725,17.023870967741935,3.660322580645161,29.1,2017-05-01
0,2017,6,26.93,29.5,24.3,383.7,30,9.811243333333334,17.145333333333333,3.4193333333333333,26.6,2017-06-01
0,2017,7,27.316129032258065,29.4,24.4,252.4,31,10.368141039426527,18.563870967741938,3.8390322580645164,26.3,2017-07-01
0,2017,8,26.81935483870968,29.0,24.4,327.4,30,9.347662544802867,17.614193548387096,3.587741935483871,26.4,2017-08-01
0,2017,9,26.453333333333333,30.8,23.7,321.2,28,8.56483388888889,17.308666666666667,3.445,27.3,2017-09-01
0,2017,10,26.361290322580647,29.5,23.6,421.8,31,8.357864695340501,16.078064516129032,3.1848387096774196,26.7,2017-10-01
0,2017,11,25.68,29.5,22.7,516.4,24,6.53289287037037,14.190666666666667,2.9153333333333333,38.6,2017-11-01
0,2017,12,25.780645161290323,31.0,20.4,158.1,13,9.860726881720428,17.80258064516129,3.7825806451612904,23.3,2017-12-01
0,2018,1,25.919354838709676,33.1,20.0,23.0,8,10.363971415770608,20.16290322580645,4.686451612903226,26.2,2018-01-01
0,2018,2,26.807142857142857,33.7,21.4,62.4,10,10.595978075396824,20.823571428571427,4.611071428571429,24.0,2018-02-01
0,2018,3,26.848387096774193,31.2,22.9,127.0,23,9.72165869175627,19.58451612903226,4.0119354838709675,17.3,2018-03-01
0,2018,4,27.06,31.6,23.4,164.29999999999998,27,9.877313518518516,20.22733333333333,4.121333333333333,14.9,2018-04-01
0,2018,5,26.674193548387095,30.7,23.8,495.2,31,6.810638799283153,14.649354838709677,3.019032258064516,25.8,2018-05-01
0,2018,6,26.78666666666667,29.5,24.3,423.0,30,9.269579907407406,16.743333333333332,3.39,29.6,2018-06-01
0,2018,7,26.61935483870968,29.0,24.0,167.5,27,10.09128888888889,18.968064516129033,3.7219354838709675,26.8,2018-07-01
0,2018,8,26.25483870967742,28.5,24.1,107.10000000000001,23,9.962290591397851,19.09032258064516,3.6509677419354842,27.1,2018-08-01
0,2018,9,26.743333333333332,29.9,23.9,149.1,17,9.724458796296295,20.34733333333333,4.1450000000000005,25.6,2018-09-01
0,2018,10,25.761290322580646,29.4,22.8,361.9,29,7.571040501792115,16.114838709677418,3.162258064516129,21.1,2018-10-01
0,2018,11,25.759999999999998,30.6,22.3,299.5,24,8.148469351851853,16.069666666666667,3.226,18.9,2018-11-01
0,2018,12,25.725806451612904,31.3,19.7,57.6,14,9.251397580645161,17.80483870967742,3.689032258064516,25.8,2018-12-01
0,2019,1,26.532258064516128,34.1,21.2,22.1,9,10.605011917562726,20.976129032258065,4.980967741935483,27.6,2019-01-01
0,2019,2,26.842857142857145,33.5,22.7,120.5,16,10.384530753968253,19.87392857142857,4.2682142857142855,26.8,2019-02-01
0,2019,3,27.75483870967742,33.4,22.8,72.6,15,10.962166756272401,22.484516129032258,4.848709677419355,19.4,2019-03-01
0,2019,4,28.15666666666667,33.7,24.0,126.9,22,9.047137777777778,19.625666666666667,4.302333333333333,19.6,2019-04-01
0,2019,5,27.990322580645163,31.1,24.9,129.9,27,9.732179211469536,17.907096774193548,3.892258064516129,23.8,2019-05-01
0,2019,6,27.793333333333333,30.9,24.3,288.0,30,9.096077962962962,16.915,3.6696666666666666,24.3,2019-06-01
0,2019,7,27.299999999999997,30.3,24.3,179.79999999999998,26,10.173133243727598,18.943225806451615,3.952903225806452,34.9,2019-07-01
0,2019,8,26.603225806451615,29.9,23.9,411.7,31,7.817289695340501,15.249032258064517,3.1154838709677417,28.7,2019-08-01
0,2019,9,26.220000000000002,30.2,23.2,363.2,29,8.068222685185185,16.160333333333334,3.1813333333333333,23.2,2019-09-01
0,2019,10,25.603225806451615,29.8,22.2,492.2,30,6.1042120967741935,14.353548387096776,2.8712903225806454,20.6,2019-10-01
0,2019,11,25.956666666666667,30.2,22.2,395.5,29,8.957404074074073,17.199,3.386,14.5,2019-11-01
0,2019,12,25.893548387096775,31.0,21.2,160.79999999999998,22,8.478212455197133,15.943870967741935,3.261935483870968,24.5,2019-12-01
0,2020,1,26.625806451612902,33.2,20.2,19.9,9,10.74028181003584,20.548709677419353,4.442258064516129,25.7,2020-01-01
0,2020,2,27.66551724137931,35.5,22.7,24.1,8,11.017414655172413,22.16551724137931,5.020344827586207,24.8,2020-02-01
0,2020,3,27.993548387096773,33.1,23.2,48.6,11,11.082086917562723,22.211612903225806,4.783548387096774,19.8,2020-03-01
0,2020,4,27.863333333333333,32.8,23.1,152.6,25,10.760263703703702,21.764333333333333,4.528666666666667,21.2,2020-04-01
0,2020,5,27.758064516129032,31.9,24.8,287.40000000000003,31,8.089822132616485,15.714193548387096,3.3641935483870964,27.8,2020-05-01
0,2020,6,27.476666666666667,30.2,24.9,264.3,28,9.530510925925928,17.67233333333333,3.619333333333333,24.2,2020-06-01
0,2020,7,26.89032258064516,30.0,23.9,252.0,30,7.904375627240144,15.534193548387098,3.177741935483871,23.2,2020-07-01
0,2020,8,26.861290322580647,29.6,24.6,209.20000000000002,28,9.494388978494625,18.919354838709676,3.746451612903226,23.7,2020-08-01
0,2020,9,26.220000000000002,29.0,23.1,387.8,30,6.929959814814814,14.163,2.8579999999999997,29.1,2020-09-01
0,2020,10,26.848387096774193,29.1,23.7,109.1,29,10.555515770609318,19.664193548387097,3.9254838709677418,28.0,2020-10-01
0,2020,11,26.226666666666667,31.1,22.6,373.6,22,8.320322592592591,16.631333333333334,3.378,20.8,2020-11-01
0,2020,12,25.68064516129032,30.5,21.6,151.5,21,8.510980286738352,16.351612903225806,3.3712903225806454,28.4,2020-12-01
0,2021,1,25.425806451612903,30.6,21.5,280.5,21,7.866544444444446,16.06290322580645,3.319032258064516,20.3,2021-01-01
0,2021,2,26.396428571428572,32.6,21.2,23.0,9,10.811863194444443,21.831071428571427,4.738928571428572,27.2,2021-02-01
0,2021,3,26.509677419354837,31.7,20.1,203.20000000000002,24,9.16517329749104,19.799354838709675,4.061935483870967,20.7,2021-03-01
0,2021,4,27.226666666666667,31.0,23.1,101.3,22,10.792937592592592,21.325,4.3100000000000005,19.2,2021-04-01
0,2021,5,27.203225806451613,30.9,23.7,423.0,30,8.011916666666664,16.63032258064516,3.5196774193548386,33.5,2021-05-01
0,2021,6,26.986666666666668,29.7,24.5,247.6,29,9.56476138888889,17.638666666666666,3.5949999999999998,23.4,2021-06-01
0,2021,7,26.90967741935484,29.2,24.5,280.9,27,9.817369265232971,17.988387096774193,3.6690322580645165,31.5,2021-07-01
0,2021,8,26.54516129032258,28.9,24.1,276.3,30,9.067873835125448,17.496129032258064,3.5016129032258063,27.1,2021-08-01
0,2021,9,26.706666666666667,29.4,24.2,264.1,28,9.254032222222222,17.473333333333336,3.5286666666666666,28.2,2021-09-01
0,2021,10,26.316129032258065,29.5,23.0,332.9,31,8.215175089605733,17.294516129032257,3.479032258064516,26.6,2021-10-01
0,2021,11,25.486666666666668,29.5,22.3,564.2,27,6.066376481481481,13.797,2.8056666666666668,25.8,2021-11-01
0,2021,12,25.751612903225805,32.0,20.1,99.3,16,10.080521326164874,19.541290322580643,3.9754838709677416,22.8,2021-12-01
0,2022,1,26.10967741935484,33.1,18.3,74.7,18,10.497377508960575,20.635483870967743,4.401290322580645,22.6,2022-01-01
0,2022,2,26.560714285714287,34.7,20.9,50.6,11,10.17865992063492,21.89071428571429,4.804642857142857,26.0,2022-02-01
0,2022,3,27.212903225806453,34.9,22.5,53.3,20,10.555126792114695,21.562580645161287,4.684516129032258,24.6,2022-03-01
0,2022,4,26.663333333333334,31.7,22.3,210.6,27,9.066230185185185,19.916999999999998,3.9963333333333333,19.2,2022-04-01
0,2022,5,26.893548387096775,31.1,23.9,592.6,31,8.37067965949821,16.94161290322581,3.545161290322581,29.3,2022-05-01
0,2022,6,26.69,29.4,23.7,286.4,29,8.957460925925925,17.252000000000002,3.5416666666666665,27.7,2022-06-01
0,2022,7,26.66774193548387,29.7,23.7,153.2,24,9.098556093189964,18.874193548387098,3.8077419354838713,33.1,2022-07-01
0,2022,8,26.229032258064517,29.2,23.4,314.1,28,8.991162724014337,18.801612903225806,3.771290322580645,30.6,2022-08-01
0,2022,9,26.28666666666667,29.1,23.2,188.4,29,9.783398611111112,20.498333333333335,3.9926666666666666,25.7,2022-09-01
0,2022,10,25.783870967741933,30.0,22.6,408.5,28,8.068458691756272,16.65548387096774,3.326451612903226,31.0,2022-10-01
0,2022,11,25.3,30.2,20.4,272.8,16,8.508656111111112,17.40266666666667,3.4653333333333336,21.0,2022-11-01
0,2022,12,25.316129032258065,30.5,20.7,198.6,21,7.82203288530466,16.11225806451613,3.363548387096774,24.0,2022-12-01
0,2023,1,25.177419354838708,31.1,19.7,85.9,12,9.451153853046595,19.504193548387097,4.266129032258065,26.1,2023-01-01
0,2023,2,25.610714285714288,32.6,20.4,67.3,12,9.891725396825397,20.661785714285713,4.210357142857143,25.3,2023-02-01
0,2023,3,26.43548387096774,32.4,22.5,141.2,24,10.280092831541218,21.990322580645163,4.427741935483871,18.0,2023-03-01
0,2023,4,27.346666666666668,32.2,22.8,138.2,20,10.311107870370371,21.499666666666666,4.504666666666666,16.8,2023-04-01
0,2023,5,27.348387096774193,30.8,23.6,238.3,28,8.584384677419354,18.10483870967742,3.6938709677419355,21.7,2023-05-01
0,2023,6,27.040000000000003,30.3,23.8,379.3,30,8.993534166666665,17.676666666666666,3.575,23.9,2023-06-01
0,2023,7,26.916129032258063,29.6,23.1,250.1,29,9.805938709677418,19.21741935483871,3.8206451612903227,26.8,2023-07-01
0,2023,8,27.041935483870965,30.1,24.3,149.6,29,10.81921899641577,22.121935483870967,4.328064516129031,25.1,2023-08-01
0,2023,9,26.02,29.8,23.6,554.6,29,6.842792129629632,15.770000000000001,3.1333333333333333,25.5,2023-09-01
0,2023,10,25.606451612903225,29.9,22.4,564.4,30,7.1064159498207875,16.20741935483871,3.172258064516129,21.0,2023-10-01
0,2023,11,25.543333333333333,30.4,22.5,488.6,29,7.376344814814816,16.084,3.183333333333333,16.5,2023-11-01
0,2023,12,25.89032258064516,32.0,22.4,410.4,26,7.711442383512545,15.758064516129032,3.2254838709677416,28.4,2023-12-01
0,2024,1,26.01290322580645,32.7,19.9,138.1,15,9.060907437275985,18.674516129032256,3.894838709677419,20.2,2024-01-01
0,2024,2,27.56206896551724,35.4,20.8,38.3,12,10.944722222222222,22.535862068965518,4.958620689655173,22.5,2024-02-01
0,2024,3,28.083870967741937,34.3,22.6,79.89999999999999,11,11.148814784946236,23.50709677419355,5.053870967741935,27.3,2024-03-01
0,2024,4,28.15666666666667,34.2,24.3,177.2,26,10.248022037037034,21.646666666666665,4.580333333333333,20.4,2024-04-01
0,2024,5,27.741935483870968,32.8,24.2,656.3,30,7.703228584229391,16.753548387096775,3.5890322580645164,34.7,2024-05-01
0,2024,6,26.95,29.8,24.0,95.7,8,8.320560763888889,17.509999999999998,3.52875,23.9,2024-06-01
1,2010,1,26.251612903225805,32.9,20.8,37.1,5,10.488869623655917,19.72290322580645,4.433548387096774,20.8,2010-01-01
1,2010,2,27.8,36.5,22.5,42.2,8,9.91251259920635,20.291428571428572,4.668214285714286,20.3,2010-02-01
1,2010,3,28.580645161290324,36.5,23.1,56.7,11,10.793613261648746,22.213548387096775,4.9561290322580644,16.2,2010-03-01
1,2010,4,27.423333333333336,32.3,24.3,266.6,28,9.285280185185186,18.737000000000002,3.885,14.0,2010-04-01
1,2010,5,27.06451612903226,31.9,25.0,288.5,31,8.480831899641576,15.418709677419356,3.125483870967742,20.0,2010-05-01
1,2010,6,26.53666666666667,30.4,24.5,358.7,30,8.769238796296296,15.885666666666667,3.1576666666666666,23.4,2010-06-01
1,2010,7,26.216129032258067,30.9,23.5,279.6,31,9.026003584229391,16.52032258064516,3.266451612903226,22.1,2010-07-01
1,2010,8,26.009677419354837,29.3,23.0,224.6,27,8.627185931899643,16.199032258064516,3.167741935483871,25.5,2010-08-01
1,2010,9,25.84,29.3,22.7,254.1,28,7.669411111111111,15.798666666666668,3.1173333333333333,19.0,2010-09-01
1,2010,10,25.948387096774194,29.5,23.1,281.5,26,9.22831863799283,16.16741935483871,3.212258064516129,21.7,2010-10-01
1,2010,11,25.483333333333334,30.3,22.5,454.4,29,7.901450462962963,14.732,2.9636666666666667,20.3,2010-11-01
1,2010,12,24.75483870967742,29.8,20.5,392.7,22,6.160610842293905,12.429354838709678,2.584838709677419,22.4,2010-12-01
1,2011,1,24.66774193548387,29.9,19.7,168.7,16,7.292317114695342,14.161935483870968,3.0425806451612902,25.8,2011-01-01
1,2011,2,25.464285714285715,31.7,21.7,113.3,12,8.211105456349207,16.9325,3.5450000000000004,24.7,2011-02-01
1,2011,3,26.89032258064516,33.5,21.7,91.4,19,10.694380465949822,21.509354838709676,4.541290322580645,19.7,2011-03-01
1,2011,4,26.576666666666664,32.2,23.4,217.4,26,9.5161975,18.821666666666665,3.8633333333333337,17.8,2011-04-01
1,2011,5,26.751612903225805,30.8,24.3,181.0,28,9.99139516129032,17.89258064516129,3.5629032258064517,22.0,2011-05-01
1,2011,6,26.65,29.9,24.4,164.8,27,10.235247222222224,17.758,3.5076666666666667,20.9,2011-06-01
1,2011,7,26.1,29.7,23.9,273.0,31,9.728177329749103,16.725161290322582,3.2541935483870965,20.5,2011-07-01
1,2011,8,26.0,29.4,23.8,255.7,31,9.549999193548386,17.22290322580645,3.3574193548387097,20.3,2011-08-01
1,2011,9,26.19,29.7,24.0,298.3,27,9.523866851851851,17.666666666666668,3.507,20.2,2011-09-01
1,2011,10,26.135483870967743,30.4,22.9,317.6,28,9.020459229390681,17.243548387096773,3.487741935483871,17.5,2011-10-01
1,2011,11,25.89333333333333,30.9,21.8,231.3,20,8.837966481481482,16.435666666666666,3.3886666666666665,28.6,2011-11-01
1,2011,12,25.4741935483871,30.5,18.4,166.9,16,8.588426433691756,16.065483870967743,3.414193548387097,23.3,2011-12-01
1,2012,1,25.825806451612905,32.2,20.5,54.0,7,10.626228853046596,20.38935483870968,4.362580645161291,23.4,2012-01-01
1,2012,2,26.448275862068964,33.0,20.7,155.8,13,9.923715038314176,19.54689655172414,4.227931034482759,19.2,2012-02-01
1,2012,3,26.94516129032258,32.2,22.8,105.6,19,10.932489964157705,22.280645161290323,4.638709677419355,16.2,2012-03-01
1,2012,4,26.84333333333333,32.0,23.6,147.0,27,9.673231574074075,18.743333333333332,3.8376666666666663,19.5,2012-04-01
1,2012,5,27.338709677419356,31.1,24.3,92.3,19,10.33685654121864,18.468709677419355,3.9448387096774193,24.5,2012-05-01
1,2012,6,26.37,30.0,23.9,197.0,30,9.19256148148148,16.147333333333332,3.1936666666666667,21.1,2012-06-01
1,2012,7,26.39032258064516,30.6,24.0,210.6,30,9.934542383512547,17.669677419354837,3.5006451612903224,21.1,2012-07-01
1,2012,8,26.05806451612903,29.7,23.8,258.0,31,9.463069982078853,17.20967741935484,3.3783870967741936,20.6,2012-08-01
1,2012,9,26.209999999999997,29.9,23.7,220.7,29,8.980751481481482,17.351999999999997,3.4266666666666667,18.9,2012-09-01
1,2012,10,25.983870967741936,30.5,23.0,430.7,26,7.745585752688172,16.00193548387097,3.2764516129032257,28.7,2012-10-01
1,2012,11,25.873333333333335,30.6,20.7,377.7,20,8.55702037037037,16.335666666666665,3.392333333333333,21.0,2012-11-01
1,2012,12,25.593548387096774,30.7,21.2,172.79999999999998,22,8.647336379928317,15.392903225806451,3.2170967741935486,21.4,2012-12-01
1,2013,1,25.641935483870967,32.0,20.4,125.89999999999999,7,9.167806272401434,17.887096774193548,4.014193548387096,20.3,2013-01-01
1,2013,2,26.535714285714285,32.5,20.9,100.9,12,9.95195277777778,20.060714285714287,4.359642857142857,18.9,2013-02-01
1,2013,3,27.003225806451614,33.4,23.0,249.4,23,10.25405976702509,20.55032258064516,4.303225806451613,17.3,2013-03-01
1,2013,4,27.666666666666668,32.2,24.3,90.0,21,10.565249444444445,20.671666666666667,4.293,15.2,2013-04-01
1,2013,5,26.81935483870968,30.7,24.5,282.9,30,8.184030913978495,15.470322580645162,3.134193548387097,21.4,2013-05-01
1,2013,6,25.773333333333333,29.1,23.8,421.09999999999997,30,7.970185925925926,14.228666666666667,2.7863333333333333,25.8,2013-06-01
1,2013,7,25.92258064516129,29.4,23.7,237.7,28,9.324138888888887,16.556774193548385,3.249032258064516,21.8,2013-07-01
1,2013,8,26.067741935483873,30.8,23.6,149.2,25,10.332082974910394,18.91483870967742,3.6867741935483873,23.9,2013-08-01
1,2013,9,25.790000000000003,29.6,23.6,270.3,28,8.575418981481482,16.078,3.1536666666666666,23.1,2013-09-01
1,2013,10,25.967741935483872,29.9,23.3,305.7,28,9.15591129032258,16.78548387096774,3.3406451612903227,20.3,2013-10-01
1,2013,11,25.88,30.7,21.6,166.8,18,9.69447148148148,17.90666666666667,3.6576666666666666,16.6,2013-11-01
1,2013,12,25.43548387096774,30.7,21.2,84.1,12,8.899172759856631,15.63225806451613,3.4864516129032257,24.5,2013-12-01
1,2014,1,26.11935483870968,32.1,21.8,51.1,6,10.28163288530466,18.73483870967742,4.349032258064516,21.5,2014-01-01
1,2014,2,27.889285714285712,35.9,20.4,10.899999999999999,3,11.049998611111112,22.415,5.154642857142858,17.2,2014-02-01
1,2014,3,28.816129032258065,36.5,23.3,68.2,9,10.984637007168457,23.07967741935484,5.234193548387096,14.7,2014-03-01
1,2014,4,27.220000000000002,34.1,23.8,253.1,25,10.21167509259259,20.123333333333335,4.175,16.2,2014-04-01
1,2014,5,26.970967741935485,30.6,24.3,225.2,28,9.304854390681005,16.830322580645163,3.398387096774193,21.2,2014-05-01
1,2014,6,26.966666666666665,30.1,24.6,172.0,30,9.915030925925926,17.049,3.409,23.1,2014-06-01
1,2014,7,26.551612903225806,29.7,24.3,159.1,31,10.03282724014337,17.651290322580646,3.4803225806451614,21.3,2014-07-01
1,2014,8,26.029032258064515,29.4,23.8,247.0,29,8.834724372759856,16.571290322580648,3.2780645161290325,25.0,2014-08-01
1,2014,9,25.98,30.1,23.7,243.3,30,9.574034814814814,17.608666666666668,3.445,19.9,2014-09-01
1,2014,10,25.761290322580646,30.6,23.0,480.9,31,7.919009050179212,15.300645161290323,3.076774193548387,20.0,2014-10-01
1,2014,11,25.526666666666664,30.4,21.5,308.3,24,7.610707870370371,14.768,3.0236666666666663,21.1,2014-11-01
1,2014,12,25.116129032258065,30.7,22.1,471.4,26,7.125721236559141,13.343548387096773,2.7448387096774196,22.4,2014-12-01
1,2015,1,26.5,33.2,21.1,22.3,4,10.615431182795698,20.29806451612903,4.542258064516129,20.3,2015-01-01
1,2015,2,26.939285714285713,34.7,19.9,72.2,11,10.681701884920633,21.062142857142856,4.709642857142858,21.7,2015-02-01
1,2015,3,27.548387096774192,34.4,22.7,147.7,13,10.692042831541217,22.556451612903224,4.793225806451613,13.8,2015-03-01
1,2015,4,27.02,32.4,23.9,265.1,28,10.106547314814815,20.339333333333332,4.174333333333333,13.2,2015-04-01
1,2015,5,26.958064516129035,31.0,24.5,240.2,31,9.673634408602153,17.30290322580645,3.4919354838709675,22.2,2015-05-01
1,2015,6,26.743333333333332,30.4,24.4,235.3,28,8.96577990740741,16.416999999999998,3.287,20.1,2015-06-01
1,2015,7,26.59032258064516,29.8,24.2,206.9,30,10.053472580645161,17.628387096774194,3.5206451612903225,22.8,2015-07-01
1,2015,8,26.516129032258064,30.6,23.7,153.6,28,9.952783870967743,18.249354838709678,3.6109677419354838,20.3,2015-08-01
1,2015,9,26.066666666666666,30.0,23.7,294.9,29,8.03176851851852,15.597000000000001,3.0963333333333334,20.6,2015-09-01
1,2015,10,26.009677419354837,30.5,23.4,681.2,31,7.463789516129031,15.345483870967744,3.1190322580645162,19.0,2015-10-01
1,2015,11,25.863333333333333,31.2,23.1,323.2,26,7.708115833333333,14.637666666666666,2.993666666666667,17.8,2015-11-01
1,2015,12,26.183870967741935,30.9,22.2,285.3,22,8.812346684587814,15.830645161290322,3.3496774193548386,21.6,2015-12-01
1,2016,1,27.283870967741933,33.6,21.3,17.0,6,10.725929659498204,20.469677419354838,4.668387096774193,20.6,2016-01-01
1,2016,2,28.451724137931034,35.3,22.1,38.1,9,10.756524904214558,21.284137931034483,4.903793103448276,20.0,2016-02-01
1,2016,3,29.26451612903226,35.9,24.6,43.2,14,11.22073512544803,22.414193548387097,5.070967741935483,15.9,2016-03-01
1,2016,4,28.946666666666665,33.8,25.4,104.8,24,10.841651388888886,21.619333333333334,4.766,17.4,2016-04-01
1,2016,5,27.01290322580645,32.4,24.4,772.4,31,6.800218369175628,14.073548387096773,2.927096774193548,24.3,2016-05-01
1,2016,6,26.716666666666665,29.8,24.3,226.4,27,9.411242222222223,16.805666666666667,3.3526666666666665,25.6,2016-06-01
1,2016,7,26.45483870967742,30.7,24.0,176.5,24,9.722066756272401,17.515806451612903,3.455806451612903,23.1,2016-07-01
1,2016,8,26.451612903225808,29.9,24.1,131.1,28,10.79062069892473,18.89,3.71,22.7,2016-08-01
1,2016,9,26.19333333333333,29.0,23.9,115.5,27,10.269291944444445,18.628666666666668,3.6573333333333333,22.1,2016-09-01
1,2016,10,26.306451612903224,30.4,23.3,133.1,24,10.453120788530464,18.82935483870968,3.795161290322581,21.3,2016-10-01
1,2016,11,25.846666666666668,31.0,21.5,321.40000000000003,22,8.21651425925926,15.666666666666666,3.2560000000000002,18.8,2016-11-01
1,2016,12,26.05483870967742,31.6,19.1,44.199999999999996,9,10.576549372759853,18.876129032258063,4.033225806451613,18.9,2016-12-01
1,2017,1,25.990322580645163,35.0,19.4,139.1,13,9.381056451612903,19.530322580645162,4.6009677419354835,25.6,2017-01-01
1,2017,2,26.192857142857143,35.6,19.5,60.5,9,10.20771755952381,21.371785714285714,4.801071428571428,26.0,2017-02-01
1,2017,3,26.61935483870968,33.1,22.1,156.3,25,10.495358154121861,20.83709677419355,4.2787096774193545,16.6,2017-03-01
1,2017,4,27.466666666666665,32.6,23.6,198.3,27,10.813281388888889,20.851999999999997,4.297666666666667,17.8,2017-04-01
1,2017,5,27.083870967741937,31.7,23.9,308.2,31,8.775074551971327,16.405483870967743,3.4099999999999997,24.2,2017-05-01
1,2017,6,26.503333333333334,30.1,23.5,345.6,29,9.491122222222222,16.289666666666665,3.2203333333333335,24.2,2017-06-01
1,2017,7,26.906451612903226,30.0,23.5,263.7,31,10.152108781362005,18.128387096774194,3.672258064516129,23.8,2017-07-01
1,2017,8,26.44516129032258,29.4,23.5,318.1,31,9.198110035842294,17.121935483870967,3.4322580645161294,24.4,2017-08-01
1,2017,9,26.063333333333333,31.6,23.0,317.09999999999997,27,8.457496203703705,16.87933333333333,3.353666666666667,22.4,2017-09-01
1,2017,10,25.938709677419357,30.3,22.6,360.1,30,8.167840681003584,15.574193548387097,3.1187096774193552,24.3,2017-10-01
1,2017,11,25.396666666666665,30.3,21.9,433.0,25,6.506936481481481,13.883000000000001,2.878333333333333,28.3,2017-11-01
1,2017,12,25.706451612903226,32.1,19.8,152.0,15,9.682807258064518,17.696129032258067,3.850322580645161,23.2,2017-12-01
1,2018,1,26.238709677419354,35.0,19.8,49.5,7,10.283170788530464,19.931290322580644,4.868064516129032,21.1,2018-01-01
1,2018,2,27.035714285714285,36.0,21.0,96.0,11,10.453852777777778,20.74285714285714,4.767857142857143,19.7,2018-02-01
1,2018,3,26.703225806451613,32.6,22.4,148.3,24,9.78509112903226,19.574838709677422,4.07774193548387,16.3,2018-03-01
1,2018,4,26.736666666666668,32.3,22.7,232.4,29,9.75262861111111,19.82,4.076666666666666,15.3,2018-04-01
1,2018,5,26.261290322580646,31.2,23.0,461.90000000000003,31,6.937164516129033,14.476451612903226,2.9658064516129032,24.4,2018-05-01
1,2018,6,26.34333333333333,30.0,23.5,401.59999999999997,30,9.129990648148148,16.283333333333335,3.207333333333333,25.6,2018-06-01
1,2018,7,26.37741935483871,29.5,23.5,147.7,25,9.982724014336917,18.470967741935485,3.631290322580645,24.6,2018-07-01
1,2018,8,26.080645161290324,29.0,23.5,135.0,26,9.585893010752688,18.46483870967742,3.5999999999999996,27.0,2018-08-01
1,2018,9,26.48,31.0,23.1,201.7,18,9.602678796296296,20.141333333333332,4.125333333333334,24.2,2018-09-01
1,2018,10,25.532258064516128,30.3,22.2,383.4,29,7.381810752688172,15.620322580645162,3.1241935483870966,18.5,2018-10-01
1,2018,11,25.553333333333335,31.8,21.3,352.0,25,8.2580775,15.943000000000001,3.2680000000000002,16.5,2018-11-01
1,2018,12,25.651612903225807,31.4,19.2,87.1,12,9.305516845878135,17.65,3.7567741935483867,19.2,2018-12-01
1,2019,1,26.770967741935483,35.7,20.6,21.1,9,10.519976612903225,20.613225806451613,5.064193548387097,23.3,2019-01-01
1,2019,2,26.842857142857145,36.0,21.7,204.1,15,10.283927281746033,19.882857142857144,4.375,24.2,2019-02-01
1,2019,3,27.56451612903226,34.9,22.4,72.3,14,10.885705645161288,22.595483870967744,4.893870967741936,19.5,2019-03-01
1,2019,4,27.993333333333332,35.5,23.7,157.3,21,8.943055092592594,19.24866666666667,4.285,18.0,2019-04-01
1,2019,5,27.58709677419355,31.6,23.9,128.4,27,9.7215311827957,17.65064516129032,3.7448387096774196,19.1,2019-05-01
1,2019,6,27.36,31.6,23.7,289.0,30,9.134412777777777,16.676333333333336,3.4866666666666664,21.7,2019-06-01
1,2019,7,26.92258064516129,30.9,23.5,181.0,27,10.189855376344086,18.723225806451612,3.8351612903225805,28.5,2019-07-01
1,2019,8,26.190322580645162,30.4,21.9,467.0,31,7.928240143369177,15.151612903225805,3.01741935483871,24.0,2019-08-01
1,2019,9,25.88,31.2,22.3,363.1,30,8.390969537037037,16.213,3.1893333333333334,20.9,2019-09-01
1,2019,10,25.325806451612905,31.7,21.6,576.5,29,6.225560215053764,14.39258064516129,2.910322580645161,16.6,2019-10-01
1,2019,11,25.779999999999998,32.0,21.7,391.0,30,9.156911203703702,17.041,3.4246666666666665,13.0,2019-11-01
1,2019,12,25.82903225806452,31.6,21.3,222.6,23,8.367986738351256,15.873548387096774,3.326451612903226,24.2,2019-12-01
1,2020,1,27.048387096774192,35.0,19.9,22.1,8,10.753452688172043,20.702903225806452,4.788064516129032,22.5,2020-01-01
1,2020,2,28.196551724137933,37.1,22.2,25.2,8,10.98486149425287,22.41689655172414,5.4206896551724135,24.4,2020-02-01
1,2020,3,28.003225806451614,35.3,22.3,76.3,15,10.928535125448033,22.13290322580645,4.848064516129032,18.6,2020-03-01
1,2020,4,27.68,33.7,22.5,173.9,28,10.704712962962962,21.612333333333332,4.548666666666667,18.0,2020-04-01
1,2020,5,27.496774193548386,32.4,24.3,302.9,31,7.950931630824373,15.557419354838709,3.3077419354838713,22.4,2020-05-01
1,2020,6,27.083333333333332,30.8,23.9,285.8,28,9.642873611111112,17.366666666666667,3.5076666666666667,20.3,2020-06-01
1,2020,7,26.503225806451614,31.5,23.2,269.1,29,8.00091729390681,15.422580645161291,3.1277419354838707,20.2,2020-07-01
1,2020,8,26.541935483870965,30.4,23.7,213.2,26,9.461370250896056,18.609032258064516,3.6970967741935485,21.9,2020-08-01
1,2020,9,25.816666666666666,29.9,22.4,435.6,30,6.964491574074073,14.041666666666666,2.786,23.2,2020-09-01
1,2020,10,26.52258064516129,30.0,23.0,119.1,29,10.445653494623658,19.168064516129032,3.8270967741935484,26.1,2020-10-01
1,2020,11,26.033333333333335,31.8,22.3,398.8,23,8.426205092592593,16.506666666666668,3.412,17.5,2020-11-01
1,2020,12,25.541935483870965,31.1,21.3,177.8,23,8.376102150537635,16.019354838709678,3.3380645161290325,22.3,2020-12-01
1,2021,1,25.416129032258063,31.8,21.0,215.3,19,7.904690053763441,16.208709677419357,3.435483870967742,19.4,2021-01-01
1,2021,2,26.714285714285715,34.8,20.6,16.599999999999998,6,10.852425595238095,21.985714285714288,4.978571428571429,25.6,2021-02-01
1,2021,3,26.629032258064516,34.4,20.2,225.6,21,9.265160215053761,19.90838709677419,4.2299999999999995,19.5,2021-03-01
1,2021,4,27.096666666666668,33.0,22.5,90.2,24,10.754299166666666,20.823333333333334,4.327333333333333,17.6,2021-04-01
1,2021,5,26.851612903225806,31.9,23.0,445.0,30,7.843242921146954,16.249354838709678,3.363548387096774,28.0,2021-05-01
1,2021,6,26.553333333333335,30.1,23.8,248.7,29,9.502706203703703,16.989,3.4076666666666666,20.8,2021-06-01
1,2021,7,26.6,30.0,23.8,275.9,29,9.855807078853047,17.809677419354838,3.58,25.6,2021-07-01
1,2021,8,26.206451612903226,29.5,23.6,262.1,30,8.459808422939068,16.73,3.3138709677419356,20.7,2021-08-01
1,2021,9,26.316666666666666,30.1,23.8,279.6,30,9.096054907407408,16.958333333333332,3.380666666666667,25.7,2021-09-01
1,2021,10,25.883870967741935,30.4,22.2,377.5,31,7.945085035842294,16.76967741935484,3.3567741935483872,24.8,2021-10-01
1,2021,11,25.023333333333333,30.6,21.3,573.9,28,5.975141666666667,13.339666666666666,2.697666666666667,21.8,2021-11-01
1,2021,12,25.961290322580645,33.6,20.2,95.8,17,9.999001433691756,19.39516129032258,4.13,22.7,2021-12-01
1,2022,1,26.30322580645161,34.6,18.0,72.2,18,10.462458243727598,20.29806451612903,4.504838709677419,22.3,2022-01-01
1,2022,2,26.839285714285715,34.9,20.4,47.5,11,10.139765972222223,21.892857142857142,4.968214285714287,19.1,2022-02-01
1,2022,3,27.067741935483873,34.6,22.3,56.5,18,10.46345376344086,21.287096774193547,4.654193548387097,21.7,2022-03-01
1,2022,4,26.4,32.6,21.8,283.7,28,9.123396666666665,19.387,3.9526666666666666,15.6,2022-04-01
1,2022,5,26.438709677419357,31.6,22.9,508.0,31,8.221940860215053,16.41483870967742,3.345806451612903,26.9,2022-05-01
1,2022,6,26.246666666666666,29.9,23.0,240.3,30,8.928109166666667,17.082,3.415,22.0,2022-06-01
1,2022,7,26.5,31.1,23.5,137.20000000000002,24,8.985615949820787,18.495483870967742,3.7396774193548383,27.0,2022-07-01
1,2022,8,25.94193548387097,30.5,23.1,274.5,28,8.882248835125447,18.66290322580645,3.6841935483870967,25.6,2022-08-01
1,2022,9,25.936666666666667,30.1,23.0,175.5,28,9.77911222222222,20.424,3.977,23.7,2022-09-01
1,2022,10,25.419354838709676,30.9,21.5,401.2,29,8.03691559139785,16.55322580645161,3.2925806451612907,25.2,2022-10-01
1,2022,11,25.13,32.3,19.3,283.3,20,8.445530092592593,17.041333333333334,3.467,17.9,2022-11-01
1,2022,12,25.080645161290324,31.7,20.6,166.3,23,7.707039426523298,16.073225806451614,3.3748387096774195,22.0,2022-12-01
1,2023,1,25.177419354838708,31.7,19.8,114.3,12,9.333725716845876,19.21741935483871,4.272258064516129,24.1,2023-01-01
1,2023,2,25.792857142857144,34.1,19.8,101.80000000000001,12,9.747539781746033,20.9575,4.413928571428571,18.6,2023-02-01
1,2023,3,26.406451612903226,33.8,22.1,179.2,27,10.351666218637993,21.923870967741934,4.538387096774193,17.6,2023-03-01
1,2023,4,26.89333333333333,33.3,22.1,177.6,28,10.20809222222222,21.445333333333334,4.459333333333333,16.4,2023-04-01
1,2023,5,26.938709677419357,31.7,23.1,233.4,30,8.51632589605735,17.801290322580645,3.641935483870968,19.5,2023-05-01
1,2023,6,26.55,30.6,22.7,325.2,30,8.999628611111111,17.181,3.4459999999999997,20.9,2023-06-01
1,2023,7,26.51290322580645,30.1,22.1,254.6,30,9.758050627240141,19.011612903225807,3.7600000000000002,24.2,2023-07-01
1,2023,8,26.64516129032258,30.7,23.4,113.9,26,10.827795609318997,22.050645161290323,4.352903225806451,23.2,2023-08-01
1,2023,9,25.513333333333332,30.4,22.5,551.0,29,6.761192037037036,15.542333333333334,3.0656666666666665,21.2,2023-09-01
1,2023,10,25.338709677419356,31.2,21.8,616.8,30,7.183694444444444,16.20709677419355,3.2264516129032255,17.5,2023-10-01
1,2023,11,25.30666666666667,31.4,21.5,509.4,30,7.418328703703703,15.737666666666666,3.1766666666666667,12.6,2023-11-01
1,2023,12,25.729032258064517,32.1,22.0,386.0,27,7.527750716845877,15.653225806451612,3.253548387096774,25.9,2023-12-01
1,2024,1,26.006451612903227,33.2,19.3,164.6,17,8.965106899641578,18.580322580645163,4.014516129032258,19.7,2024-01-01
1,2024,2,27.920689655172417,37.3,19.9,26.5,9,10.954745019157087,22.630344827586207,5.254137931034483,19.8,2024-02-01
1,2024,3,28.1,36.0,22.0,83.2,11,11.124818458781363,23.561935483870965,5.170645161290322,23.9,2024-03-01
1,2024,4,27.936666666666667,36.2,23.4,235.2,28,10.135200925925929,21.562333333333335,4.598,18.0,2024-04-01
1,2024,5,27.251612903225805,33.2,23.8,637.4,30,7.5354904121863795,16.27709677419355,3.4193548387096775,27.7,2024-05-01
1,2024,6,26.6875,30.6,23.3,81.0,8,7.974419444444443,16.6625,3.38625,20.5,2024-06-01
2,2010,1,26.106451612903225,31.6,21.7,91.2,10,10.430295161290324,19.580645161290324,4.084193548387097,18.7,2010-01-01
2,2010,2,26.853571428571428,31.3,23.1,69.8,10,9.881536607142857,19.768571428571427,4.104285714285714,15.8,2010-02-01
2,2010,3,27.758064516129032,32.8,23.5,61.0,12,10.716281451612904,21.924516129032256,4.642258064516129,16.3,2010-03-01
2,2010,4,27.33,31.2,24.4,260.8,29,9.21186935185185,18.531000000000002,3.7876666666666665,14.3,2010-04-01
2,2010,5,27.041935483870965,31.0,24.9,321.9,31,8.085438978494624,14.929354838709678,3.0196774193548386,23.0,2010-05-01
2,2010,6,26.543333333333333,29.6,24.4,388.4,30,8.731663703703703,15.738,3.1453333333333333,26.7,2010-06-01
2,2010,7,26.203225806451613,29.7,23.5,246.9,31,9.09742652329749,16.47967741935484,3.221290322580645,22.0,2010-07-01
2,2010,8,26.05483870967742,28.5,23.4,201.5,29,8.447223028673836,16.143870967741936,3.136774193548387,27.0,2010-08-01
2,2010,9,25.85,28.7,22.8,265.0,29,7.720800925925927,15.764666666666667,3.082333333333333,21.6,2010-09-01
2,2010,10,26.103225806451615,28.9,23.7,281.7,25,9.376179749103944,16.553870967741933,3.3003225806451613,23.2,2010-10-01
2,2010,11,25.546666666666667,29.2,23.0,495.5,29,7.770696944444445,14.718,2.9546666666666668,24.8,2010-11-01
2,2010,12,24.983870967741936,29.3,20.5,406.2,23,6.157364784946236,12.51741935483871,2.6196774193548387,23.1,2010-12-01
2,2011,1,24.81935483870968,29.5,20.1,162.6,20,7.302458602150537,14.226129032258065,2.974838709677419,25.8,2011-01-01
2,2011,2,25.599999999999998,29.9,22.4,115.5,14,8.246389186507937,16.896071428571428,3.4510714285714283,31.3,2011-02-01
2,2011,3,26.5,31.3,22.5,117.7,21,10.494921146953404,21.232580645161292,4.2858064516129035,17.9,2011-03-01
2,2011,4,26.353333333333335,30.2,23.2,274.1,29,9.430205185185187,18.617666666666665,3.719333333333333,18.6,2011-04-01
2,2011,5,26.70967741935484,29.8,24.1,213.20000000000002,29,9.950670250896057,17.725161290322582,3.4996774193548386,21.3,2011-05-01
2,2011,6,26.763333333333332,29.3,24.4,171.2,30,10.257205648148148,17.703333333333333,3.494,22.0,2011-06-01
2,2011,7,26.10967741935484,29.0,23.8,257.7,31,9.468150716845877,16.615161290322582,3.2254838709677416,21.0,2011-07-01
2,2011,8,26.106451612903225,28.8,23.5,266.4,31,9.325084587813622,17.144516129032258,3.3525806451612903,19.8,2011-08-01
2,2011,9,26.3,29.3,23.7,283.2,26,9.62189675925926,17.877333333333336,3.538,22.6,2011-09-01
2,2011,10,26.164516129032258,29.6,23.1,283.6,26,9.07398835125448,17.338709677419356,3.4864516129032257,18.8,2011-10-01
2,2011,11,25.92,30.1,23.3,293.1,24,8.54956425925926,16.152,3.2873333333333337,30.2,2011-11-01
2,2011,12,25.62258064516129,30.2,20.6,230.2,17,8.4795376344086,16.144516129032258,3.3751612903225805,22.0,2011-12-01
2,2012,1,25.73548387096774,31.0,20.7,64.1,7,10.582328763440861,20.047096774193548,4.097096774193549,20.1,2012-01-01
2,2012,2,26.24137931034483,31.6,22.2,159.1,14,9.918145402298851,19.228965517241377,3.9148275862068966,15.8,2012-02-01
2,2012,3,26.719354838709677,31.0,23.0,136.3,20,10.901585842293906,22.028387096774193,4.444193548387097,18.2,2012-03-01
2,2012,4,26.646666666666665,30.4,23.6,178.9,27,9.348960925925926,18.493666666666666,3.7,19.7,2012-04-01
2,2012,5,27.200000000000003,30.2,24.4,118.9,20,10.232334408602151,18.529677419354837,3.825806451612903,23.3,2012-05-01
2,2012,6,26.423333333333336,29.3,24.0,201.9,30,9.185794722222221,16.026333333333334,3.1636666666666664,22.3,2012-06-01
2,2012,7,26.419354838709676,29.6,24.0,211.2,28,10.00285035842294,17.56451612903226,3.450967741935484,23.4,2012-07-01
2,2012,8,26.141935483870967,29.0,23.6,266.4,31,9.35684928315412,17.11774193548387,3.363225806451613,22.4,2012-08-01
2,2012,9,26.19333333333333,29.5,24.0,240.0,28,8.706072592592594,16.925,3.329,20.6,2012-09-01
2,2012,10,26.003225806451614,29.7,23.4,448.9,28,7.598129480286739,16.011290322580646,3.2603225806451612,27.5,2012-10-01
2,2012,11,25.966666666666665,30.1,20.3,336.2,21,8.657784814814816,16.562,3.4013333333333335,20.4,2012-11-01
2,2012,12,25.700000000000003,29.9,22.5,203.3,22,8.632102329749104,15.426451612903227,3.158709677419355,17.3,2012-12-01
2,2013,1,26.038709677419355,31.2,22.0,108.2,10,9.089858960573478,17.72290322580645,3.738709677419355,18.6,2013-01-01
2,2013,2,26.410714285714285,31.8,22.4,153.7,13,9.935828075396826,19.804285714285715,4.05,15.2,2013-02-01
2,2013,3,26.780645161290323,30.7,22.9,205.4,26,10.171151075268817,20.059032258064516,4.062903225806452,13.4,2013-03-01
2,2013,4,27.576666666666664,31.0,24.5,109.0,25,10.49957101851852,20.66,4.217333333333333,14.8,2013-04-01
2,2013,5,26.864516129032257,30.4,24.4,327.5,30,7.909658243727598,15.27516129032258,3.104193548387097,21.5,2013-05-01
2,2013,6,25.87,28.4,23.6,374.4,30,8.264785925925926,14.571666666666665,2.879,28.8,2013-06-01
2,2013,7,25.98709677419355,28.9,23.5,217.4,28,9.576110125448029,16.738064516129032,3.2738709677419355,23.9,2013-07-01
2,2013,8,26.07741935483871,29.8,23.4,143.1,28,10.329868458781364,19.053870967741933,3.677741935483871,25.9,2013-08-01
2,2013,9,25.91,28.9,23.4,277.2,28,8.554346574074074,16.165,3.166,23.9,2013-09-01
2,2013,10,25.98709677419355,29.3,23.4,352.7,29,9.135818996415773,16.75032258064516,3.3041935483870963,22.1,2013-10-01
2,2013,11,25.92,29.7,22.9,210.0,21,9.517805833333334,17.878333333333334,3.634,18.4,2013-11-01
2,2013,12,25.716129032258067,30.3,22.6,120.9,15,8.77947930107527,15.618387096774194,3.3206451612903227,24.3,2013-12-01
2,2014,1,26.280645161290323,31.6,22.3,36.6,5,10.324883781362006,18.865806451612904,4.058387096774194,21.2,2014-01-01
2,2014,2,27.085714285714285,32.5,21.2,13.4,4,10.988390674603174,21.969285714285714,4.668928571428571,16.2,2014-02-01
2,2014,3,28.061290322580643,33.4,23.7,72.9,10,10.898951702508962,22.958387096774196,4.978064516129032,18.6,2014-03-01
2,2014,4,27.126666666666665,32.2,23.6,269.6,26,10.172244629629628,19.997333333333334,4.066333333333334,16.2,2014-04-01
2,2014,5,27.051612903225806,30.1,24.5,257.1,29,9.33025958781362,16.75709677419355,3.381612903225806,20.9,2014-05-01
2,2014,6,26.983333333333334,29.8,24.4,177.5,30,9.933920462962963,16.968,3.375,23.0,2014-06-01
2,2014,7,26.567741935483873,29.1,24.4,166.7,31,10.018238261648744,17.562258064516126,3.439032258064516,23.8,2014-07-01
2,2014,8,25.961290322580645,29.0,23.3,254.8,28,8.728502240143369,16.648064516129033,3.259677419354839,25.4,2014-08-01
2,2014,9,26.003333333333334,29.3,23.6,269.7,30,9.653148981481479,17.625333333333334,3.4286666666666665,20.9,2014-09-01
2,2014,10,25.780645161290323,29.6,23.4,576.3000000000001,31,7.738192741935484,15.259677419354839,3.040645161290323,20.1,2014-10-01
2,2014,11,25.65666666666667,29.5,22.9,309.5,25,7.536558888888888,15.060333333333334,3.0709999999999997,21.4,2014-11-01
2,2014,12,25.345161290322583,29.6,22.5,466.1,25,7.224650896057349,13.606129032258066,2.8103225806451615,26.4,2014-12-01
2,2015,1,26.177419354838708,31.4,21.6,35.8,7,10.616797132616487,19.951290322580647,4.119677419354839,15.4,2015-01-01
2,2015,2,26.24642857142857,31.6,21.8,81.2,13,10.579119742063492,20.925,4.266785714285715,17.2,2015-02-01
2,2015,3,27.083870967741937,32.6,23.5,146.6,14,10.703553315412186,22.10516129032258,4.558064516129033,15.1,2015-03-01
2,2015,4,27.026666666666664,31.0,24.2,269.3,29,10.148479814814817,20.389666666666663,4.153666666666667,14.8,2015-04-01
2,2015,5,27.06451612903226,30.3,24.4,264.1,31,9.527356272401434,17.252903225806453,3.4596774193548385,21.8,2015-05-01
2,2015,6,26.87,30.0,24.3,239.0,28,8.95587462962963,16.606666666666666,3.3186666666666667,21.3,2015-06-01
2,2015,7,26.690322580645162,29.4,24.2,209.3,29,10.078972401433692,17.587419354838712,3.5116129032258065,24.3,2015-07-01
2,2015,8,26.51290322580645,29.5,23.8,182.6,28,9.832182885304656,17.903225806451612,3.5106451612903227,22.3,2015-08-01
2,2015,9,26.14,29.5,23.9,340.0,29,7.8734099074074075,15.467,3.0623333333333336,21.8,2015-09-01
2,2015,10,26.11935483870968,29.9,23.8,581.6,31,7.506393906810035,15.38774193548387,3.126451612903226,19.2,2015-10-01
2,2015,11,26.003333333333334,30.3,23.6,334.9,27,7.63490787037037,14.613333333333333,2.99,17.7,2015-11-01
2,2015,12,26.216129032258067,30.6,23.0,295.7,23,8.700060663082438,15.796774193548387,3.2364516129032257,15.8,2015-12-01
2,2016,1,26.86774193548387,31.9,22.9,36.0,9,10.675938888888886,20.068387096774195,4.183870967741935,16.9,2016-01-01
2,2016,2,27.444827586206895,32.2,22.6,58.2,9,10.669647126436784,20.947241379310345,4.437586206896552,15.2,2016-02-01
2,2016,3,28.416129032258063,33.2,24.4,43.3,15,11.216205017921148,22.091290322580647,4.756129032258064,17.4,2016-03-01
2,2016,4,28.546666666666667,32.8,25.4,103.0,26,10.786785833333333,21.362000000000002,4.548333333333333,17.7,2016-04-01
2,2016,5,27.1,31.4,24.8,723.3,31,6.668228046594982,13.91451612903226,2.9183870967741936,26.3,2016-05-01
2,2016,6,26.836666666666666,29.3,24.6,225.0,27,9.519126944444443,16.877333333333333,3.383,26.9,2016-06-01
2,2016,7,26.461290322580645,29.8,23.9,192.3,25,9.585261200716849,17.33677419354839,3.3916129032258064,25.1,2016-07-01
2,2016,8,26.516129032258064,29.2,24.3,136.3,30,10.77916111111111,18.885161290322582,3.675806451612903,25.0,2016-08-01
2,2016,9,26.243333333333332,28.7,24.0,132.5,28,10.158398240740741,18.613,3.6073333333333335,22.4,2016-09-01
2,2016,10,26.387096774193548,29.6,23.6,138.0,24,10.409123028673836,18.947741935483872,3.749032258064516,22.7,2016-10-01
2,2016,11,25.87,30.7,22.1,377.9,22,7.844440277777777,15.416333333333334,3.174,21.8,2016-11-01
2,2016,12,26.083870967741937,30.8,20.5,68.7,11,10.501290412186382,18.766774193548386,3.864516129032258,19.2,2016-12-01
2,2017,1,25.596774193548388,32.7,18.3,119.3,12,9.886391397849463,20.258709677419354,4.195806451612903,26.1,2017-01-01
2,2017,2,25.910714285714285,31.2,20.0,49.7,7,9.92571031746032,21.2475,4.2875,20.7,2017-02-01
2,2017,3,26.612903225806452,31.1,22.7,114.2,21,10.565475537634411,21.570967741935487,4.3267741935483865,19.8,2017-03-01
2,2017,4,27.64,30.9,23.8,128.8,26,10.778368333333335,21.343666666666667,4.331,18.5,2017-04-01
2,2017,5,27.30322580645161,31.0,24.0,351.9,31,9.335742114695341,17.77258064516129,3.6787096774193544,26.3,2017-05-01
2,2017,6,26.92,29.4,23.9,296.1,29,10.300227407407405,17.571666666666665,3.521666666666667,27.4,2017-06-01
2,2017,7,27.32903225806452,29.5,24.0,229.1,31,10.346657258064516,18.747096774193547,3.904193548387097,25.8,2017-07-01
2,2017,8,26.809677419354838,29.1,23.9,273.9,31,9.488844892473118,17.955806451612904,3.6764516129032256,25.6,2017-08-01
2,2017,9,26.516666666666666,31.0,23.3,317.3,28,8.980398333333333,18.202,3.633666666666667,24.3,2017-09-01
2,2017,10,26.383870967741935,29.8,23.1,356.0,31,8.860132616487455,16.99225806451613,3.3916129032258064,26.1,2017-10-01
2,2017,11,25.7,30.4,22.3,471.0,27,7.0108190740740755,14.953666666666667,3.0683333333333334,35.0,2017-11-01
2,2017,12,25.69677419354839,31.1,21.0,151.6,18,9.8566708781362,17.953225806451613,3.6432258064516128,18.9,2017-12-01
2,2018,1,25.861290322580647,33.1,17.7,35.6,7,10.309088172043012,20.413225806451614,4.3187096774193545,22.8,2018-01-01
2,2018,2,26.36785714285714,31.8,21.9,93.0,15,10.623131150793652,21.26928571428571,4.326071428571429,17.6,2018-02-01
2,2018,3,26.66774193548387,31.2,23.0,164.7,27,9.649443100358424,20.154516129032256,4.106129032258064,18.4,2018-03-01
2,2018,4,26.826666666666664,31.5,22.8,194.4,25,9.939212222222224,20.284333333333333,4.109666666666667,15.6,2018-04-01
2,2018,5,26.57741935483871,30.3,23.7,534.4,31,6.921572132616487,15.204193548387096,3.126451612903226,26.3,2018-05-01
2,2018,6,26.790000000000003,29.4,24.0,324.6,30,9.260771944444445,17.152,3.488,27.8,2018-06-01
2,2018,7,26.62258064516129,29.1,23.7,161.7,28,9.907310394265231,18.651612903225807,3.69741935483871,25.2,2018-07-01
2,2018,8,26.325806451612905,28.7,23.4,101.5,28,10.069992831541219,18.984193548387097,3.6941935483870965,26.7,2018-08-01
2,2018,9,26.673333333333336,30.0,23.4,140.3,19,9.961483333333332,20.901333333333334,4.217666666666667,23.6,2018-09-01
2,2018,10,25.76774193548387,29.7,22.5,324.0,30,7.769077508960574,16.708064516129035,3.308709677419355,20.7,2018-10-01
2,2018,11,25.740000000000002,30.6,22.4,317.0,25,8.18090574074074,16.596999999999998,3.3333333333333335,20.0,2018-11-01
2,2018,12,25.729032258064517,30.9,19.6,71.2,16,9.360445071684588,18.218709677419355,3.6838709677419357,24.7,2018-12-01
2,2019,1,25.812903225806455,32.2,20.7,39.300000000000004,10,10.594093996415769,20.97258064516129,4.281935483870968,21.4,2019-01-01
2,2019,2,26.62142857142857,32.0,22.5,102.5,17,10.265916369047622,20.576428571428572,4.207142857142857,16.3,2019-02-01
2,2019,3,27.216129032258067,33.1,22.6,68.6,14,10.848715412186381,22.800322580645158,4.759354838709677,17.1,2019-03-01
2,2019,4,27.916666666666668,33.5,24.1,133.9,20,9.239551481481481,20.230999999999998,4.336,19.9,2019-04-01
2,2019,5,27.729032258064517,31.1,24.4,180.1,27,9.64925,18.340967741935483,3.855483870967742,20.7,2019-05-01
2,2019,6,27.746666666666666,30.5,24.1,277.0,29,9.220274907407408,17.292666666666666,3.7246666666666663,24.4,2019-06-01
2,2019,7,27.190322580645162,30.2,23.7,187.7,25,10.117899731182796,19.28516129032258,3.9745161290322577,35.0,2019-07-01
2,2019,8,26.52258064516129,30.0,23.9,417.7,31,7.944496057347669,15.679032258064517,3.1754838709677418,24.0,2019-08-01
2,2019,9,26.17,29.8,23.1,353.4,29,7.887567685185185,16.221999999999998,3.2030000000000003,23.9,2019-09-01
2,2019,10,25.56451612903226,30.3,22.3,448.7,30,6.215320340501793,14.662580645161292,2.9493548387096777,22.6,2019-10-01
2,2019,11,25.863333333333333,30.3,22.2,302.0,30,8.73650638888889,17.213666666666665,3.416333333333333,16.8,2019-11-01
2,2019,12,25.93548387096774,30.3,22.7,172.1,25,8.603407706093192,16.118709677419353,3.257096774193548,13.8,2019-12-01
2,2020,1,26.574193548387097,32.3,20.5,28.8,13,10.760425448028673,20.55322580645161,4.22258064516129,18.7,2020-01-01
2,2020,2,27.227586206896554,33.8,22.6,36.8,8,10.975257950191569,22.08586206896552,4.61448275862069,20.8,2020-02-01
2,2020,3,27.738709677419354,32.7,22.3,60.5,13,11.101145519713258,23.129354838709677,4.862580645161291,20.4,2020-03-01
2,2020,4,27.56,32.8,23.1,158.5,25,10.700164074074074,21.964333333333332,4.520666666666667,19.3,2020-04-01
2,2020,5,27.57741935483871,31.4,24.4,307.6,31,8.095834587813618,16.380322580645164,3.441290322580645,27.0,2020-05-01
2,2020,6,27.423333333333336,30.3,24.4,251.9,26,9.648512222222223,17.930666666666664,3.6693333333333333,23.0,2020-06-01
2,2020,7,26.845161290322583,30.1,23.4,261.0,30,8.385329749103942,16.112903225806452,3.2929032258064517,22.8,2020-07-01
2,2020,8,26.887096774193548,29.7,24.3,160.3,26,9.70821111111111,19.466451612903228,3.88741935483871,21.4,2020-08-01
2,2020,9,26.253333333333334,29.2,23.2,348.4,30,7.1761774074074065,14.750666666666666,2.991333333333333,28.6,2020-09-01
2,2020,10,26.87741935483871,29.3,23.2,112.89999999999999,28,10.667858960573477,20.035806451612903,4.031935483870968,28.7,2020-10-01
2,2020,11,26.209999999999997,30.3,22.9,256.4,23,8.62213888888889,17.554333333333332,3.558666666666667,21.6,2020-11-01
2,2020,12,25.793548387096774,31.2,21.5,183.7,20,9.001500448028674,17.286451612903225,3.5306451612903227,26.0,2020-12-01
2,2021,1,25.41290322580645,30.6,21.0,259.9,23,7.798975179211471,15.960967741935484,3.21,24.0,2021-01-01
2,2021,2,26.37857142857143,32.4,20.5,34.3,13,10.789315773809523,22.12857142857143,4.5525,19.1,2021-02-01
2,2021,3,26.396774193548385,32.2,21.9,226.8,21,9.226911648745519,20.171612903225807,4.131290322580645,17.9,2021-03-01
2,2021,4,27.166666666666668,31.1,23.5,97.6,24,10.873765555555554,21.672666666666668,4.367333333333334,18.5,2021-04-01
2,2021,5,27.229032258064517,31.1,23.4,391.7,30,8.672745071684588,17.807096774193546,3.765806451612903,32.6,2021-05-01
2,2021,6,26.983333333333334,29.7,24.5,239.9,28,9.626114814814816,17.893666666666665,3.6766666666666667,22.4,2021-06-01
2,2021,7,26.887096774193548,29.2,24.2,283.3,29,9.853584139784946,17.92096774193548,3.695806451612903,30.2,2021-07-01
2,2021,8,26.4741935483871,29.1,23.3,253.9,30,9.318653315412185,17.55516129032258,3.5222580645161288,23.8,2021-08-01
2,2021,9,26.676666666666666,29.6,24.2,252.6,30,9.754814166666668,17.938333333333333,3.628333333333333,28.8,2021-09-01
2,2021,10,26.358064516129033,30.2,22.3,298.7,30,8.595852240143369,17.818387096774195,3.61741935483871,28.0,2021-10-01
2,2021,11,25.486666666666668,29.8,22.6,494.5,28,6.541715277777778,14.645000000000001,2.9893333333333336,32.2,2021-11-01
2,2021,12,25.69677419354839,31.4,20.8,85.4,17,10.084028136200715,19.60225806451613,3.9054838709677417,14.9,2021-12-01
2,2022,1,25.693548387096776,32.8,18.5,76.0,14,10.455195698924733,21.081290322580646,4.246451612903226,17.2,2022-01-01
2,2022,2,26.142857142857142,32.8,20.8,73.4,13,10.264988293650793,22.071785714285713,4.493571428571428,20.5,2022-02-01
2,2022,3,26.787096774193547,32.2,22.2,85.6,23,10.148145071684588,21.780967741935484,4.478064516129032,21.4,2022-03-01
2,2022,4,26.543333333333333,30.9,22.3,221.5,27,9.485386296296296,20.41,4.089666666666667,17.5,2022-04-01
2,2022,5,26.73548387096774,31.0,23.5,594.8,31,8.242073387096772,16.936774193548384,3.5303225806451612,27.7,2022-05-01
2,2022,6,26.566666666666666,29.4,23.2,316.5,30,8.435576944444446,17.112666666666666,3.556,27.0,2022-06-01
2,2022,7,26.641935483870967,30.4,23.4,156.3,25,9.232719086021506,19.088064516129034,3.882903225806452,30.9,2022-07-01
2,2022,8,26.238709677419354,29.3,23.1,312.2,28,9.135723476702509,19.111290322580647,3.8706451612903225,31.2,2022-08-01
2,2022,9,26.30666666666667,29.4,23.0,184.7,29,9.88434185185185,20.968,4.128666666666667,24.2,2022-09-01
2,2022,10,25.770967741935483,30.7,22.2,409.1,29,8.255117473118279,17.089032258064517,3.452258064516129,29.7,2022-10-01
2,2022,11,25.403333333333332,30.8,20.6,231.0,19,8.744038888888888,17.978,3.6253333333333333,22.6,2022-11-01
2,2022,12,25.287096774193547,31.3,21.0,146.5,25,8.278717921146953,16.898709677419355,3.4664516129032257,23.6,2022-12-01
2,2023,1,25.003225806451614,31.3,19.4,74.2,13,9.642465860215054,19.75258064516129,4.001612903225807,22.3,2023-01-01
2,2023,2,25.59642857142857,31.3,21.5,86.4,17,9.879674305555556,20.975357142857142,4.155,23.7,2023-02-01
2,2023,3,26.280645161290323,31.5,22.0,140.4,25,10.334804211469535,22.30032258064516,4.464516129032258,19.8,2023-03-01
2,2023,4,26.976666666666667,32.4,22.6,150.6,28,10.313696203703703,22.043333333333333,4.502666666666667,19.2,2023-04-01
2,2023,5,27.135483870967743,31.1,23.9,243.7,30,8.413794982078853,17.873225806451615,3.638387096774194,20.8,2023-05-01
2,2023,6,26.9,30.2,23.3,347.2,30,9.337410185185185,17.863333333333333,3.643666666666667,22.7,2023-06-01
2,2023,7,26.845161290322583,29.8,23.6,228.0,30,9.510779301075267,18.923548387096773,3.822903225806452,26.0,2023-07-01
2,2023,8,27.093548387096774,29.9,24.0,157.7,31,10.779845788530466,22.356451612903225,4.4477419354838705,23.5,2023-08-01
2,2023,9,25.94,30.0,23.2,586.2,29,7.243767037037037,16.117666666666665,3.217,22.6,2023-09-01
2,2023,10,25.583870967741937,30.4,22.2,616.7,30,7.116137275985664,16.42774193548387,3.256774193548387,17.6,2023-10-01
2,2023,11,25.6,30.4,22.4,567.4,29,7.487973425925928,16.336666666666666,3.255333333333333,15.8,2023-11-01
2,2023,12,25.835483870967742,31.0,22.4,332.5,25,7.9889101254480295,16.04741935483871,3.2216129032258065,19.3,2023-12-01
2,2024,1,26.061290322580643,31.7,20.8,151.9,20,9.079364247311828,19.09193548387097,3.853548387096774,17.7,2024-01-01
2,2024,2,27.42758620689655,34.2,22.0,41.2,13,10.954031896551722,22.514482758620687,4.719310344827585,18.9,2024-02-01
2,2024,3,28.003225806451614,33.9,23.2,56.5,12,11.078020967741937,23.76967741935484,5.069999999999999,20.7,2024-03-01
2,2024,4,27.89,33.2,23.9,184.3,27,10.134143981481483,21.942333333333334,4.559666666666667,18.9,2024-04-01
2,2024,5,27.56451612903226,32.3,24.0,615.5,30,7.628161469534052,16.916451612903224,3.584516129032258,32.8,2024-05-01
2,2024,6,26.925,30.0,23.9,114.89999999999999,8,9.054312152777777,17.76375,3.5975,22.5,2024-06-01
3,2010,1,22.374193548387098,27.4,15.7,49.9,9,10.204254390681003,17.754516129032258,3.399677419354839,16.4,2010-01-01
3,2010,2,23.61785714285714,31.3,17.1,24.0,7,9.774419543650794,20.040357142857143,4.048928571428571,14.5,2010-02-01
3,2010,3,25.641935483870967,33.1,17.9,113.0,11,10.776317025089602,22.431612903225805,4.772258064516129,14.7,2010-03-01
3,2010,4,25.040000000000003,30.6,20.9,366.7,27,9.528884166666666,19.726666666666667,4.001333333333333,9.7,2010-04-01
3,2010,5,24.54516129032258,29.2,21.7,146.1,31,9.292278405017921,17.511290322580646,3.423548387096774,20.9,2010-05-01
3,2010,6,23.946666666666665,29.0,21.0,175.7,29,9.814419629629631,17.633666666666667,3.380333333333333,21.5,2010-06-01
3,2010,7,23.5258064516129,29.1,20.6,201.8,28,9.666085304659497,17.78548387096774,3.403225806451613,20.2,2010-07-01
3,2010,8,23.07741935483871,28.3,19.9,183.4,27,9.08806335125448,16.73483870967742,3.1309677419354838,20.1,2010-08-01
3,2010,9,23.09333333333333,27.7,19.0,195.3,27,8.448392499999999,16.881,3.2543333333333333,18.5,2010-09-01
3,2010,10,22.851612903225806,28.2,17.8,300.4,23,9.601980286738351,17.253548387096775,3.2493548387096776,20.3,2010-10-01
3,2010,11,22.636666666666667,27.5,19.4,434.1,27,8.129367222222221,14.520333333333333,2.8103333333333333,13.1,2010-11-01
3,2010,12,21.806451612903224,26.7,17.8,488.1,27,6.006588172043012,11.69,2.2625806451612904,17.1,2010-12-01
3,2011,1,21.393548387096775,26.1,15.3,443.1,22,6.2972290322580635,12.203870967741935,2.327741935483871,14.3,2011-01-01
3,2011,2,22.303571428571427,27.9,17.0,286.7,17,7.545301289682539,15.463214285714285,3.0207142857142855,13.0,2011-02-01
3,2011,3,23.87741935483871,31.0,16.8,79.5,17,10.59857105734767,21.151290322580646,4.231290322580644,16.1,2011-03-01
3,2011,4,24.123333333333335,31.5,19.7,257.8,25,9.292661018518517,19.55933333333333,3.945333333333333,14.9,2011-04-01
3,2011,5,24.345161290322583,30.7,20.0,103.9,25,10.874883781362009,19.918709677419354,3.927096774193548,19.2,2011-05-01
3,2011,6,24.23,29.2,20.4,57.4,18,10.98446388888889,19.511333333333333,3.9126666666666665,21.0,2011-06-01
3,2011,7,23.68064516129032,28.5,20.0,108.7,26,10.251784856630826,18.26451612903226,3.596451612903226,20.9,2011-07-01
3,2011,8,23.741935483870968,28.7,20.3,89.0,28,10.190334946236561,18.31935483870968,3.6825806451612904,20.2,2011-08-01
3,2011,9,23.726666666666667,29.2,18.8,113.2,17,10.420378333333332,19.272,3.845666666666667,19.1,2011-09-01
3,2011,10,23.80322580645161,29.7,20.0,473.4,24,8.833188709677419,17.321290322580648,3.5306451612903227,14.7,2011-10-01
3,2011,11,23.040000000000003,27.8,17.7,150.4,19,8.746455185185185,15.758333333333333,3.070666666666667,18.2,2011-11-01
3,2011,12,22.280645161290323,27.1,16.0,226.39999999999998,20,8.275733512544804,14.582258064516129,2.823870967741936,16.9,2011-12-01
3,2012,1,22.164516129032258,27.6,15.2,30.5,6,10.462203046594981,18.800645161290323,3.6270967741935483,17.1,2012-01-01
3,2012,2,22.74827586206897,27.6,15.6,126.89999999999999,11,9.710036685823756,18.614482758620692,3.6724137931034484,16.0,2012-02-01
3,2012,3,24.816129032258065,31.6,18.5,74.2,10,11.03059910394265,23.143548387096775,4.741612903225807,13.0,2012-03-01
3,2012,4,24.16,29.6,20.1,186.2,25,9.752191111111111,19.373,3.8586666666666667,17.4,2012-04-01
3,2012,5,24.719354838709677,30.8,17.9,22.8,10,11.01136872759857,20.91774193548387,4.377419354838709,22.5,2012-05-01
3,2012,6,24.363333333333333,29.6,21.4,68.8,24,10.414026203703703,18.283,3.8363333333333336,21.9,2012-06-01
3,2012,7,24.04516129032258,29.6,21.1,88.3,25,10.601809946236562,19.220645161290324,3.892258064516129,22.1,2012-07-01
3,2012,8,24.177419354838708,30.1,20.1,79.6,21,10.352070340501792,18.789677419354838,3.9606451612903224,22.4,2012-08-01
3,2012,9,24.33,30.3,20.7,68.0,23,10.028382870370372,19.101333333333333,3.994333333333333,20.1,2012-09-01
3,2012,10,23.809677419354838,32.1,20.0,667.0,26,7.741019802867384,16.256129032258066,3.399677419354839,21.1,2012-10-01
3,2012,11,23.05666666666667,28.4,19.4,490.1,22,8.22067462962963,15.215333333333332,2.991333333333333,18.6,2012-11-01
3,2012,12,22.40967741935484,27.3,16.6,214.1,19,7.993948207885304,13.654193548387095,2.655806451612903,14.3,2012-12-01
3,2013,1,21.738709677419354,26.6,15.3,265.3,11,8.592597043010754,15.796451612903226,3.011935483870968,15.0,2013-01-01
3,2013,2,22.75357142857143,27.9,16.5,154.1,13,9.533142460317459,18.67178571428571,3.6235714285714287,15.2,2013-02-01
3,2013,3,23.896774193548385,29.2,18.8,304.7,19,10.07169775985663,20.206129032258065,4.019354838709678,13.0,2013-03-01
3,2013,4,24.933333333333334,30.6,20.5,121.5,19,10.493634444444446,21.309666666666665,4.292333333333334,10.7,2013-04-01
3,2013,5,24.312903225806455,29.3,21.4,165.3,25,9.434928136200716,17.842903225806452,3.4812903225806453,21.1,2013-05-01
3,2013,6,22.873333333333335,26.6,20.8,280.0,29,9.022763888888889,15.577,2.8406666666666665,20.0,2013-06-01
3,2013,7,22.95483870967742,27.4,20.4,153.0,26,10.304783154121862,17.872903225806454,3.311935483870968,19.9,2013-07-01
3,2013,8,23.12258064516129,29.3,19.3,214.0,24,10.685546594982082,19.751935483870966,3.734193548387097,20.1,2013-08-01
3,2013,9,22.916666666666668,28.2,19.0,121.2,22,9.281306851851852,17.736333333333334,3.3756666666666666,19.8,2013-09-01
3,2013,10,23.18064516129032,28.3,18.6,157.8,23,9.759411917562725,18.07677419354839,3.5293548387096774,19.5,2013-10-01
3,2013,11,22.95,27.4,17.4,215.8,21,9.70439824074074,17.281,3.3636666666666666,11.4,2013-11-01
3,2013,12,21.92258064516129,27.0,16.9,120.5,15,8.048802956989247,13.275483870967742,2.544193548387097,16.5,2013-12-01
3,2014,1,21.925806451612903,26.9,16.1,104.8,9,9.57706370967742,15.78,2.98258064516129,16.0,2014-01-01
3,2014,2,22.792857142857144,29.0,14.3,7.1,5,10.965758531746031,21.631428571428568,4.253571428571428,15.6,2014-02-01
3,2014,3,24.703225806451613,33.0,18.2,26.4,6,10.912990412186378,22.343548387096774,4.726774193548387,16.2,2014-03-01
3,2014,4,25.206666666666667,32.9,19.9,316.2,24,10.3086412037037,21.103333333333335,4.353,10.1,2014-04-01
3,2014,5,24.325806451612905,29.2,19.9,176.1,24,9.416801523297492,18.29032258064516,3.613225806451613,17.1,2014-05-01
3,2014,6,24.03666666666667,28.2,20.2,117.60000000000001,28,10.841901574074074,18.899,3.602333333333333,23.8,2014-06-01
3,2014,7,23.593548387096774,27.9,20.4,126.9,25,10.731724910394265,19.029354838709676,3.609032258064516,21.1,2014-07-01
3,2014,8,23.348387096774193,28.3,19.8,114.2,26,9.83824677419355,17.95225806451613,3.4941935483870967,19.8,2014-08-01
3,2014,9,23.59333333333333,29.2,19.5,175.6,26,10.064075462962961,18.824666666666666,3.6983333333333333,19.2,2014-09-01
3,2014,10,23.225806451612904,28.1,20.2,576.3000000000001,28,8.36821281362007,16.101290322580645,3.134193548387097,17.5,2014-10-01
3,2014,11,22.586666666666666,27.7,18.2,383.3,22,7.333643981481482,13.850666666666665,2.7,12.0,2014-11-01
3,2014,12,22.287096774193547,27.3,18.1,710.4,27,6.229935842293908,11.578709677419354,2.264516129032258,12.5,2014-12-01
3,2015,1,22.503225806451614,28.0,15.5,27.1,6,10.547108691756272,18.70709677419355,3.6432258064516128,14.2,2015-01-01
3,2015,2,22.59642857142857,27.9,14.5,97.9,11,10.084031349206349,18.96535714285714,3.6975000000000002,15.3,2015-02-01
3,2015,3,23.967741935483872,30.7,17.4,128.3,14,10.619997759856632,22.901612903225807,4.57774193548387,10.7,2015-03-01
3,2015,4,24.276666666666664,30.0,20.0,356.2,25,9.835432962962962,20.402333333333335,4.057666666666667,9.4,2015-04-01
3,2015,5,24.432258064516127,28.9,21.0,116.2,25,9.939996863799283,18.62709677419355,3.6793548387096773,19.9,2015-05-01
3,2015,6,24.32,29.3,20.6,102.9,20,10.267822037037037,18.216666666666665,3.6430000000000002,19.7,2015-06-01
3,2015,7,23.716129032258067,28.5,19.8,123.8,22,10.462676433691756,18.905161290322578,3.6551612903225807,21.5,2015-07-01
3,2015,8,23.903225806451612,28.8,20.0,157.0,26,10.650151075268818,19.634193548387096,3.8174193548387096,21.0,2015-08-01
3,2015,9,23.87,29.2,19.8,120.2,28,9.209458796296296,17.142666666666667,3.3983333333333334,20.0,2015-09-01
3,2015,10,23.55806451612903,28.9,20.3,879.9,29,7.525420340501791,15.758709677419354,3.1380645161290324,15.3,2015-10-01
3,2015,11,23.103333333333335,27.8,19.8,498.6,26,7.640281759259259,14.235666666666667,2.804666666666667,15.0,2015-11-01
3,2015,12,23.048387096774192,27.6,17.3,368.1,20,8.795432616487453,14.587419354838708,2.8483870967741933,16.9,2015-12-01
3,2016,1,22.98709677419355,28.4,16.6,23.3,4,10.541099731182795,18.506774193548388,3.633870967741936,14.5,2016-01-01
3,2016,2,24.20689655172414,30.1,16.6,22.4,6,10.55557614942529,20.16103448275862,4.153103448275862,16.5,2016-02-01
3,2016,3,26.393548387096775,33.5,21.1,49.1,9,11.142385483870967,23.12741935483871,4.941290322580645,13.9,2016-03-01
3,2016,4,26.633333333333333,33.1,22.1,130.1,21,10.826624907407409,22.401333333333334,4.7316666666666665,11.3,2016-04-01
3,2016,5,24.532258064516128,30.1,21.7,703.3,31,8.360891308243728,15.790645161290323,3.127741935483871,20.5,2016-05-01
3,2016,6,23.846666666666668,27.7,21.4,107.2,27,10.350675462962965,18.225666666666665,3.4433333333333334,23.1,2016-06-01
3,2016,7,23.65806451612903,29.0,20.4,112.3,23,10.366556272401434,18.65,3.5935483870967744,22.4,2016-07-01
3,2016,8,23.54516129032258,28.4,20.6,97.5,28,10.882447759856634,19.94516129032258,3.814516129032258,20.2,2016-08-01
3,2016,9,23.663333333333334,28.3,19.0,61.7,22,10.544972777777778,20.177333333333333,4.028333333333333,19.8,2016-09-01
3,2016,10,24.05806451612903,30.3,19.2,67.7,16,10.569183154121864,19.71677419354839,4.1087096774193546,18.6,2016-10-01
3,2016,11,23.05666666666667,28.0,17.0,283.7,21,8.295597962962962,15.122666666666667,2.9823333333333335,11.7,2016-11-01
3,2016,12,22.72258064516129,28.0,14.6,42.1,9,10.451345340501794,17.886774193548387,3.4861290322580643,18.8,2016-12-01
3,2017,1,23.432258064516127,31.3,15.7,61.800000000000004,8,9.48458476702509,19.218709677419355,4.298387096774194,21.3,2017-01-01
3,2017,2,23.88214285714286,32.9,17.0,39.0,6,10.264365079365081,21.745,4.778571428571429,25.9,2017-02-01
3,2017,3,24.81935483870968,32.9,19.4,91.0,18,10.004813082437277,21.259354838709676,4.513548387096773,26.4,2017-03-01
3,2017,4,25.666666666666668,34.9,18.8,103.3,14,10.798575925925928,23.086333333333336,4.918333333333334,18.4,2017-04-01
3,2017,5,25.038709677419355,32.8,21.2,169.9,29,9.668898835125448,18.149354838709677,3.6867741935483873,23.0,2017-05-01
3,2017,6,24.35666666666667,29.0,20.8,92.4,24,10.084019444444445,17.345666666666666,3.4963333333333333,24.8,2017-06-01
3,2017,7,24.86774193548387,31.0,20.7,68.3,22,9.891983602150537,17.666451612903224,3.9229032258064516,25.2,2017-07-01
3,2017,8,24.006451612903227,29.2,20.3,127.1,26,8.942181630824372,16.290967741935482,3.358064516129032,26.2,2017-08-01
3,2017,9,23.796666666666667,30.4,20.5,149.7,23,8.847983796296294,16.825666666666667,3.365666666666667,24.8,2017-09-01
3,2017,10,23.929032258064513,29.7,19.4,170.3,26,8.273776792114695,15.830645161290322,3.255483870967742,24.4,2017-10-01
3,2017,11,23.07,29.5,14.4,261.8,23,6.999438425925926,13.835666666666667,2.792666666666667,23.1,2017-11-01
3,2017,12,23.193548387096776,29.1,18.2,67.0,10,9.639968727598566,16.848709677419354,3.4312903225806455,22.3,2017-12-01
3,2018,1,23.561290322580643,31.5,16.6,13.5,4,10.039269265232974,19.67290322580645,4.376451612903225,22.9,2018-01-01
3,2018,2,24.539285714285715,33.5,17.4,40.6,8,10.3870939484127,20.8175,4.831428571428572,24.6,2018-02-01
3,2018,3,24.81935483870968,33.8,19.5,132.7,17,9.892451344086023,20.607741935483872,4.445161290322581,28.5,2018-03-01
3,2018,4,25.45,33.6,20.3,83.5,22,10.001660925925925,20.586000000000002,4.412000000000001,19.9,2018-04-01
3,2018,5,24.30322580645161,30.6,20.7,195.8,28,8.260230376344085,16.48677419354839,3.31,27.4,2018-05-01
3,2018,6,23.773333333333333,27.7,21.0,131.0,27,10.067091296296296,17.674333333333333,3.283333333333333,28.4,2018-06-01
3,2018,7,23.490322580645163,27.4,20.2,139.2,28,9.508595609318995,17.09903225806452,3.303548387096774,26.5,2018-07-01
3,2018,8,23.13225806451613,27.9,19.2,206.9,29,9.21840071684588,17.044516129032257,3.206451612903226,28.2,2018-08-01
3,2018,9,23.7,29.9,18.0,153.5,16,10.075702037037038,20.325666666666667,4.0633333333333335,26.9,2018-09-01
3,2018,10,23.16774193548387,28.7,19.0,507.5,28,7.378892025089604,15.333225806451612,2.9993548387096776,14.5,2018-10-01
3,2018,11,23.163333333333334,28.2,17.1,378.2,24,8.495658981481483,15.950333333333333,3.1103333333333336,21.4,2018-11-01
3,2018,12,22.858064516129033,28.8,16.8,171.8,13,9.194386111111111,16.998064516129034,3.363548387096774,21.7,2018-12-01
3,2019,1,22.812903225806455,29.1,16.4,60.599999999999994,6,10.364825627240146,19.719032258064516,3.93,24.2,2019-01-01
3,2019,2,23.710714285714285,29.0,17.4,161.8,15,10.155449702380952,19.80857142857143,3.9385714285714286,22.3,2019-02-01
3,2019,3,25.183870967741935,34.7,17.1,38.7,10,11.082129569892473,24.40290322580645,5.363870967741936,20.9,2019-03-01
3,2019,4,26.1,34.7,20.3,160.7,17,8.996449814814815,20.179,4.3983333333333325,20.5,2019-04-01
3,2019,5,25.94193548387097,32.2,18.7,31.6,14,10.87394507168459,21.144516129032258,4.657741935483871,21.3,2019-05-01
3,2019,6,25.403333333333332,31.3,22.2,78.5,21,9.994620925925924,18.008,3.9699999999999998,27.3,2019-06-01
3,2019,7,24.69677419354839,31.4,20.1,92.2,14,10.474644892473119,19.246774193548386,4.096774193548387,27.5,2019-07-01
3,2019,8,23.761290322580646,29.5,20.3,204.79999999999998,25,8.11420224014337,15.43741935483871,3.105483870967742,26.7,2019-08-01
3,2019,9,23.88,28.7,20.0,140.9,25,9.501769537037037,18.323333333333334,3.6123333333333334,22.4,2019-09-01
3,2019,10,23.14516129032258,29.0,19.3,497.7,31,6.638042025089605,14.598709677419356,2.8893548387096772,18.3,2019-10-01
3,2019,11,23.60666666666667,28.6,18.6,125.7,21,9.583803055555554,17.941666666666666,3.5106666666666664,23.1,2019-11-01
3,2019,12,23.393548387096775,28.2,19.2,90.2,16,8.768085752688174,15.843548387096773,3.143870967741935,23.9,2019-12-01
3,2020,1,23.825806451612905,29.5,16.8,7.4,2,10.850907437275987,21.46483870967742,4.5277419354838715,24.9,2020-01-01
3,2020,2,24.67241379310345,32.3,18.2,12.200000000000001,5,10.972355938697321,23.06793103448276,5.269310344827586,26.7,2020-02-01
3,2020,3,26.37741935483871,34.5,19.6,12.8,4,11.114452150537636,24.426774193548386,5.6325806451612905,26.0,2020-03-01
3,2020,4,25.83,33.8,18.4,117.4,18,10.493093796296295,22.132333333333335,4.749666666666667,20.8,2020-04-01
3,2020,5,25.12258064516129,31.7,21.0,232.1,25,8.313229301075268,17.239677419354837,3.5106451612903227,21.9,2020-05-01
3,2020,6,24.720000000000002,30.1,19.6,89.5,23,10.088813240740738,18.334,3.8093333333333335,24.0,2020-06-01
3,2020,7,24.283870967741933,30.1,19.8,135.8,23,9.001912903225806,16.50193548387097,3.4680645161290324,24.4,2020-07-01
3,2020,8,23.893548387096775,29.7,19.3,154.5,14,9.973441308243729,19.040967741935482,3.7696774193548386,26.6,2020-08-01
3,2020,9,23.386666666666667,29.0,20.3,196.8,25,7.270730925925926,14.558,2.862,25.1,2020-09-01
3,2020,10,23.483870967741936,28.7,18.2,115.0,23,10.385874910394264,19.205161290322582,3.679032258064516,28.7,2020-10-01
3,2020,11,23.793333333333333,29.0,18.4,207.6,23,8.562117685185187,16.544,3.324,21.0,2020-11-01
3,2020,12,23.0258064516129,28.5,18.4,252.9,19,8.276001792114696,15.666129032258064,3.1009677419354835,23.9,2020-12-01
3,2021,1,23.016129032258064,28.3,18.1,146.2,18,8.15229077060932,15.693548387096774,3.103548387096774,22.7,2021-01-01
3,2021,2,23.789285714285715,31.6,17.5,16.9,7,10.965245634920636,22.067857142857143,4.540357142857142,22.0,2021-02-01
3,2021,3,24.570967741935487,32.2,18.6,87.5,12,9.275791756272401,20.58967741935484,4.5680645161290325,21.3,2021-03-01
3,2021,4,24.763333333333332,33.8,16.7,215.6,19,10.242161574074073,21.397,4.428,16.1,2021-04-01
3,2021,5,24.351612903225806,30.0,20.4,309.8,27,8.260333691756271,16.774838709677418,3.3245161290322582,26.7,2021-05-01
3,2021,6,23.720000000000002,29.2,19.3,142.0,21,10.104755092592592,18.332,3.5073333333333334,23.6,2021-06-01
3,2021,7,23.951612903225808,29.8,20.5,133.5,26,9.572816577060932,17.42774193548387,3.450967741935484,27.5,2021-07-01
3,2021,8,23.55806451612903,28.4,19.3,138.7,25,9.194052688172043,17.208709677419357,3.348064516129032,27.6,2021-08-01
3,2021,9,23.740000000000002,29.1,19.8,118.9,26,9.65084814814815,18.30366666666667,3.5723333333333334,28.4,2021-09-01
3,2021,10,23.39032258064516,28.9,19.8,234.1,29,8.852687007168457,17.418709677419354,3.3748387096774195,29.1,2021-10-01
3,2021,11,22.63,28.8,17.0,307.7,27,6.026815648148149,13.455,2.5773333333333333,21.5,2021-11-01
3,2021,12,23.200000000000003,28.4,17.5,44.199999999999996,14,9.916307168458783,18.926774193548386,3.741290322580645,23.2,2021-12-01
3,2022,1,23.490322580645163,30.9,15.5,33.2,8,10.172197580645163,19.90741935483871,4.124516129032258,22.1,2022-01-01
3,2022,2,24.092857142857145,32.0,17.2,54.3,11,10.006107837301586,21.66107142857143,4.745357142857143,22.0,2022-02-01
3,2022,3,24.919354838709676,32.5,18.5,45.1,20,10.281931810035843,21.618387096774192,4.684193548387097,21.7,2022-03-01
3,2022,4,23.94,31.5,19.9,234.3,27,9.215008518518518,19.661333333333335,3.8906666666666667,14.8,2022-04-01
3,2022,5,24.174193548387095,30.1,20.9,188.3,30,9.454651881720432,19.133870967741935,3.6406451612903226,26.1,2022-05-01
3,2022,6,23.94,29.4,19.8,75.1,23,9.793199907407406,18.74233333333333,3.677333333333333,27.4,2022-06-01
3,2022,7,23.79032258064516,30.0,19.8,131.6,26,8.40000017921147,17.187419354838713,3.504516129032258,28.6,2022-07-01
3,2022,8,23.32903225806452,29.6,18.7,219.9,27,8.579412186379928,17.708387096774196,3.440967741935484,27.4,2022-08-01
3,2022,9,23.373333333333335,30.3,18.6,92.8,23,9.862551574074075,20.445,3.9556666666666667,24.4,2022-09-01
3,2022,10,22.77741935483871,28.7,18.6,278.5,29,7.518516577060931,15.946129032258064,3.044516129032258,27.3,2022-10-01
3,2022,11,22.596666666666668,28.3,15.7,175.29999999999998,20,8.063553148148147,16.717333333333332,3.2516666666666665,19.1,2022-11-01
3,2022,12,22.325806451612905,28.2,16.7,191.0,23,7.801833960573476,15.341612903225805,3.011935483870968,23.4,2022-12-01
3,2023,1,22.299999999999997,28.0,16.0,39.7,8,9.420255734767025,18.842903225806452,3.7303225806451614,22.4,2023-01-01
3,2023,2,23.207142857142856,29.5,16.8,50.8,11,9.707054662698413,20.587500000000002,4.163928571428571,21.7,2023-02-01
3,2023,3,24.625806451612902,33.1,19.2,49.8,12,10.112626254480288,21.706451612903226,4.633870967741935,23.9,2023-03-01
3,2023,4,25.4,34.1,19.6,127.6,20,10.064718425925927,22.282666666666668,4.769666666666667,19.8,2023-04-01
3,2023,5,24.664516129032258,30.7,19.9,104.5,24,9.224000268817203,19.568387096774195,3.896774193548387,20.1,2023-05-01
3,2023,6,25.063333333333333,30.2,20.8,74.3,25,10.234836018518516,19.574333333333335,4.08,22.4,2023-06-01
3,2023,7,24.25483870967742,29.8,19.1,136.9,24,9.241593279569893,18.114838709677418,3.704516129032258,27.9,2023-07-01
3,2023,8,25.351612903225806,32.2,19.4,33.6,13,10.839352688172042,21.918709677419354,4.828387096774194,24.7,2023-08-01
3,2023,9,23.756666666666668,29.6,18.6,107.7,28,8.578509907407408,18.238999999999997,3.575,27.2,2023-09-01
3,2023,10,23.41290322580645,29.3,18.9,350.3,26,7.584032437275986,16.259354838709676,3.1916129032258063,18.5,2023-10-01
3,2023,11,23.373333333333335,28.7,19.6,545.2,27,7.208613425925927,14.972666666666667,2.9406666666666665,20.3,2023-11-01
3,2023,12,23.625806451612902,28.9,20.1,229.1,23,7.917998028673833,15.73,3.109677419354839,24.2,2023-12-01
3,2024,1,23.509677419354837,29.4,16.6,105.7,13,9.112266129032257,18.20483870967742,3.6580645161290324,24.7,2024-01-01
3,2024,2,24.841379310344827,34.0,17.7,27.3,4,10.952977777777775,22.767931034482757,4.951379310344827,28.6,2024-02-01
3,2024,3,26.041935483870965,34.5,17.9,42.1,7,10.97418888888889,24.45225806451613,5.52741935483871,20.2,2024-03-01
3,2024,4,26.986666666666668,35.9,20.4,69.3,18,10.589676759259259,23.321,5.172666666666667,21.4,2024-04-01
3,2024,5,25.370967741935484,34.8,21.6,357.6,29,7.681492204301074,17.037096774193547,3.480967741935484,28.7,2024-05-01
3,2024,6,24.625,29.0,20.2,44.6,4,9.35678611111111,18.85,3.65,17.4,2024-06-01
4,2010,1,23.6,28.9,17.3,44.900000000000006,11,10.081991845878136,17.508387096774193,3.4812903225806453,19.0,2010-01-01
4,2010,2,24.75714285714286,32.4,19.2,13.8,4,9.817127083333336,19.94964285714286,4.172857142857143,18.2,2010-02-01
4,2010,3,26.858064516129033,34.3,18.4,97.3,10,10.855479928315415,22.59709677419355,5.013870967741935,16.8,2010-03-01
4,2010,4,26.526666666666664,32.8,22.3,274.6,25,9.806248981481481,20.312,4.2523333333333335,13.7,2010-04-01
4,2010,5,26.05483870967742,31.2,22.6,128.5,28,9.595577867383513,18.14483870967742,3.739032258064516,26.4,2010-05-01
4,2010,6,25.636666666666667,31.1,22.9,131.5,27,10.02966453703704,18.076999999999998,3.7760000000000002,26.8,2010-06-01
4,2010,7,25.26774193548387,31.7,21.8,165.3,26,9.77425905017921,18.241612903225807,3.8258064516129036,24.9,2010-07-01
4,2010,8,25.003225806451614,31.0,21.8,131.1,26,9.368385035842293,17.276774193548388,3.657741935483871,24.3,2010-08-01
4,2010,9,24.936666666666667,30.0,21.3,139.3,26,8.749090925925927,17.491666666666667,3.686,22.9,2010-09-01
4,2010,10,24.483870967741936,30.0,21.0,348.4,24,9.615733243727599,17.411290322580644,3.4819354838709677,24.5,2010-10-01
4,2010,11,23.883333333333333,29.4,20.4,427.0,27,8.028862222222223,14.571,2.8976666666666664,16.7,2010-11-01
4,2010,12,22.91290322580645,28.3,19.0,513.7,28,5.854332258064518,11.483548387096775,2.2829032258064514,20.4,2010-12-01
4,2011,1,22.506451612903227,27.5,17.9,560.0,24,6.172594623655914,11.876129032258065,2.3225806451612905,18.3,2011-01-01
4,2011,2,23.575,29.6,18.2,370.09999999999997,14,7.560464781746032,15.480357142857143,3.132857142857143,15.3,2011-02-01
4,2011,3,25.174193548387095,32.7,17.9,57.2,17,10.764600268817205,21.490000000000002,4.426129032258065,18.9,2011-03-01
4,2011,4,25.473333333333336,33.5,20.6,231.5,26,9.444711296296296,20.038999999999998,4.165666666666667,18.2,2011-04-01
4,2011,5,26.08709677419355,32.8,22.5,60.4,23,11.028202240143369,20.490000000000002,4.3270967741935475,24.2,2011-05-01
4,2011,6,26.073333333333334,31.7,23.2,45.2,17,11.042313703703703,19.933333333333334,4.476,25.5,2011-06-01
4,2011,7,25.561290322580643,31.0,22.6,95.3,27,10.366522132616486,18.718387096774194,4.188387096774194,26.0,2011-07-01
4,2011,8,25.519354838709678,30.6,22.7,78.3,27,10.355074283154119,18.792258064516126,4.22516129032258,24.2,2011-08-01
4,2011,9,25.706666666666667,31.8,22.5,88.3,17,10.592054722222219,19.65266666666667,4.420333333333333,23.9,2011-09-01
4,2011,10,25.416129032258063,31.8,21.5,314.3,26,8.91656711469534,17.536451612903225,3.818064516129032,18.9,2011-10-01
4,2011,11,24.153333333333332,29.3,18.5,164.1,21,8.847159444444443,15.894333333333332,3.1689999999999996,20.3,2011-11-01
4,2011,12,23.516129032258064,29.2,16.4,223.5,18,8.346702329749105,14.509354838709678,2.911290322580645,19.5,2011-12-01
4,2012,1,23.419354838709676,29.2,17.0,24.7,5,10.468635573476703,18.84,3.7819354838709676,19.6,2012-01-01
4,2012,2,24.120689655172413,30.6,17.9,57.0,13,9.645791379310344,18.31655172413793,3.773448275862069,19.7,2012-02-01
4,2012,3,26.31935483870968,33.7,18.9,58.6,14,11.021496146953405,23.495806451612903,4.983548387096774,14.9,2012-03-01
4,2012,4,25.69,31.4,21.1,145.5,24,9.962702685185185,19.796666666666667,4.104666666666667,20.2,2012-04-01
4,2012,5,26.761290322580646,33.2,21.8,15.6,7,11.14750134408602,21.416774193548385,5.061290322580645,28.4,2012-05-01
4,2012,6,26.023333333333333,31.7,22.8,64.5,21,10.474579814814813,18.834333333333333,4.391333333333334,26.2,2012-06-01
4,2012,7,25.925806451612903,32.4,22.4,71.89999999999999,24,10.820014068100358,19.80354838709677,4.510645161290323,27.2,2012-07-01
4,2012,8,25.94516129032258,32.2,22.8,66.7,19,10.533263978494624,19.356451612903225,4.561612903225806,26.3,2012-08-01
4,2012,9,26.133333333333333,32.4,22.7,60.0,21,10.252577870370372,19.706333333333337,4.600333333333333,23.8,2012-09-01
4,2012,10,25.116129032258065,33.7,21.2,482.9,26,7.947024910394265,16.476774193548387,3.616129032258064,24.2,2012-10-01
4,2012,11,24.243333333333332,29.8,20.2,407.6,22,8.082080925925926,15.332333333333334,3.1026666666666665,21.1,2012-11-01
4,2012,12,23.574193548387097,28.4,18.8,189.8,17,7.857686111111111,13.361290322580645,2.670967741935484,16.7,2012-12-01
4,2013,1,23.125806451612902,28.1,17.7,238.4,11,8.437493996415771,15.535806451612904,3.100322580645161,18.2,2013-01-01
4,2013,2,23.960714285714285,29.1,18.3,106.39999999999999,12,9.463425595238096,18.556428571428572,3.7049999999999996,18.1,2013-02-01
4,2013,3,25.283870967741933,31.5,19.8,159.3,17,10.160193458781363,20.59709677419355,4.217741935483871,15.3,2013-03-01
4,2013,4,26.626666666666665,33.1,22.1,115.30000000000001,19,10.619219259259255,21.633666666666667,4.55,14.8,2013-04-01
4,2013,5,26.016129032258064,31.5,23.1,111.3,23,9.696941845878136,18.475483870967743,3.934516129032258,25.8,2013-05-01
4,2013,6,24.529999999999998,28.6,22.3,194.5,29,9.268331481481484,16.006333333333334,3.1929999999999996,24.1,2013-06-01
4,2013,7,24.845161290322583,30.0,22.2,113.1,26,10.397773924731183,18.22741935483871,3.825483870967742,24.2,2013-07-01
4,2013,8,25.193548387096776,32.3,22.2,175.7,21,10.735845967741934,20.14516129032258,4.275161290322581,24.2,2013-08-01
4,2013,9,24.81,30.4,21.8,89.4,21,9.571593703703703,18.097666666666665,3.8013333333333335,24.2,2013-09-01
4,2013,10,25.029032258064515,31.2,21.1,187.8,22,9.80467240143369,18.45225806451613,3.948709677419355,23.3,2013-10-01
4,2013,11,24.19,29.3,18.5,223.20000000000002,19,9.830953703703704,17.319666666666667,3.4523333333333333,13.9,2013-11-01
4,2013,12,23.12258064516129,28.5,18.9,136.4,14,8.056981003584228,13.131612903225806,2.640322580645161,19.1,2013-12-01
4,2014,1,23.029032258064515,27.9,17.5,100.10000000000001,11,9.1715,15.029677419354838,2.9387096774193546,18.7,2014-01-01
4,2014,2,23.964285714285715,30.2,15.7,10.5,4,10.931803273809521,21.40607142857143,4.330357142857143,18.3,2014-02-01
4,2014,3,25.919354838709676,34.2,18.7,13.200000000000001,3,10.938767562724015,22.168709677419354,4.925161290322581,19.4,2014-03-01
4,2014,4,26.6,34.1,21.4,257.6,24,10.463548888888889,21.567,4.594333333333334,14.2,2014-04-01
4,2014,5,25.874193548387098,30.9,22.6,151.9,22,9.530494982078853,18.709032258064518,3.9016129032258067,21.7,2014-05-01
4,2014,6,25.986666666666668,30.7,23.2,77.5,23,10.960089444444444,19.566666666666666,4.209,27.7,2014-06-01
4,2014,7,25.603225806451615,30.5,22.8,101.1,26,10.81095833333333,19.568709677419356,4.236451612903227,25.5,2014-07-01
4,2014,8,25.306451612903224,30.7,22.6,98.9,24,10.020599551971328,18.531290322580645,4.071290322580645,24.2,2014-08-01
4,2014,9,25.353333333333335,31.6,22.1,162.5,27,10.112855555555557,19.241333333333333,4.139666666666667,23.8,2014-09-01
4,2014,10,24.635483870967743,30.1,21.2,532.0,29,8.669534139784947,16.56645161290323,3.3558064516129034,22.0,2014-10-01
4,2014,11,23.709999999999997,29.6,19.3,354.5,23,6.949308333333334,13.576333333333334,2.7156666666666665,14.8,2014-11-01
4,2014,12,23.322580645161292,28.6,19.1,649.8,28,6.080595788530467,11.287741935483872,2.2506451612903224,15.1,2014-12-01
4,2015,1,23.799999999999997,29.6,17.2,15.599999999999998,4,10.538378942652333,18.56935483870968,3.7806451612903227,16.6,2015-01-01
4,2015,2,23.72142857142857,29.5,16.5,91.6,13,10.06251140873016,18.5975,3.7378571428571425,18.4,2015-02-01
4,2015,3,25.270967741935483,32.8,18.7,68.5,10,10.695626702508962,22.931290322580644,4.736451612903226,14.8,2015-03-01
4,2015,4,25.709999999999997,32.4,21.3,318.9,26,10.052021111111111,20.849666666666668,4.2796666666666665,10.7,2015-04-01
4,2015,5,25.89032258064516,30.7,22.1,124.9,19,10.095256272401432,19.009032258064515,3.9729032258064514,24.4,2015-05-01
4,2015,6,25.996666666666666,30.9,22.8,80.7,19,10.437927222222225,18.553333333333335,4.024666666666667,23.9,2015-06-01
4,2015,7,25.67096774193548,30.6,22.7,88.3,21,10.41693163082437,19.24774193548387,4.2132258064516135,26.1,2015-07-01
4,2015,8,25.825806451612905,31.6,22.5,124.7,22,10.906114964157705,20.328709677419358,4.418387096774193,25.0,2015-08-01
4,2015,9,25.56,31.5,21.7,117.10000000000001,25,9.515540185185184,17.779,3.8056666666666668,24.4,2015-09-01
4,2015,10,24.961290322580645,31.1,21.5,820.8,29,7.768580197132615,16.03290322580645,3.33,18.8,2015-10-01
4,2015,11,24.216666666666665,29.3,21.1,480.8,26,7.5686074074074075,14.138666666666666,2.8433333333333333,18.3,2015-11-01
4,2015,12,24.212903225806453,29.1,19.0,205.8,21,8.666956630824371,14.329032258064515,2.8687096774193552,19.7,2015-12-01
4,2016,1,24.177419354838708,29.5,17.6,19.5,7,10.489884050179212,18.223548387096773,3.7161290322580647,17.7,2016-01-01
4,2016,2,25.313793103448276,31.2,18.9,13.0,7,10.516195114942528,19.992758620689653,4.281379310344827,18.6,2016-02-01
4,2016,3,27.44193548387097,35.6,21.6,23.0,8,11.133740860215052,23.220322580645163,5.085806451612903,18.1,2016-03-01
4,2016,4,28.053333333333335,34.7,23.1,78.9,15,10.910122962962964,22.770666666666667,4.968666666666667,16.6,2016-04-01
4,2016,5,25.916129032258063,32.4,22.6,727.4,29,8.484016218637992,16.344516129032257,3.390322580645161,25.4,2016-05-01
4,2016,6,25.52,29.3,22.6,85.2,24,10.488720462962965,18.608333333333334,3.8713333333333333,26.1,2016-06-01
4,2016,7,25.62258064516129,31.2,22.6,69.0,23,10.57966845878136,19.21,4.184838709677419,26.0,2016-07-01
4,2016,8,25.67096774193548,31.2,22.7,67.6,22,10.912956182795698,20.396451612903224,4.510645161290323,24.3,2016-08-01
4,2016,9,25.77,31.1,22.5,42.5,14,10.552725370370371,20.528666666666666,4.775333333333333,24.5,2016-09-01
4,2016,10,25.958064516129035,32.6,21.7,59.6,14,10.6893814516129,20.022903225806452,4.626129032258064,22.6,2016-10-01
4,2016,11,24.273333333333333,29.7,17.5,201.9,21,8.222195833333336,15.252666666666666,3.0893333333333337,14.8,2016-11-01
4,2016,12,24.01290322580645,29.8,15.6,46.8,11,10.409907616487455,17.822580645161292,3.6306451612903223,21.3,2016-12-01
4,2017,1,23.861290322580647,31.8,15.6,106.0,9,9.523256272401435,19.30516129032258,4.351935483870967,20.8,2017-01-01
4,2017,2,24.49285714285714,35.2,15.7,19.8,6,10.420565674603175,22.07785714285714,4.801428571428572,21.4,2017-02-01
4,2017,3,25.61935483870968,34.1,18.0,132.3,20,9.860682078853047,20.898709677419355,4.481612903225806,21.2,2017-03-01
4,2017,4,26.743333333333332,36.4,22.0,126.7,19,10.866865925925923,22.122,4.864333333333334,20.0,2017-04-01
4,2017,5,25.46451612903226,33.1,21.9,223.3,30,8.990299193548388,17.23548387096774,3.5261290322580647,22.4,2017-05-01
4,2017,6,24.673333333333336,28.6,21.4,157.4,29,9.466413703703704,16.344,3.216333333333333,22.2,2017-06-01
4,2017,7,25.029032258064515,30.1,21.7,101.7,27,9.732262275985663,17.261935483870968,3.5925806451612905,23.2,2017-07-01
4,2017,8,24.351612903225806,29.8,21.2,187.0,28,8.518192921146953,15.95774193548387,3.178064516129032,23.9,2017-08-01
4,2017,9,24.203333333333333,31.7,21.4,194.6,25,8.42046888888889,16.441666666666666,3.238,24.2,2017-09-01
4,2017,10,24.116129032258065,28.8,21.4,357.0,30,8.104041577060931,15.053870967741936,2.9535483870967743,20.0,2017-10-01
4,2017,11,23.759999999999998,29.8,19.4,336.6,25,7.066581851851852,14.206333333333333,2.871,18.3,2017-11-01
4,2017,12,23.593548387096774,29.3,18.0,75.5,11,9.816350627240144,17.276129032258066,3.479677419354839,20.1,2017-12-01
4,2018,1,23.33225806451613,29.8,16.6,27.8,7,10.188921505376344,20.023548387096774,4.20741935483871,20.5,2018-01-01
4,2018,2,24.75,32.7,16.3,28.3,9,10.687530059523807,21.79642857142857,4.798928571428571,21.5,2018-02-01
4,2018,3,25.916129032258063,35.0,19.4,162.0,21,10.026674641577062,20.544516129032257,4.494193548387097,18.1,2018-03-01
4,2018,4,25.55666666666667,33.3,21.0,205.2,23,9.859932407407408,20.331333333333337,4.229,15.3,2018-04-01
4,2018,5,24.68064516129032,30.9,21.6,282.0,31,8.061647580645161,16.32774193548387,3.2261290322580645,24.7,2018-05-01
4,2018,6,24.10666666666667,27.8,21.9,212.4,30,9.054045833333333,16.644,3.0349999999999997,25.9,2018-06-01
4,2018,7,24.161290322580644,28.1,21.3,169.79999999999998,29,9.277139964157708,17.241935483870968,3.3270967741935484,24.7,2018-07-01
4,2018,8,23.861290322580647,28.4,21.3,214.3,27,8.845874731182796,16.53258064516129,3.1632258064516128,25.6,2018-08-01
4,2018,9,24.496666666666666,30.4,21.0,155.1,18,9.82410925925926,19.691333333333333,4.01,26.7,2018-09-01
4,2018,10,23.741935483870968,28.8,20.6,695.7,29,7.18396164874552,14.998387096774193,2.954838709677419,15.4,2018-10-01
4,2018,11,23.873333333333335,29.3,19.2,451.79999999999995,24,8.614093055555555,15.857333333333335,3.1506666666666665,15.5,2018-11-01
4,2018,12,23.44193548387097,30.2,16.9,75.8,12,9.086273297491038,17.33967741935484,3.479677419354839,17.6,2018-12-01
4,2019,1,23.60967741935484,32.0,16.5,30.599999999999998,4,10.405038172043009,20.122258064516128,4.2061290322580644,19.6,2019-01-01
4,2019,2,24.49285714285714,32.6,16.5,183.29999999999998,14,10.294984523809523,20.162499999999998,4.144642857142857,20.0,2019-02-01
4,2019,3,26.312903225806455,36.3,18.4,27.099999999999998,8,11.085490143369174,24.333870967741937,5.387741935483871,21.4,2019-03-01
4,2019,4,26.566666666666666,36.0,21.2,160.2,17,9.181164444444445,20.183666666666667,4.389666666666667,18.6,2019-04-01
4,2019,5,26.17096774193548,31.8,22.6,54.1,21,10.827058691756273,20.473548387096773,4.341612903225807,21.7,2019-05-01
4,2019,6,25.62,31.4,22.5,124.0,25,9.676487129629631,17.314666666666668,3.6646666666666667,23.6,2019-06-01
4,2019,7,25.177419354838708,31.0,22.0,124.2,22,10.246800985663084,18.85516129032258,3.934516129032258,27.1,2019-07-01
4,2019,8,24.161290322580644,29.8,21.6,278.3,29,7.914967293906811,15.389032258064516,2.980967741935484,24.2,2019-08-01
4,2019,9,24.25,30.1,20.4,209.5,29,9.251631851851851,17.76966666666667,3.417333333333333,22.4,2019-09-01
4,2019,10,23.79032258064516,30.3,20.1,606.1,31,6.419485304659498,14.618709677419355,2.9019354838709677,16.3,2019-10-01
4,2019,11,24.326666666666664,29.7,19.5,239.10000000000002,22,9.638628888888888,18.029333333333334,3.5930000000000004,15.8,2019-11-01
4,2019,12,23.929032258064513,29.9,18.8,82.2,20,9.259409946236559,16.626129032258063,3.3525806451612903,17.1,2019-12-01
4,2020,1,24.22258064516129,31.4,15.9,12.3,5,10.830337992831542,21.345161290322583,4.430000000000001,20.6,2020-01-01
4,2020,2,25.2,32.8,17.2,11.7,4,11.076480363984675,23.68448275862069,5.214827586206896,23.3,2020-02-01
4,2020,3,26.951612903225808,34.9,19.2,29.2,9,11.102159498207882,24.200645161290325,5.450967741935483,17.2,2020-03-01
4,2020,4,26.333333333333332,35.3,18.7,180.8,25,10.341703703703702,21.575333333333333,4.596,16.1,2020-04-01
4,2020,5,25.638709677419353,32.1,22.5,250.9,29,8.417926433691756,17.24,3.500967741935484,23.1,2020-05-01
4,2020,6,25.12,29.9,22.1,149.2,26,9.65177111111111,17.832333333333334,3.5623333333333336,21.1,2020-06-01
4,2020,7,24.638709677419353,31.2,21.5,167.8,27,9.008872311827957,16.57677419354839,3.3083870967741937,22.5,2020-07-01
4,2020,8,24.583870967741937,29.7,21.5,179.0,22,9.831045519713262,18.62483870967742,3.6887096774193546,25.4,2020-08-01
4,2020,9,23.796666666666667,28.3,21.4,307.5,29,6.984756851851851,14.388333333333332,2.716333333333333,23.4,2020-09-01
4,2020,10,24.193548387096776,28.7,21.0,158.4,29,10.119112544802869,18.27741935483871,3.5038709677419355,27.9,2020-10-01
4,2020,11,24.259999999999998,29.8,19.8,278.3,23,8.604066111111111,16.727333333333334,3.3459999999999996,17.1,2020-11-01
4,2020,12,23.503225806451614,29.7,18.9,385.1,22,8.38606693548387,15.684516129032259,3.128064516129032,23.3,2020-12-01
4,2021,1,23.467741935483872,29.6,16.0,210.79999999999998,18,8.180844623655915,16.184838709677418,3.2283870967741937,17.0,2021-01-01
4,2021,2,24.267857142857142,33.5,17.3,19.7,6,10.934210615079365,22.131785714285716,4.605714285714286,21.4,2021-02-01
4,2021,3,25.44193548387097,33.0,17.3,80.10000000000001,12,9.749687903225805,21.240967741935485,4.629032258064516,18.5,2021-03-01
4,2021,4,25.433333333333334,34.3,20.8,381.5,21,10.413550555555558,21.17,4.389666666666667,16.4,2021-04-01
4,2021,5,24.729032258064517,30.2,21.5,609.2,30,8.016430734767026,16.28290322580645,3.1912903225806453,28.4,2021-05-01
4,2021,6,24.413333333333334,28.6,21.7,176.1,27,10.111917962962961,17.822333333333333,3.384,24.1,2021-06-01
4,2021,7,24.458064516129035,29.8,21.4,201.4,31,9.69277311827957,17.78516129032258,3.4341935483870967,25.4,2021-07-01
4,2021,8,24.038709677419355,28.5,21.0,188.0,30,8.834481720430107,16.93,3.2254838709677416,24.1,2021-08-01
4,2021,9,24.240000000000002,28.9,21.5,197.1,28,9.378073796296297,17.726333333333333,3.364,24.5,2021-09-01
4,2021,10,23.97741935483871,29.8,20.7,375.1,31,8.453157078853048,16.799354838709675,3.2567741935483867,26.0,2021-10-01
4,2021,11,23.243333333333332,28.8,20.2,402.8,27,5.673944907407407,13.178333333333335,2.5540000000000003,20.4,2021-11-01
4,2021,12,23.83225806451613,29.7,16.4,49.0,14,10.121863620071686,19.315483870967743,3.903225806451613,17.1,2021-12-01
4,2022,1,24.174193548387095,31.3,16.2,23.7,10,10.14751577060932,20.318709677419356,4.2464516129032255,18.8,2022-01-01
4,2022,2,24.185714285714287,32.6,16.4,74.1,10,10.039015773809526,21.726428571428574,4.597499999999999,18.7,2022-02-01
4,2022,3,25.309677419354838,33.3,17.6,54.0,17,10.317503673835127,21.77032258064516,4.6325806451612905,21.6,2022-03-01
4,2022,4,24.720000000000002,32.2,20.7,240.1,30,8.946226944444444,19.851333333333333,3.9733333333333336,16.5,2022-04-01
4,2022,5,24.700000000000003,30.9,21.4,202.5,29,8.940895161290323,18.330967741935485,3.520967741935484,26.6,2022-05-01
4,2022,6,24.48,29.2,21.7,112.9,28,9.487084722222221,18.38566666666667,3.5646666666666667,23.1,2022-06-01
4,2022,7,24.44516129032258,30.8,21.0,147.4,25,8.560972311827959,17.79258064516129,3.6048387096774195,25.8,2022-07-01
4,2022,8,23.919354838709676,30.3,21.1,269.8,26,8.366089157706094,17.55354838709677,3.4254838709677418,24.4,2022-08-01
4,2022,9,24.166666666666668,30.3,21.0,107.89999999999999,25,9.863213333333332,20.384999999999998,3.9796666666666667,24.4,2022-09-01
4,2022,10,23.432258064516127,30.3,19.0,329.40000000000003,28,7.534120161290324,16.138709677419357,3.104516129032258,21.7,2022-10-01
4,2022,11,23.423333333333336,30.5,17.7,265.1,14,8.010247592592593,16.869333333333334,3.366,15.3,2022-11-01
4,2022,12,23.02258064516129,30.4,17.0,218.1,22,7.6026088709677415,15.211612903225806,3.0280645161290325,20.7,2022-12-01
4,2023,1,22.729032258064517,28.8,15.3,56.5,12,9.537331630824372,19.29258064516129,3.829354838709677,19.5,2023-01-01
4,2023,2,23.610714285714288,30.5,15.1,88.5,9,9.787687896825398,21.11285714285714,4.296428571428572,17.7,2023-02-01
4,2023,3,25.36774193548387,33.5,19.8,83.5,15,10.25719023297491,22.26774193548387,4.693870967741935,18.4,2023-03-01
4,2023,4,25.90666666666667,35.0,19.9,192.7,21,9.86965861111111,21.730666666666664,4.6066666666666665,15.9,2023-04-01
4,2023,5,25.43548387096774,31.7,21.9,158.5,30,9.116048566308242,19.1658064516129,3.858709677419355,21.7,2023-05-01
4,2023,6,25.486666666666668,30.6,22.0,83.1,27,10.04014990740741,19.273000000000003,3.990666666666667,21.5,2023-06-01
4,2023,7,24.967741935483872,30.1,21.0,151.2,24,9.288051075268818,18.37,3.8038709677419353,25.6,2023-07-01
4,2023,8,26.07741935483871,32.6,22.3,51.9,15,10.770744982078854,21.879032258064516,4.943870967741935,24.7,2023-08-01
4,2023,9,24.253333333333334,29.6,21.2,185.3,30,8.30964138888889,17.945333333333334,3.4716666666666667,26.2,2023-09-01
4,2023,10,24.038709677419355,30.8,20.3,408.1,27,7.619423028673836,17.041290322580643,3.332258064516129,22.0,2023-10-01
4,2023,11,23.983333333333334,30.9,18.9,624.8,29,7.424925648148149,15.75,3.1236666666666664,15.3,2023-11-01
4,2023,12,24.22258064516129,30.1,19.8,285.5,24,8.116771863799285,15.899999999999999,3.1738709677419354,23.2,2023-12-01
4,2024,1,23.93548387096774,30.1,14.9,153.6,15,9.24368494623656,18.450322580645164,3.7348387096774194,21.1,2024-01-01
4,2024,2,25.551724137931036,34.7,16.7,21.8,6,11.000714750957854,23.08586206896552,5.0520689655172415,21.6,2024-02-01
4,2024,3,27.038709677419355,36.3,18.1,39.1,6,11.041006810035842,24.508064516129032,5.5687096774193545,19.8,2024-03-01
4,2024,4,27.509999999999998,36.8,20.6,127.9,19,10.650081851851853,23.128666666666668,5.086666666666667,17.7,2024-04-01
4,2024,5,25.712903225806453,33.9,21.9,439.7,28,7.507308602150538,17.085806451612903,3.4625806451612906,29.0,2024-05-01
4,2024,6,25.3625,29.6,21.9,41.800000000000004,8,9.633227777777778,18.583750000000002,3.6225,21.9,2024-06-01
5,2010,1,16.958064516129035,21.6,13.1,86.8,17,10.100359318996414,17.32193548387097,3.0990322580645158,12.3,2010-01-01
5,2010,2,17.782142857142855,23.8,12.6,48.6,6,9.900458333333333,20.302500000000002,3.7507142857142854,11.6,2010-02-01
5,2010,3,18.73548387096774,25.3,12.9,147.2,14,10.775399014336921,22.509354838709676,4.291290322580645,12.9,2010-03-01
5,2010,4,18.666666666666668,23.7,15.0,315.0,27,9.652421481481479,19.910333333333334,3.7136666666666667,10.6,2010-04-01
5,2010,5,18.9741935483871,23.7,15.9,241.9,31,9.501099462365593,18.269354838709678,3.2732258064516127,17.2,2010-05-01
5,2010,6,18.266666666666666,23.1,16.0,246.1,30,10.092426018518518,18.401999999999997,3.1569999999999996,21.1,2010-06-01
5,2010,7,17.793548387096774,22.9,14.8,225.5,30,9.923356899641579,18.61516129032258,3.2038709677419352,21.3,2010-07-01
5,2010,8,17.80322580645161,22.6,14.8,254.7,29,9.182244534050179,17.287419354838708,3.0141935483870967,21.0,2010-08-01
5,2010,9,17.573333333333334,22.7,14.6,335.9,28,8.572911574074073,17.574666666666666,3.1226666666666665,17.7,2010-09-01
5,2010,10,17.36774193548387,22.2,12.8,301.8,24,9.770549999999998,18.675161290322578,3.2480645161290322,20.0,2010-10-01
5,2010,11,16.81,21.5,13.7,394.6,28,8.04544314814815,14.496333333333332,2.605,14.1,2010-11-01
5,2010,12,16.270967741935483,20.5,12.3,504.5,27,6.347310215053763,11.921290322580646,2.133225806451613,18.1,2010-12-01
5,2011,1,16.029032258064515,20.7,10.0,511.90000000000003,24,6.461681720430107,12.277096774193547,2.1961290322580647,11.6,2011-01-01
5,2011,2,16.767857142857142,22.0,13.1,340.7,15,7.622114484126984,15.140357142857143,2.7624999999999997,10.2,2011-02-01
5,2011,3,17.396774193548385,23.2,12.7,103.2,18,10.280256630824372,20.580967741935485,3.7516129032258063,12.2,2011-03-01
5,2011,4,17.623333333333335,23.1,13.0,273.5,24,9.330353981481482,19.592333333333332,3.6026666666666665,11.6,2011-04-01
5,2011,5,18.403225806451612,23.0,14.2,117.7,26,10.9327896953405,20.966129032258063,3.6906451612903224,18.4,2011-05-01
5,2011,6,18.533333333333335,23.1,14.5,72.0,22,11.031582962962963,20.711333333333336,3.6643333333333334,20.2,2011-06-01
5,2011,7,18.11935483870968,22.8,15.1,161.7,29,10.363867562724014,19.174516129032256,3.3629032258064515,19.8,2011-07-01
5,2011,8,17.76451612903226,22.2,14.9,163.8,29,10.302645071684587,18.942903225806454,3.2754838709677423,20.2,2011-08-01
5,2011,9,17.816666666666666,23.0,13.5,210.7,26,10.68803861111111,20.481333333333335,3.597,17.7,2011-09-01
5,2011,10,17.34193548387097,23.0,14.0,425.9,29,8.874126164874552,17.574838709677422,3.1806451612903226,10.2,2011-10-01
5,2011,11,16.946666666666665,21.2,13.2,248.4,23,8.377323425925926,15.152,2.7146666666666666,14.0,2011-11-01
5,2011,12,16.748387096774195,21.8,12.7,342.1,24,7.905264426523297,14.387096774193548,2.5980645161290323,11.5,2011-12-01
5,2012,1,16.53548387096774,21.9,11.7,64.60000000000001,13,10.391661559139784,18.12516129032258,3.2270967741935483,10.7,2012-01-01
5,2012,2,16.858620689655172,22.5,11.5,141.4,13,9.769151915708813,18.749655172413792,3.382068965517241,11.4,2012-02-01
5,2012,3,17.81935483870968,23.9,12.7,72.9,11,10.958927419354836,22.97967741935484,4.243548387096775,9.1,2012-03-01
5,2012,4,17.64,22.3,14.2,315.5,29,9.418835092592593,19.240000000000002,3.493666666666667,14.6,2012-04-01
5,2012,5,18.68064516129032,23.7,13.0,61.1,21,11.106992293906814,22.53032258064516,4.0035483870967745,19.0,2012-05-01
5,2012,6,18.413333333333334,23.2,15.5,83.0,25,10.785843888888891,19.476666666666667,3.4276666666666666,20.9,2012-06-01
5,2012,7,18.074193548387097,23.3,15.2,133.4,24,10.773636469534049,20.168709677419354,3.505483870967742,21.3,2012-07-01
5,2012,8,17.864516129032257,22.5,14.8,155.3,28,10.715854749103942,19.772903225806452,3.4751612903225806,21.6,2012-08-01
5,2012,9,17.793333333333333,22.3,14.8,170.4,26,10.330881203703703,19.892666666666667,3.4536666666666664,17.5,2012-09-01
5,2012,10,17.30322580645161,23.5,13.8,657.4,29,7.835036559139785,16.513548387096776,3.024193548387097,19.7,2012-10-01
5,2012,11,17.273333333333333,21.9,14.0,362.8,22,8.348720277777778,14.968333333333334,2.747,13.7,2012-11-01
5,2012,12,16.851612903225806,21.4,11.7,286.4,22,7.963592831541219,13.554516129032258,2.439032258064516,12.1,2012-12-01
5,2013,1,16.70967741935484,21.6,10.8,320.90000000000003,15,8.340699014336916,15.268064516129032,2.770967741935484,10.7,2013-01-01
5,2013,2,16.907142857142855,21.6,12.2,155.9,15,9.644968253968253,18.279999999999998,3.2896428571428573,14.9,2013-02-01
5,2013,3,17.725806451612904,23.0,13.9,226.5,19,9.968824372759858,19.642903225806453,3.6103225806451613,11.4,2013-03-01
5,2013,4,18.553333333333335,23.5,14.6,171.6,18,10.474412314814813,21.58966666666667,4.013333333333334,8.0,2013-04-01
5,2013,5,18.703225806451613,23.9,14.9,229.5,27,9.503725627240142,18.885806451612904,3.309032258064516,18.6,2013-05-01
5,2013,6,17.583333333333332,22.2,15.4,289.2,30,9.71203462962963,16.831333333333333,2.7843333333333335,22.0,2013-06-01
5,2013,7,17.55806451612903,21.7,15.2,155.6,26,10.630679121863798,18.996774193548386,3.19258064516129,20.2,2013-07-01
5,2013,8,17.68064516129032,22.5,14.3,206.9,27,10.738467741935485,20.521612903225805,3.5770967741935484,21.6,2013-08-01
5,2013,9,17.506666666666668,22.9,13.9,183.3,21,9.8621725,19.061333333333334,3.319666666666667,19.7,2013-09-01
5,2013,10,17.503225806451614,22.8,13.3,212.5,26,9.855722939068098,19.093225806451613,3.3848387096774193,18.6,2013-10-01
5,2013,11,17.016666666666666,21.5,12.4,239.20000000000002,21,9.715474351851853,16.938,3.0483333333333333,12.4,2013-11-01
5,2013,12,16.65806451612903,21.0,13.1,184.5,20,7.727198028673836,12.930967741935484,2.3429032258064515,12.7,2013-12-01
5,2014,1,16.548387096774192,21.3,11.7,116.60000000000001,15,9.352089964157704,15.76258064516129,2.8116129032258064,10.7,2014-01-01
5,2014,2,17.12142857142857,23.0,9.7,29.0,6,10.908837103174603,21.461071428571426,3.9057142857142857,13.9,2014-02-01
5,2014,3,17.896774193548385,24.9,12.2,60.5,9,10.919013888888887,22.509677419354837,4.177096774193549,14.2,2014-03-01
5,2014,4,18.366666666666667,25.2,13.6,206.3,16,10.355135462962961,21.327333333333332,4.002666666666666,9.2,2014-04-01
5,2014,5,18.55806451612903,23.5,15.0,215.2,27,9.67425376344086,19.220967741935485,3.458387096774193,14.9,2014-05-01
5,2014,6,18.69333333333333,23.1,15.6,115.4,25,10.901008055555556,19.872666666666664,3.447,23.8,2014-06-01
5,2014,7,18.4,22.9,15.3,112.2,24,10.7961355734767,19.955806451612904,3.5029032258064516,22.8,2014-07-01
5,2014,8,17.793548387096774,22.5,14.0,194.8,28,10.238908333333335,18.844516129032257,3.304193548387097,19.1,2014-08-01
5,2014,9,17.826666666666664,22.9,14.6,272.7,29,10.340522037037038,19.918333333333333,3.5283333333333333,18.6,2014-09-01
5,2014,10,17.387096774193548,22.1,14.5,482.3,30,8.553855017921146,16.468709677419355,2.9693548387096773,15.8,2014-10-01
5,2014,11,16.93,21.7,12.9,410.5,24,7.6588735185185195,14.266666666666667,2.5573333333333332,13.6,2014-11-01
5,2014,12,16.851612903225806,21.3,13.6,671.4000000000001,29,6.28337930107527,11.578064516129032,2.1258064516129034,14.1,2014-12-01
5,2015,1,16.948387096774194,21.8,12.1,37.6,9,10.496632885304658,18.075161290322583,3.2661290322580645,10.0,2015-01-01
5,2015,2,16.514285714285712,21.5,10.4,173.3,16,10.011294543650793,18.679285714285715,3.3214285714285716,12.0,2015-02-01
5,2015,3,17.5258064516129,23.8,11.0,106.6,14,10.594004659498209,22.824193548387097,4.158064516129032,10.2,2015-03-01
5,2015,4,17.92,23.3,14.4,318.2,27,9.673720833333332,20.158666666666665,3.7333333333333334,7.7,2015-04-01
5,2015,5,18.54516129032258,23.9,15.2,243.9,29,9.86918817204301,19.345483870967744,3.4480645161290324,16.3,2015-05-01
5,2015,6,18.376666666666665,22.6,15.1,128.9,24,10.575461666666666,19.670666666666666,3.4266666666666667,19.5,2015-06-01
5,2015,7,18.261290322580646,23.0,14.6,132.9,26,10.670918548387098,19.91032258064516,3.474838709677419,20.9,2015-07-01
5,2015,8,18.151612903225807,22.9,14.9,188.4,29,10.733821057347672,20.316129032258065,3.543225806451613,22.3,2015-08-01
5,2015,9,17.886666666666667,22.6,14.9,275.0,28,9.437946018518517,17.87933333333333,3.1576666666666666,18.9,2015-09-01
5,2015,10,17.55483870967742,22.5,14.6,677.7,31,7.728332974910394,15.916451612903225,2.9025806451612906,13.9,2015-10-01
5,2015,11,17.346666666666668,21.5,14.6,383.4,28,7.870645185185184,14.289333333333333,2.6109999999999998,12.3,2015-11-01
5,2015,12,17.287096774193547,21.6,12.4,274.6,24,8.982922311827956,14.630322580645162,2.6283870967741936,14.0,2015-12-01
5,2016,1,17.57741935483871,23.1,12.4,54.6,11,10.394784318996416,18.0258064516129,3.2716129032258063,11.9,2016-01-01
5,2016,2,18.04137931034483,24.4,11.4,45.7,10,10.507700862068965,19.93344827586207,3.693103448275862,14.3,2016-02-01
5,2016,3,19.67096774193548,27.1,14.2,50.9,6,11.080049641577062,23.501290322580644,4.555483870967742,12.6,2016-03-01
5,2016,4,19.426666666666666,25.7,15.0,110.7,18,10.710196203703703,22.369000000000003,4.236,7.9,2016-04-01
5,2016,5,18.783870967741933,23.3,16.0,514.4,31,8.554096236559142,16.380645161290325,2.954516129032258,16.4,2016-05-01
5,2016,6,18.233333333333334,23.0,15.3,131.2,29,10.53888740740741,19.112333333333332,3.2310000000000003,22.4,2016-06-01
5,2016,7,18.190322580645162,24.0,15.2,201.4,24,10.567652598566307,19.325483870967744,3.39,22.4,2016-07-01
5,2016,8,18.12258064516129,23.0,15.3,119.5,25,10.895933243727596,20.852903225806454,3.6006451612903225,20.9,2016-08-01
5,2016,9,18.083333333333332,23.3,13.1,87.0,22,10.721211944444443,21.319666666666667,3.754,19.5,2016-09-01
5,2016,10,17.66774193548387,23.5,13.1,197.0,24,10.448815143369176,20.455483870967743,3.684516129032258,16.9,2016-10-01
5,2016,11,17.2,21.8,13.1,305.1,24,8.094256851851853,14.635666666666667,2.6719999999999997,9.5,2016-11-01
5,2016,12,17.03548387096774,21.7,12.8,65.5,13,10.366662634408604,17.595806451612905,3.1425806451612903,19.0,2016-12-01
5,2017,1,14.535483870967743,20.8,5.3,108.9,15,9.430355197132616,18.870645161290323,3.211935483870968,19.9,2017-01-01
5,2017,2,14.782142857142857,20.7,6.3,40.2,11,9.945025992063492,20.97,3.5435714285714286,18.1,2017-02-01
5,2017,3,15.7,22.2,8.0,96.6,19,10.133268817204302,21.69483870967742,3.8261290322580646,17.1,2017-03-01
5,2017,4,16.83,23.7,10.7,66.4,12,10.892652777777778,24.007,4.3213333333333335,11.4,2017-04-01
5,2017,5,16.72258064516129,23.1,12.0,175.3,25,9.803602060931903,18.404193548387095,3.062258064516129,25.6,2017-05-01
5,2017,6,15.676666666666668,19.9,13.0,123.3,23,9.66312675925926,17.788,2.584,28.0,2017-06-01
5,2017,7,15.570967741935483,20.7,12.6,73.6,25,9.746488261648746,18.22741935483871,2.7241935483870967,25.9,2017-07-01
5,2017,8,15.483870967741936,21.2,11.7,190.7,28,8.51523906810036,16.52548387096774,2.490322580645161,29.2,2017-08-01
5,2017,9,15.379999999999999,21.4,11.4,148.4,22,8.367161851851852,16.641000000000002,2.578333333333333,26.6,2017-09-01
5,2017,10,15.596774193548388,20.1,11.7,314.8,28,8.326044086021506,15.805483870967743,2.504516129032258,30.2,2017-10-01
5,2017,11,15.453333333333335,20.7,10.3,336.0,25,6.578150740740741,14.013666666666667,2.3916666666666666,18.6,2017-11-01
5,2017,12,15.125806451612902,19.9,10.0,100.9,22,9.120792562724013,16.280322580645162,2.7348387096774194,19.4,2017-12-01
5,2018,1,14.96774193548387,20.3,6.4,40.3,10,10.157410125448031,19.866129032258065,3.4132258064516128,15.6,2018-01-01
5,2018,2,15.860714285714286,22.5,9.3,70.1,13,9.921149702380953,19.969642857142855,3.568214285714286,17.3,2018-02-01
5,2018,3,16.019354838709678,22.2,9.9,83.0,18,9.638986917562722,20.305806451612902,3.6067741935483872,19.5,2018-03-01
5,2018,4,16.636666666666667,22.6,11.5,62.3,21,10.067582685185187,20.466666666666665,3.695333333333333,13.0,2018-04-01
5,2018,5,16.36774193548387,22.7,12.4,288.2,27,7.7750198028673845,15.84741935483871,2.662258064516129,32.6,2018-05-01
5,2018,6,15.413333333333332,19.1,13.0,261.1,30,9.942163888888889,18.698333333333334,2.5506666666666664,33.3,2018-06-01
5,2018,7,14.906451612903227,20.1,11.7,317.4,28,9.218486469534051,17.50225806451613,2.433225806451613,32.4,2018-07-01
5,2018,8,14.76774193548387,20.4,11.1,423.40000000000003,25,9.014145519713262,17.89516129032258,2.515806451612903,33.5,2018-08-01
5,2018,9,15.363333333333333,21.8,10.6,254.4,20,9.714970185185184,20.11733333333333,3.26,25.4,2018-09-01
5,2018,10,15.667741935483871,20.4,11.3,702.1999999999999,31,7.075891666666666,14.634516129032258,2.5506451612903223,13.5,2018-10-01
5,2018,11,15.556666666666667,20.8,9.6,418.90000000000003,23,7.974658425925926,15.652333333333333,2.676,14.6,2018-11-01
5,2018,12,15.180645161290323,20.9,9.3,123.0,16,9.072229032258065,17.460967741935484,3.009354838709678,16.2,2018-12-01
5,2019,1,14.932258064516128,20.2,6.4,76.1,14,9.951520698924732,19.004516129032258,3.2312903225806453,14.8,2019-01-01
5,2019,2,15.517857142857142,20.9,8.5,151.0,19,9.830175,19.361071428571428,3.315714285714286,20.4,2019-02-01
5,2019,3,15.648387096774194,22.7,8.4,62.0,11,10.893723476702508,24.20483870967742,4.35,15.2,2019-03-01
5,2019,4,16.803333333333335,23.0,11.1,147.4,20,9.104002685185183,20.237333333333332,3.655333333333333,17.7,2019-04-01
5,2019,5,16.861290322580647,22.6,11.4,77.8,18,10.416216845878132,20.62258064516129,3.6006451612903225,18.9,2019-05-01
5,2019,6,16.143333333333334,21.0,13.0,134.6,23,9.776372314814815,18.740000000000002,2.7933333333333334,30.2,2019-06-01
5,2019,7,15.625806451612902,21.8,11.0,155.4,16,10.588343189964158,20.256451612903227,3.1119354838709676,34.7,2019-07-01
5,2019,8,15.251612903225807,20.0,12.5,250.9,27,7.81733835125448,15.693870967741935,2.3148387096774194,26.6,2019-08-01
5,2019,9,15.473333333333333,20.4,12.3,244.1,28,9.14466388888889,17.765333333333334,2.767333333333333,19.7,2019-09-01
5,2019,10,15.538709677419355,20.1,11.5,449.1,30,6.402769534050181,14.11774193548387,2.468709677419355,16.6,2019-10-01
5,2019,11,15.706666666666667,20.3,11.0,173.9,25,9.349922870370369,17.564666666666664,2.9810000000000003,17.2,2019-11-01
5,2019,12,15.519354838709678,20.5,9.9,295.9,22,8.154689695340503,15.206129032258064,2.57,17.4,2019-12-01
5,2020,1,15.506451612903225,22.3,8.1,30.8,10,10.721033781362006,20.921612903225807,3.606451612903226,21.4,2020-01-01
5,2020,2,15.910344827586206,22.0,8.7,60.300000000000004,12,10.897067720306515,22.563103448275864,3.9444827586206896,20.6,2020-02-01
5,2020,3,17.24516129032258,24.9,9.0,31.3,7,11.062094623655913,24.820322580645165,4.660322580645161,14.3,2020-03-01
5,2020,4,16.856666666666666,24.4,10.6,212.0,20,10.27945925925926,22.272,4.043333333333333,13.2,2020-04-01
5,2020,5,16.961290322580645,21.6,13.4,268.5,25,8.284290322580645,17.13935483870968,2.8787096774193546,24.2,2020-05-01
5,2020,6,15.85,20.5,11.6,113.2,24,9.970927407407409,19.273333333333333,2.929333333333333,24.9,2020-06-01
5,2020,7,15.587096774193547,20.5,12.4,201.9,26,8.704061021505378,16.648387096774194,2.580967741935484,27.4,2020-07-01
5,2020,8,15.26774193548387,21.3,11.0,238.20000000000002,19,9.352452777777778,19.186129032258062,2.9561290322580644,28.9,2020-08-01
5,2020,9,15.07,19.9,11.8,316.1,28,6.806475000000001,14.536333333333335,2.1546666666666665,29.7,2020-09-01
5,2020,10,15.2,21.0,10.9,205.7,24,10.432225268817206,20.66032258064516,3.0806451612903225,32.1,2020-10-01
5,2020,11,15.870000000000001,20.5,10.5,261.6,24,8.61651740740741,16.483999999999998,2.808333333333333,16.3,2020-11-01
5,2020,12,15.170967741935485,20.1,9.4,241.1,26,8.219871953405017,15.531290322580643,2.6074193548387097,26.8,2020-12-01
5,2021,1,15.154838709677419,20.4,7.8,317.2,25,7.6825348566308245,15.273870967741935,2.608709677419355,15.0,2021-01-01
5,2021,2,15.50357142857143,21.1,8.8,49.4,13,10.826426984126982,21.70642857142857,3.705714285714286,17.5,2021-02-01
5,2021,3,15.525806451612903,22.4,7.1,74.7,17,9.486787813620069,20.456129032258065,3.626451612903226,16.8,2021-03-01
5,2021,4,16.39,23.0,9.6,238.7,18,9.973311944444443,21.447,3.8096666666666668,13.4,2021-04-01
5,2021,5,16.325806451612905,21.3,12.9,579.9,30,7.691600806451612,16.32483870967742,2.6474193548387097,33.4,2021-05-01
5,2021,6,15.493333333333334,21.0,11.7,216.4,22,10.168941666666665,19.544,2.9133333333333336,28.5,2021-06-01
5,2021,7,15.399999999999999,21.5,11.5,310.1,26,9.234252688172042,17.473870967741938,2.5551612903225807,33.1,2021-07-01
5,2021,8,15.148387096774194,19.8,10.5,216.9,28,8.677743369175626,17.17774193548387,2.5412903225806454,28.4,2021-08-01
5,2021,9,15.363333333333333,20.3,11.8,194.4,25,9.310753148148148,18.061666666666667,2.7180000000000004,28.8,2021-09-01
5,2021,10,15.474193548387097,20.1,12.1,283.2,27,8.250843279569892,16.958387096774196,2.6574193548387095,28.9,2021-10-01
5,2021,11,15.176666666666668,20.5,10.0,357.7,28,5.740204074074073,13.166666666666666,2.1546666666666665,22.4,2021-11-01
5,2021,12,14.97741935483871,20.4,7.5,69.2,18,9.786170250896058,19.19193548387097,3.2251612903225806,19.3,2021-12-01
5,2022,1,14.687096774193549,21.0,6.6,58.2,18,10.095592562724015,20.00258064516129,3.3722580645161293,15.9,2022-01-01
5,2022,2,15.410714285714286,21.5,7.6,55.1,15,9.716990674603174,21.506071428571428,3.768214285714286,12.6,2022-02-01
5,2022,3,16.18064516129032,22.5,10.5,43.9,21,10.287115143369176,22.148709677419355,3.927741935483871,17.0,2022-03-01
5,2022,4,16.076666666666668,21.4,10.9,212.29999999999998,30,8.871323703703702,18.337333333333333,3.2006666666666663,12.0,2022-04-01
5,2022,5,15.95483870967742,21.2,13.6,351.6,27,8.455394623655913,18.358064516129033,2.7119354838709677,27.2,2022-05-01
5,2022,6,15.296666666666665,20.2,12.4,147.5,28,9.113004351851853,17.724,2.6116666666666664,29.7,2022-06-01
5,2022,7,15.264516129032257,19.9,12.2,263.7,31,7.5561076164874565,16.366451612903226,2.5048387096774194,28.5,2022-07-01
5,2022,8,14.948387096774193,20.9,11.1,443.5,29,7.506761379928315,16.82709677419355,2.500967741935484,34.2,2022-08-01
5,2022,9,15.113333333333333,20.7,10.5,146.0,22,9.367714907407407,20.122333333333334,3.069,29.3,2022-09-01
5,2022,10,15.041935483870969,19.9,10.4,332.1,28,7.301046146953404,15.94483870967742,2.5135483870967743,31.1,2022-10-01
5,2022,11,15.036666666666667,20.3,9.6,165.8,20,7.827242962962963,16.592666666666666,2.773,17.7,2022-11-01
5,2022,12,14.464516129032257,20.2,8.0,169.0,23,7.517442562724014,15.362903225806452,2.558709677419355,26.7,2022-12-01
5,2023,1,14.116129032258065,19.7,6.2,92.5,20,9.37625071684588,18.963870967741936,3.148064516129032,15.3,2023-01-01
5,2023,2,14.957142857142857,20.9,6.1,114.5,19,9.477440476190477,20.229285714285712,3.4235714285714285,16.6,2023-02-01
5,2023,3,15.448387096774193,21.6,10.5,90.7,22,9.48643817204301,20.87258064516129,3.581290322580645,17.5,2023-03-01
5,2023,4,16.236666666666668,22.9,10.4,120.5,19,10.021125648148146,22.247666666666664,3.9473333333333334,14.0,2023-04-01
5,2023,5,16.770967741935483,23.5,11.9,118.9,25,9.088309946236556,19.318709677419356,3.295483870967742,23.1,2023-05-01
5,2023,6,16.193333333333335,21.7,12.9,92.1,27,9.931001111111113,19.509666666666664,3.0136666666666665,23.7,2023-06-01
5,2023,7,15.364516129032259,20.0,11.8,212.8,26,8.799661379928317,17.76290322580645,2.669032258064516,31.9,2023-07-01
5,2023,8,16.096774193548388,21.9,11.4,82.60000000000001,20,10.323120967741934,20.973548387096773,3.483225806451613,25.1,2023-08-01
5,2023,9,15.816666666666666,20.7,12.0,226.3,29,7.387993981481482,16.273,2.5693333333333332,26.8,2023-09-01
5,2023,10,15.958064516129031,20.4,11.7,475.7,29,6.913524551971328,15.004193548387097,2.5974193548387094,15.7,2023-10-01
5,2023,11,15.986666666666668,20.5,10.8,613.3,29,7.055192314814815,14.784666666666668,2.579,14.1,2023-11-01
5,2023,12,15.94516129032258,20.8,10.1,365.2,26,7.3133123655914,14.65258064516129,2.463225806451613,18.2,2023-12-01
5,2024,1,15.451612903225806,20.9,6.6,171.0,20,9.03581917562724,18.51451612903226,3.168064516129032,18.8,2024-01-01
5,2024,2,15.937931034482759,22.4,10.1,47.4,10,10.6853653256705,22.76241379310345,3.9093103448275865,19.7,2024-02-01
5,2024,3,16.74516129032258,24.2,9.8,46.4,14,10.790918458781361,24.861612903225808,4.556129032258065,13.2,2024-03-01
5,2024,4,17.62,24.2,11.3,78.1,16,10.587433703703704,24.03033333333333,4.390666666666666,11.2,2024-04-01
5,2024,5,17.480645161290322,24.7,13.7,546.0,27,6.800689516129031,16.213225806451614,2.7996774193548384,37.8,2024-05-01
5,2024,6,17.825,22.4,12.8,61.7,8,9.048935763888888,17.81,3.14125,15.6,2024-06-01
6,2010,1,26.038709677419355,29.8,22.8,73.4,14,10.363941129032261,20.41483870967742,4.01258064516129,17.6,2010-01-01
6,2010,2,26.682142857142857,31.2,23.5,50.5,10,10.299808035714285,21.62035714285714,4.434285714285714,18.1,2010-02-01
6,2010,3,27.625806451612902,32.7,23.9,48.4,16,11.025183512544801,23.522903225806452,4.95741935483871,23.4,2010-03-01
6,2010,4,27.503333333333334,30.5,25.0,220.1,30,10.11830611111111,20.802666666666667,4.145333333333333,21.1,2010-04-01
6,2010,5,27.193548387096776,30.5,25.3,296.0,29,9.514684139784945,17.977096774193548,3.549677419354839,26.6,2010-05-01
6,2010,6,26.61,29.4,24.5,266.1,29,10.005351296296297,18.485666666666667,3.5989999999999998,32.3,2010-06-01
6,2010,7,26.41290322580645,29.2,24.4,151.8,26,10.657156093189965,19.75,3.835483870967742,30.8,2010-07-01
6,2010,8,26.30322580645161,28.5,24.1,129.5,25,10.165701254480286,19.283548387096772,3.799032258064516,35.2,2010-08-01
6,2010,9,26.016666666666666,28.5,23.5,201.1,26,9.591962685185186,18.914666666666665,3.6496666666666666,27.8,2010-09-01
6,2010,10,26.322580645161292,28.8,23.9,164.3,24,10.205261200716846,19.9358064516129,4.009354838709677,32.5,2010-10-01
6,2010,11,25.73,29.0,23.7,383.1,27,9.21899324074074,16.578666666666667,3.3066666666666666,30.4,2010-11-01
6,2010,12,25.283870967741933,28.8,20.9,355.9,26,7.280630824372759,14.695483870967742,2.955806451612903,31.6,2010-12-01
6,2011,1,25.190322580645162,28.9,21.4,185.6,18,8.281586559139784,16.812258064516126,3.393870967741935,29.9,2011-01-01
6,2011,2,25.639285714285712,29.1,22.9,210.5,23,9.39932757936508,19.023571428571426,3.7260714285714287,26.9,2011-02-01
6,2011,3,26.448387096774194,29.7,23.2,127.5,25,10.69805922939068,22.36,4.38516129032258,19.2,2011-03-01
6,2011,4,26.583333333333332,29.6,24.0,211.5,29,10.14458287037037,20.553,4.0456666666666665,24.6,2011-04-01
6,2011,5,26.825806451612905,29.5,24.7,143.7,28,10.885539874551972,20.845483870967744,4.0525806451612905,29.5,2011-05-01
6,2011,6,26.923333333333336,29.1,24.7,95.9,23,11.12970027777778,20.913666666666664,4.149,30.3,2011-06-01
6,2011,7,26.23548387096774,28.8,24.1,151.2,26,10.669874551971326,19.75548387096774,3.7800000000000002,31.0,2011-07-01
6,2011,8,26.312903225806455,28.8,24.0,219.3,29,10.588632885304659,19.83451612903226,3.8880645161290324,28.2,2011-08-01
6,2011,9,26.526666666666664,29.2,24.1,199.7,17,10.361798703703704,20.883333333333333,4.171666666666667,25.6,2011-09-01
6,2011,10,26.5258064516129,29.4,24.0,203.0,21,9.541166577060931,19.97290322580645,4.054193548387097,25.2,2011-10-01
6,2011,11,26.10666666666667,29.7,23.9,268.4,26,8.826701203703704,17.024333333333335,3.3983333333333334,38.0,2011-11-01
6,2011,12,25.76451612903226,29.4,22.5,232.3,22,8.441947939068099,17.096129032258066,3.4638709677419355,24.1,2011-12-01
6,2012,1,25.48709677419355,29.1,20.5,58.2,16,10.740302060931898,21.536774193548386,4.192258064516129,19.1,2012-01-01
6,2012,2,26.079310344827583,30.3,22.5,156.6,17,10.188688888888889,20.743793103448272,4.1193103448275865,21.3,2012-02-01
6,2012,3,26.716129032258067,30.4,23.8,103.0,21,11.126960304659498,23.470967741935485,4.654516129032258,24.6,2012-03-01
6,2012,4,26.759999999999998,29.8,24.2,222.8,29,10.051909814814817,20.269333333333336,3.9646666666666666,22.8,2012-04-01
6,2012,5,27.309677419354838,30.0,24.3,76.1,13,10.825025268817203,21.82709677419355,4.577096774193548,28.1,2012-05-01
6,2012,6,26.426666666666666,28.9,24.0,140.5,27,10.582232962962964,19.028333333333332,3.68,27.9,2012-06-01
6,2012,7,26.54516129032258,29.0,23.6,118.39999999999999,24,11.11701353046595,20.589354838709678,4.053548387096774,31.7,2012-07-01
6,2012,8,26.27741935483871,28.8,24.1,184.6,28,10.61595546594982,20.11,3.893548387096774,31.1,2012-08-01
6,2012,9,26.253333333333334,29.1,24.1,233.9,29,9.77201111111111,19.092,3.744333333333333,27.0,2012-09-01
6,2012,10,26.148387096774194,29.4,23.9,375.7,27,8.769347222222224,17.90967741935484,3.5677419354838706,33.1,2012-10-01
6,2012,11,26.076666666666664,29.2,21.2,362.0,25,9.363411296296295,17.916,3.554333333333333,24.6,2012-11-01
6,2012,12,25.887096774193548,29.8,23.2,161.3,23,9.085025896057346,16.95258064516129,3.4099999999999997,22.5,2012-12-01
6,2013,1,25.85483870967742,29.0,22.6,142.5,15,9.244204749103943,18.42806451612903,3.681935483870968,20.9,2013-01-01
6,2013,2,26.146428571428572,29.1,22.8,121.4,20,10.029529662698412,20.76571428571429,4.1032142857142855,28.2,2013-02-01
6,2013,3,27.019354838709678,30.5,24.5,162.7,25,10.536758422939068,21.833548387096776,4.38516129032258,20.6,2013-03-01
6,2013,4,27.720000000000002,30.5,24.8,97.5,20,10.837400092592594,22.42,4.523666666666667,20.3,2013-04-01
6,2013,5,26.98709677419355,30.0,24.8,239.7,28,9.327581899641578,18.800967741935484,3.755483870967742,30.7,2013-05-01
6,2013,6,26.08,28.4,24.1,221.8,30,10.489346666666666,18.552666666666667,3.5873333333333335,35.6,2013-06-01
6,2013,7,26.13225806451613,28.6,24.1,121.1,25,10.98767329749104,20.029354838709676,3.898709677419355,31.1,2013-07-01
6,2013,8,26.125806451612902,28.6,24.1,87.6,24,11.236549551971326,21.68903225806452,4.124516129032258,32.4,2013-08-01
6,2013,9,26.040000000000003,28.5,23.9,163.0,28,9.9820875,19.54866666666667,3.744666666666667,28.1,2013-09-01
6,2013,10,25.958064516129035,28.6,23.8,200.2,28,10.419260931899641,19.348387096774193,3.6703225806451614,27.4,2013-10-01
6,2013,11,26.126666666666665,29.1,23.8,165.0,24,10.350343796296297,19.757,3.9406666666666665,27.0,2013-11-01
6,2013,12,25.82903225806452,29.5,22.0,137.29999999999998,17,9.303368906810034,17.480645161290322,3.4980645161290322,26.0,2013-12-01
6,2014,1,25.887096774193548,29.6,22.8,77.6,13,10.55866827956989,20.720322580645163,4.086129032258064,20.6,2014-01-01
6,2014,2,26.442857142857143,31.7,22.0,32.6,7,11.077592559523811,23.7075,4.902142857142857,24.5,2014-02-01
6,2014,3,27.66774193548387,32.8,22.9,55.3,9,10.926696505376343,24.484193548387097,5.425806451612903,25.0,2014-03-01
6,2014,4,27.273333333333333,30.5,24.7,147.8,28,10.924933703703703,21.945,4.405333333333333,20.4,2014-04-01
6,2014,5,27.135483870967743,29.9,25.0,249.0,26,9.982730107526882,19.42806451612903,3.8812903225806448,27.8,2014-05-01
6,2014,6,27.116666666666667,29.4,24.5,112.5,26,11.007844999999998,19.863,3.9143333333333334,31.4,2014-06-01
6,2014,7,26.612903225806452,28.9,24.5,114.4,28,11.005016845878137,20.249032258064517,3.9351612903225806,32.3,2014-07-01
6,2014,8,26.11935483870968,28.8,24.0,153.7,25,10.326057706093192,19.931612903225805,3.86,30.1,2014-08-01
6,2014,9,25.98,28.8,23.9,203.4,29,10.74430611111111,20.868666666666666,3.9170000000000003,27.9,2014-09-01
6,2014,10,25.993548387096773,29.0,23.8,368.2,31,9.589222043010755,18.200000000000003,3.5183870967741933,24.3,2014-10-01
6,2014,11,25.913333333333334,29.4,23.8,286.6,23,8.624730370370369,16.713,3.3263333333333334,24.2,2014-11-01
6,2014,12,25.716129032258067,29.1,23.4,414.7,26,7.780952240143368,15.213870967741935,3.081290322580645,30.0,2014-12-01
6,2015,1,25.81935483870968,29.5,22.9,85.6,14,10.597762007168457,20.57193548387097,4.026774193548387,15.9,2015-01-01
6,2015,2,26.071428571428573,29.6,22.0,70.8,16,10.68614117063492,21.928214285714287,4.390357142857143,18.4,2015-02-01
6,2015,3,27.02258064516129,31.2,23.9,92.8,13,10.69072105734767,23.401290322580646,4.812258064516129,20.2,2015-03-01
6,2015,4,27.206666666666667,30.5,24.5,204.1,27,10.488546481481482,22.112000000000002,4.435666666666666,17.1,2015-04-01
6,2015,5,27.177419354838708,29.8,24.8,205.5,30,10.521617652329748,20.080322580645163,3.9387096774193546,25.1,2015-05-01
6,2015,6,27.18,29.8,24.6,134.3,23,10.731035925925926,19.895,3.979,27.0,2015-06-01
6,2015,7,26.861290322580647,29.3,24.2,132.8,21,11.067888082437273,20.27516129032258,4.113225806451613,32.7,2015-07-01
6,2015,8,26.532258064516128,29.1,24.1,189.5,27,10.668160842293908,20.03774193548387,3.894516129032258,31.4,2015-08-01
6,2015,9,26.256666666666668,29.2,24.2,302.5,30,9.14113962962963,17.89966666666667,3.478,27.6,2015-09-01
6,2015,10,26.296774193548387,29.8,24.3,353.5,29,8.902807706093189,17.873548387096776,3.525161290322581,22.8,2015-10-01
6,2015,11,26.209999999999997,29.7,24.1,352.40000000000003,24,8.741921666666666,16.656333333333333,3.3033333333333332,21.4,2015-11-01
6,2015,12,26.351612903225806,30.0,23.2,243.1,20,9.655890322580646,17.280645161290323,3.4767741935483873,23.4,2015-12-01
6,2016,1,26.758064516129032,30.5,23.2,33.0,11,10.670027688172041,20.926129032258064,4.247741935483871,22.6,2016-01-01
6,2016,2,27.29655172413793,32.3,23.3,48.6,10,10.565501436781611,21.517931034482757,4.5841379310344825,28.0,2016-02-01
6,2016,3,28.31935483870968,32.5,25.2,52.1,13,11.198326344086023,24.066129032258065,5.196774193548387,19.8,2016-03-01
6,2016,4,28.25,31.3,25.8,123.1,26,10.772702777777779,22.304,4.534666666666666,18.1,2016-04-01
6,2016,5,27.26774193548387,30.9,25.4,525.0,31,8.457608691756272,16.576451612903227,3.3851612903225807,32.2,2016-05-01
6,2016,6,26.89333333333333,29.1,24.9,145.8,28,10.545908703703702,19.52466666666667,3.8939999999999997,33.7,2016-06-01
6,2016,7,26.519354838709678,29.8,24.1,125.8,20,10.67184453405018,20.054516129032258,3.9348387096774196,31.5,2016-07-01
6,2016,8,26.561290322580643,29.0,24.3,103.1,23,11.047120250896057,21.331290322580646,4.151935483870968,31.0,2016-08-01
6,2016,9,26.36,28.4,24.4,97.0,26,10.678538425925924,21.56066666666667,4.198666666666666,29.3,2016-09-01
6,2016,10,26.4,29.0,24.0,125.2,24,10.76992956989247,21.047096774193548,4.102258064516129,27.1,2016-10-01
6,2016,11,25.976666666666667,29.9,23.4,297.1,24,8.178790833333334,16.476333333333333,3.318,24.5,2016-11-01
6,2016,12,26.003225806451614,29.3,21.9,94.9,20,10.564208781362009,19.585483870967742,3.8906451612903226,25.1,2016-12-01
6,2017,1,25.493548387096773,30.9,21.2,148.4,15,9.904355734767027,19.36483870967742,3.8380645161290325,19.2,2017-01-01
6,2017,2,25.7,31.5,20.7,85.8,14,10.186830853174603,20.649642857142855,4.152857142857143,20.1,2017-02-01
6,2017,3,26.651612903225807,31.1,22.8,100.1,24,10.755125985663083,21.30322580645161,4.2703225806451615,20.6,2017-03-01
6,2017,4,27.65666666666667,30.5,24.1,192.3,25,10.852533981481482,21.151,4.285333333333333,24.7,2017-04-01
6,2017,5,27.306451612903224,30.4,24.7,394.7,26,9.939445878136201,18.075161290322583,3.7277419354838712,32.5,2017-05-01
6,2017,6,26.936666666666667,29.2,24.5,303.9,30,10.685449722222222,18.848333333333336,3.7266666666666666,28.1,2017-06-01
6,2017,7,27.258064516129032,29.3,24.1,253.0,31,10.603086200716847,18.79774193548387,3.9719354838709675,28.4,2017-07-01
6,2017,8,26.787096774193547,28.9,24.3,366.3,30,9.908904211469533,18.66032258064516,3.827741935483871,30.3,2017-08-01
6,2017,9,26.60666666666667,29.4,24.1,376.6,30,9.49369675925926,18.48166666666667,3.727,27.0,2017-09-01
6,2017,10,26.57741935483871,29.2,23.5,357.2,31,9.792285663082435,18.02258064516129,3.577741935483871,28.7,2017-10-01
6,2017,11,25.946666666666665,29.5,22.5,468.5,26,7.340492962962963,15.131,3.114333333333333,40.8,2017-11-01
6,2017,12,25.87741935483871,31.0,22.5,160.1,18,9.560951792114695,17.562580645161294,3.5029032258064516,19.3,2017-12-01
6,2018,1,25.519354838709678,30.9,20.0,70.1,15,10.065096146953403,19.044838709677418,3.7925806451612907,19.0,2018-01-01
6,2018,2,25.97142857142857,31.5,21.6,140.6,20,10.559671428571429,20.600714285714286,4.122857142857143,18.4,2018-02-01
6,2018,3,26.690322580645162,31.9,22.4,150.6,24,9.590133512544803,20.01774193548387,4.091290322580645,26.1,2018-03-01
6,2018,4,26.836666666666666,31.0,24.0,216.6,29,10.129739444444446,19.692666666666664,3.9566666666666666,17.8,2018-04-01
6,2018,5,26.674193548387095,29.8,24.5,557.2,31,7.027780017921148,14.822903225806451,3.0506451612903227,32.5,2018-05-01
6,2018,6,26.790000000000003,29.0,24.4,322.7,30,10.102413796296299,18.217333333333332,3.6813333333333333,30.0,2018-06-01
6,2018,7,26.606451612903225,28.9,24.0,204.8,29,10.577093906810035,19.16290322580645,3.803225806451613,30.1,2018-07-01
6,2018,8,26.31935483870968,28.5,24.3,159.0,29,10.212963172043013,19.864516129032257,3.810967741935484,31.9,2018-08-01
6,2018,9,26.540000000000003,29.3,23.6,173.9,23,10.459400833333333,20.877000000000002,4.147,29.7,2018-09-01
6,2018,10,25.835483870967742,29.2,23.2,275.5,28,8.38736783154122,16.86935483870968,3.2890322580645157,23.1,2018-10-01
6,2018,11,25.96333333333333,30.8,22.7,398.3,26,8.768021944444445,16.81,3.3436666666666666,21.4,2018-11-01
6,2018,12,25.851612903225806,30.7,21.8,117.6,19,9.347079032258065,18.110967741935486,3.616774193548387,25.3,2018-12-01
6,2019,1,25.6,30.0,21.0,83.9,19,10.34589489247312,19.243870967741934,3.7519354838709678,15.8,2019-01-01
6,2019,2,26.260714285714283,31.8,22.4,193.6,22,10.143933234126985,20.155357142857145,4.091785714285714,22.1,2019-02-01
6,2019,3,26.825806451612905,32.1,23.1,101.6,20,10.573614247311827,22.246129032258064,4.623225806451613,21.1,2019-03-01
6,2019,4,27.573333333333334,31.1,22.9,143.0,20,9.658589722222223,20.350666666666665,4.183,21.7,2019-04-01
6,2019,5,27.606451612903225,30.2,25.0,236.9,28,9.844799014336916,18.431612903225805,3.8567741935483872,22.4,2019-05-01
6,2019,6,27.759999999999998,29.9,24.9,294.8,30,9.572904074074076,17.391333333333332,3.8216666666666668,30.5,2019-06-01
6,2019,7,27.187096774193545,29.7,24.2,219.0,30,10.31741012544803,19.436774193548384,3.9948387096774196,37.8,2019-07-01
6,2019,8,26.56451612903226,29.5,23.9,473.2,31,8.152415322580648,15.849032258064517,3.2532258064516126,28.9,2019-08-01
6,2019,9,26.223333333333336,29.9,23.3,398.7,30,8.253540370370372,16.51033333333333,3.247333333333333,22.5,2019-09-01
6,2019,10,25.683870967741935,30.0,22.9,510.6,29,6.5828431003584225,14.446451612903227,2.879032258064516,24.2,2019-10-01
6,2019,11,26.033333333333335,30.5,22.7,260.9,30,9.06989175925926,17.375333333333334,3.4530000000000003,19.2,2019-11-01
6,2019,12,25.996774193548386,30.3,22.6,246.1,25,8.515398118279569,16.032258064516128,3.287741935483871,21.6,2019-12-01
6,2020,1,26.416129032258063,32.8,21.4,45.5,17,10.780849372759858,20.47935483870968,4.2458064516129035,20.8,2020-01-01
6,2020,2,26.986206896551725,33.3,21.9,66.9,13,10.935094252873563,22.07551724137931,4.791724137931035,23.8,2020-02-01
6,2020,3,27.816129032258065,33.8,23.7,56.3,14,10.892921953405018,23.07225806451613,5.146129032258065,23.1,2020-03-01
6,2020,4,27.453333333333333,32.1,23.3,196.2,25,10.52320564814815,21.496666666666666,4.386666666666667,19.5,2020-04-01
6,2020,5,27.58709677419355,31.1,25.0,348.6,31,8.69541711469534,16.801935483870967,3.512903225806452,32.1,2020-05-01
6,2020,6,27.44,29.7,24.7,230.2,28,9.884738333333333,18.173333333333336,3.7616666666666663,28.1,2020-06-01
6,2020,7,26.893548387096775,29.8,24.1,300.1,28,8.336162903225807,15.94774193548387,3.305483870967742,26.7,2020-07-01
6,2020,8,26.92258064516129,29.3,24.5,197.7,28,9.683365322580647,19.4,3.8961290322580644,27.2,2020-08-01
6,2020,9,26.333333333333332,28.9,24.2,348.6,30,7.931167222222221,15.915666666666668,3.222,29.9,2020-09-01
6,2020,10,26.874193548387098,29.1,24.3,137.3,27,10.696117741935486,20.300645161290323,4.084193548387097,30.3,2020-10-01
6,2020,11,26.243333333333332,30.5,23.5,531.0,26,9.2994975,17.455666666666666,3.4733333333333336,27.6,2020-11-01
6,2020,12,25.874193548387098,30.0,22.1,208.1,25,9.38620241935484,17.384516129032257,3.474838709677419,27.4,2020-12-01
6,2021,1,25.448387096774194,30.3,21.7,290.5,27,8.087625179211468,15.838709677419354,3.133870967741936,22.7,2021-01-01
6,2021,2,25.95,30.8,21.6,86.6,18,10.814688591269842,21.013571428571428,4.123571428571428,15.3,2021-02-01
6,2021,3,26.37741935483871,31.9,22.5,169.2,25,9.432743189964159,19.976774193548387,4.121935483870968,21.4,2021-03-01
6,2021,4,27.259999999999998,30.9,23.5,80.6,22,10.926307592592591,21.578666666666667,4.353,21.3,2021-04-01
6,2021,5,27.287096774193547,30.5,24.0,326.0,28,9.054561559139787,18.13032258064516,3.845806451612903,34.6,2021-05-01
6,2021,6,26.993333333333332,29.6,24.4,233.7,30,10.170529722222222,18.671666666666667,3.8756666666666666,27.4,2021-06-01
6,2021,7,26.799999999999997,29.1,24.5,361.4,31,10.072373566308245,18.134516129032257,3.728709677419355,35.7,2021-07-01
6,2021,8,26.45483870967742,28.7,24.1,295.5,31,9.76293360215054,18.41483870967742,3.665483870967742,29.1,2021-08-01
6,2021,9,26.653333333333332,29.6,24.4,273.1,30,9.57303861111111,18.267,3.695,35.6,2021-09-01
6,2021,10,26.519354838709678,29.5,23.2,280.6,29,9.100064964157704,18.49225806451613,3.7780645161290325,29.9,2021-10-01
6,2021,11,25.826666666666664,30.3,23.0,437.0,27,7.895605462962963,16.069333333333333,3.2953333333333332,31.9,2021-11-01
6,2021,12,25.664516129032258,31.1,21.1,128.2,23,9.654545071684588,18.549677419354836,3.656774193548387,17.8,2021-12-01
6,2022,1,25.47741935483871,30.3,20.7,98.9,23,10.215636648745521,20.133225806451613,3.948709677419355,17.2,2022-01-01
6,2022,2,26.13214285714286,30.9,22.1,106.8,16,10.12836349206349,21.190714285714286,4.251071428571429,14.7,2022-02-01
6,2022,3,26.835483870967742,31.1,22.9,106.0,25,9.964885663082436,21.11709677419355,4.314838709677419,24.5,2022-03-01
6,2022,4,26.866666666666667,30.8,23.1,176.5,27,10.041763518518518,20.799333333333333,4.1786666666666665,20.5,2022-04-01
6,2022,5,26.870967741935484,30.6,23.7,511.0,31,8.520552508960572,17.516129032258064,3.69741935483871,33.0,2022-05-01
6,2022,6,26.63,29.3,23.5,286.6,29,9.403695092592592,18.291333333333334,3.8176666666666668,31.4,2022-06-01
6,2022,7,26.625806451612902,29.9,23.7,178.29999999999998,24,9.630417114695343,19.416129032258063,3.9741935483870967,33.6,2022-07-01
6,2022,8,26.25483870967742,28.8,23.5,293.5,29,9.837406899641575,20.065483870967743,4.046774193548387,35.8,2022-08-01
6,2022,9,26.316666666666666,29.1,23.3,176.20000000000002,28,10.003527314814814,21.388333333333332,4.245333333333333,28.9,2022-09-01
6,2022,10,25.825806451612905,30.3,23.1,364.6,30,8.712960215053762,17.750967741935483,3.5638709677419356,33.1,2022-10-01
6,2022,11,25.633333333333333,30.3,21.9,210.4,19,8.999406574074076,18.162666666666667,3.6406666666666667,25.9,2022-11-01
6,2022,12,25.451612903225808,30.0,21.2,210.1,23,8.68207652329749,17.116451612903226,3.480645161290323,27.0,2022-12-01
6,2023,1,24.96451612903226,29.2,20.4,126.3,17,9.48861621863799,19.15258064516129,3.7087096774193546,22.6,2023-01-01
6,2023,2,25.517857142857142,32.2,21.7,163.10000000000002,21,9.655713492063494,19.988928571428573,3.9678571428571425,26.3,2023-02-01
6,2023,3,26.206451612903226,31.3,22.0,141.3,27,10.248048745519712,21.51258064516129,4.288387096774193,19.5,2023-03-01
6,2023,4,26.973333333333336,32.0,23.2,127.1,25,10.277572685185186,21.656,4.3709999999999996,19.2,2023-04-01
6,2023,5,27.39032258064516,30.3,23.8,221.3,30,8.88768593189964,18.603870967741937,3.8483870967741933,25.7,2023-05-01
6,2023,6,27.023333333333333,29.8,23.2,277.59999999999997,30,10.354917685185185,19.108666666666668,3.9069999999999996,27.8,2023-06-01
6,2023,7,26.703225806451613,29.6,23.0,271.3,31,9.719894265232973,19.203225806451613,3.8245161290322582,29.5,2023-07-01
6,2023,8,27.019354838709678,30.0,23.8,188.7,31,10.834090501792117,22.088387096774195,4.421935483870967,25.9,2023-08-01
6,2023,9,26.05666666666667,29.9,23.4,624.6,29,7.553820925925925,16.512999999999998,3.2746666666666666,25.1,2023-09-01
6,2023,10,25.56451612903226,30.4,22.6,480.5,31,6.715616308243726,15.35741935483871,3.04,18.8,2023-10-01
6,2023,11,25.566666666666666,30.4,22.4,468.3,30,8.032914537037037,16.369,3.2253333333333334,17.2,2023-11-01
6,2023,12,25.83225806451613,31.8,22.1,390.7,31,8.050744534050178,15.924193548387098,3.205806451612903,24.1,2023-12-01
6,2024,1,25.822580645161292,32.0,19.8,228.6,20,9.05302652329749,18.406129032258065,3.724516129032258,22.8,2024-01-01
6,2024,2,27.13103448275862,35.2,21.3,80.1,18,10.89978247126437,22.38103448275862,4.772413793103448,20.7,2024-02-01
6,2024,3,27.47741935483871,34.4,22.5,110.3,18,10.823408422939067,22.703225806451613,4.849032258064516,22.5,2024-03-01
6,2024,4,27.686666666666667,34.0,23.8,223.2,27,10.30938074074074,21.597666666666665,4.443666666666667,19.5,2024-04-01
6,2024,5,27.40967741935484,31.9,23.9,625.2,29,8.103572222222223,17.179354838709674,3.5280645161290325,33.4,2024-05-01
6,2024,6,26.9375,29.6,24.3,109.3,8,9.38734027777778,17.28875,3.47875,20.3,2024-06-01
7,2010,1,26.07741935483871,30.4,22.2,73.4,14,10.384155197132616,20.41483870967742,4.042258064516129,17.6,2010-01-01
7,2010,2,26.764285714285712,32.0,23.0,50.5,10,10.313510416666666,21.62035714285714,4.477857142857142,18.1,2010-02-01
7,2010,3,27.783870967741933,33.1,23.7,48.4,16,11.034055645161292,23.522903225806452,5.0438709677419356,23.4,2010-03-01
7,2010,4,27.503333333333334,30.9,24.9,220.1,30,10.118073240740742,20.802666666666667,4.15,21.1,2010-04-01
7,2010,5,27.129032258064516,30.9,25.2,296.0,29,9.513325179211469,17.977096774193548,3.514838709677419,26.6,2010-05-01
7,2010,6,26.540000000000003,29.5,24.2,266.1,29,10.002884537037037,18.485666666666667,3.5589999999999997,32.3,2010-06-01
7,2010,7,26.383870967741935,29.6,24.3,151.8,26,10.651559229390681,19.75,3.8203225806451617,30.8,2010-07-01
7,2010,8,26.274193548387096,28.6,24.1,129.5,25,10.160893817204299,19.283548387096772,3.7780645161290325,35.2,2010-08-01
7,2010,9,25.973333333333336,28.8,23.2,201.1,26,9.591403240740739,18.914666666666665,3.6206666666666667,27.8,2010-09-01
7,2010,10,26.251612903225805,28.9,23.8,164.3,24,10.202221953405017,19.9358064516129,3.9725806451612904,32.5,2010-10-01
7,2010,11,25.666666666666668,29.5,23.5,383.1,27,9.20685990740741,16.578666666666667,3.283666666666667,30.4,2010-11-01
7,2010,12,25.22258064516129,28.9,20.7,355.9,26,7.289183691756271,14.695483870967742,2.946451612903226,31.6,2010-12-01
7,2011,1,25.19677419354839,29.3,21.2,185.6,18,8.292839964157707,16.812258064516126,3.414193548387097,29.9,2011-01-01
7,2011,2,25.62142857142857,29.8,22.4,210.5,23,9.409310515873015,19.023571428571426,3.7364285714285717,26.9,2011-02-01
7,2011,3,26.432258064516127,30.2,22.8,127.5,25,10.71021137992832,22.36,4.388064516129032,19.2,2011-03-01
7,2011,4,26.543333333333333,30.0,23.8,211.5,29,10.144397314814816,20.553,4.023333333333333,24.6,2011-04-01
7,2011,5,26.761290322580646,29.7,24.3,143.7,28,10.884004928315413,20.845483870967744,4.013548387096774,29.5,2011-05-01
7,2011,6,26.846666666666668,29.3,24.6,95.9,23,11.125976666666666,20.913666666666664,4.1113333333333335,30.3,2011-06-01
7,2011,7,26.187096774193545,29.0,24.0,151.2,26,10.66324157706093,19.75548387096774,3.7458064516129035,31.0,2011-07-01
7,2011,8,26.225806451612904,28.9,23.9,219.3,29,10.585596236559141,19.83451612903226,3.838709677419355,28.2,2011-08-01
7,2011,9,26.44,29.5,23.9,199.7,17,10.356906666666665,20.883333333333333,4.1306666666666665,25.6,2011-09-01
7,2011,10,26.519354838709678,29.7,23.8,203.0,21,9.53975976702509,19.97290322580645,4.065806451612903,25.2,2011-10-01
7,2011,11,26.083333333333332,30.2,23.4,268.4,26,8.81667537037037,17.024333333333335,3.3986666666666663,38.0,2011-11-01
7,2011,12,25.716129032258067,29.9,22.1,232.3,22,8.450219265232976,17.096129032258066,3.456451612903226,24.1,2011-12-01
7,2012,1,25.529032258064515,29.9,20.2,58.2,16,10.761908064516133,21.536774193548386,4.224516129032258,19.1,2012-01-01
7,2012,2,26.151724137931033,31.2,22.2,156.6,17,10.20202796934866,20.743793103448272,4.159655172413793,21.3,2012-02-01
7,2012,3,26.725806451612904,30.9,23.9,103.0,21,11.142789964157707,23.470967741935485,4.661290322580645,24.6,2012-03-01
7,2012,4,26.71333333333333,30.0,24.1,222.8,29,10.05517888888889,20.269333333333336,3.9483333333333333,22.8,2012-04-01
7,2012,5,27.248387096774195,30.3,24.3,76.1,13,10.821845430107526,21.82709677419355,4.539032258064516,28.1,2012-05-01
7,2012,6,26.36,29.0,23.9,140.5,27,10.582908796296296,19.028333333333332,3.6310000000000002,27.9,2012-06-01
7,2012,7,26.496774193548386,29.3,23.6,118.39999999999999,24,11.103768279569893,20.589354838709678,4.021290322580645,31.7,2012-07-01
7,2012,8,26.18064516129032,28.9,23.9,184.6,28,10.607180465949817,20.11,3.8435483870967744,31.1,2012-08-01
7,2012,9,26.17,29.3,24.0,233.9,29,9.770205925925925,19.092,3.695333333333333,27.0,2012-09-01
7,2012,10,26.07741935483871,29.6,23.7,375.7,27,8.76927759856631,17.90967741935484,3.5416129032258064,33.1,2012-10-01
7,2012,11,26.02,29.6,21.0,362.0,25,9.349118796296295,17.916,3.546666666666667,24.6,2012-11-01
7,2012,12,25.86774193548387,29.9,22.9,161.3,23,9.095693548387098,16.95258064516129,3.4119354838709675,22.5,2012-12-01
7,2013,1,25.812903225806455,29.7,22.5,142.5,15,9.26128082437276,18.42806451612903,3.695806451612903,20.9,2013-01-01
7,2013,2,26.146428571428572,29.6,22.9,121.4,20,10.044540575396827,20.76571428571429,4.1207142857142856,28.2,2013-02-01
7,2013,3,27.0,30.7,24.0,162.7,25,10.553629659498206,21.833548387096776,4.394193548387097,20.6,2013-03-01
7,2013,4,27.65666666666667,30.9,24.7,97.5,20,10.839924537037035,22.42,4.511333333333334,20.3,2013-04-01
7,2013,5,26.929032258064513,30.2,24.7,239.7,28,9.328631272401434,18.800967741935484,3.709032258064516,30.7,2013-05-01
7,2013,6,26.02,28.5,23.9,221.8,30,10.486712222222222,18.552666666666667,3.5406666666666666,35.6,2013-06-01
7,2013,7,26.08709677419355,28.8,24.0,121.1,25,10.973377419354838,20.029354838709676,3.8716129032258064,31.1,2013-07-01
7,2013,8,26.083870967741937,29.1,24.0,87.6,24,11.225082885304658,21.68903225806452,4.107741935483871,32.4,2013-08-01
7,2013,9,25.970000000000002,28.7,23.7,163.0,28,9.97341638888889,19.54866666666667,3.7046666666666668,28.1,2013-09-01
7,2013,10,25.88064516129032,28.8,23.6,200.2,28,10.41755788530466,19.348387096774193,3.6283870967741936,27.4,2013-10-01
7,2013,11,26.103333333333335,29.4,23.4,165.0,24,10.337342222222222,19.757,3.9406666666666665,27.0,2013-11-01
7,2013,12,25.80322580645161,29.6,21.8,137.29999999999998,17,9.309627150537635,17.480645161290322,3.507096774193548,26.0,2013-12-01
7,2014,1,25.95483870967742,30.2,22.4,77.6,13,10.582044086021506,20.720322580645163,4.125483870967742,20.6,2014-01-01
7,2014,2,26.557142857142857,31.8,22.0,32.6,7,11.09349126984127,23.7075,4.9678571428571425,24.5,2014-02-01
7,2014,3,27.838709677419356,34.1,22.6,55.3,9,10.940662992831541,24.484193548387097,5.550967741935485,25.0,2014-03-01
7,2014,4,27.28666666666667,31.2,24.4,147.8,28,10.920379907407407,21.945,4.420333333333333,20.4,2014-04-01
7,2014,5,27.067741935483873,30.0,24.9,249.0,26,9.982758064516128,19.42806451612903,3.8451612903225807,27.8,2014-05-01
7,2014,6,27.05,29.5,24.3,112.5,26,11.002518333333333,19.863,3.878,31.4,2014-06-01
7,2014,7,26.55483870967742,29.0,24.4,114.4,28,10.994590591397849,20.249032258064517,3.9061290322580646,32.3,2014-07-01
7,2014,8,26.04516129032258,29.0,23.8,153.7,25,10.31700286738351,19.931612903225805,3.8212903225806456,30.1,2014-08-01
7,2014,9,25.933333333333334,28.9,23.6,203.4,29,10.746811296296297,20.868666666666666,3.875,27.9,2014-09-01
7,2014,10,25.948387096774194,29.3,23.7,368.2,31,9.58826523297491,18.200000000000003,3.4932258064516133,24.3,2014-10-01
7,2014,11,25.85666666666667,29.7,23.5,286.6,23,8.613015833333334,16.713,3.3143333333333334,24.2,2014-11-01
7,2014,12,25.674193548387095,29.6,23.2,414.7,26,7.788527598566309,15.213870967741935,3.0696774193548384,30.0,2014-12-01
7,2015,1,25.874193548387098,30.1,22.4,85.6,14,10.623201075268817,20.57193548387097,4.056451612903226,15.9,2015-01-01
7,2015,2,26.178571428571427,30.4,21.7,70.8,16,10.70200615079365,21.928214285714287,4.446071428571428,18.4,2015-02-01
7,2015,3,27.11935483870968,32.0,23.6,92.8,13,10.703421505376342,23.401290322580646,4.861612903225807,20.2,2015-03-01
7,2015,4,27.19,30.9,24.4,204.1,27,10.48762453703704,22.112000000000002,4.4366666666666665,17.1,2015-04-01
7,2015,5,27.096774193548388,30.0,24.6,205.5,30,10.5224291218638,20.080322580645163,3.901935483870968,25.1,2015-05-01
7,2015,6,27.08,29.9,24.5,134.3,23,10.726148796296297,19.895,3.925,27.0,2015-06-01
7,2015,7,26.780645161290323,29.5,24.2,132.8,21,11.052018548387098,20.27516129032258,4.065161290322581,32.7,2015-07-01
7,2015,8,26.438709677419357,29.4,23.9,189.5,27,10.658060752688172,20.03774193548387,3.8425806451612905,31.4,2015-08-01
7,2015,9,26.163333333333334,29.5,24.1,302.5,30,9.140900277777778,17.89966666666667,3.442333333333333,27.6,2015-09-01
7,2015,10,26.238709677419354,30.0,24.1,353.5,29,8.906256810035844,17.873548387096776,3.5161290322580645,22.8,2015-10-01
7,2015,11,26.15,29.8,23.7,352.40000000000003,24,8.729970833333335,16.656333333333333,3.289,21.4,2015-11-01
7,2015,12,26.316129032258065,30.5,22.9,243.1,20,9.670389964157705,17.280645161290323,3.4812903225806453,23.4,2015-12-01
7,2016,1,26.812903225806455,31.3,23.0,33.0,11,10.69208288530466,20.926129032258064,4.290322580645161,22.6,2016-01-01
7,2016,2,27.403448275862072,32.4,23.2,48.6,10,10.579166187739466,21.517931034482757,4.65551724137931,28.0,2016-02-01
7,2016,3,28.580645161290324,33.8,25.0,52.1,13,11.210051433691753,24.066129032258065,5.313870967741935,19.8,2016-03-01
7,2016,4,28.253333333333334,31.5,25.7,123.1,26,10.7730775,22.304,4.540666666666667,18.1,2016-04-01
7,2016,5,27.200000000000003,31.1,25.1,525.0,31,8.457034139784946,16.576451612903227,3.345483870967742,32.2,2016-05-01
7,2016,6,26.826666666666664,29.2,24.7,145.8,28,10.536978796296296,19.52466666666667,3.856,33.7,2016-06-01
7,2016,7,26.496774193548386,30.1,23.9,125.8,20,10.662553225806453,20.054516129032258,3.9316129032258065,31.5,2016-07-01
7,2016,8,26.52258064516129,29.3,24.2,103.1,23,11.03987589605735,21.331290322580646,4.122903225806452,31.0,2016-08-01
7,2016,9,26.3,28.5,24.3,97.0,26,10.676741574074073,21.56066666666667,4.168666666666667,29.3,2016-09-01
7,2016,10,26.338709677419356,29.3,24.0,125.2,24,10.767392831541216,21.047096774193548,4.0680645161290325,27.1,2016-10-01
7,2016,11,25.93,30.2,23.1,297.1,24,8.166755370370371,16.476333333333333,3.308666666666667,24.5,2016-11-01
7,2016,12,25.932258064516127,29.5,21.7,94.9,20,10.580450716845878,19.585483870967742,3.8819354838709677,25.1,2016-12-01
7,2017,1,25.883870967741935,29.4,22.0,115.1,15,10.390026612903227,19.919032258064515,4.040322580645161,27.2,2017-01-01
7,2017,2,26.32857142857143,30.9,21.9,57.3,8,10.170128968253968,21.264642857142857,4.583571428571429,35.9,2017-02-01
7,2017,3,26.951612903225808,30.0,24.2,74.2,20,10.750623655913978,22.220645161290324,4.377096774193548,31.8,2017-03-01
7,2017,4,27.833333333333332,30.1,24.7,130.9,22,11.025865740740741,22.403333333333332,4.476333333333333,29.5,2017-04-01
7,2017,5,27.596774193548388,29.6,25.6,210.3,27,10.16494758064516,18.895806451612902,3.9229032258064516,40.8,2017-05-01
7,2017,6,27.03666666666667,28.4,25.3,147.6,26,10.779370185185183,19.189,3.792,35.0,2017-06-01
7,2017,7,27.30322580645161,29.0,24.6,147.0,27,10.79388548387097,18.615483870967743,3.902258064516129,37.5,2017-07-01
7,2017,8,26.903225806451612,28.5,25.2,189.3,27,9.903678763440864,18.936129032258062,3.88258064516129,36.5,2017-08-01
7,2017,9,26.766666666666666,28.7,25.0,209.7,25,9.834863148148148,18.873333333333335,3.8156666666666665,34.2,2017-09-01
7,2017,10,26.793548387096774,28.6,24.4,194.7,29,10.389244175627242,19.213225806451614,3.8003225806451613,36.6,2017-10-01
7,2017,11,26.353333333333335,29.4,23.5,373.3,25,7.496154074074074,15.059,3.183,49.3,2017-11-01
7,2017,12,26.248387096774195,29.8,23.3,98.2,13,9.859384318996417,17.993548387096773,3.7174193548387096,26.3,2017-12-01
7,2018,1,25.9,29.3,22.4,51.5,13,10.125010035842294,19.358709677419355,3.903225806451613,28.0,2018-01-01
7,2018,2,26.310714285714287,29.6,23.3,47.2,11,10.841697916666668,21.58178571428571,4.418214285714286,28.2,2018-02-01
7,2018,3,27.009677419354837,30.0,24.6,111.60000000000001,21,9.911868100358422,20.65032258064516,4.200322580645161,36.2,2018-03-01
7,2018,4,27.243333333333332,29.5,25.0,163.5,27,10.116437870370369,20.295666666666666,4.048,23.3,2018-04-01
7,2018,5,27.141935483870967,29.5,25.5,395.2,31,8.137202598566308,16.18903225806452,3.410322580645161,39.8,2018-05-01
7,2018,6,26.796666666666667,28.1,24.7,176.4,29,10.46051175925926,18.927666666666667,3.7343333333333333,38.7,2018-06-01
7,2018,7,26.612903225806452,28.6,24.6,107.2,23,10.913126612903225,19.354193548387098,3.7874193548387094,40.0,2018-07-01
7,2018,8,26.103225806451615,27.7,24.6,80.9,19,10.579461738351256,19.759354838709676,3.678064516129032,39.0,2018-08-01
7,2018,9,26.63,28.4,24.6,114.7,20,10.621705370370373,21.354666666666667,4.161666666666666,37.2,2018-09-01
7,2018,10,26.212903225806453,29.5,23.9,286.7,29,9.018773924731182,17.83483870967742,3.49741935483871,27.5,2018-10-01
7,2018,11,26.33,29.7,24.2,191.7,22,9.411956481481484,17.26833333333333,3.460666666666667,30.0,2018-11-01
7,2018,12,26.212903225806453,29.9,23.5,59.699999999999996,14,9.616789964157705,18.490645161290324,3.7174193548387096,26.0,2018-12-01
7,2019,1,25.835483870967742,29.6,22.5,23.2,10,10.57354605734767,20.365483870967743,4.0035483870967745,28.2,2019-01-01
7,2019,2,26.70357142857143,30.4,23.9,106.5,16,10.328637400793653,20.889999999999997,4.326785714285714,35.1,2019-02-01
7,2019,3,27.17096774193548,29.9,24.6,46.4,10,10.56434435483871,22.37516129032258,4.587741935483871,30.6,2019-03-01
7,2019,4,27.77,29.8,24.7,117.0,19,9.886464259259258,20.574666666666666,4.167,32.5,2019-04-01
7,2019,5,27.81935483870968,29.6,25.5,186.6,28,10.131935663082439,19.156451612903226,4.080322580645161,34.6,2019-05-01
7,2019,6,27.933333333333334,29.6,25.7,203.9,27,9.599030555555554,17.247,3.9256666666666664,41.6,2019-06-01
7,2019,7,27.45483870967742,28.9,25.0,112.5,24,10.239222311827959,18.659354838709675,4.014516129032258,49.2,2019-07-01
7,2019,8,26.87741935483871,28.9,24.9,305.9,30,8.733655107526882,16.01,3.4629032258064516,37.8,2019-08-01
7,2019,9,26.506666666666668,28.9,24.5,329.8,30,8.703125740740742,16.83866666666667,3.4143333333333334,30.2,2019-09-01
7,2019,10,26.15806451612903,29.0,24.3,389.9,30,7.226830017921146,15.475806451612904,3.127741935483871,26.4,2019-10-01
7,2019,11,26.470000000000002,29.9,24.6,206.2,27,9.488991944444445,17.872333333333334,3.548,28.7,2019-11-01
7,2019,12,26.4741935483871,29.8,23.7,109.2,19,8.860946326164875,16.69193548387097,3.567096774193548,30.8,2019-12-01
7,2020,1,26.838709677419356,30.8,22.9,8.9,2,10.865796505376343,21.366129032258065,4.662903225806452,33.8,2020-01-01
7,2020,2,27.13448275862069,30.7,23.8,30.3,3,11.09383295019157,23.088275862068965,5.157586206896552,40.7,2020-02-01
7,2020,3,27.509677419354837,30.2,24.9,15.2,7,11.176573028673834,24.035806451612903,4.962903225806452,35.0,2020-03-01
7,2020,4,27.779999999999998,30.4,24.3,86.7,22,10.709380185185184,21.815333333333335,4.3933333333333335,28.1,2020-04-01
7,2020,5,27.806451612903224,30.4,26.1,211.9,30,9.079408870967741,17.42806451612903,3.6574193548387095,43.8,2020-05-01
7,2020,6,27.596666666666668,29.7,25.6,113.8,23,10.229822500000001,18.761000000000003,3.8993333333333333,34.4,2020-06-01
7,2020,7,26.967741935483872,28.7,25.0,231.7,27,8.6225541218638,16.291290322580647,3.3893548387096772,32.3,2020-07-01
7,2020,8,26.990322580645163,28.5,25.3,98.6,19,9.70862177419355,19.53548387096774,3.8970967741935483,36.8,2020-08-01
7,2020,9,26.543333333333333,28.0,24.9,216.6,29,8.754990185185184,17.209666666666667,3.494333333333333,38.3,2020-09-01
7,2020,10,26.92258064516129,28.7,25.0,85.2,17,10.73117177419355,20.99225806451613,4.136774193548387,40.2,2020-10-01
7,2020,11,26.67,29.4,24.8,199.6,23,9.579330555555556,18.059,3.591,30.2,2020-11-01
7,2020,12,26.283870967741933,29.0,23.7,112.7,18,9.946689695340503,18.40225806451613,3.6512903225806452,31.7,2020-12-01
7,2021,1,25.845161290322583,29.1,22.3,177.0,20,8.576981182795699,16.61967741935484,3.3203225806451617,27.0,2021-01-01
7,2021,2,26.282142857142855,29.7,22.7,28.2,8,10.745592956349205,21.625357142857144,4.2785714285714285,25.7,2021-02-01
7,2021,3,26.73548387096774,29.8,23.9,92.8,19,9.360838440860215,20.33225806451613,4.185161290322581,30.8,2021-03-01
7,2021,4,27.470000000000002,30.6,25.0,95.3,20,10.943044814814813,22.495333333333335,4.493333333333334,29.7,2021-04-01
7,2021,5,27.532258064516128,30.1,24.8,225.3,25,9.589487455197133,18.761612903225807,3.9551612903225806,45.5,2021-05-01
7,2021,6,27.19333333333333,29.2,25.0,145.0,22,10.62481212962963,19.430999999999997,4.036,35.2,2021-06-01
7,2021,7,26.89032258064516,28.5,24.9,184.9,25,10.032344086021507,17.98032258064516,3.714193548387097,44.2,2021-07-01
7,2021,8,26.580645161290324,28.1,24.7,165.8,27,9.761789068100358,18.605483870967742,3.7312903225806453,37.9,2021-08-01
7,2021,9,26.790000000000003,28.8,25.0,180.20000000000002,26,9.980066574074074,18.912666666666667,3.8513333333333333,47.1,2021-09-01
7,2021,10,26.770967741935483,28.9,24.2,184.3,23,9.40131747311828,19.155483870967743,3.947741935483871,38.9,2021-10-01
7,2021,11,26.256666666666668,29.9,23.9,315.9,25,8.493547592592591,16.933333333333334,3.545,35.8,2021-11-01
7,2021,12,26.141935483870967,30.0,22.4,134.70000000000002,20,9.42375958781362,18.67806451612903,3.7845161290322578,30.7,2021-12-01
7,2022,1,25.825806451612905,29.2,21.2,73.4,18,10.2367664874552,20.596451612903227,4.06,28.7,2022-01-01
7,2022,2,26.37142857142857,30.3,23.2,35.2,12,10.116696329365078,21.474285714285713,4.357142857142857,26.9,2022-02-01
7,2022,3,27.116129032258065,30.5,24.1,67.9,16,9.956753584229393,21.84225806451613,4.471290322580645,31.8,2022-03-01
7,2022,4,27.226666666666667,30.2,24.5,109.6,24,10.477814722222226,21.672,4.350666666666667,28.6,2022-04-01
7,2022,5,27.141935483870967,30.0,24.5,318.5,29,9.3052311827957,18.63,4.046129032258064,40.7,2022-05-01
7,2022,6,26.84333333333333,28.7,24.0,122.6,23,10.048722777777778,19.005999999999997,4.091666666666667,42.9,2022-06-01
7,2022,7,26.75483870967742,28.6,24.6,63.400000000000006,14,9.591673566308245,19.455161290322582,4.065806451612904,42.6,2022-07-01
7,2022,8,26.26451612903226,28.0,23.9,160.3,22,10.051497401433693,20.493225806451612,4.107096774193548,45.9,2022-08-01
7,2022,9,26.506666666666668,28.8,23.9,101.4,17,10.256843703703705,22.11733333333333,4.480666666666666,36.8,2022-09-01
7,2022,10,26.225806451612904,28.8,24.2,187.7,25,9.176863351254479,18.618709677419353,3.853548387096774,42.1,2022-10-01
7,2022,11,26.11,29.8,23.3,169.9,17,9.073305185185184,18.77,3.7550000000000003,31.4,2022-11-01
7,2022,12,25.806451612903224,29.1,23.3,189.6,18,8.736843548387096,17.26774193548387,3.583548387096774,36.8,2022-12-01
7,2023,1,25.383870967741935,29.0,21.5,72.0,12,9.802225268817205,19.611612903225808,3.9312903225806455,27.7,2023-01-01
7,2023,2,25.967857142857145,29.6,23.2,92.3,14,10.11920912698413,21.0125,4.285357142857142,33.5,2023-02-01
7,2023,3,26.651612903225807,29.9,23.9,114.7,17,10.277782706093191,22.01483870967742,4.413870967741936,34.7,2023-03-01
7,2023,4,27.456666666666667,30.2,24.4,88.80000000000001,15,10.341777592592592,22.459333333333333,4.524666666666667,25.6,2023-04-01
7,2023,5,27.729032258064517,30.0,23.9,135.3,22,9.594600985663082,19.56096774193548,4.1651612903225805,34.2,2023-05-01
7,2023,6,27.35,29.3,24.4,99.6,24,10.671867129629627,19.942999999999998,4.251,36.5,2023-06-01
7,2023,7,26.967741935483872,28.6,23.9,164.3,21,9.82879023297491,19.238709677419354,4.030645161290322,37.5,2023-07-01
7,2023,8,27.419354838709676,29.0,24.6,85.8,19,10.851102329749102,22.30354838709677,4.723225806451612,34.8,2023-08-01
7,2023,9,26.783333333333335,29.2,24.5,477.8,29,7.97825212962963,17.13266666666667,3.7766666666666664,38.7,2023-09-01
7,2023,10,26.23225806451613,29.1,23.9,386.5,29,7.269113172043011,16.629677419354838,3.351290322580645,25.2,2023-10-01
7,2023,11,26.233333333333334,29.8,24.2,357.6,28,8.719942777777778,17.38566666666667,3.3986666666666663,26.1,2023-11-01
7,2023,12,26.5258064516129,30.4,24.1,301.90000000000003,25,8.206366218637994,16.37290322580645,3.5100000000000002,35.0,2023-12-01
7,2024,1,26.45483870967742,30.3,22.9,170.8,18,9.289084677419357,19.140967741935484,4.072258064516129,34.3,2024-01-01
7,2024,2,27.644827586206898,31.6,23.6,23.1,6,10.954009195402298,22.785172413793102,5.1017241379310345,36.2,2024-02-01
7,2024,3,27.603225806451615,30.8,24.5,65.6,10,10.910932078853047,23.602903225806454,4.861612903225807,28.4,2024-03-01
7,2024,4,28.25,31.6,25.5,97.4,20,10.396706203703705,22.366666666666667,4.566999999999999,30.3,2024-04-01
7,2024,5,27.90967741935484,31.3,25.5,410.4,28,8.830167025089606,18.026129032258066,3.8283870967741938,48.3,2024-05-01
7,2024,6,27.525,29.1,25.6,82.89999999999999,8,9.117056944444444,18.0225,3.925,29.2,2024-06-01
8,2010,1,26.051612903225806,30.7,22.4,47.599999999999994,7,10.428202150537635,19.687419354838706,4.202903225806451,25.8,2010-01-01
8,2010,2,26.803571428571427,31.7,22.5,8.5,3,10.373052976190476,21.996785714285714,4.839642857142857,23.6,2010-02-01
8,2010,3,28.248387096774195,33.2,23.3,41.4,7,11.07185788530466,23.390967741935484,5.302903225806452,24.5,2010-03-01
8,2010,4,28.083333333333332,33.2,25.1,133.9,26,10.21244509259259,20.967,4.402,19.0,2010-04-01
8,2010,5,27.919354838709676,32.0,25.5,118.10000000000001,20,9.92515958781362,18.76290322580645,4.101935483870967,30.6,2010-05-01
8,2010,6,27.696666666666665,32.3,25.1,48.3,13,10.013442407407409,18.695,4.401666666666667,34.6,2010-06-01
8,2010,7,27.932258064516127,33.5,24.7,22.2,7,10.522339336917563,19.85,4.959677419354839,33.4,2010-07-01
8,2010,8,28.09032258064516,34.1,24.9,20.1,4,10.093864874551972,19.217741935483872,5.228709677419355,35.8,2010-08-01
8,2010,9,27.616666666666667,33.8,23.4,75.8,16,9.410867685185185,19.041,4.723333333333333,31.0,2010-09-01
8,2010,10,27.561290322580643,33.0,23.8,50.400000000000006,10,10.251442204301073,19.983548387096775,4.883548387096774,32.8,2010-10-01
8,2010,11,26.21333333333333,31.4,23.4,336.09999999999997,21,9.230824999999998,16.326666666666668,3.4763333333333337,27.9,2010-11-01
8,2010,12,25.406451612903226,29.8,21.8,357.40000000000003,21,7.302056003584229,14.05774193548387,2.9248387096774193,26.1,2010-12-01
8,2011,1,24.91290322580645,29.0,20.3,264.8,18,7.888063351254481,15.851612903225806,3.2196774193548388,26.6,2011-01-01
8,2011,2,25.62857142857143,29.9,22.7,139.2,15,8.881386904761905,17.773928571428574,3.628214285714286,17.3,2011-02-01
8,2011,3,26.55483870967742,31.4,21.4,60.5,15,10.572293906810035,21.651935483870968,4.397096774193549,20.6,2011-03-01
8,2011,4,26.923333333333336,31.3,23.3,149.8,19,10.158442314814815,20.444,4.2236666666666665,25.4,2011-04-01
8,2011,5,27.66774193548387,31.4,24.9,35.4,13,11.017323745519711,21.544516129032257,4.686451612903226,30.3,2011-05-01
8,2011,6,28.220000000000002,33.1,25.5,11.1,3,11.16421768518518,21.304333333333332,5.277666666666666,31.4,2011-06-01
8,2011,7,27.919354838709676,33.1,25.1,14.3,5,10.755503763440858,20.137096774193548,5.127741935483871,33.5,2011-07-01
8,2011,8,27.712903225806453,32.7,24.2,47.2,15,10.653550806451616,20.142258064516128,4.985806451612904,32.4,2011-08-01
8,2011,9,27.846666666666668,33.2,24.9,52.8,10,10.56818685185185,21.311333333333334,5.183666666666666,29.1,2011-09-01
8,2011,10,27.48709677419355,33.3,23.9,175.8,17,9.647724014336918,19.534193548387098,4.537096774193548,25.8,2011-10-01
8,2011,11,26.203333333333333,30.1,23.9,166.3,20,8.769968148148148,16.400333333333332,3.375,28.3,2011-11-01
8,2011,12,25.729032258064517,30.0,21.6,238.6,18,8.206490501792114,16.116129032258065,3.323225806451613,24.8,2011-12-01
8,2012,1,25.796774193548387,30.0,19.0,21.7,5,10.6782414874552,20.539032258064516,4.381290322580645,21.8,2012-01-01
8,2012,2,26.420689655172417,31.5,22.6,39.7,10,10.045234578544061,20.68655172413793,4.563448275862069,24.7,2012-02-01
8,2012,3,27.429032258064513,32.7,23.4,58.800000000000004,9,11.024695788530465,22.990000000000002,4.893870967741936,19.2,2012-03-01
8,2012,4,27.223333333333336,31.4,23.9,107.2,23,10.116010555555558,20.07766666666667,4.157666666666667,25.9,2012-04-01
8,2012,5,28.451612903225808,33.5,25.2,9.4,5,11.052622491039426,22.815806451612904,5.620322580645161,32.9,2012-05-01
8,2012,6,27.926666666666666,33.1,24.7,19.900000000000002,7,10.735359814814814,19.738,4.971666666666667,33.1,2012-06-01
8,2012,7,28.280645161290323,34.0,24.6,11.0,4,11.038911021505376,21.039677419354838,5.49,35.0,2012-07-01
8,2012,8,27.822580645161292,33.1,24.8,38.6,12,10.76986406810036,20.70935483870968,5.1170967741935485,31.0,2012-08-01
8,2012,9,27.646666666666665,33.1,24.4,64.2,18,10.451758333333334,20.273,4.843,31.5,2012-09-01
8,2012,10,26.787096774193547,32.7,23.9,276.9,25,9.129148566308244,17.88,3.895483870967742,31.3,2012-10-01
8,2012,11,26.2,30.3,23.3,247.3,25,9.311785462962963,16.915,3.417333333333333,23.1,2012-11-01
8,2012,12,25.593548387096774,29.4,22.1,135.8,21,9.015686021505378,16.083548387096773,3.240645161290322,23.5,2012-12-01
8,2013,1,25.54516129032258,30.3,22.0,135.7,11,8.72414005376344,17.425161290322578,3.764516129032258,23.8,2013-01-01
8,2013,2,26.157142857142855,30.6,22.5,87.6,11,9.725597222222223,20.03,4.1450000000000005,28.0,2013-02-01
8,2013,3,27.009677419354837,31.3,23.2,100.39999999999999,20,10.438576612903224,21.036774193548386,4.311612903225806,22.1,2013-03-01
8,2013,4,28.263333333333332,32.8,24.6,57.599999999999994,12,10.832960370370367,22.09333333333333,4.751666666666667,18.6,2013-04-01
8,2013,5,27.967741935483872,32.6,25.2,64.6,12,9.7500417562724,19.595161290322583,4.530322580645161,32.8,2013-05-01
8,2013,6,27.39333333333333,31.5,25.0,36.1,11,10.345833240740738,18.233,4.596333333333333,34.2,2013-06-01
8,2013,7,27.729032258064517,32.7,24.8,9.5,4,10.993443548387097,20.02064516129032,5.17225806451613,32.6,2013-07-01
8,2013,8,27.86774193548387,33.3,24.5,9.2,2,11.159666129032258,21.683870967741935,5.531612903225806,33.8,2013-08-01
8,2013,9,27.476666666666667,32.7,24.8,32.5,11,10.217230462962961,20.032666666666668,4.8919999999999995,31.2,2013-09-01
8,2013,10,27.20967741935484,33.0,24.3,87.1,17,10.34597786738351,19.85451612903226,4.581935483870968,30.0,2013-10-01
8,2013,11,26.44333333333333,30.8,23.4,131.8,19,10.331969444444443,18.847666666666665,3.857666666666667,20.2,2013-11-01
8,2013,12,25.75483870967742,30.1,22.7,104.2,12,8.657795967741936,16.28,3.4899999999999998,29.5,2013-12-01
8,2014,1,26.019354838709678,30.3,22.3,27.0,7,10.378214068100359,19.678709677419352,4.3187096774193545,24.8,2014-01-01
8,2014,2,27.092857142857145,32.3,21.5,13.3,4,11.065099404761906,23.37142857142857,5.521428571428571,26.6,2014-02-01
8,2014,3,28.31935483870968,34.3,22.7,11.5,3,11.004774103942653,24.243548387096773,5.989677419354839,27.9,2014-03-01
8,2014,4,28.263333333333332,33.8,24.4,102.2,16,10.882646111111113,22.02466666666667,4.836666666666667,18.8,2014-04-01
8,2014,5,28.03548387096774,32.7,24.9,105.1,13,10.31968906810036,20.17032258064516,4.559032258064516,32.4,2014-05-01
8,2014,6,28.956666666666667,34.8,25.3,6.2,3,10.92532425925926,20.266666666666666,5.640333333333333,35.0,2014-06-01
8,2014,7,28.53548387096774,34.2,25.7,9.4,3,11.138830555555556,20.767096774193547,5.718709677419355,34.7,2014-07-01
8,2014,8,27.919354838709676,33.1,24.8,23.0,6,10.534236290322584,20.25483870967742,5.220967741935484,32.2,2014-08-01
8,2014,9,27.64,33.0,24.5,49.5,16,10.800027222222221,21.287666666666667,5.104666666666666,31.0,2014-09-01
8,2014,10,26.690322580645162,31.5,23.9,274.1,27,9.755353046594983,18.092903225806452,3.8306451612903225,29.0,2014-10-01
8,2014,11,26.063333333333333,30.6,22.1,213.7,19,8.415622222222222,16.21333333333333,3.3419999999999996,22.4,2014-11-01
8,2014,12,25.63225806451613,30.1,22.1,447.90000000000003,23,7.18416129032258,13.951935483870967,2.8483870967741933,22.2,2014-12-01
8,2015,1,26.006451612903227,30.3,21.8,16.599999999999998,6,10.588649910394265,19.878387096774194,4.264193548387096,21.7,2015-01-01
8,2015,2,26.192857142857143,30.9,21.6,55.8,7,10.70329880952381,21.418928571428573,4.600714285714285,25.5,2015-02-01
8,2015,3,27.061290322580643,32.0,22.3,62.6,9,10.655517831541221,23.352580645161293,4.973870967741935,22.7,2015-03-01
8,2015,4,27.206666666666667,31.6,24.2,188.9,23,10.270781759259258,21.084333333333333,4.331666666666666,15.3,2015-04-01
8,2015,5,27.725806451612904,31.8,25.2,86.0,19,10.510441577060934,20.211612903225806,4.284516129032258,28.7,2015-05-01
8,2015,6,28.323333333333334,32.6,25.2,34.0,6,10.887155185185184,20.546,4.894,31.4,2015-06-01
8,2015,7,28.29032258064516,33.0,25.1,15.1,5,10.98419811827957,20.83967741935484,5.361612903225807,35.1,2015-07-01
8,2015,8,27.967741935483872,34.2,24.8,43.6,15,10.808165053763444,20.90838709677419,5.050645161290323,34.2,2015-08-01
8,2015,9,27.353333333333335,33.4,24.5,139.5,23,9.807605370370371,18.557666666666666,4.241666666666666,30.3,2015-09-01
8,2015,10,26.809677419354838,31.7,24.1,315.1,23,8.706631451612905,17.56096774193548,3.6693548387096775,23.0,2015-10-01
8,2015,11,26.376666666666665,30.5,23.4,214.0,24,8.841703611111111,16.276333333333334,3.3143333333333334,21.6,2015-11-01
8,2015,12,26.148387096774194,29.7,22.6,175.6,20,9.60390107526882,16.773870967741935,3.4132258064516128,25.5,2015-12-01
8,2016,1,26.816129032258065,31.6,22.1,9.9,3,10.723548924731183,20.625806451612902,4.639354838709677,24.5,2016-01-01
8,2016,2,27.417241379310347,32.1,23.1,16.2,7,10.539469540229883,21.26137931034483,4.892758620689655,27.0,2016-02-01
8,2016,3,28.583870967741937,34.1,23.2,26.3,4,11.1796646953405,24.16,5.521612903225806,25.2,2016-03-01
8,2016,4,28.69,33.4,25.3,71.60000000000001,23,10.872729722222223,22.201666666666664,4.718999999999999,21.9,2016-04-01
8,2016,5,27.76451612903226,32.0,25.0,338.7,25,8.944506630824373,17.015806451612903,3.7161290322580647,32.2,2016-05-01
8,2016,6,27.86,31.9,25.3,21.6,11,10.402058888888888,19.478666666666665,4.678333333333333,32.8,2016-06-01
8,2016,7,28.116129032258065,33.8,24.9,36.0,7,10.832713082437277,20.616129032258065,5.29258064516129,35.7,2016-07-01
8,2016,8,28.203225806451613,33.6,25.1,9.9,4,11.029776702508961,21.669677419354837,5.62,33.2,2016-08-01
8,2016,9,28.11,33.1,24.7,5.3,2,10.914562592592592,22.070333333333334,5.755,31.6,2016-09-01
8,2016,10,28.032258064516128,33.9,24.7,45.0,8,10.910606451612901,21.37,5.314193548387097,29.8,2016-10-01
8,2016,11,26.470000000000002,31.9,23.7,153.1,20,8.343525648148146,15.757666666666667,3.3393333333333333,20.8,2016-11-01
8,2016,12,26.5258064516129,31.5,22.0,49.7,11,10.615360931899641,18.955161290322582,4.074193548387097,27.8,2016-12-01
8,2017,1,26.59032258064516,33.6,22.1,82.0,11,10.142717562724014,19.18967741935484,4.8748387096774195,30.0,2017-01-01
8,2017,2,26.707142857142856,33.6,22.3,56.2,9,9.936660615079365,20.775714285714287,5.1746428571428575,35.3,2017-02-01
8,2017,3,27.216129032258067,32.0,23.4,96.3,20,10.816032347670252,21.532258064516128,4.538064516129032,27.1,2017-03-01
8,2017,4,28.753333333333334,35.2,24.9,60.5,17,10.919239722222224,22.704666666666665,5.287333333333334,27.3,2017-04-01
8,2017,5,28.574193548387097,34.4,24.6,46.2,19,10.454475806451613,20.12709677419355,5.041290322580645,35.0,2017-05-01
8,2017,6,28.186666666666667,34.2,25.1,33.7,11,10.702940648148148,19.695666666666668,5.081666666666666,33.4,2017-06-01
8,2017,7,28.903225806451612,35.2,25.1,32.4,11,10.789581989247312,20.589032258064517,5.8835483870967735,33.8,2017-07-01
8,2017,8,28.39032258064516,35.1,24.4,30.799999999999997,11,10.525010215053763,20.578064516129032,5.5925806451612905,34.9,2017-08-01
8,2017,9,27.546666666666667,33.1,24.7,61.0,21,10.134021666666667,19.283333333333335,4.675333333333333,30.2,2017-09-01
8,2017,10,27.774193548387096,33.4,24.4,88.4,20,10.47343584229391,19.758709677419354,4.804516129032258,30.7,2017-10-01
8,2017,11,26.383333333333333,31.8,23.3,504.8,26,7.4261426851851855,14.508000000000001,3.163,38.0,2017-11-01
8,2017,12,26.203225806451613,30.7,22.8,123.5,17,9.840625627240144,17.379354838709677,3.906774193548387,28.0,2017-12-01
8,2018,1,26.287096774193547,32.6,20.4,64.0,7,9.91333028673835,19.26322580645161,4.635806451612903,30.8,2018-01-01
8,2018,2,26.460714285714285,31.7,22.9,39.7,13,10.648320535714285,21.116785714285715,4.885714285714286,29.9,2018-02-01
8,2018,3,27.067741935483873,32.1,23.4,103.0,18,9.80362894265233,20.326129032258066,4.369032258064516,24.9,2018-03-01
8,2018,4,27.423333333333336,31.2,24.1,131.3,25,9.971874351851852,19.761333333333333,4.131666666666667,21.2,2018-04-01
8,2018,5,27.280645161290323,32.3,24.6,176.3,24,8.513913620071685,16.726129032258065,3.7312903225806453,31.0,2018-05-01
8,2018,6,27.30666666666667,32.0,24.6,75.4,23,10.93413611111111,19.331,4.422666666666667,34.7,2018-06-01
8,2018,7,28.103225806451615,34.2,24.6,23.3,10,10.988374462365591,20.865806451612904,5.603225806451612,34.7,2018-07-01
8,2018,8,28.016129032258064,34.4,24.7,18.0,6,10.545999462365593,21.159354838709678,5.7867741935483865,37.8,2018-08-01
8,2018,9,27.84,35.1,24.2,57.400000000000006,14,10.876426666666664,21.771333333333335,5.3693333333333335,33.1,2018-09-01
8,2018,10,26.403225806451612,31.2,22.9,269.4,25,9.036664605734767,17.92290322580645,3.6525806451612906,24.1,2018-10-01
8,2018,11,26.19,31.5,22.5,169.0,26,9.261283425925926,17.003333333333334,3.4963333333333333,22.3,2018-11-01
8,2018,12,26.141935483870967,30.7,22.6,64.5,14,9.262335215053765,17.594193548387096,3.770967741935484,24.7,2018-12-01
8,2019,1,26.822580645161292,34.0,20.9,20.2,7,10.495662455197131,20.42032258064516,5.179032258064517,27.5,2019-01-01
8,2019,2,27.224999999999998,32.8,23.0,193.2,12,10.570132043650794,20.635357142857142,4.869642857142857,31.9,2019-02-01
8,2019,3,27.799999999999997,33.1,23.7,45.1,12,10.896386111111111,22.569032258064517,5.208064516129032,28.5,2019-03-01
8,2019,4,28.236666666666668,33.0,24.5,69.5,20,9.58933611111111,20.234333333333332,4.480666666666666,27.3,2019-04-01
8,2019,5,28.506451612903227,33.8,25.0,53.4,13,10.587299193548386,20.32709677419355,4.9319354838709675,32.2,2019-05-01
8,2019,6,28.653333333333332,33.7,24.9,56.4,18,10.307734537037035,19.045,4.993666666666667,32.9,2019-06-01
8,2019,7,28.283870967741933,33.9,24.8,41.8,16,10.618882168458784,19.73032258064516,5.094193548387096,39.6,2019-07-01
8,2019,8,27.31935483870968,32.6,23.4,107.8,26,9.461249103942654,17.11064516129032,4.154193548387097,31.8,2019-08-01
8,2019,9,26.803333333333335,33.7,24.0,151.1,27,8.88439324074074,17.801666666666666,3.9189999999999996,28.0,2019-09-01
8,2019,10,26.141935483870967,30.5,23.4,312.4,30,7.527944354838711,15.846774193548388,3.2603225806451617,22.7,2019-10-01
8,2019,11,26.28666666666667,30.6,23.3,192.1,28,9.711160555555555,17.834666666666667,3.5873333333333335,23.7,2019-11-01
8,2019,12,26.05806451612903,30.4,23.4,152.5,21,8.822471236559139,16.148064516129033,3.4374193548387098,25.5,2019-12-01
8,2020,1,26.896774193548385,32.1,22.2,25.5,10,10.84177141577061,20.85258064516129,5.0280645161290325,26.9,2020-01-01
8,2020,2,27.272413793103446,32.9,22.3,77.5,8,10.980483812260537,22.303448275862067,5.568620689655173,32.0,2020-02-01
8,2020,3,28.04516129032258,32.8,23.8,13.5,5,10.986648028673835,23.620967741935484,5.520967741935484,31.0,2020-03-01
8,2020,4,28.39333333333333,33.5,22.9,70.1,20,10.536182222222223,21.532666666666668,4.795,28.0,2020-04-01
8,2020,5,28.44516129032258,33.0,25.0,70.8,18,9.969307437275988,18.919677419354837,4.519032258064517,35.0,2020-05-01
8,2020,6,28.8,35.0,25.5,27.3,10,10.240060925925926,19.756666666666668,5.238333333333333,33.1,2020-06-01
8,2020,7,27.958064516129035,33.1,24.3,91.4,21,9.74417965949821,18.051935483870967,4.5764516129032256,30.6,2020-07-01
8,2020,8,28.04516129032258,33.9,24.8,48.8,13,10.112031899641575,20.41483870967742,5.131935483870968,33.0,2020-08-01
8,2020,9,27.476666666666667,32.7,24.4,61.0,20,9.170783611111112,17.740666666666666,4.467,32.8,2020-09-01
8,2020,10,28.270967741935483,34.8,24.2,32.0,12,10.873303046594982,21.567419354838712,5.587096774193548,34.4,2020-10-01
8,2020,11,27.033333333333335,32.8,23.9,193.7,20,9.739879629629629,17.827,3.8426666666666667,26.6,2020-11-01
8,2020,12,26.529032258064515,32.2,23.2,111.2,19,9.530052150537633,17.36258064516129,3.8451612903225807,29.0,2020-12-01
8,2021,1,25.95483870967742,31.3,22.4,178.1,21,8.559459139784945,16.493870967741934,3.605483870967742,24.6,2021-01-01
8,2021,2,27.025000000000002,32.6,22.2,23.6,9,10.597785218253968,21.2525,5.148214285714286,29.6,2021-02-01
8,2021,3,27.177419354838708,33.2,22.8,115.8,20,8.7965458781362,19.215483870967745,4.4712903225806455,27.7,2021-03-01
8,2021,4,28.279999999999998,35.2,23.5,47.3,17,10.70376111111111,21.795666666666666,5.011,25.6,2021-04-01
8,2021,5,28.27741935483871,34.2,24.2,90.5,22,9.983440143369174,19.175806451612903,4.670967741935484,37.7,2021-05-01
8,2021,6,28.423333333333336,36.5,25.1,29.7,10,10.990465092592594,20.576,5.474666666666667,31.2,2021-06-01
8,2021,7,28.11935483870968,34.3,24.9,41.3,12,10.315565501792117,19.66774193548387,5.24,35.3,2021-07-01
8,2021,8,27.87741935483871,33.9,24.1,53.3,17,10.103750985663082,19.838387096774195,5.194516129032258,33.0,2021-08-01
8,2021,9,27.93,34.1,24.6,49.1,19,10.289909166666666,20.487333333333332,5.147666666666667,38.9,2021-09-01
8,2021,10,27.31935483870968,33.2,23.5,145.5,19,9.727655645161288,19.004516129032258,4.490967741935484,34.4,2021-10-01
8,2021,11,26.476666666666667,33.5,23.0,235.8,23,8.614304814814817,16.900333333333332,3.832333333333333,28.9,2021-11-01
8,2021,12,26.296774193548387,32.1,22.9,125.2,19,9.382219713261646,18.344193548387096,4.177096774193549,24.8,2021-12-01
8,2022,1,26.529032258064515,32.2,21.0,44.9,17,10.497216666666668,20.104193548387098,4.627419354838709,29.2,2022-01-01
8,2022,2,27.196428571428573,33.6,22.9,43.5,9,10.21722222222222,21.576428571428572,5.293928571428571,27.7,2022-02-01
8,2022,3,27.654838709677417,33.8,23.6,69.6,17,9.997403763440861,21.499354838709678,4.937741935483871,31.9,2022-03-01
8,2022,4,27.523333333333333,33.5,23.8,81.1,22,10.621186851851851,21.509,4.593999999999999,22.2,2022-04-01
8,2022,5,27.796774193548387,34.2,23.7,122.7,20,10.059169086021507,20.225483870967743,4.896451612903226,34.0,2022-05-01
8,2022,6,27.636666666666667,33.2,24.4,44.4,12,10.404970277777776,19.962333333333333,4.929,37.8,2022-06-01
8,2022,7,28.12258064516129,34.4,24.1,113.1,15,9.807689157706093,19.806451612903224,5.387419354838709,36.1,2022-07-01
8,2022,8,27.51290322580645,33.1,23.8,61.2,10,10.257982974910394,21.044838709677418,5.373548387096775,35.5,2022-08-01
8,2022,9,27.553333333333335,34.5,23.5,35.3,12,10.55453703703704,22.265666666666668,5.497,35.1,2022-09-01
8,2022,10,27.225806451612904,34.1,23.4,102.0,18,9.658822849462366,19.73741935483871,4.840967741935484,35.3,2022-10-01
8,2022,11,26.37,33.1,22.7,215.5,21,8.641378425925925,17.935333333333336,3.9099999999999997,26.7,2022-11-01
8,2022,12,25.929032258064513,31.6,22.9,196.5,23,8.690393637992834,16.968064516129033,3.7806451612903227,28.5,2022-12-01
8,2023,1,26.23225806451613,32.4,21.5,76.7,12,9.344862724014337,19.056774193548385,4.843870967741935,28.0,2023-01-01
8,2023,2,26.682142857142857,33.0,22.8,82.0,17,10.173335714285715,21.080714285714286,5.049285714285714,27.3,2023-02-01
8,2023,3,27.248387096774195,32.4,23.3,88.3,18,9.982590681003584,21.441290322580645,4.857096774193548,30.2,2023-03-01
8,2023,4,28.11,33.3,24.0,97.0,15,10.23348824074074,22.179666666666666,4.927666666666667,26.6,2023-04-01
8,2023,5,28.396774193548385,34.3,24.9,76.9,15,9.69702535842294,19.815161290322582,4.791290322580645,31.8,2023-05-01
8,2023,6,28.743333333333332,34.0,25.0,16.2,7,10.967826481481481,21.244333333333334,5.731333333333334,33.5,2023-06-01
8,2023,7,28.212903225806453,34.2,23.8,50.2,15,10.222987903225807,20.13774193548387,5.394516129032258,33.4,2023-07-01
8,2023,8,28.69677419354839,34.0,24.6,22.2,11,10.971310394265235,22.639032258064514,6.001290322580645,33.6,2023-08-01
8,2023,9,26.84333333333333,31.5,23.9,179.2,28,9.357648888888889,19.355,4.2843333333333335,36.8,2023-09-01
8,2023,10,26.148387096774194,30.0,23.0,310.3,31,8.11890663082437,17.038064516129033,3.4803225806451614,24.3,2023-10-01
8,2023,11,26.006666666666668,30.5,23.0,301.9,29,8.503475648148148,16.697333333333333,3.3406666666666665,23.4,2023-11-01
8,2023,12,26.248387096774195,30.8,23.4,268.0,24,8.364745698924732,16.03290322580645,3.4403225806451614,28.8,2023-12-01
8,2024,1,26.361290322580647,31.7,21.9,195.29999999999998,17,9.417189068100358,18.78483870967742,4.22741935483871,25.5,2024-01-01
8,2024,2,27.844827586206897,33.2,23.6,39.0,11,10.949418678160919,22.308275862068967,5.548620689655173,29.0,2024-02-01
8,2024,3,28.0,33.9,23.0,74.89999999999999,10,10.612541666666665,23.19677419354839,5.269354838709678,29.3,2024-03-01
8,2024,4,28.473333333333336,33.8,24.6,113.7,18,10.419575925925926,22.12366666666667,4.7540000000000004,28.4,2024-04-01
8,2024,5,28.141935483870967,33.0,24.8,215.3,24,9.215399193548388,18.927419354838708,4.2051612903225815,40.0,2024-05-01
8,2024,6,27.5875,30.4,24.8,31.299999999999997,8,9.632955555555556,18.62375,4.08875,29.8,2024-06-01
9,2010,1,25.81935483870968,28.2,23.7,44.699999999999996,5,10.377659498207883,19.1,4.5125806451612895,31.1,2010-01-01
9,2010,2,26.446428571428573,30.1,23.9,0.0,0,10.425433531746034,21.349285714285713,5.123571428571429,31.2,2010-02-01
9,2010,3,28.396774193548385,32.2,23.6,4.9,2,11.315465322580646,24.121935483870967,5.724838709677419,28.3,2010-03-01
9,2010,4,29.84333333333333,33.7,26.5,49.0,10,11.047695833333332,23.064,5.510000000000001,28.8,2010-04-01
9,2010,5,29.76774193548387,33.5,25.9,71.2,10,10.453431451612904,21.526129032258062,5.346451612903226,48.0,2010-05-01
9,2010,6,29.15666666666667,32.7,26.8,53.8,14,10.311129629629631,20.446666666666665,5.290666666666667,47.1,2010-06-01
9,2010,7,28.774193548387096,31.4,26.5,27.599999999999998,12,9.803093637992832,19.330967741935485,5.073870967741935,40.1,2010-07-01
9,2010,8,28.36774193548387,32.8,25.3,146.2,14,9.124172670250896,18.716451612903228,4.726774193548387,39.8,2010-08-01
9,2010,9,27.626666666666665,30.2,24.7,96.2,14,9.747372314814815,19.534333333333333,4.441333333333334,37.0,2010-09-01
9,2010,10,27.541935483870965,29.8,24.4,171.9,16,10.01546747311828,19.365161290322582,4.365806451612904,37.4,2010-10-01
9,2010,11,26.32,29.1,24.1,341.1,27,8.416083425925926,14.873333333333333,3.204,31.7,2010-11-01
9,2010,12,25.361290322580647,27.9,22.3,432.7,23,7.088018996415772,12.110967741935484,3.0103225806451612,44.1,2010-12-01
9,2011,1,25.096774193548388,27.1,22.2,243.70000000000002,16,7.540224910394266,14.189354838709678,3.56,39.8,2011-01-01
9,2011,2,25.710714285714285,29.1,23.0,98.8,11,9.305483234126985,17.731785714285714,4.096785714285714,35.8,2011-02-01
9,2011,3,27.509677419354837,31.6,23.2,6.2,2,11.301879121863799,23.606129032258064,5.309032258064516,30.5,2011-03-01
9,2011,4,28.316666666666666,32.0,25.1,158.29999999999998,15,10.430242314814814,21.276666666666664,4.881333333333333,30.4,2011-04-01
9,2011,5,29.080645161290324,31.7,26.9,8.6,2,11.527615501792113,24.787419354838708,5.851612903225806,40.8,2011-05-01
9,2011,6,29.25,32.4,27.8,7.6,2,10.613349537037037,21.517666666666667,5.705,44.2,2011-06-01
9,2011,7,28.583870967741937,32.1,25.1,63.0,13,10.176827956989246,19.798387096774192,5.0687096774193545,43.6,2011-07-01
9,2011,8,28.26451612903226,31.0,25.5,62.4,19,10.591882258064517,20.46677419354839,5.085806451612903,41.5,2011-08-01
9,2011,9,28.396666666666665,31.1,26.5,47.4,15,10.329116296296297,21.109333333333332,5.226333333333333,41.0,2011-09-01
9,2011,10,27.37741935483871,31.0,24.7,329.0,24,9.140053494623658,17.758709677419354,3.954838709677419,29.1,2011-10-01
9,2011,11,26.186666666666667,28.3,23.9,253.6,24,9.256700092592592,15.501333333333333,3.344,34.2,2011-11-01
9,2011,12,25.758064516129032,28.2,21.8,113.6,14,8.768393458781361,15.191612903225806,3.7790322580645164,41.7,2011-12-01
9,2012,1,25.345161290322583,27.8,21.3,11.5,4,10.475008064516128,19.194193548387098,4.51,32.9,2012-01-01
9,2012,2,26.43793103448276,30.1,24.4,6.2,3,10.669335249042145,20.662068965517243,4.941724137931034,34.4,2012-02-01
9,2012,3,28.141935483870967,32.3,24.3,6.5,1,11.244798924731183,23.826129032258066,5.49483870967742,25.6,2012-03-01
9,2012,4,28.916666666666668,32.0,25.8,47.1,8,10.698642777777776,21.87066666666667,5.201333333333333,34.8,2012-04-01
9,2012,5,29.296774193548387,32.3,27.5,3.4,1,11.458102508960568,24.330645161290324,5.921612903225806,46.5,2012-05-01
9,2012,6,28.9,31.6,26.9,8.3,2,11.223533333333334,22.561666666666667,5.747,44.5,2012-06-01
9,2012,7,28.906451612903226,32.3,26.2,34.6,7,10.942090232974909,21.629354838709677,5.581290322580646,40.1,2012-07-01
9,2012,8,28.370967741935484,30.8,26.5,41.0,13,10.714915949820789,21.30870967741935,5.523870967741936,40.9,2012-08-01
9,2012,9,28.55666666666667,32.1,24.9,44.9,10,10.206642222222222,21.297666666666665,5.394333333333334,38.2,2012-09-01
9,2012,10,27.016129032258064,31.1,24.4,446.2,24,8.284370340501793,16.96451612903226,3.9358064516129034,42.5,2012-10-01
9,2012,11,26.64333333333333,29.0,23.4,73.7,13,10.059879537037038,17.870333333333335,4.192,41.6,2012-11-01
9,2012,12,26.01290322580645,28.3,22.5,125.3,14,9.290593458781363,15.16451612903226,3.787741935483871,39.6,2012-12-01
9,2013,1,25.774193548387096,27.7,24.0,65.8,3,9.512334229390682,16.94161290322581,4.345483870967742,31.9,2013-01-01
9,2013,2,26.37142857142857,28.8,24.3,43.3,7,10.267869543650793,19.8775,4.6657142857142855,29.5,2013-02-01
9,2013,3,27.65806451612903,32.2,24.9,48.2,6,10.950543369175628,22.429032258064513,5.0929032258064515,26.6,2013-03-01
9,2013,4,29.726666666666667,33.3,26.8,10.8,4,11.298274074074072,23.732000000000003,5.761,31.6,2013-04-01
9,2013,5,29.616129032258065,33.2,26.6,32.6,5,10.957225716845878,23.056774193548385,5.876774193548387,45.7,2013-05-01
9,2013,6,28.69333333333333,30.9,26.3,28.099999999999998,8,10.670898333333334,20.319333333333336,5.362,41.8,2013-06-01
9,2013,7,28.4,31.7,26.7,17.599999999999998,7,9.742281093189964,19.238709677419354,5.120967741935484,43.0,2013-07-01
9,2013,8,28.038709677419355,31.8,25.0,53.0,14,10.14359865591398,20.49290322580645,4.960645161290323,39.6,2013-08-01
9,2013,9,27.853333333333335,30.7,24.7,75.4,10,9.759768518518518,20.368999999999996,4.971666666666667,40.6,2013-09-01
9,2013,10,27.925806451612903,31.0,24.5,70.7,11,9.975325448028672,20.26451612903226,4.965483870967742,36.1,2013-10-01
9,2013,11,26.44,29.5,23.6,143.0,18,9.903110648148148,16.793333333333333,3.825,40.2,2013-11-01
9,2013,12,25.42258064516129,27.7,22.0,111.3,10,8.663994444444446,14.96483870967742,3.9490322580645163,40.0,2013-12-01
9,2014,1,25.051612903225806,26.9,22.3,193.1,10,8.781150985663084,15.443548387096774,3.854193548387097,40.5,2014-01-01
9,2014,2,25.946428571428573,29.2,22.9,7.5,4,10.980326686507937,21.735000000000003,4.9782142857142855,29.6,2014-02-01
9,2014,3,27.774193548387096,31.8,24.9,0.5,0,11.273268189964156,23.686129032258062,5.832580645161291,27.8,2014-03-01
9,2014,4,29.433333333333334,32.8,26.5,13.1,3,11.174560555555553,23.519333333333336,5.592666666666667,25.2,2014-04-01
9,2014,5,28.983870967741936,31.4,25.6,122.10000000000001,11,10.757990143369174,21.830645161290324,5.188387096774194,39.3,2014-05-01
9,2014,6,29.803333333333335,32.8,27.4,3.0,2,11.367606388888891,23.23,6.098,41.0,2014-06-01
9,2014,7,29.322580645161292,32.4,27.2,16.0,7,10.292757974910392,20.62451612903226,5.718387096774194,37.8,2014-07-01
9,2014,8,28.248387096774195,31.3,25.4,79.8,16,10.455072491039427,20.458064516129035,5.079354838709678,41.8,2014-08-01
9,2014,9,28.41,32.1,25.0,72.2,11,10.259115092592591,21.436,5.378666666666667,40.1,2014-09-01
9,2014,10,27.216129032258067,30.4,24.3,263.2,24,9.486915770609318,17.908709677419353,3.989032258064516,37.9,2014-10-01
9,2014,11,26.126666666666665,29.0,22.5,379.7,21,6.935331944444445,13.193999999999999,3.091666666666667,39.0,2014-11-01
9,2014,12,25.361290322580647,28.2,22.6,409.8,24,7.159644534050179,11.931290322580645,2.8835483870967744,40.0,2014-12-01
9,2015,1,25.61935483870968,28.1,23.4,10.3,4,10.577753494623654,19.286774193548386,4.56,30.5,2015-01-01
9,2015,2,26.07857142857143,29.4,23.7,18.7,7,10.631079761904763,20.10892857142857,4.7871428571428565,33.2,2015-02-01
9,2015,3,27.806451612903224,31.3,24.5,14.700000000000001,5,11.26975905017921,23.171935483870968,5.467741935483871,26.6,2015-03-01
9,2015,4,28.60666666666667,32.5,25.2,67.7,14,10.578223240740742,21.326,4.925666666666667,24.6,2015-04-01
9,2015,5,28.687096774193545,31.9,25.8,174.0,13,9.705658422939068,20.175483870967742,4.688387096774194,43.7,2015-05-01
9,2015,6,29.046666666666667,31.1,26.3,34.2,7,10.587849999999998,20.811666666666667,5.269666666666667,46.7,2015-06-01
9,2015,7,29.0,32.0,26.9,21.5,10,10.635288620071684,21.089032258064517,5.486129032258065,37.0,2015-07-01
9,2015,8,28.716129032258067,32.9,25.2,59.2,8,10.987432974910394,22.153870967741934,5.446774193548387,39.3,2015-08-01
9,2015,9,28.459999999999997,31.7,24.9,79.6,11,10.473095185185187,20.962,5.163666666666667,40.8,2015-09-01
9,2015,10,27.458064516129035,30.0,24.7,238.29999999999998,26,8.790721774193548,16.949032258064516,3.868387096774194,38.6,2015-10-01
9,2015,11,26.373333333333335,29.2,24.1,601.1,27,8.399113518518519,14.267333333333333,3.106666666666667,44.7,2015-11-01
9,2015,12,26.316129032258065,28.5,24.6,271.8,21,8.848653853046596,14.405806451612902,3.3483870967741933,33.3,2015-12-01
9,2016,1,26.345161290322583,28.8,24.4,13.9,4,10.53420788530466,19.05548387096774,4.793548387096774,33.8,2016-01-01
9,2016,2,27.227586206896554,30.8,24.5,9.4,4,10.916790996168581,21.326206896551724,5.157241379310345,32.2,2016-02-01
9,2016,3,28.700000000000003,32.7,25.4,4.4,2,11.295793458781365,23.945806451612906,5.782258064516129,26.7,2016-03-01
9,2016,4,30.376666666666665,33.6,27.2,10.8,4,11.40925685185185,24.082,5.926666666666667,31.0,2016-04-01
9,2016,5,29.52258064516129,33.2,26.1,279.2,14,9.562267293906809,19.837741935483873,4.798709677419355,45.5,2016-05-01
9,2016,6,29.05666666666667,31.1,26.0,41.300000000000004,13,9.48413111111111,19.332,5.099333333333333,46.9,2016-06-01
9,2016,7,28.65483870967742,31.7,26.0,56.3,14,10.331769802867383,20.544193548387096,5.09516129032258,39.2,2016-07-01
9,2016,8,28.874193548387098,32.1,25.8,40.900000000000006,8,10.750836559139785,21.538709677419355,5.424193548387097,35.5,2016-08-01
9,2016,9,28.506666666666668,31.9,26.6,10.3,4,10.711350185185186,22.033,5.4590000000000005,36.3,2016-09-01
9,2016,10,28.16774193548387,31.4,25.1,62.0,8,10.780844802867382,21.01774193548387,4.997419354838709,36.1,2016-10-01
9,2016,11,26.69,29.8,24.0,139.7,18,9.76527574074074,16.642333333333333,3.8863333333333334,31.1,2016-11-01
9,2016,12,25.825806451612905,28.6,21.0,95.60000000000001,11,9.887453046594983,17.18,4.0,46.2,2016-12-01
9,2017,1,25.212903225806453,29.3,20.2,123.5,12,9.461255734767027,17.580967741935485,3.8970967741935483,26.7,2017-01-01
9,2017,2,25.385714285714283,30.8,19.8,5.2,2,10.440225595238095,21.264285714285712,4.5996428571428565,28.8,2017-02-01
9,2017,3,27.70967741935484,34.2,22.5,62.2,17,10.94411290322581,22.561935483870965,4.873225806451613,25.6,2017-03-01
9,2017,4,29.696666666666665,33.6,26.0,10.4,4,11.46913796296296,25.821,5.963333333333334,32.5,2017-04-01
9,2017,5,29.693548387096776,32.4,26.8,42.8,14,11.031837365591397,22.789032258064516,5.384838709677419,42.2,2017-05-01
9,2017,6,29.153333333333332,32.4,27.2,61.7,11,10.875616666666668,21.444333333333336,5.186000000000001,40.6,2017-06-01
9,2017,7,29.361290322580647,34.1,25.7,37.2,12,10.30623987455197,21.219032258064516,5.248387096774193,40.9,2017-07-01
9,2017,8,28.574193548387097,32.4,25.0,185.4,26,10.114684856630824,20.04612903225806,4.716451612903226,35.6,2017-08-01
9,2017,9,27.923333333333336,31.2,25.4,154.9,19,10.293022777777777,20.577,4.549333333333333,41.8,2017-09-01
9,2017,10,27.664516129032258,30.2,24.4,252.39999999999998,25,8.684263440860216,17.457741935483874,3.9219354838709677,32.4,2017-10-01
9,2017,11,26.30666666666667,29.8,23.8,377.9,22,7.488939722222224,14.354000000000001,3.0319999999999996,32.5,2017-11-01
9,2017,12,25.729032258064517,29.4,20.6,91.5,13,9.974524731182795,16.398064516129033,3.527741935483871,29.3,2017-12-01
9,2018,1,24.851612903225806,28.5,20.6,29.0,3,9.701450896057347,17.96709677419355,3.814516129032258,27.7,2018-01-01
9,2018,2,25.714285714285715,30.3,20.4,13.1,5,10.846920238095239,21.053571428571427,4.546428571428572,26.3,2018-02-01
9,2018,3,27.63225806451613,33.1,22.0,33.4,10,10.876120698924728,22.477096774193548,4.977741935483871,29.0,2018-03-01
9,2018,4,29.123333333333335,33.4,25.6,76.5,20,11.150090555555556,22.923333333333336,5.165,21.9,2018-04-01
9,2018,5,28.887096774193548,32.9,25.5,184.9,24,10.023761917562723,20.15,4.697096774193548,40.4,2018-05-01
9,2018,6,28.516666666666666,30.6,26.7,30.4,8,10.82431777777778,21.279999999999998,4.846333333333333,44.0,2018-06-01
9,2018,7,28.625806451612902,31.4,26.2,33.0,8,10.748374103942654,21.27516129032258,5.0845161290322585,38.3,2018-07-01
9,2018,8,28.038709677419355,31.0,25.8,28.6,8,9.89976801075269,21.14741935483871,4.880322580645161,41.2,2018-08-01
9,2018,9,27.94,31.1,24.8,41.7,9,10.423030462962963,21.998333333333335,4.989,34.6,2018-09-01
9,2018,10,27.016129032258064,30.5,23.9,335.7,28,8.428243817204299,16.015806451612903,3.3751612903225805,25.9,2018-10-01
9,2018,11,26.166666666666668,29.8,22.6,409.8,22,8.08669962962963,15.021333333333333,3.141,46.7,2018-11-01
9,2018,12,25.806451612903224,29.0,22.1,147.0,13,9.503066397849462,16.315483870967743,3.431935483870968,28.6,2018-12-01
9,2019,1,25.116129032258065,29.7,21.0,5.5,2,10.237013261648745,18.338064516129034,4.058064516129032,25.1,2019-01-01
9,2019,2,27.0,32.8,22.3,18.8,7,10.905514583333334,20.804642857142856,4.646428571428571,27.1,2019-02-01
9,2019,3,28.406451612903226,33.9,23.8,6.5,3,11.339589247311828,24.405806451612904,5.602258064516128,21.7,2019-03-01
9,2019,4,29.540000000000003,35.1,25.7,26.5,9,10.47589611111111,22.624000000000002,5.218666666666667,34.2,2019-04-01
9,2019,5,29.9741935483871,33.2,27.8,5.2,2,11.159029032258067,23.788709677419355,5.935161290322581,38.6,2019-05-01
9,2019,6,29.68,32.6,27.7,10.5,4,10.956532129629627,21.964,5.541333333333333,40.4,2019-06-01
9,2019,7,28.89032258064516,32.4,25.9,33.800000000000004,8,10.315392741935485,20.756129032258066,5.078709677419355,41.9,2019-07-01
9,2019,8,28.335483870967742,31.2,25.6,86.39999999999999,18,9.18408718637993,19.328709677419358,4.6487096774193555,42.5,2019-08-01
9,2019,9,27.886666666666667,31.3,24.2,128.5,21,10.12715212962963,20.429333333333332,4.609333333333334,36.9,2019-09-01
9,2019,10,27.0258064516129,31.0,23.9,254.6,29,8.497087007168458,16.708064516129035,3.4770967741935483,23.4,2019-10-01
9,2019,11,27.026666666666664,30.2,23.9,144.5,26,10.314711481481485,17.772666666666666,3.640333333333333,25.3,2019-11-01
9,2019,12,26.003225806451614,29.1,22.5,153.3,21,9.416481451612903,15.05516129032258,3.1716129032258062,27.0,2019-12-01
9,2020,1,26.016129032258064,29.9,21.1,13.4,5,10.625335573476704,19.05806451612903,4.054838709677419,27.8,2020-01-01
9,2020,2,26.775862068965516,31.1,22.1,8.4,4,10.95261408045977,21.533103448275863,5.014482758620689,28.9,2020-02-01
9,2020,3,27.967741935483872,33.3,22.7,2.6,1,11.313297491039423,23.690967741935484,5.492258064516129,23.2,2020-03-01
9,2020,4,29.55666666666667,34.7,24.7,30.0,12,11.263455555555554,23.133666666666667,5.392666666666667,20.6,2020-04-01
9,2020,5,29.870967741935484,34.1,26.4,53.0,15,10.285175089605735,20.576129032258066,4.933225806451613,41.9,2020-05-01
9,2020,6,29.416666666666668,32.9,26.5,37.4,9,10.586116851851852,21.01966666666667,5.169666666666667,39.3,2020-06-01
9,2020,7,28.493548387096773,31.6,25.5,53.7,18,9.844775896057346,19.261290322580646,4.469677419354839,37.4,2020-07-01
9,2020,8,28.22258064516129,31.3,25.8,39.0,10,9.898840143369176,20.756774193548388,4.6977419354838705,41.7,2020-08-01
9,2020,9,27.95,30.8,25.4,93.0,17,8.892459444444443,18.521,4.350333333333333,39.7,2020-09-01
9,2020,10,28.070967741935487,31.4,25.1,84.5,16,10.680636111111111,21.090967741935483,4.678064516129033,35.8,2020-10-01
9,2020,11,26.85,30.9,24.3,197.3,27,8.556858611111112,15.347666666666667,3.3426666666666667,33.0,2020-11-01
9,2020,12,25.458064516129035,29.1,21.8,427.3,25,7.584683960573477,13.181935483870967,2.864516129032258,44.8,2020-12-01
9,2021,1,25.493548387096773,28.9,22.1,270.9,19,8.748294354838707,15.47,3.172258064516129,27.3,2021-01-01
9,2021,2,25.535714285714285,31.5,21.1,18.5,7,10.840837698412699,20.728928571428572,4.391071428571428,27.0,2021-02-01
9,2021,3,27.787096774193547,32.8,22.4,17.4,8,11.136652060931898,23.21516129032258,5.216774193548387,27.3,2021-03-01
9,2021,4,28.946666666666665,33.6,25.3,65.6,16,11.205765740740741,23.09466666666667,5.186000000000001,32.4,2021-04-01
9,2021,5,29.009677419354837,32.0,25.8,106.4,21,10.025901075268816,19.70225806451613,4.740322580645161,44.3,2021-05-01
9,2021,6,28.863333333333333,31.7,25.7,73.5,10,10.595688518518518,21.096333333333334,5.05,37.7,2021-06-01
9,2021,7,28.63225806451613,31.3,25.7,55.6,12,10.486801344086022,20.811612903225804,4.91258064516129,38.9,2021-07-01
9,2021,8,28.283870967741933,31.7,25.5,45.5,14,10.104916487455197,21.0058064516129,4.847741935483871,34.1,2021-08-01
9,2021,9,28.223333333333336,32.5,25.4,94.2,16,10.155130277777777,21.085333333333335,4.747,37.7,2021-09-01
9,2021,10,27.212903225806453,30.0,24.1,350.1,27,8.622942383512544,16.973870967741938,3.704838709677419,40.2,2021-10-01
9,2021,11,26.086666666666666,29.6,23.3,595.7,27,6.81655175925926,14.183,2.9863333333333335,31.8,2021-11-01
9,2021,12,25.870967741935484,29.7,21.1,85.1,16,10.068800806451614,17.843870967741935,3.774193548387097,25.7,2021-12-01
9,2022,1,25.793548387096774,29.8,20.7,45.2,11,10.183027508960572,19.089032258064517,3.9606451612903224,26.5,2022-01-01
9,2022,2,25.900000000000002,30.4,20.2,65.4,6,9.827490476190475,20.95642857142857,4.4325,23.1,2022-02-01
9,2022,3,27.706451612903226,33.1,22.9,14.4,6,10.94687034050179,23.437419354838713,5.085806451612903,25.9,2022-03-01
9,2022,4,28.32,32.2,24.6,176.1,22,10.326062592592592,21.624666666666666,4.6353333333333335,26.6,2022-04-01
9,2022,5,29.15806451612903,32.5,26.8,41.8,10,10.846534139784948,22.63064516129032,5.258064516129032,41.8,2022-05-01
9,2022,6,28.573333333333334,32.7,25.4,60.4,13,10.458559444444447,21.395333333333333,4.933666666666666,35.1,2022-06-01
9,2022,7,28.567741935483873,32.9,24.9,65.89999999999999,10,9.412085483870968,20.248387096774195,4.836129032258064,42.2,2022-07-01
9,2022,8,27.787096774193547,30.8,25.0,125.4,18,10.039223924731182,20.982580645161292,4.635483870967741,37.6,2022-08-01
9,2022,9,27.526666666666664,31.7,24.8,64.60000000000001,9,10.016395555555555,21.89466666666667,4.691666666666666,35.6,2022-09-01
9,2022,10,27.01290322580645,32.3,23.5,257.1,21,9.15798888888889,18.81451612903226,4.017741935483871,31.7,2022-10-01
9,2022,11,26.03666666666667,29.4,22.9,217.9,18,8.579924444444444,16.782666666666668,3.572666666666667,25.4,2022-11-01
9,2022,12,25.725806451612904,28.7,20.1,188.6,17,8.369997222222224,15.83516129032258,3.473548387096774,41.5,2022-12-01
9,2023,1,25.061290322580643,28.2,20.3,31.700000000000003,9,9.743893010752686,18.214193548387097,3.9848387096774194,26.0,2023-01-01
9,2023,2,25.521428571428572,31.1,20.3,108.9,6,10.183061011904762,21.49535714285714,4.428571428571429,30.2,2023-02-01
9,2023,3,27.806451612903224,32.8,24.1,29.200000000000003,9,11.127226254480286,23.601612903225806,5.188387096774194,24.9,2023-03-01
9,2023,4,29.236666666666668,34.7,24.9,58.8,10,11.057198425925925,23.867,5.414666666666666,24.3,2023-04-01
9,2023,5,29.177419354838708,32.1,24.8,87.9,7,9.378732437275985,20.71451612903226,4.76741935483871,37.5,2023-05-01
9,2023,6,29.470000000000002,32.8,25.7,83.9,10,10.21374287037037,21.329,5.081666666666666,36.1,2023-06-01
9,2023,7,28.967741935483872,33.5,27.0,44.9,10,9.558388082437274,20.066451612903226,5.002580645161291,39.4,2023-07-01
9,2023,8,28.9741935483871,33.2,26.8,8.0,3,11.318189516129035,23.927419354838708,5.634516129032257,32.2,2023-08-01
9,2023,9,28.626666666666665,31.5,25.4,35.4,13,10.594363703703703,21.377333333333333,5.206333333333333,41.1,2023-09-01
9,2023,10,28.016129032258064,33.1,23.6,143.3,21,10.494911738351254,20.5,4.620645161290323,37.0,2023-10-01
9,2023,11,26.236666666666668,30.8,23.0,546.7,29,8.006904722222224,15.116333333333333,3.149,21.9,2023-11-01
9,2023,12,26.251612903225805,29.4,23.6,282.7,25,8.355320519713262,14.52,3.17258064516129,29.4,2023-12-01
9,2024,1,26.26774193548387,30.8,20.7,55.3,11,9.778073028673838,18.469677419354838,4.069677419354838,24.7,2024-01-01
9,2024,2,27.83103448275862,33.5,22.4,15.700000000000001,3,10.957561494252875,22.069310344827585,5.267931034482759,27.6,2024-02-01
9,2024,3,28.806451612903224,35.5,23.4,3.6,2,11.315962544802868,24.921935483870968,5.88516129032258,21.2,2024-03-01
9,2024,4,30.523333333333333,37.0,24.5,29.3,8,11.095298611111112,23.817,5.766,24.9,2024-04-01
9,2024,5,29.748387096774195,34.8,25.9,269.5,19,8.954384318996418,19.55290322580645,4.679354838709678,41.9,2024-05-01
9,2024,6,28.8375,31.3,26.7,43.8,8,9.30726701388889,18.93375,4.425,35.7,2024-06-01
10,2010,1,25.46451612903226,28.8,21.6,38.7,8,10.485074193548385,18.85483870967742,4.218709677419355,27.9,2010-01-01
10,2010,2,26.292857142857144,32.6,22.0,0.6,0,10.480897123015874,21.410357142857144,5.013928571428571,28.3,2010-02-01
10,2010,3,28.293548387096774,34.1,21.2,6.4,2,11.249702598566312,24.113548387096774,5.660645161290322,25.9,2010-03-01
10,2010,4,29.779999999999998,36.2,26.0,53.8,10,10.906368425925926,23.262666666666668,5.445333333333334,20.5,2010-04-01
10,2010,5,29.629032258064516,35.0,25.3,33.6,6,10.475486738351252,21.587741935483873,5.4793548387096775,39.8,2010-05-01
10,2010,6,29.733333333333334,37.0,26.6,17.2,4,10.127528518518517,20.47533333333333,5.92,41.6,2010-06-01
10,2010,7,29.187096774193545,35.0,25.8,9.5,4,9.852940232974909,19.641612903225806,5.551290322580646,35.8,2010-07-01
10,2010,8,28.661290322580644,35.6,24.4,123.10000000000001,9,9.103024910394266,18.65967741935484,4.9958064516129035,34.9,2010-08-01
10,2010,9,27.763333333333332,32.7,24.1,84.1,13,9.659481481481484,19.73933333333333,4.729333333333333,31.5,2010-09-01
10,2010,10,27.461290322580645,32.7,23.9,200.6,11,10.13540062724014,19.612903225806452,4.506451612903225,32.9,2010-10-01
10,2010,11,25.96333333333333,30.3,23.6,305.1,23,8.384088333333334,15.111666666666666,3.1013333333333337,27.7,2010-11-01
10,2010,12,24.91290322580645,29.1,20.8,551.2,22,6.4208110215053775,11.47483870967742,2.6103225806451613,38.4,2010-12-01
10,2011,1,24.583870967741937,27.3,21.4,381.8,20,6.969424193548389,13.399999999999999,3.046774193548387,34.7,2011-01-01
10,2011,2,25.239285714285717,30.0,22.0,225.4,11,8.746028075396826,16.99214285714286,3.6471428571428572,34.2,2011-02-01
10,2011,3,27.148387096774194,33.7,20.5,13.9,5,11.214405376344088,23.338709677419356,5.10516129032258,27.1,2011-03-01
10,2011,4,27.916666666666668,34.5,24.3,111.0,17,9.98871509259259,21.07,4.658333333333333,24.2,2011-04-01
10,2011,5,29.23225806451613,34.9,25.0,2.2,0,11.496777867383514,24.58645161290323,6.06741935483871,34.7,2011-05-01
10,2011,6,29.703333333333333,35.4,26.1,4.8,2,10.672690277777779,21.988999999999997,6.349666666666667,37.2,2011-06-01
10,2011,7,28.896774193548385,34.8,25.8,28.8,8,10.558365591397852,20.131290322580647,5.507096774193548,38.0,2011-07-01
10,2011,8,28.641935483870967,34.5,25.0,24.3,10,10.788287813620073,20.811290322580643,5.582580645161291,36.0,2011-08-01
10,2011,9,29.016666666666666,34.5,26.1,11.1,6,10.592889351851849,21.334999999999997,5.856333333333334,31.4,2011-09-01
10,2011,10,27.47741935483871,33.7,24.1,254.0,21,9.244960304659497,18.00193548387097,4.062903225806452,21.7,2011-10-01
10,2011,11,25.78666666666667,29.2,22.7,270.0,24,9.120857685185186,15.779,3.2003333333333335,29.0,2011-11-01
10,2011,12,25.358064516129033,29.0,20.8,111.0,16,8.435674641577062,15.146774193548387,3.448709677419355,32.1,2011-12-01
10,2012,1,24.903225806451612,28.3,19.6,19.0,5,10.488779480286738,19.12516129032258,4.190322580645161,28.1,2012-01-01
10,2012,2,26.13103448275862,32.0,22.4,12.1,4,10.331471264367817,20.128275862068968,4.625862068965517,31.6,2012-02-01
10,2012,3,27.919354838709676,34.4,22.6,9.6,4,11.218637813620072,23.796774193548387,5.427741935483871,21.5,2012-03-01
10,2012,4,28.896666666666665,35.0,23.9,36.8,7,10.450544351851853,21.546333333333333,5.126333333333333,29.5,2012-04-01
10,2012,5,29.983870967741936,36.1,26.3,0.7,0,11.432155197132618,24.470322580645163,6.845483870967742,41.8,2012-05-01
10,2012,6,29.64,35.0,26.4,0.9,0,11.186930092592593,22.729666666666667,6.678333333333333,38.6,2012-06-01
10,2012,7,29.490322580645163,34.8,26.0,20.1,4,11.2269770609319,21.945806451612906,6.130645161290323,34.1,2012-07-01
10,2012,8,29.003225806451614,34.1,25.6,11.100000000000001,3,10.744014605734767,21.485806451612905,6.251612903225807,33.2,2012-08-01
10,2012,9,29.276666666666664,35.3,24.8,25.0,3,10.213192685185186,21.416333333333334,5.994333333333333,31.7,2012-09-01
10,2012,10,26.93548387096774,34.5,23.9,485.7,24,8.509523207885305,17.313870967741938,3.9638709677419355,37.1,2012-10-01
10,2012,11,26.1,30.4,21.9,134.2,13,9.484489629629628,17.079,3.701,31.3,2012-11-01
10,2012,12,25.574193548387097,28.6,21.9,133.0,16,9.150065681003586,14.988064516129032,3.4048387096774193,33.8,2012-12-01
10,2013,1,25.348387096774193,28.1,21.3,90.2,6,9.050052419354838,16.385161290322582,3.8993548387096775,27.1,2013-01-01
10,2013,2,25.875,29.9,22.5,56.699999999999996,10,10.221590476190478,19.5925,4.256785714285714,25.0,2013-02-01
10,2013,3,27.23548387096774,34.0,22.8,41.300000000000004,8,10.873737634408604,22.476774193548387,4.88516129032258,25.2,2013-03-01
10,2013,4,29.65666666666667,36.0,25.2,12.3,5,11.136286296296296,23.499000000000002,5.588666666666667,23.4,2013-04-01
10,2013,5,29.919354838709676,36.1,26.2,19.3,5,11.104864964157708,22.9941935483871,6.2945161290322575,40.9,2013-05-01
10,2013,6,29.033333333333335,33.7,25.5,13.1,4,10.764677222222218,20.648333333333333,5.910666666666667,37.8,2013-06-01
10,2013,7,28.68064516129032,33.8,25.9,14.4,4,9.895585394265234,19.568709677419356,5.566129032258065,37.6,2013-07-01
10,2013,8,28.48709677419355,35.0,24.5,36.8,9,10.282611559139784,20.869032258064514,5.4067741935483875,35.3,2013-08-01
10,2013,9,28.206666666666667,34.3,24.5,45.6,7,9.81410898148148,20.492666666666665,5.429666666666667,34.4,2013-09-01
10,2013,10,28.374193548387098,34.9,24.0,64.7,9,10.12841388888889,20.44935483870968,5.393225806451613,28.1,2013-10-01
10,2013,11,26.15,30.2,22.5,151.5,19,9.958183981481483,16.932666666666666,3.635,35.7,2013-11-01
10,2013,12,25.193548387096776,29.4,22.2,122.0,13,8.155618906810036,14.516129032258064,3.5625806451612902,37.2,2013-12-01
10,2014,1,24.65806451612903,27.5,21.3,233.2,13,8.605266756272401,14.979354838709678,3.4393548387096775,41.5,2014-01-01
10,2014,2,25.678571428571427,30.1,20.2,12.6,5,10.89668988095238,21.514999999999997,4.7250000000000005,27.5,2014-02-01
10,2014,3,27.62258064516129,34.6,23.2,5.7,1,11.232376344086024,23.574193548387097,5.716451612903226,24.9,2014-03-01
10,2014,4,29.266666666666666,34.7,24.0,21.5,6,11.068171296296297,23.692999999999998,5.4959999999999996,21.2,2014-04-01
10,2014,5,28.89032258064516,34.2,24.8,102.8,8,10.669499910394265,21.631612903225808,5.303548387096774,32.3,2014-05-01
10,2014,6,30.38,35.8,26.6,3.9,1,11.09622037037037,23.012666666666668,6.711333333333333,32.4,2014-06-01
10,2014,7,29.825806451612905,35.7,26.8,5.9,1,10.656433064516127,21.489677419354837,6.390322580645161,34.8,2014-07-01
10,2014,8,28.67096774193548,34.4,25.0,40.4,10,10.604662455197133,20.77709677419355,5.56741935483871,37.5,2014-08-01
10,2014,9,28.926666666666666,35.7,24.6,68.0,6,10.417903611111111,21.71033333333333,5.836,34.7,2014-09-01
10,2014,10,26.925806451612903,32.1,23.7,200.9,23,9.693458960573476,18.146129032258063,3.9264516129032256,29.7,2014-10-01
10,2014,11,25.686666666666667,29.9,21.5,327.2,24,6.757541481481483,13.119333333333334,2.839,31.8,2014-11-01
10,2014,12,25.006451612903227,28.6,21.9,458.2,26,6.485789784946237,11.338064516129032,2.465161290322581,31.4,2014-12-01
10,2015,1,25.26451612903226,29.2,22.0,15.600000000000001,5,10.593448566308243,19.074193548387097,4.184838709677419,25.5,2015-01-01
10,2015,2,25.50714285714286,29.9,20.5,45.5,12,10.540659325396826,19.800714285714285,4.301071428571428,29.7,2015-02-01
10,2015,3,27.34193548387097,33.5,22.5,14.1,5,11.203310215053765,23.044193548387096,5.220645161290323,23.4,2015-03-01
10,2015,4,28.316666666666666,34.3,24.8,48.5,12,10.815810462962963,21.868333333333332,4.881,20.2,2015-04-01
10,2015,5,28.48709677419355,34.3,24.5,91.39999999999999,10,10.05438458781362,20.476129032258065,4.784193548387097,36.8,2015-05-01
10,2015,6,29.273333333333333,33.5,25.5,13.9,3,10.668721666666666,21.195666666666668,5.733666666666666,39.8,2015-06-01
10,2015,7,29.361290322580647,34.7,25.9,16.5,6,10.667829749103943,21.315161290322582,5.930645161290323,32.1,2015-07-01
10,2015,8,29.164516129032258,35.1,25.0,29.200000000000003,5,11.069869444444446,22.259354838709676,5.889354838709677,30.8,2015-08-01
10,2015,9,28.573333333333334,35.0,24.5,53.199999999999996,11,10.269843055555556,21.003,5.315666666666667,36.2,2015-09-01
10,2015,10,27.20967741935484,31.5,24.2,197.0,18,8.383474103942653,16.782258064516128,3.756774193548387,32.5,2015-10-01
10,2015,11,26.05666666666667,29.9,23.1,464.6,27,8.380689907407408,14.366333333333333,2.973,32.5,2015-11-01
10,2015,12,25.96451612903226,28.9,24.0,224.3,20,9.083977777777777,14.681935483870967,3.1593548387096773,29.3,2015-12-01
10,2016,1,25.835483870967742,28.8,22.5,27.5,6,10.494692921146955,18.562258064516133,4.242580645161291,28.6,2016-01-01
10,2016,2,26.817241379310346,32.0,23.1,17.7,7,10.835055938697318,20.97,4.797586206896551,27.6,2016-02-01
10,2016,3,28.383870967741935,35.0,23.8,15.1,5,11.271471774193548,23.864516129032257,5.629677419354839,24.7,2016-03-01
10,2016,4,30.446666666666665,36.8,25.9,6.5,2,11.313725092592593,24.315,5.976333333333333,22.2,2016-04-01
10,2016,5,29.27741935483871,35.8,25.8,191.8,10,9.44998458781362,19.831290322580646,4.788709677419354,38.7,2016-05-01
10,2016,6,29.153333333333332,33.8,26.5,19.2,6,9.565438425925926,19.511666666666667,5.371666666666667,39.9,2016-06-01
10,2016,7,29.161290322580644,35.2,25.4,29.3,6,10.400127419354838,20.661612903225805,5.603870967741935,35.8,2016-07-01
10,2016,8,29.325806451612905,34.8,26.1,13.0,4,10.829199731182797,21.641935483870967,5.857096774193548,32.8,2016-08-01
10,2016,9,29.09333333333333,34.7,25.5,2.9,1,10.806377685185188,22.55633333333333,6.147333333333334,29.8,2016-09-01
10,2016,10,28.570967741935487,34.5,24.4,39.5,5,10.760390053763437,21.365483870967743,5.402903225806452,28.8,2016-10-01
10,2016,11,26.27,30.9,22.7,161.5,18,9.499162037037038,16.307333333333332,3.554666666666667,29.1,2016-11-01
10,2016,12,25.44193548387097,30.1,20.4,116.89999999999999,11,9.708676971326165,17.047096774193548,3.7183870967741934,40.6,2016-12-01
10,2017,1,25.09032258064516,29.5,20.1,160.7,14,9.101000985663083,16.95483870967742,3.8141935483870966,24.8,2017-01-01
10,2017,2,25.053571428571427,31.3,18.6,16.3,5,10.443224206349207,20.905357142857145,4.525,27.7,2017-02-01
10,2017,3,26.94193548387097,34.1,20.1,110.7,17,10.596271594982078,21.609032258064516,4.623548387096775,26.5,2017-03-01
10,2017,4,30.1,37.7,24.2,6.6,1,11.349854814814817,24.954666666666665,6.255333333333334,25.1,2017-04-01
10,2017,5,30.08709677419355,36.3,25.4,48.9,11,10.783278494623657,21.931935483870966,5.8190322580645155,31.9,2017-05-01
10,2017,6,30.006666666666668,35.8,27.0,15.7,5,10.929659999999997,21.46333333333333,6.318,37.0,2017-06-01
10,2017,7,30.387096774193548,37.2,25.1,22.4,6,10.686669802867382,20.74741935483871,6.139354838709677,33.6,2017-07-01
10,2017,8,29.23225806451613,35.7,25.4,57.1,16,10.183769623655913,19.598709677419354,5.369677419354839,32.6,2017-08-01
10,2017,9,28.38,33.8,24.7,68.3,12,10.268664722222223,19.962,5.069333333333334,35.2,2017-09-01
10,2017,10,27.94193548387097,35.0,23.7,204.0,22,8.195665232974912,16.510645161290324,4.195806451612903,28.2,2017-10-01
10,2017,11,26.029999999999998,31.8,22.8,372.3,23,6.972388888888887,13.681000000000001,2.905666666666667,30.3,2017-11-01
10,2017,12,25.55806451612903,29.5,21.6,128.6,18,9.792723028673835,15.692903225806452,3.3893548387096772,25.7,2017-12-01
10,2018,1,24.87741935483871,28.4,20.9,60.0,4,9.273598028673835,17.478064516129034,3.8270967741935484,25.1,2018-01-01
10,2018,2,25.696428571428573,30.1,21.2,19.4,8,10.771509821428571,20.2275,4.482142857142857,26.2,2018-02-01
10,2018,3,27.451612903225808,35.6,20.9,27.6,9,10.585021326164874,21.61741935483871,4.91,26.9,2018-03-01
10,2018,4,29.076666666666664,37.9,24.0,56.7,18,10.922326574074074,21.833666666666666,5.098,20.1,2018-04-01
10,2018,5,28.751612903225805,38.6,24.5,89.8,23,9.602166756272402,19.01322580645161,4.646129032258065,33.2,2018-05-01
10,2018,6,29.45,34.6,26.1,9.9,4,10.873960000000002,21.605666666666664,6.1706666666666665,38.6,2018-06-01
10,2018,7,29.616129032258065,35.8,25.7,9.8,5,10.64294390681004,21.187419354838706,6.21,35.6,2018-07-01
10,2018,8,29.23225806451613,36.1,24.7,18.4,5,10.078944175627237,21.34709677419355,6.143548387096774,40.6,2018-08-01
10,2018,9,28.60666666666667,36.1,23.7,68.2,9,10.532957037037034,21.822,5.668666666666667,28.6,2018-09-01
10,2018,10,26.396774193548385,32.5,23.1,322.6,28,7.677849283154122,15.254516129032258,3.166129032258065,22.3,2018-10-01
10,2018,11,25.81,29.8,22.0,434.4,24,7.846721944444446,14.606,3.0476666666666667,28.0,2018-11-01
10,2018,12,25.61935483870968,29.1,20.3,180.6,15,9.1844103046595,15.955483870967742,3.3693548387096777,24.2,2018-12-01
10,2019,1,25.148387096774194,29.7,21.5,8.8,3,10.451055286738352,18.024516129032257,4.046774193548387,23.2,2019-01-01
10,2019,2,26.571428571428573,32.6,21.6,34.9,7,10.583812003968257,19.77642857142857,4.363214285714286,25.7,2019-02-01
10,2019,3,28.0,36.3,22.4,4.3,1,11.252064516129032,24.137096774193548,5.5606451612903225,22.9,2019-03-01
10,2019,4,29.37,36.5,23.1,24.3,5,10.24267888888889,22.197666666666667,5.223,27.0,2019-04-01
10,2019,5,30.758064516129032,38.3,26.1,11.4,3,11.060130107526883,23.287419354838708,6.608387096774194,31.3,2019-05-01
10,2019,6,30.62,36.1,26.9,4.5,1,10.832411574074076,21.837,6.586666666666667,35.3,2019-06-01
10,2019,7,29.874193548387098,36.6,26.1,13.6,5,10.326594265232973,20.953548387096774,6.1,34.4,2019-07-01
10,2019,8,29.0258064516129,35.0,25.2,26.2,9,9.938789336917562,20.238387096774193,5.689032258064516,37.5,2019-08-01
10,2019,9,28.69333333333333,37.3,23.8,61.9,12,10.350567685185187,20.170333333333335,5.369666666666666,32.2,2019-09-01
10,2019,10,26.593548387096774,32.3,23.3,287.7,27,8.343787903225806,15.97225806451613,3.3770967741935483,23.0,2019-10-01
10,2019,11,26.763333333333332,31.4,22.8,122.6,23,10.172860833333333,17.547666666666665,3.6566666666666667,24.5,2019-11-01
10,2019,12,25.848387096774193,28.9,22.7,223.7,24,9.03515430107527,14.314193548387097,3.0506451612903223,26.3,2019-12-01
10,2020,1,25.848387096774193,30.0,20.9,22.4,12,10.63334363799283,18.40967741935484,3.9864516129032257,26.3,2020-01-01
10,2020,2,26.351724137931036,30.6,21.2,16.9,6,10.91539885057471,21.066206896551723,4.7972413793103446,27.5,2020-02-01
10,2020,3,27.258064516129032,34.1,21.1,5.5,3,11.264603853046594,23.690645161290323,5.327419354838709,22.6,2020-03-01
10,2020,4,29.173333333333336,36.1,22.8,38.5,13,11.08989685185185,22.55,5.2316666666666665,20.7,2020-04-01
10,2020,5,29.809677419354838,36.6,25.3,62.6,12,9.967913799283156,20.123225806451615,5.079354838709678,35.1,2020-05-01
10,2020,6,29.936666666666667,36.5,25.4,29.5,8,10.11522638888889,20.252333333333336,5.7219999999999995,30.5,2020-06-01
10,2020,7,29.003225806451614,35.3,24.7,65.7,9,9.859778494623658,19.06967741935484,5.0206451612903225,31.8,2020-07-01
10,2020,8,29.39032258064516,35.7,25.7,12.3,3,10.059467025089608,20.779032258064515,5.8351612903225805,38.0,2020-08-01
10,2020,9,28.633333333333333,34.9,25.1,60.6,10,8.96328324074074,18.544333333333334,5.1946666666666665,38.0,2020-09-01
10,2020,10,29.0258064516129,36.6,24.6,21.9,9,10.69514964157706,20.75032258064516,5.542258064516129,36.4,2020-10-01
10,2020,11,26.69333333333333,33.3,23.5,254.9,26,8.305378888888889,14.686333333333332,3.249,28.1,2020-11-01
10,2020,12,25.345161290322583,29.1,22.0,469.59999999999997,24,7.2561741039426515,12.776451612903225,2.761290322580645,38.4,2020-12-01
10,2021,1,25.325806451612905,29.1,22.4,532.6,18,8.37076353046595,14.950645161290323,3.079032258064516,27.8,2021-01-01
10,2021,2,25.264285714285712,31.1,20.5,30.7,7,10.76827628968254,20.15892857142857,4.234285714285714,25.6,2021-02-01
10,2021,3,27.203225806451613,34.3,21.3,16.9,7,11.004180734767028,22.286774193548386,4.89741935483871,21.5,2021-03-01
10,2021,4,28.58,36.0,23.8,67.3,12,10.883718240740743,22.358333333333334,5.093666666666667,24.5,2021-04-01
10,2021,5,28.79032258064516,35.2,24.2,67.9,16,9.621467831541217,19.02258064516129,4.764838709677419,39.3,2021-05-01
10,2021,6,29.240000000000002,35.5,25.2,31.9,7,10.418628333333334,20.721333333333334,5.598,34.6,2021-06-01
10,2021,7,29.451612903225808,36.0,25.0,15.100000000000001,5,10.752827508960573,20.982903225806453,5.806129032258065,35.1,2021-07-01
10,2021,8,29.0258064516129,35.5,24.6,34.8,9,10.083342383512546,20.40774193548387,5.58,30.5,2021-08-01
10,2021,9,29.083333333333332,35.3,24.9,51.0,12,10.020331388888888,20.785,5.581666666666666,32.7,2021-09-01
10,2021,10,26.990322580645163,32.0,23.6,278.8,23,8.525478315412187,16.925161290322578,3.7993548387096774,33.9,2021-10-01
10,2021,11,25.7,30.6,22.4,531.9,25,6.876626111111111,13.975666666666665,2.905333333333333,27.8,2021-11-01
10,2021,12,25.748387096774195,30.0,21.1,76.4,14,10.232669086021506,17.725806451612904,3.7564516129032257,25.0,2021-12-01
10,2022,1,25.348387096774193,30.4,18.3,61.4,12,9.949627688172045,18.733870967741936,3.85,24.5,2022-01-01
10,2022,2,25.457142857142856,30.6,19.8,69.4,8,9.871163293650795,20.807142857142857,4.293571428571428,22.2,2022-02-01
10,2022,3,27.280645161290323,33.9,22.4,25.6,8,10.577579749103942,22.57161290322581,4.872580645161291,24.2,2022-03-01
10,2022,4,27.546666666666667,33.8,23.2,128.8,21,9.863489629629631,20.443666666666665,4.358666666666666,19.6,2022-04-01
10,2022,5,29.296774193548387,35.9,25.8,10.6,3,10.664734767025092,22.42806451612903,5.783870967741936,35.1,2022-05-01
10,2022,6,29.276666666666664,35.6,24.6,26.7,8,10.402277592592592,21.154999999999998,5.7443333333333335,31.3,2022-06-01
10,2022,7,29.112903225806452,36.3,24.2,31.1,10,9.467488440860215,19.729032258064517,5.391935483870968,37.6,2022-07-01
10,2022,8,28.403225806451612,35.4,24.1,78.0,15,10.015502150537635,20.462580645161292,5.27258064516129,36.0,2022-08-01
10,2022,9,28.243333333333332,34.9,23.7,34.2,5,10.071210925925927,21.938,5.579666666666666,31.4,2022-09-01
10,2022,10,26.812903225806455,34.1,23.1,177.9,22,9.043985035842292,18.265483870967742,4.046129032258064,28.2,2022-10-01
10,2022,11,25.776666666666664,30.9,21.5,217.2,19,8.088769351851852,16.355666666666668,3.497,21.3,2022-11-01
10,2022,12,25.396774193548385,29.8,19.7,274.9,21,7.9185399641577074,15.238709677419354,3.311935483870968,33.9,2022-12-01
10,2023,1,24.812903225806455,28.3,20.3,97.7,11,9.482231093189965,17.65096774193548,3.806451612903226,25.2,2023-01-01
10,2023,2,25.185714285714287,29.9,20.4,161.5,7,10.262965575396825,21.131785714285716,4.2825,37.0,2023-02-01
10,2023,3,27.212903225806453,34.1,23.0,42.1,11,10.970326075268815,22.98548387096774,4.959677419354839,23.7,2023-03-01
10,2023,4,28.756666666666668,36.0,23.0,79.7,15,10.735799907407406,23.046333333333333,5.243333333333334,19.6,2023-04-01
10,2023,5,28.9,35.7,23.9,74.2,9,9.178278673835127,20.27774193548387,4.893548387096774,32.4,2023-05-01
10,2023,6,30.05666666666667,36.4,25.8,37.7,6,10.563687962962963,21.817666666666664,6.0616666666666665,28.1,2023-06-01
10,2023,7,30.04516129032258,36.9,26.1,17.2,5,9.677579211469535,20.42290322580645,6.158387096774193,33.7,2023-07-01
10,2023,8,30.177419354838708,37.4,25.4,29.7,6,11.165188978494625,23.70225806451613,6.599677419354839,29.3,2023-08-01
10,2023,9,29.32,35.5,25.2,36.6,17,10.464588055555556,21.09733333333333,5.980666666666667,34.1,2023-09-01
10,2023,10,27.493548387096773,35.2,22.9,168.20000000000002,24,10.049734677419357,19.661935483870966,4.474516129032258,33.2,2023-10-01
10,2023,11,25.96333333333333,31.3,23.0,527.4,29,7.462471296296297,14.500666666666666,2.977333333333333,20.1,2023-11-01
10,2023,12,25.916129032258063,30.9,23.3,305.6,29,7.57977876344086,13.963548387096774,2.917741935483871,27.4,2023-12-01
10,2024,1,25.893548387096775,30.1,20.8,69.60000000000001,13,9.424167025089606,17.649677419354838,3.7593548387096773,24.8,2024-01-01
10,2024,2,27.28965517241379,33.6,22.2,11.2,4,10.988864080459768,22.014827586206895,4.972068965517241,26.5,2024-02-01
10,2024,3,28.148387096774194,37.1,21.5,9.8,3,11.275045340501796,24.950322580645164,5.756129032258064,21.4,2024-03-01
10,2024,4,30.576666666666664,39.4,24.2,33.5,9,11.197846018518518,23.998,5.886666666666667,24.6,2024-04-01
10,2024,5,29.48709677419355,38.9,24.7,170.1,20,8.666636021505377,18.995806451612903,4.636774193548387,34.4,2024-05-01
10,2024,6,28.6,33.2,25.9,31.9,2,9.46318263888889,18.978749999999998,4.46375,28.5,2024-06-01
11,2010,1,25.641935483870967,29.0,22.3,111.4,5,10.265225179211468,18.080000000000002,4.195806451612903,26.7,2010-01-01
11,2010,2,26.62142857142857,32.0,23.0,0.8,0,10.467878769841269,21.451785714285712,5.161428571428572,27.2,2010-02-01
11,2010,3,28.635483870967743,33.5,22.6,10.6,4,11.243427956989247,23.276129032258062,5.728709677419355,25.7,2010-03-01
11,2010,4,29.35666666666667,33.7,25.6,91.7,14,10.815427037037034,21.716,5.132000000000001,28.2,2010-04-01
11,2010,5,29.193548387096776,32.5,25.0,69.39999999999999,12,10.358104928315413,20.123870967741937,4.968064516129032,46.2,2010-05-01
11,2010,6,28.743333333333332,32.7,26.8,33.8,13,10.291986851851853,19.699,5.1370000000000005,43.3,2010-06-01
11,2010,7,28.16774193548387,31.8,25.7,27.7,7,9.97106729390681,19.640645161290323,4.910967741935484,39.1,2010-07-01
11,2010,8,27.677419354838708,31.8,24.6,64.2,8,9.193380734767024,18.82225806451613,4.563870967741935,40.0,2010-08-01
11,2010,9,27.323333333333334,30.4,24.5,100.1,14,9.547266944444445,19.637999999999998,4.485666666666666,35.4,2010-09-01
11,2010,10,27.19677419354839,30.3,23.9,164.8,14,9.909004211469531,19.343225806451613,4.35,36.4,2010-10-01
11,2010,11,26.026666666666664,30.1,23.5,276.5,26,8.019241296296295,14.211666666666668,3.0260000000000002,29.6,2010-11-01
11,2010,12,25.04516129032258,28.4,21.9,429.0,23,6.013217741935484,11.413870967741936,2.6832258064516132,38.0,2010-12-01
11,2011,1,24.654838709677417,27.5,21.4,257.0,18,7.156285573476703,13.008387096774193,2.9993548387096776,31.7,2011-01-01
11,2011,2,25.32857142857143,29.6,22.3,180.3,10,8.696860515873015,16.307142857142857,3.613928571428571,31.4,2011-02-01
11,2011,3,27.200000000000003,31.1,22.2,19.3,6,11.25626317204301,22.379354838709677,4.943225806451613,27.7,2011-03-01
11,2011,4,27.683333333333334,32.0,24.7,203.2,20,10.132517222222223,19.790666666666667,4.392333333333334,31.5,2011-04-01
11,2011,5,28.593548387096774,31.3,26.3,15.5,5,11.425043548387098,23.179354838709674,5.457096774193548,38.0,2011-05-01
11,2011,6,28.596666666666668,31.7,26.8,5.4,1,10.87271351851852,21.918,5.451666666666667,42.5,2011-06-01
11,2011,7,28.006451612903227,31.5,25.5,57.4,10,10.561815322580646,20.024516129032257,4.94258064516129,40.3,2011-07-01
11,2011,8,27.799999999999997,30.7,25.5,47.2,11,10.573099372759856,20.323548387096775,4.972903225806451,39.6,2011-08-01
11,2011,9,28.15666666666667,31.6,26.5,30.5,9,10.803849537037037,21.509333333333334,5.3629999999999995,37.0,2011-09-01
11,2011,10,27.351612903225806,31.5,24.2,192.0,23,8.922276164874551,17.530967741935484,4.089677419354839,26.4,2011-10-01
11,2011,11,26.009999999999998,29.2,23.7,205.9,24,8.802920833333333,14.965,3.2560000000000002,28.6,2011-11-01
11,2011,12,25.635483870967743,29.2,21.3,86.6,15,8.386385483870969,14.746451612903225,3.4948387096774196,31.2,2011-12-01
11,2012,1,25.393548387096775,29.6,21.5,12.600000000000001,4,10.63879274193548,19.098064516129032,4.498064516129032,29.5,2012-01-01
11,2012,2,26.648275862068964,31.5,22.7,17.3,4,10.520627298850574,19.744137931034484,4.899655172413794,30.4,2012-02-01
11,2012,3,28.203225806451613,32.9,23.0,25.5,4,11.203978405017919,22.66,5.378064516129032,22.5,2012-03-01
11,2012,4,28.523333333333333,32.3,24.7,68.2,11,10.343325833333335,20.388333333333332,4.837999999999999,33.3,2012-04-01
11,2012,5,29.12258064516129,32.3,27.1,3.5,1,11.391773387096777,23.700967741935486,6.0609677419354835,44.5,2012-05-01
11,2012,6,28.490000000000002,31.8,26.3,14.5,2,11.249678518518522,22.17366666666667,5.587666666666666,42.3,2012-06-01
11,2012,7,28.48709677419355,31.9,26.5,17.4,4,11.216196415770607,21.695806451612906,5.461612903225807,38.8,2012-07-01
11,2012,8,28.05806451612903,30.8,25.9,26.4,9,11.089521594982081,21.65258064516129,5.516129032258065,37.4,2012-08-01
11,2012,9,28.3,31.7,24.7,31.4,5,10.45760361111111,21.752333333333333,5.479666666666668,36.9,2012-09-01
11,2012,10,26.81935483870968,32.0,24.1,381.9,24,8.220164516129032,16.549032258064514,3.8270967741935484,38.7,2012-10-01
11,2012,11,26.256666666666668,30.0,22.7,119.4,15,9.742651574074074,16.595666666666666,3.732666666666667,36.4,2012-11-01
11,2012,12,25.68064516129032,29.2,22.5,122.3,18,8.80403593189964,13.996129032258064,3.3270967741935484,30.4,2012-12-01
11,2013,1,25.393548387096775,28.6,22.2,160.5,4,8.734085394265232,15.65,3.7696774193548386,29.5,2013-01-01
11,2013,2,26.157142857142855,30.0,22.9,45.800000000000004,8,10.076951785714284,18.955000000000002,4.3132142857142854,25.3,2013-02-01
11,2013,3,27.483870967741936,32.1,23.5,59.1,12,10.844329659498207,21.86225806451613,4.902903225806452,23.2,2013-03-01
11,2013,4,29.413333333333334,33.3,26.3,22.1,7,11.089970648148148,22.243,5.3919999999999995,27.0,2013-04-01
11,2013,5,29.07741935483871,32.5,26.3,35.2,8,10.60766075268817,21.44645161290323,5.476774193548387,42.0,2013-05-01
11,2013,6,28.083333333333332,30.8,26.1,27.3,8,10.737997499999999,20.624333333333333,5.161333333333333,43.2,2013-06-01
11,2013,7,27.887096774193548,31.0,25.9,11.1,5,10.263622759856633,20.008064516129032,5.098387096774194,40.6,2013-07-01
11,2013,8,27.76774193548387,31.6,25.5,25.2,7,10.4220541218638,20.99967741935484,5.065806451612903,37.4,2013-08-01
11,2013,9,27.60666666666667,30.8,24.4,58.9,9,10.2372575,20.588,5.048,39.3,2013-09-01
11,2013,10,27.654838709677417,31.6,24.2,78.8,11,10.272549820788532,20.703870967741935,4.9796774193548385,33.7,2013-10-01
11,2013,11,26.603333333333335,30.5,22.7,93.0,18,9.950934722222222,16.398666666666667,3.8890000000000002,30.2,2013-11-01
11,2013,12,25.58709677419355,29.3,22.3,89.8,9,8.429207078853047,13.973870967741936,3.6896774193548385,32.3,2013-12-01
11,2014,1,24.96451612903226,28.9,21.5,184.9,11,8.546824014336918,14.39258064516129,3.5300000000000002,35.6,2014-01-01
11,2014,2,26.335714285714285,31.6,21.6,3.8,2,10.955685416666665,21.157142857142855,5.109642857142857,26.2,2014-02-01
11,2014,3,28.39032258064516,34.0,23.9,13.7,2,11.206297491039427,23.32741935483871,6.153225806451613,28.1,2014-03-01
11,2014,4,28.94333333333333,33.4,25.9,73.4,13,10.917537499999998,22.155666666666665,5.156000000000001,22.3,2014-04-01
11,2014,5,28.580645161290324,31.5,25.1,108.8,12,10.61117347670251,20.69193548387097,4.959354838709678,37.6,2014-05-01
11,2014,6,29.16,32.4,26.7,9.0,4,11.340135462962964,22.77766666666667,5.8053333333333335,38.5,2014-06-01
11,2014,7,28.635483870967743,32.0,26.8,5.6,2,11.145392921146955,21.790967741935482,5.619354838709677,39.0,2014-07-01
11,2014,8,27.990322580645163,31.0,25.0,47.3,8,10.5999564516129,20.69677419354839,5.201935483870967,40.3,2014-08-01
11,2014,9,27.88,31.8,24.8,118.5,11,10.463755555555556,21.161333333333335,5.151333333333333,36.7,2014-09-01
11,2014,10,26.85483870967742,30.0,23.9,246.7,25,9.298314157706093,17.377741935483872,3.795483870967742,34.1,2014-10-01
11,2014,11,25.86,29.3,22.8,387.3,21,6.282511851851853,12.273,2.8006666666666664,31.6,2014-11-01
11,2014,12,25.19677419354839,29.0,22.1,282.6,25,6.81682616487455,11.23741935483871,2.5880645161290325,33.4,2014-12-01
11,2015,1,25.503225806451614,29.2,22.6,6.5,1,10.531040232974911,18.259354838709676,4.232258064516128,26.5,2015-01-01
11,2015,2,25.8,30.0,21.8,39.4,11,10.510275496031744,18.991785714285715,4.358928571428572,28.6,2015-02-01
11,2015,3,27.52258064516129,32.0,23.2,40.1,9,11.168670609318992,22.414516129032258,5.22741935483871,24.7,2015-03-01
11,2015,4,28.19,32.5,24.7,113.3,22,10.664595277777781,20.807666666666666,4.640666666666666,21.6,2015-04-01
11,2015,5,28.23225806451613,31.8,25.0,172.0,16,9.84845716845878,19.1858064516129,4.437741935483871,39.2,2015-05-01
11,2015,6,28.666666666666668,30.8,25.6,33.7,11,10.712154259259261,20.608666666666668,5.149666666666667,41.9,2015-06-01
11,2015,7,28.51290322580645,31.5,26.6,20.0,7,11.050841756272401,21.14290322580645,5.36483870967742,38.2,2015-07-01
11,2015,8,28.30322580645161,32.1,24.7,45.2,8,11.07502822580645,22.220967741935485,5.380645161290323,36.4,2015-08-01
11,2015,9,27.96333333333333,31.8,24.7,88.2,12,9.912323425925925,19.988666666666667,4.828,39.1,2015-09-01
11,2015,10,27.080645161290324,30.3,24.4,254.5,25,8.730269534050178,16.16258064516129,3.653548387096774,35.2,2015-10-01
11,2015,11,26.183333333333334,29.6,23.9,358.6,26,8.285783055555557,13.615666666666668,2.9263333333333335,36.2,2015-11-01
11,2015,12,26.083870967741937,29.3,23.9,175.3,19,8.829263620071684,14.007096774193549,3.149677419354839,28.0,2015-12-01
11,2016,1,26.067741935483873,30.1,22.8,15.8,6,10.584894534050179,18.09935483870968,4.312258064516129,27.3,2016-01-01
11,2016,2,27.186206896551724,32.2,23.2,11.0,4,10.908786877394634,20.663103448275862,5.00103448275862,25.8,2016-02-01
11,2016,3,28.85483870967742,33.3,24.7,9.799999999999999,2,11.260970878136199,22.924193548387095,5.625806451612903,24.4,2016-03-01
11,2016,4,29.896666666666665,33.4,26.7,33.4,12,11.284613611111109,22.639,5.436333333333334,28.5,2016-04-01
11,2016,5,28.816129032258065,32.8,25.7,271.9,19,9.344910035842293,18.361612903225808,4.376451612903225,41.4,2016-05-01
11,2016,6,28.546666666666667,30.9,26.0,43.0,11,9.950299444444445,19.636666666666667,4.9030000000000005,41.9,2016-06-01
11,2016,7,28.23225806451613,31.5,26.1,30.6,6,10.649985394265235,20.844516129032257,5.142903225806452,38.7,2016-07-01
11,2016,8,28.34193548387097,31.6,25.9,19.5,4,11.010107347670253,21.84225806451613,5.402258064516129,35.9,2016-08-01
11,2016,9,27.91,31.2,26.0,4.4,1,10.742983055555554,22.237333333333332,5.391,34.3,2016-09-01
11,2016,10,27.887096774193548,31.0,24.7,53.4,8,10.66007419354839,21.04774193548387,5.078709677419355,33.4,2016-10-01
11,2016,11,26.433333333333334,30.2,23.1,155.7,22,9.328367407407407,15.740666666666668,3.6123333333333334,27.5,2016-11-01
11,2016,12,25.94193548387097,29.6,21.1,68.89999999999999,8,9.870159677419357,16.700645161290325,3.9538709677419357,37.8,2016-12-01
11,2017,1,25.606451612903225,32.1,20.4,110.2,13,9.477516935483873,17.71225806451613,4.3422580645161295,28.8,2017-01-01
11,2017,2,25.989285714285717,33.2,18.1,10.6,4,10.64088630952381,21.935714285714287,5.271428571428571,31.0,2017-02-01
11,2017,3,28.11935483870968,35.6,21.8,54.1,15,10.811605913978495,21.898709677419355,5.1493548387096775,27.9,2017-03-01
11,2017,4,30.06,35.1,25.8,19.5,5,11.30027962962963,24.307333333333336,6.1979999999999995,30.9,2017-04-01
11,2017,5,29.845161290322583,33.6,26.5,19.0,7,10.631848028673835,21.20741935483871,5.659677419354838,40.9,2017-05-01
11,2017,6,29.086666666666666,33.0,26.9,16.4,5,11.104395648148145,21.40666666666667,5.603,41.2,2017-06-01
11,2017,7,29.270967741935483,33.9,27.0,7.9,1,10.838432078853046,21.220322580645163,5.609677419354839,40.8,2017-07-01
11,2017,8,28.674193548387095,33.1,26.1,25.4,10,10.136559050179212,20.081290322580646,5.145806451612904,40.0,2017-08-01
11,2017,9,28.14,32.4,25.0,67.60000000000001,13,10.123801666666667,20.587,5.032333333333333,41.8,2017-09-01
11,2017,10,27.874193548387098,32.2,23.8,129.2,19,8.845538978494623,17.823870967741936,4.360322580645161,33.6,2017-10-01
11,2017,11,26.256666666666668,30.5,23.2,322.0,24,7.69711175925926,14.920666666666667,3.1943333333333332,33.2,2017-11-01
11,2017,12,25.835483870967742,30.1,21.2,59.4,15,10.160866039426525,17.17225806451613,3.76741935483871,29.3,2017-12-01
11,2018,1,25.39032258064516,30.0,20.5,36.1,9,9.728254749103941,18.200967741935486,4.3100000000000005,27.5,2018-01-01
11,2018,2,26.317857142857143,31.9,20.8,24.0,10,10.89265882936508,21.125,5.127142857142857,30.5,2018-02-01
11,2018,3,28.14516129032258,35.5,21.1,36.1,8,10.772749193548389,22.15806451612903,5.4396774193548385,32.2,2018-03-01
11,2018,4,29.126666666666665,34.6,24.9,79.1,13,10.744022592592591,21.92233333333333,5.233666666666666,23.7,2018-04-01
11,2018,5,28.583870967741937,33.9,24.7,93.7,23,9.218680913978494,18.608709677419355,4.59741935483871,38.8,2018-05-01
11,2018,6,28.59333333333333,31.5,26.3,17.8,5,10.961823055555556,21.531333333333336,5.4959999999999996,49.4,2018-06-01
11,2018,7,28.358064516129033,32.2,25.9,9.7,4,10.833692562724014,21.438387096774196,5.436774193548387,42.6,2018-07-01
11,2018,8,27.81935483870968,32.7,25.4,12.9,4,10.253418369175629,21.493548387096773,5.306129032258065,47.9,2018-08-01
11,2018,9,27.903333333333332,32.1,24.3,45.6,5,10.43964453703704,22.384999999999998,5.395333333333332,38.5,2018-09-01
11,2018,10,26.52258064516129,30.5,23.6,280.7,26,7.618002240143369,15.763870967741935,3.266451612903226,27.5,2018-10-01
11,2018,11,25.88,31.0,22.4,287.7,23,7.757184537037037,14.644333333333332,3.0623333333333336,28.2,2018-11-01
11,2018,12,25.806451612903224,30.0,20.3,94.4,14,9.56914435483871,16.57774193548387,3.568064516129032,29.2,2018-12-01
11,2019,1,25.470967741935485,31.6,21.2,15.5,7,10.568011200716846,19.023870967741935,4.429677419354839,29.6,2019-01-01
11,2019,2,26.732142857142858,32.3,21.7,234.6,10,10.776105753968253,20.50464285714286,4.5874999999999995,26.1,2019-02-01
11,2019,3,28.509677419354837,36.8,22.3,7.8,3,11.293400000000002,24.05806451612903,5.89741935483871,31.6,2019-03-01
11,2019,4,29.476666666666667,36.0,24.4,37.9,9,10.256360277777777,21.506666666666664,5.168666666666667,35.5,2019-04-01
11,2019,5,30.112903225806452,34.5,26.4,6.3,1,11.05710564516129,23.05838709677419,6.319999999999999,41.0,2019-05-01
11,2019,6,29.7,32.7,27.2,9.1,2,10.931094074074073,21.884,5.941666666666666,40.8,2019-06-01
11,2019,7,29.041935483870965,33.5,26.5,12.8,4,10.192169713261649,20.813870967741938,5.579677419354839,40.2,2019-07-01
11,2019,8,28.54516129032258,32.6,25.6,33.9,8,9.876502060931902,20.240967741935485,5.277741935483871,42.3,2019-08-01
11,2019,9,28.073333333333334,33.1,23.3,60.800000000000004,18,10.18819601851852,20.302,5.076666666666667,38.5,2019-09-01
11,2019,10,26.61935483870968,32.5,23.3,225.5,26,7.421556630824371,15.670322580645161,3.3370967741935487,22.2,2019-10-01
11,2019,11,26.84,31.9,22.4,99.4,24,10.082738055555554,17.267333333333333,3.6666666666666665,22.8,2019-11-01
11,2019,12,26.070967741935487,30.2,22.4,118.4,24,9.384093458781363,15.056774193548387,3.2983870967741935,25.9,2019-12-01
11,2020,1,26.65806451612903,33.5,20.4,15.700000000000001,11,10.696116039426526,19.118709677419357,4.653548387096774,29.3,2020-01-01
11,2020,2,27.644827586206898,35.0,21.7,8.3,2,10.976407950191573,21.772068965517242,5.8999999999999995,30.8,2020-02-01
11,2020,3,28.641935483870967,36.6,21.5,16.3,5,11.23632553763441,23.868387096774192,6.1248387096774195,34.6,2020-03-01
11,2020,4,29.673333333333336,36.9,23.5,46.2,17,11.076231111111113,22.543666666666663,5.536333333333333,25.5,2020-04-01
11,2020,5,29.967741935483872,34.7,25.1,52.6,12,10.385232347670252,20.52225806451613,5.2858064516129035,40.3,2020-05-01
11,2020,6,29.470000000000002,33.6,26.1,36.9,8,10.407828240740741,20.498,5.476,37.6,2020-06-01
11,2020,7,28.65806451612903,33.6,25.2,35.0,10,9.71975080645161,19.12258064516129,4.905806451612904,38.4,2020-07-01
11,2020,8,28.40967741935484,32.1,25.7,10.5,2,10.227163261648746,21.61709677419355,5.385483870967741,43.4,2020-08-01
11,2020,9,28.11,31.8,25.0,47.6,9,9.409029074074075,19.758,4.998666666666667,41.5,2020-09-01
11,2020,10,28.529032258064515,32.9,24.9,24.2,8,10.843507974910393,21.581290322580646,5.372580645161291,42.8,2020-10-01
11,2020,11,26.80666666666667,32.2,23.2,172.7,25,8.083825648148148,15.269333333333332,3.414,31.3,2020-11-01
11,2020,12,25.48709677419355,29.6,20.9,540.8,25,7.396135394265232,13.171612903225807,2.918709677419355,60.7,2020-12-01
11,2021,1,25.429032258064513,29.8,21.6,197.4,22,8.365942741935482,15.354516129032259,3.2074193548387098,37.6,2021-01-01
11,2021,2,25.885714285714283,32.7,20.8,18.099999999999998,7,10.9821251984127,21.84892857142857,4.870357142857143,28.2,2021-02-01
11,2021,3,28.03548387096774,34.3,21.7,44.3,10,10.871050000000002,22.179354838709674,5.414193548387097,28.0,2021-03-01
11,2021,4,29.11,35.4,24.1,38.5,9,11.144623703703703,22.532666666666668,5.470666666666667,32.4,2021-04-01
11,2021,5,28.874193548387098,33.1,24.7,71.0,17,9.53155922939068,19.49483870967742,4.926774193548387,45.3,2021-05-01
11,2021,6,28.913333333333334,32.9,25.4,35.8,7,10.568872499999998,21.330666666666666,5.495333333333334,39.5,2021-06-01
11,2021,7,28.82903225806452,33.4,25.8,14.9,5,10.69712105734767,20.97258064516129,5.448709677419354,45.4,2021-07-01
11,2021,8,28.348387096774193,32.3,25.5,24.4,6,10.130412724014338,21.075806451612905,5.301290322580646,37.6,2021-08-01
11,2021,9,28.540000000000003,33.1,24.8,27.6,8,9.957066388888888,21.235,5.364333333333334,41.6,2021-09-01
11,2021,10,27.116129032258065,30.7,23.3,249.70000000000002,24,8.704466039426523,17.580645161290324,3.952903225806452,41.5,2021-10-01
11,2021,11,26.03666666666667,29.7,22.9,500.5,28,7.073172407407408,14.512666666666666,3.1056666666666666,31.4,2021-11-01
11,2021,12,26.029032258064515,31.1,19.9,42.7,13,10.32036523297491,18.20225806451613,4.023548387096774,26.7,2021-12-01
11,2022,1,26.216129032258067,32.3,18.9,29.8,16,10.332606989247312,19.17096774193548,4.4148387096774195,27.6,2022-01-01
11,2022,2,26.075,32.5,19.2,54.7,7,9.997915079365079,21.09107142857143,4.803571428571429,25.9,2022-02-01
11,2022,3,28.16774193548387,33.5,23.1,18.8,8,10.845671953405017,22.64741935483871,5.435161290322581,30.4,2022-03-01
11,2022,4,27.80666666666667,33.5,23.4,134.0,20,10.085789444444448,21.067999999999998,4.568333333333333,25.8,2022-04-01
11,2022,5,29.36774193548387,34.2,26.4,31.3,9,10.967100806451613,22.41516129032258,5.848064516129032,42.1,2022-05-01
11,2022,6,28.82,33.2,25.6,15.2,5,10.381507314814815,21.275,5.545333333333334,36.9,2022-06-01
11,2022,7,28.612903225806452,34.2,23.1,24.2,5,9.58024211469534,20.29806451612903,5.252258064516129,43.1,2022-07-01
11,2022,8,27.91290322580645,33.5,24.2,51.9,13,9.975359856630822,20.823548387096775,5.122580645161291,45.1,2022-08-01
11,2022,9,27.803333333333335,33.6,24.4,29.0,7,10.18806296296296,22.365000000000002,5.4,40.0,2022-09-01
11,2022,10,27.048387096774192,32.3,22.5,164.1,22,9.093094802867382,18.520967741935483,4.1729032258064525,34.1,2022-10-01
11,2022,11,26.10666666666667,31.5,22.0,153.3,20,8.558195555555557,17.30666666666667,3.808333333333333,29.6,2022-11-01
11,2022,12,25.970967741935485,30.5,21.4,211.0,20,8.201721863799284,15.373870967741935,3.6516129032258067,32.8,2022-12-01
11,2023,1,25.467741935483872,30.4,19.5,62.5,11,9.473647939068101,18.240000000000002,4.4148387096774195,28.7,2023-01-01
11,2023,2,25.946428571428573,31.9,19.7,111.1,9,10.37742767857143,21.238214285714285,4.883571428571429,43.9,2023-02-01
11,2023,3,28.248387096774195,35.0,23.7,42.7,14,11.12102580645161,22.89258064516129,5.5519354838709685,26.6,2023-03-01
11,2023,4,29.163333333333334,36.6,24.0,68.6,15,10.789871944444446,22.917666666666666,5.497333333333334,26.4,2023-04-01
11,2023,5,29.23225806451613,33.7,24.0,113.3,9,9.291639695340502,20.460322580645162,5.083870967741936,39.3,2023-05-01
11,2023,6,29.53666666666667,33.5,26.4,23.9,5,10.561947777777778,21.882333333333335,5.697333333333333,37.4,2023-06-01
11,2023,7,28.84193548387097,33.2,26.4,19.2,3,9.949968279569891,20.93032258064516,5.527096774193549,43.9,2023-07-01
11,2023,8,28.94516129032258,33.6,26.3,2.7,1,11.19331388888889,24.1,6.06258064516129,35.1,2023-08-01
11,2023,9,28.56,32.4,25.4,35.7,10,10.499947777777779,21.683333333333334,5.572333333333333,39.8,2023-09-01
11,2023,10,27.60967741935484,32.9,23.5,141.9,22,9.89842930107527,19.91354838709677,4.530967741935484,37.3,2023-10-01
11,2023,11,26.19333333333333,31.5,23.4,340.8,29,7.763857962962962,15.191666666666666,3.1390000000000002,23.2,2023-11-01
11,2023,12,26.416129032258063,29.8,23.5,195.5,26,8.491232616487457,15.108064516129033,3.3638709677419354,30.5,2023-12-01
11,2024,1,26.32903225806452,30.9,20.8,71.7,11,9.266803405017919,17.603548387096776,4.008709677419355,25.1,2024-01-01
11,2024,2,28.141379310344828,35.0,21.9,13.4,6,11.04121120689655,22.091379310344827,5.617586206896552,27.8,2024-02-01
11,2024,3,28.94193548387097,36.0,21.9,14.7,4,11.263578494623655,24.29,6.079354838709678,29.8,2024-03-01
11,2024,4,30.326666666666664,37.9,24.9,31.2,11,11.095754814814812,22.791,5.590999999999999,26.6,2024-04-01
11,2024,5,29.39032258064516,35.1,25.0,196.8,18,8.83918100358423,19.017419354838708,4.66,44.7,2024-05-01
11,2024,6,28.5375,32.2,26.3,26.5,6,9.303138194444445,18.74625,4.395,36.0,2024-06-01
12,2010,1,24.59032258064516,29.6,18.7,145.2,10,10.054686021505377,17.00516129032258,3.5696774193548384,20.0,2010-01-01
12,2010,2,25.974999999999998,34.6,20.3,2.3,1,10.365834325396825,20.57821428571429,4.6499999999999995,20.7,2010-02-01
12,2010,3,28.187096774193545,36.6,19.6,34.5,7,11.066741577060933,22.85225806451613,5.393870967741936,20.5,2010-03-01
12,2010,4,28.846666666666668,36.3,24.3,106.1,15,10.508492037037039,21.295,4.7683333333333335,16.6,2010-04-01
12,2010,5,28.364516129032257,34.3,24.0,76.0,12,10.109876164874551,19.205483870967743,4.580645161290323,32.7,2010-05-01
12,2010,6,28.753333333333334,36.5,25.2,27.5,12,10.02170574074074,19.225,5.302333333333333,33.4,2010-06-01
12,2010,7,28.096774193548388,35.1,23.7,59.699999999999996,13,9.666438351254481,19.19451612903226,5.029032258064516,31.4,2010-07-01
12,2010,8,27.761290322580646,36.0,23.4,94.0,18,9.12163700716846,17.976774193548387,4.683225806451613,31.3,2010-08-01
12,2010,9,27.176666666666666,34.6,23.0,179.1,16,9.35796814814815,19.043999999999997,4.586,26.1,2010-09-01
12,2010,10,26.693548387096776,33.0,22.1,164.79999999999998,15,9.779905376344086,18.57935483870968,4.226774193548387,29.4,2010-10-01
12,2010,11,25.053333333333335,30.7,21.7,297.4,24,7.943259074074075,13.960666666666667,2.859666666666667,20.6,2010-11-01
12,2010,12,23.961290322580645,29.2,20.8,526.8,27,5.418439157706094,10.536774193548387,2.192258064516129,25.0,2010-12-01
12,2011,1,23.570967741935487,28.4,19.4,307.5,21,6.135390770609319,11.680645161290323,2.408709677419355,20.9,2011-01-01
12,2011,2,24.446428571428573,31.0,20.2,297.8,12,7.993957043650793,15.156428571428572,3.1614285714285715,20.7,2011-02-01
12,2011,3,26.793548387096774,35.7,20.0,24.0,10,11.075052150537635,21.543870967741935,4.678709677419355,20.6,2011-03-01
12,2011,4,27.040000000000003,35.7,22.6,207.20000000000002,23,9.59773611111111,19.413,4.197666666666667,21.5,2011-04-01
12,2011,5,28.338709677419356,34.9,23.7,19.4,8,11.339940322580643,22.419677419354837,5.37,30.2,2011-05-01
12,2011,6,28.90666666666667,36.4,25.0,18.6,7,10.70848898148148,21.221333333333334,5.841666666666667,32.9,2011-06-01
12,2011,7,28.129032258064516,34.5,24.9,37.6,10,10.338548207885303,19.60741935483871,5.22741935483871,30.3,2011-07-01
12,2011,8,27.916129032258063,34.5,24.2,48.7,9,10.284743458781366,19.64483870967742,5.191612903225806,29.3,2011-08-01
12,2011,9,28.48,35.6,25.0,35.4,10,10.674232499999999,20.908666666666665,5.6770000000000005,27.3,2011-09-01
12,2011,10,26.712903225806453,34.7,22.8,220.20000000000002,26,8.920112455197131,17.118387096774192,3.832258064516129,19.9,2011-10-01
12,2011,11,24.959999999999997,29.9,20.2,171.0,24,8.566211388888888,14.548333333333334,2.951,18.9,2011-11-01
12,2011,12,24.48709677419355,30.3,19.0,116.9,18,8.36637553763441,14.254193548387097,2.9883870967741935,21.2,2011-12-01
12,2012,1,24.093548387096774,29.6,17.9,21.3,5,10.544429390681001,18.037419354838708,3.7529032258064516,20.5,2012-01-01
12,2012,2,25.320689655172412,32.4,18.6,44.6,10,10.144392528735631,18.586206896551722,4.060689655172414,23.7,2012-02-01
12,2012,3,27.583870967741937,35.8,20.6,39.199999999999996,7,11.030466666666667,22.294193548387096,5.017096774193549,16.3,2012-03-01
12,2012,4,27.52,33.8,22.8,115.8,19,10.072928796296297,19.563666666666666,4.311000000000001,23.1,2012-04-01
12,2012,5,29.27741935483871,36.6,24.7,8.5,2,11.322445788530466,23.351290322580645,6.323548387096774,34.9,2012-05-01
12,2012,6,29.006666666666668,36.0,24.9,11.0,1,11.036101851851852,21.344333333333335,6.184666666666667,32.4,2012-06-01
12,2012,7,28.65806451612903,34.9,24.9,51.099999999999994,8,11.032673745519714,21.24451612903226,5.755483870967741,30.5,2012-07-01
12,2012,8,28.567741935483873,34.9,24.6,19.3,4,10.922420430107527,21.05483870967742,6.017096774193549,29.1,2012-08-01
12,2012,9,28.663333333333334,35.3,23.8,29.3,8,10.291556759259258,20.930999999999997,5.730666666666667,29.1,2012-09-01
12,2012,10,26.225806451612904,35.9,22.7,449.8,24,8.274350448028674,16.105483870967742,3.665483870967742,25.0,2012-10-01
12,2012,11,25.276666666666664,30.8,20.6,182.3,14,9.047364907407406,15.721333333333332,3.2656666666666667,23.0,2012-11-01
12,2012,12,24.63225806451613,29.1,19.3,160.8,21,8.277180645161291,13.217419354838709,2.7783870967741935,21.3,2012-12-01
12,2013,1,24.31935483870968,29.0,18.3,129.8,8,7.777290770609318,14.605161290322581,3.1270967741935483,18.7,2013-01-01
12,2013,2,25.025000000000002,30.5,19.8,78.0,11,9.899020337301588,17.98857142857143,3.7410714285714284,17.3,2013-02-01
12,2013,3,26.5258064516129,34.6,19.7,78.9,14,10.627931362007168,21.0258064516129,4.434516129032258,18.3,2013-03-01
12,2013,4,28.726666666666667,36.5,23.9,50.8,13,10.654820092592594,21.527333333333335,4.852,19.6,2013-04-01
12,2013,5,28.73225806451613,35.0,24.8,45.1,11,10.494308691756272,20.72290322580645,5.3512903225806445,34.8,2013-05-01
12,2013,6,28.073333333333334,33.6,24.6,34.8,11,10.483007592592593,19.701666666666664,5.379666666666666,33.4,2013-06-01
12,2013,7,27.938709677419357,34.4,24.6,46.1,9,10.352520878136202,19.73225806451613,5.38,32.3,2013-07-01
12,2013,8,27.62258064516129,35.2,23.9,110.5,13,10.272187275985665,20.412258064516127,5.056451612903226,30.9,2013-08-01
12,2013,9,27.416666666666668,34.9,23.6,42.8,10,9.996890277777778,19.569333333333336,5.007000000000001,30.6,2013-09-01
12,2013,10,27.69677419354839,35.5,22.9,87.2,9,10.290663799283154,20.044193548387096,5.115483870967743,26.8,2013-10-01
12,2013,11,25.61,31.2,19.4,84.1,19,9.94856037037037,15.987,3.444666666666667,17.4,2013-11-01
12,2013,12,24.458064516129035,30.2,19.7,97.9,9,7.791658870967743,12.935483870967742,2.919677419354839,24.1,2013-12-01
12,2014,1,23.9,28.4,19.8,181.1,20,8.085295071684587,13.326451612903226,2.834516129032258,23.2,2014-01-01
12,2014,2,25.314285714285713,32.2,18.3,12.799999999999999,4,10.815148809523812,20.14428571428571,4.4089285714285715,21.1,2014-02-01
12,2014,3,27.47741935483871,37.0,20.3,13.700000000000001,3,11.164197580645164,22.567741935483873,5.494193548387097,21.0,2014-03-01
12,2014,4,28.633333333333333,37.2,23.3,119.7,14,10.904379537037038,22.062333333333335,4.931333333333333,15.7,2014-04-01
12,2014,5,28.041935483870965,34.2,23.5,109.8,12,10.387353046594983,20.1,4.770967741935484,27.0,2014-05-01
12,2014,6,29.476666666666667,36.1,25.2,16.7,4,11.203682314814815,21.899333333333335,6.192666666666667,30.0,2014-06-01
12,2014,7,29.09032258064516,36.1,25.6,20.400000000000002,4,10.981546146953406,21.39548387096774,6.159677419354838,31.9,2014-07-01
12,2014,8,27.9,34.9,23.9,87.6,13,10.323882706093189,19.914516129032258,5.194838709677419,31.3,2014-08-01
12,2014,9,28.09,36.1,23.6,112.5,11,10.401028703703707,20.629666666666665,5.391666666666667,28.1,2014-09-01
12,2014,10,26.177419354838708,32.6,22.3,234.5,25,9.112047311827958,17.140967741935484,3.6929032258064516,25.9,2014-10-01
12,2014,11,24.826666666666664,30.7,19.4,317.40000000000003,23,6.21152398148148,12.154333333333334,2.5453333333333332,18.2,2014-11-01
12,2014,12,24.193548387096776,29.3,20.1,345.5,25,6.121632347670252,10.396451612903226,2.12,23.2,2014-12-01
12,2015,1,24.570967741935487,30.5,19.8,11.6,5,10.33817347670251,17.37290322580645,3.673225806451613,17.7,2015-01-01
12,2015,2,24.657142857142855,30.9,18.6,71.1,13,10.187532341269842,17.77642857142857,3.7096428571428572,20.7,2015-02-01
12,2015,3,26.490322580645163,34.8,19.7,52.8,11,10.983064336917561,21.72451612903226,4.73741935483871,17.4,2015-03-01
12,2015,4,27.44,35.1,23.0,122.4,22,10.5327725,20.736,4.417666666666666,11.7,2015-04-01
12,2015,5,27.458064516129035,34.0,23.7,248.1,19,9.954728046594983,18.95741935483871,4.218064516129032,29.0,2015-05-01
12,2015,6,28.31,33.8,24.5,26.3,9,10.770304259259259,20.244000000000003,5.128,31.7,2015-06-01
12,2015,7,28.629032258064516,35.1,25.1,25.900000000000002,9,10.923484498207888,20.681935483870966,5.6,28.4,2015-07-01
12,2015,8,28.374193548387098,36.1,23.8,61.9,8,11.041209408602151,21.659354838709678,5.57774193548387,28.2,2015-08-01
12,2015,9,27.529999999999998,35.3,23.4,141.3,17,9.987406111111111,19.486333333333334,4.6306666666666665,29.8,2015-09-01
12,2015,10,26.26774193548387,31.8,22.7,243.2,26,8.27756254480287,15.843870967741937,3.427096774193548,24.5,2015-10-01
12,2015,11,25.216666666666665,30.3,21.8,349.7,26,7.826324629629629,13.157,2.6996666666666664,20.9,2015-11-01
12,2015,12,25.048387096774192,29.5,21.6,185.20000000000002,23,8.292599283154123,13.446774193548388,2.7651612903225806,22.2,2015-12-01
12,2016,1,24.916129032258063,30.2,19.0,25.1,8,10.502139247311828,16.72741935483871,3.5632258064516127,19.1,2016-01-01
12,2016,2,26.106896551724137,32.6,20.9,30.2,8,10.655873659003833,19.531379310344825,4.32551724137931,20.6,2016-02-01
12,2016,3,28.345161290322583,37.4,22.3,21.6,6,11.211657168458784,22.59193548387097,5.247741935483871,19.9,2016-03-01
12,2016,4,29.88,36.7,24.5,38.2,7,11.192339259259262,22.577,5.186000000000001,19.6,2016-04-01
12,2016,5,28.106451612903225,35.9,24.1,187.8,15,9.136906272401433,17.914193548387097,4.088387096774193,29.5,2016-05-01
12,2016,6,28.376666666666665,34.1,25.4,19.3,6,10.041380462962964,19.288999999999998,5.071666666666667,30.1,2016-06-01
12,2016,7,28.493548387096773,36.4,24.2,51.0,9,10.522927598566305,20.371612903225806,5.4638709677419355,33.3,2016-07-01
12,2016,8,28.664516129032258,35.6,24.9,27.7,13,10.816148387096774,21.30483870967742,5.736774193548388,30.0,2016-08-01
12,2016,9,28.603333333333335,35.5,24.6,13.8,4,10.617063888888891,21.482333333333333,5.922666666666667,25.6,2016-09-01
12,2016,10,27.980645161290322,35.4,23.5,83.7,11,10.657735035842297,20.4,5.180000000000001,24.2,2016-10-01
12,2016,11,25.313333333333333,31.1,20.0,166.1,21,8.7882175,14.873333333333333,3.1083333333333334,19.6,2016-11-01
12,2016,12,24.76774193548387,30.6,18.5,81.0,14,9.63324677419355,16.074193548387097,3.406774193548387,25.8,2016-12-01
12,2017,1,24.15806451612903,30.9,18.6,156.5,12,8.945120788530465,16.860967741935482,3.5796774193548386,21.9,2017-01-01
12,2017,2,24.65357142857143,32.9,17.6,16.0,4,10.356127083333332,20.956071428571427,4.455357142857143,22.8,2017-02-01
12,2017,3,26.37741935483871,33.8,20.7,119.5,18,10.410415770609319,21.039677419354838,4.45741935483871,22.4,2017-03-01
12,2017,4,29.586666666666666,39.3,23.7,23.1,5,11.220321666666663,23.599666666666668,5.790666666666667,22.1,2017-04-01
12,2017,5,29.05483870967742,36.7,24.5,86.6,18,9.95059695340502,19.91741935483871,5.150967741935484,33.9,2017-05-01
12,2017,6,28.916666666666668,36.0,25.2,32.4,16,10.529890833333335,19.061,5.548666666666667,32.4,2017-06-01
12,2017,7,29.26774193548387,38.4,25.4,65.4,13,10.644762455197132,19.725483870967743,5.595806451612903,30.3,2017-07-01
12,2017,8,27.92258064516129,35.9,24.3,127.8,17,9.741243817204301,18.651612903225807,4.78,31.2,2017-08-01
12,2017,9,27.183333333333334,33.5,23.6,125.8,16,9.654265277777778,18.395,4.411333333333333,33.4,2017-09-01
12,2017,10,26.870967741935484,34.5,22.9,214.1,24,8.414274103942653,15.914193548387098,3.801290322580645,24.7,2017-10-01
12,2017,11,25.23,31.6,21.9,283.2,24,6.851270555555557,13.265666666666666,2.7496666666666667,25.9,2017-11-01
12,2017,12,24.725806451612904,30.5,19.8,103.3,16,9.471965860215054,15.446774193548388,3.1993548387096777,23.8,2017-12-01
12,2018,1,24.14516129032258,29.9,19.0,28.1,8,9.495865770609317,16.908709677419353,3.6006451612903225,20.1,2018-01-01
12,2018,2,25.157142857142855,32.3,19.6,34.6,9,10.685714583333334,19.863214285714285,4.374642857142857,22.2,2018-02-01
12,2018,3,27.016129032258064,35.7,20.6,51.00000000000001,9,10.511312365591396,21.339354838709678,4.839677419354839,25.9,2018-03-01
12,2018,4,28.279999999999998,36.9,23.5,57.8,13,10.735001296296295,21.554,4.892666666666667,19.2,2018-04-01
12,2018,5,27.251612903225805,36.7,23.8,179.1,25,8.455750806451613,17.799677419354836,4.016451612903226,32.5,2018-05-01
12,2018,6,28.186666666666667,35.2,25.1,26.4,9,10.564220462962961,19.860333333333333,5.332666666666666,35.6,2018-06-01
12,2018,7,28.806451612903224,37.0,24.2,29.2,8,10.410380017921147,20.21516129032258,5.932903225806451,33.8,2018-07-01
12,2018,8,28.17096774193548,37.0,23.9,51.3,12,9.684775,19.7558064516129,5.573548387096774,37.7,2018-08-01
12,2018,9,27.956666666666667,36.8,23.1,202.9,11,10.284103148148148,21.224,5.453,28.3,2018-09-01
12,2018,10,25.541935483870965,32.1,22.2,390.9,29,7.66658064516129,15.173870967741935,3.105483870967742,19.1,2018-10-01
12,2018,11,24.946666666666665,30.5,21.2,358.5,23,7.622174907407408,14.013,2.864,17.5,2018-11-01
12,2018,12,24.84193548387097,30.2,19.8,114.4,15,9.281575358422941,15.923225806451613,3.25258064516129,19.1,2018-12-01
12,2019,1,24.322580645161292,30.0,19.9,12.2,4,10.438276612903225,17.910967741935483,3.8103225806451615,21.4,2019-01-01
12,2019,2,25.914285714285715,33.2,21.1,50.0,10,10.552517063492065,19.256071428571428,4.128571428571428,22.6,2019-02-01
12,2019,3,28.061290322580643,38.5,22.0,5.2,1,11.235948835125448,23.809354838709677,5.680322580645162,22.3,2019-03-01
12,2019,4,28.863333333333333,38.0,23.3,76.3,12,9.984964351851852,21.423333333333336,4.969333333333333,23.7,2019-04-01
12,2019,5,29.635483870967743,37.6,24.9,19.3,5,10.902087186379926,21.80806451612903,5.827419354838709,32.1,2019-05-01
12,2019,6,29.766666666666666,36.3,25.6,12.200000000000001,3,10.430285092592593,20.24866666666667,6.054,31.8,2019-06-01
12,2019,7,29.18064516129032,37.3,24.9,19.9,5,10.221712724014337,19.91,5.726774193548387,29.0,2019-07-01
12,2019,8,28.04516129032258,35.6,24.2,74.2,10,9.701528315412187,18.629677419354838,5.0361290322580645,30.8,2019-08-01
12,2019,9,27.676666666666666,36.3,22.8,108.7,16,10.03235527777778,19.254666666666665,4.826666666666667,27.6,2019-09-01
12,2019,10,25.68064516129032,32.3,22.4,332.8,28,7.455545609318997,15.268709677419354,3.1648387096774195,18.0,2019-10-01
12,2019,11,25.863333333333333,31.2,21.2,140.3,27,9.653607222222222,16.539333333333335,3.3993333333333333,21.1,2019-11-01
12,2019,12,24.96451612903226,29.3,21.6,185.9,23,8.682454749103945,14.105161290322581,2.841290322580645,22.5,2019-12-01
12,2020,1,25.11935483870968,31.1,19.3,27.5,10,10.671897132616488,18.66032258064516,3.9070967741935485,23.2,2020-01-01
12,2020,2,25.75862068965517,31.7,19.9,14.5,3,10.982359386973181,21.020689655172415,4.721724137931035,25.3,2020-02-01
12,2020,3,27.23548387096774,36.1,21.1,4.0,2,11.201822132616485,23.299032258064514,5.389354838709677,21.9,2020-03-01
12,2020,4,28.546666666666667,36.6,22.3,79.8,16,10.97142888888889,22.096,5.0600000000000005,18.2,2020-04-01
12,2020,5,28.46451612903226,36.0,23.8,119.5,15,9.783560842293909,18.58451612903226,4.408064516129032,31.8,2020-05-01
12,2020,6,28.756666666666668,36.4,24.4,59.6,9,10.143881944444441,19.189666666666668,5.0953333333333335,28.4,2020-06-01
12,2020,7,27.845161290322583,35.7,23.7,119.10000000000001,13,9.479429749103943,18.123870967741937,4.53258064516129,27.0,2020-07-01
12,2020,8,28.406451612903226,36.3,23.9,26.9,8,10.118335483870968,20.384193548387096,5.388064516129032,32.5,2020-08-01
12,2020,9,27.433333333333334,34.4,23.6,95.2,12,8.787370277777777,17.086000000000002,4.465999999999999,34.8,2020-09-01
12,2020,10,28.106451612903225,36.6,23.0,93.3,12,10.509929928315412,19.819032258064517,5.192903225806451,35.2,2020-10-01
12,2020,11,25.853333333333335,33.7,22.4,225.9,27,7.877286944444445,14.470666666666666,3.0526666666666666,23.9,2020-11-01
12,2020,12,24.483870967741936,30.1,20.3,474.4,24,6.804257706093189,12.492903225806451,2.551612903225806,39.2,2020-12-01
12,2021,1,24.52258064516129,29.9,20.6,369.5,19,7.791960215053764,14.249032258064517,2.8729032258064517,30.8,2021-01-01
12,2021,2,24.678571428571427,32.4,19.5,36.0,8,10.756552281746032,20.154285714285717,4.1049999999999995,22.5,2021-02-01
12,2021,3,26.529032258064515,36.1,21.3,42.6,11,10.695546326164875,21.17774193548387,4.627096774193548,19.5,2021-03-01
12,2021,4,27.613333333333333,36.8,22.7,151.0,19,10.615038055555555,21.756333333333334,4.788333333333333,23.9,2021-04-01
12,2021,5,27.358064516129033,34.4,22.7,122.3,23,9.2830853046595,18.271290322580644,4.136451612903225,36.9,2021-05-01
12,2021,6,28.220000000000002,35.9,24.3,63.1,8,10.467420277777777,20.388666666666666,5.2669999999999995,31.4,2021-06-01
12,2021,7,28.26774193548387,36.2,24.0,65.3,12,10.537449014336918,19.998064516129034,5.275483870967742,35.9,2021-07-01
12,2021,8,28.241935483870968,36.4,23.5,62.4,10,9.424887724014336,19.0458064516129,5.186451612903226,29.6,2021-08-01
12,2021,9,28.10666666666667,36.1,24.3,114.10000000000001,15,9.665962962962963,19.329666666666665,5.095333333333333,35.6,2021-09-01
12,2021,10,26.29032258064516,33.3,22.5,232.5,23,8.255635842293907,16.313870967741938,3.685483870967742,30.7,2021-10-01
12,2021,11,24.98,30.9,21.9,371.1,27,6.896512314814816,13.778,2.8160000000000003,25.5,2021-11-01
12,2021,12,24.983870967741936,30.9,19.7,62.7,13,10.09907347670251,17.610967741935486,3.633225806451613,21.6,2021-12-01
12,2022,1,24.79032258064516,31.6,17.4,43.6,10,9.966662365591398,18.64322580645161,3.7841935483870968,21.6,2022-01-01
12,2022,2,24.832142857142856,32.3,18.7,59.1,9,10.016589781746033,20.764642857142857,4.26,19.9,2022-02-01
12,2022,3,26.635483870967743,35.0,21.4,44.1,11,10.32438835125448,21.888709677419353,4.702258064516129,20.7,2022-03-01
12,2022,4,26.616666666666667,34.2,21.8,170.4,23,9.438819074074074,19.903666666666666,4.161333333333333,18.3,2022-04-01
12,2022,5,28.051612903225806,35.0,24.2,38.2,13,10.566024551971324,20.963870967741936,5.111290322580645,31.5,2022-05-01
12,2022,6,27.966666666666665,34.7,24.0,51.0,11,10.31996148148148,20.088666666666665,5.078,27.9,2022-06-01
12,2022,7,27.83225806451613,36.9,23.3,81.3,14,9.000809229390681,19.036129032258064,4.946774193548387,32.4,2022-07-01
12,2022,8,27.36774193548387,35.5,23.2,91.5,21,9.468187724014337,19.490645161290324,4.8506451612903225,34.2,2022-08-01
12,2022,9,27.45,35.9,23.0,40.800000000000004,9,9.954462592592591,21.24233333333333,5.255333333333334,28.7,2022-09-01
12,2022,10,25.903225806451612,34.5,21.1,250.4,25,7.711025089605734,16.446451612903225,3.655806451612903,31.0,2022-10-01
12,2022,11,24.913333333333334,30.9,20.4,208.4,17,7.54056287037037,15.623,3.2456666666666663,18.4,2022-11-01
12,2022,12,24.596774193548388,30.1,19.3,238.1,21,7.928164964157708,14.778709677419354,3.096774193548387,29.7,2022-12-01
12,2023,1,23.858064516129033,28.8,18.7,88.89999999999999,10,9.232778853046595,17.809354838709677,3.6190322580645162,22.2,2023-01-01
12,2023,2,24.650000000000002,30.7,19.3,95.0,8,10.138461011904763,20.90142857142857,4.2575,28.0,2023-02-01
12,2023,3,26.548387096774192,35.4,22.2,76.2,11,10.851586648745519,22.66548387096774,4.84741935483871,21.9,2023-03-01
12,2023,4,27.87,36.8,22.2,133.4,13,10.39549425925926,22.942333333333334,5.075666666666667,18.7,2023-04-01
12,2023,5,27.9,35.6,23.3,139.1,14,8.899759408602153,19.411612903225805,4.476129032258064,29.5,2023-05-01
12,2023,6,29.15,36.8,24.8,18.9,7,10.562389351851852,21.037,5.7123333333333335,27.0,2023-06-01
12,2023,7,29.093548387096774,38.6,24.7,23.3,10,9.849651612903225,20.019032258064517,5.798387096774194,34.8,2023-07-01
12,2023,8,29.316129032258065,38.7,23.8,64.8,11,10.79788458781362,22.841290322580647,6.126774193548387,25.9,2023-08-01
12,2023,9,27.916666666666668,35.6,23.9,98.3,19,9.917397777777778,20.048333333333336,5.193666666666667,30.9,2023-09-01
12,2023,10,26.31935483870968,34.1,22.5,351.2,29,8.812647491039426,18.313225806451616,3.9570967741935483,27.0,2023-10-01
12,2023,11,25.223333333333336,31.6,22.2,457.1,28,7.229612777777776,14.184333333333333,2.8833333333333333,18.9,2023-11-01
12,2023,12,25.212903225806453,31.0,22.5,296.6,29,7.631850627240143,14.29967741935484,2.886451612903226,23.0,2023-12-01
12,2024,1,25.16774193548387,30.3,20.9,99.7,14,9.127609587813621,16.959032258064518,3.52,20.6,2024-01-01
12,2024,2,26.644827586206898,35.1,21.4,9.7,4,10.959225670498085,22.326551724137932,4.951379310344827,23.8,2024-02-01
12,2024,3,27.85483870967742,38.0,21.0,14.7,5,11.208321774193552,24.44516129032258,5.712258064516129,20.3,2024-03-01
12,2024,4,29.77,39.4,23.6,31.6,9,11.05236212962963,23.665000000000003,5.617,21.0,2024-04-01
12,2024,5,28.38064516129032,38.2,24.0,260.7,23,8.700777329749105,19.061290322580643,4.3748387096774195,33.9,2024-05-01
12,2024,6,27.6625,32.3,24.9,21.8,5,8.673505208333333,17.9425,4.065,24.3,2024-06-01
13,2010,1,25.738709677419354,28.7,22.9,61.1,9,10.477189964157706,18.62483870967742,4.279032258064516,27.0,2010-01-01
13,2010,2,26.314285714285713,30.9,23.4,1.4000000000000001,1,10.559347916666667,21.350357142857142,4.905,25.2,2010-02-01
13,2010,3,27.94516129032258,33.6,22.9,16.5,5,11.20392670250896,24.23709677419355,5.432258064516129,23.4,2010-03-01
13,2010,4,29.34333333333333,34.9,25.8,42.2,7,10.78737351851852,23.241666666666667,5.292,20.0,2010-04-01
13,2010,5,29.580645161290324,35.5,24.8,36.2,7,10.580587724014334,21.543225806451613,5.508387096774193,34.7,2010-05-01
13,2010,6,29.84,36.3,26.4,21.3,5,10.039512962962965,20.46066666666667,5.962000000000001,36.1,2010-06-01
13,2010,7,29.225806451612904,34.6,25.5,17.099999999999998,6,9.930630107526879,19.785806451612903,5.629354838709677,32.7,2010-07-01
13,2010,8,28.561290322580643,35.2,24.0,133.2,12,9.110943548387096,18.516129032258064,4.980645161290322,32.3,2010-08-01
13,2010,9,27.796666666666667,33.3,23.4,139.7,14,9.737645555555554,19.999666666666666,4.872333333333333,27.2,2010-09-01
13,2010,10,27.451612903225808,32.3,23.4,171.8,11,10.301101433691755,19.769354838709678,4.64483870967742,29.3,2010-10-01
13,2010,11,25.916666666666668,30.8,23.3,322.8,22,8.453424907407406,15.417333333333334,3.163,24.7,2010-11-01
13,2010,12,24.95483870967742,29.8,21.8,625.5,26,6.1025198924731185,11.407741935483871,2.5393548387096776,35.7,2010-12-01
13,2011,1,24.648387096774194,27.1,21.9,425.7,21,6.786646236559139,13.193548387096774,2.952258064516129,30.8,2011-01-01
13,2011,2,25.357142857142858,29.6,22.7,350.0,11,8.536885912698411,16.799642857142857,3.5957142857142856,33.9,2011-02-01
13,2011,3,26.95483870967742,32.5,21.5,20.900000000000002,7,11.178745967741937,23.236129032258066,4.961290322580646,24.2,2011-03-01
13,2011,4,27.563333333333333,33.5,24.3,135.4,16,9.866424166666665,21.097666666666665,4.555666666666666,23.4,2011-04-01
13,2011,5,29.293548387096774,34.3,24.8,4.1,1,11.452292562724013,24.41709677419355,6.080322580645162,33.7,2011-05-01
13,2011,6,29.846666666666668,35.1,26.2,9.3,3,10.728848518518518,21.954,6.418333333333334,34.2,2011-06-01
13,2011,7,28.838709677419356,34.5,25.1,54.800000000000004,12,10.585547939068102,20.43935483870968,5.573225806451613,32.4,2011-07-01
13,2011,8,28.651612903225807,34.8,24.8,57.1,11,10.827890412186381,20.926129032258064,5.608387096774194,32.2,2011-08-01
13,2011,9,29.290000000000003,35.1,26.1,20.3,5,10.809465925925924,21.714666666666666,6.026333333333333,27.2,2011-09-01
13,2011,10,27.17096774193548,33.9,23.9,292.6,25,9.439132078853046,18.253870967741936,3.9803225806451614,18.8,2011-10-01
13,2011,11,25.826666666666664,29.2,23.0,292.0,24,8.971182962962963,15.865,3.25,26.7,2011-11-01
13,2011,12,25.62258064516129,28.9,21.8,142.5,17,8.501950896057346,15.181935483870967,3.5548387096774197,27.7,2011-12-01
13,2012,1,25.161290322580644,28.1,20.1,29.900000000000002,8,10.624065143369178,19.068709677419356,4.24,25.1,2012-01-01
13,2012,2,26.06896551724138,31.0,23.4,22.7,5,10.225273946360153,20.003793103448277,4.462758620689654,29.1,2012-02-01
13,2012,3,27.474193548387095,32.8,23.0,7.8,4,11.197539964157706,23.864516129032257,5.240645161290323,18.0,2012-03-01
13,2012,4,28.373333333333335,33.7,24.6,64.2,11,10.362769907407406,21.543666666666663,4.917333333333334,24.5,2012-04-01
13,2012,5,30.10967741935484,36.3,26.0,2.6,0,11.383900537634407,24.551290322580645,6.875806451612903,37.8,2012-05-01
13,2012,6,29.993333333333332,36.1,26.2,2.7,0,11.120652685185183,22.5,6.873666666666667,33.2,2012-06-01
13,2012,7,29.47741935483871,35.2,25.0,31.1,7,11.218808960573476,22.020967741935483,6.160322580645161,31.2,2012-07-01
13,2012,8,29.483870967741936,35.1,25.7,12.2,3,10.726337544802869,21.53774193548387,6.484193548387096,30.0,2012-08-01
13,2012,9,29.4,35.6,24.1,34.9,7,10.281939351851854,21.512333333333334,6.004333333333333,28.4,2012-09-01
13,2012,10,26.864516129032257,35.0,23.5,569.6,24,8.71495376344086,17.45193548387097,3.8970967741935483,35.4,2012-10-01
13,2012,11,26.240000000000002,31.2,21.2,155.7,15,9.48364425925926,17.027,3.728,29.8,2012-11-01
13,2012,12,25.73548387096774,28.6,22.1,192.2,19,9.160839695340503,14.986774193548388,3.394838709677419,29.7,2012-12-01
13,2013,1,25.654838709677417,28.0,23.3,98.6,8,8.78161765232975,16.09741935483871,3.963225806451613,26.2,2013-01-01
13,2013,2,26.035714285714285,29.5,23.6,77.5,11,10.199341170634922,19.53,4.2475000000000005,23.2,2013-02-01
13,2013,3,27.125806451612902,32.5,24.1,56.6,10,10.843607706093188,22.450967741935486,4.7787096774193545,23.6,2013-03-01
13,2013,4,29.083333333333332,35.2,25.1,18.1,6,10.96460898148148,23.564,5.348666666666667,22.0,2013-04-01
13,2013,5,29.822580645161292,35.8,26.1,22.7,5,11.042234856630824,22.76483870967742,6.176129032258065,37.5,2013-05-01
13,2013,6,29.28666666666667,34.3,25.6,10.6,4,10.776178888888893,20.676333333333332,6.140666666666666,32.9,2013-06-01
13,2013,7,28.874193548387098,34.5,25.7,22.1,8,10.12975448028674,19.93903225806452,5.800967741935484,33.0,2013-07-01
13,2013,8,28.335483870967742,33.8,24.4,61.699999999999996,14,10.45026227598566,21.011935483870968,5.383548387096774,31.0,2013-08-01
13,2013,9,28.23,34.4,24.4,53.8,8,10.072459351851851,20.493666666666666,5.3919999999999995,31.1,2013-09-01
13,2013,10,28.438709677419357,34.7,23.4,69.6,7,10.283747580645162,20.684838709677418,5.3590322580645156,26.0,2013-10-01
13,2013,11,26.14333333333333,29.4,22.8,170.0,20,10.05547722222222,17.220333333333333,3.630666666666667,32.9,2013-11-01
13,2013,12,25.270967741935483,29.4,20.1,157.5,15,8.278875985663081,14.409354838709678,3.4938709677419357,33.3,2013-12-01
13,2014,1,24.86774193548387,27.2,20.3,213.8,19,8.484055197132616,14.929354838709678,3.434516129032258,37.8,2014-01-01
13,2014,2,25.77857142857143,29.3,22.2,15.5,7,10.872428075396826,21.402142857142856,4.702142857142857,24.0,2014-02-01
13,2014,3,27.37741935483871,32.8,23.4,7.0,2,11.200191308243726,23.501290322580644,5.466451612903226,22.6,2014-03-01
13,2014,4,28.80666666666667,34.0,23.9,23.900000000000002,6,11.07448685185185,23.961333333333336,5.376,18.4,2014-04-01
13,2014,5,28.925806451612903,34.8,24.5,124.8,8,10.55703064516129,21.60225806451613,5.289677419354838,30.0,2014-05-01
13,2014,6,30.403333333333332,35.5,26.3,10.9,1,11.055953796296295,22.743,6.674666666666667,28.9,2014-06-01
13,2014,7,29.925806451612903,35.3,26.8,10.9,4,10.84464525089606,21.686774193548384,6.501290322580645,31.9,2014-07-01
13,2014,8,28.51290322580645,35.1,24.9,80.2,16,10.676124910394268,20.74967741935484,5.474193548387096,32.2,2014-08-01
13,2014,9,28.7,34.5,24.2,84.9,12,10.453417407407406,21.88566666666667,5.761,29.3,2014-09-01
13,2014,10,26.932258064516127,33.4,23.4,188.0,24,9.775492562724017,18.559032258064516,4.054838709677419,27.1,2014-10-01
13,2014,11,25.746666666666666,30.4,22.4,338.1,23,6.794821851851853,13.300999999999998,2.865,27.8,2014-11-01
13,2014,12,25.048387096774192,28.5,20.3,532.2,27,6.62935958781362,11.369032258064516,2.4016129032258067,29.9,2014-12-01
13,2015,1,25.54516129032258,28.9,23.1,21.4,12,10.63392410394265,18.988387096774193,4.250322580645161,23.5,2015-01-01
13,2015,2,25.603571428571428,29.3,23.0,80.5,15,10.55165863095238,19.608214285714286,4.208214285714286,26.6,2015-02-01
13,2015,3,27.116129032258065,31.9,23.0,23.0,10,11.179923207885304,23.09741935483871,5.042258064516129,20.6,2015-03-01
13,2015,4,28.063333333333333,33.6,24.2,54.4,13,10.813827777777778,22.43166666666667,4.861000000000001,18.4,2015-04-01
13,2015,5,28.519354838709678,33.6,24.4,105.2,11,10.106766039426521,20.720322580645163,4.902258064516129,32.8,2015-05-01
13,2015,6,29.346666666666668,34.3,25.5,20.8,6,10.739602129629631,21.416,5.820666666666667,33.6,2015-06-01
13,2015,7,29.596774193548388,34.7,25.7,18.5,5,10.692462813620075,21.521290322580644,6.112580645161291,28.4,2015-07-01
13,2015,8,29.251612903225805,34.8,25.3,30.099999999999998,7,11.11265940860215,22.369032258064518,6.0045161290322575,29.5,2015-08-01
13,2015,9,28.326666666666664,34.8,24.0,128.2,15,10.2424812962963,21.101333333333333,5.191,31.1,2015-09-01
13,2015,10,27.048387096774192,31.9,23.8,234.5,21,8.357449731182793,16.976774193548387,3.73258064516129,28.4,2015-10-01
13,2015,11,25.986666666666668,30.7,23.6,416.9,28,8.48901712962963,14.510666666666667,2.966666666666667,24.6,2015-11-01
13,2015,12,26.06451612903226,28.7,23.9,260.4,22,9.034122043010752,14.772258064516128,3.193548387096774,26.5,2015-12-01
13,2016,1,26.13225806451613,28.6,23.7,38.8,8,10.531572849462366,18.093548387096774,4.274516129032258,24.2,2016-01-01
13,2016,2,26.851724137931036,30.2,24.0,31.0,9,10.815894827586206,20.781724137931032,4.691034482758621,25.0,2016-02-01
13,2016,3,28.061290322580643,34.2,24.2,11.799999999999999,4,11.272821057347667,23.93903225806452,5.460645161290323,22.2,2016-03-01
13,2016,4,29.986666666666668,36.3,25.9,9.8,2,11.272546111111112,24.617666666666665,5.807,18.5,2016-04-01
13,2016,5,29.125806451612902,34.9,25.5,204.9,12,9.3393438172043,19.929354838709674,4.8432258064516125,34.4,2016-05-01
13,2016,6,29.303333333333335,34.1,26.5,22.8,5,9.814635740740739,19.681333333333335,5.559666666666667,34.6,2016-06-01
13,2016,7,29.12258064516129,35.0,24.9,47.5,7,10.572652777777778,20.82935483870968,5.629677419354839,33.4,2016-07-01
13,2016,8,29.116129032258065,34.4,25.9,33.7,11,10.880435125448027,21.855806451612903,5.809677419354839,29.5,2016-08-01
13,2016,9,29.233333333333334,35.0,25.5,10.4,4,10.82131462962963,22.566666666666666,6.226333333333333,27.8,2016-09-01
13,2016,10,28.638709677419353,35.0,24.4,50.0,7,10.738513261648745,21.473225806451612,5.493225806451613,26.2,2016-10-01
13,2016,11,26.253333333333334,30.9,22.8,198.1,19,9.337462222222223,16.222666666666665,3.5383333333333336,29.5,2016-11-01
13,2016,12,25.5258064516129,30.6,19.7,139.7,13,9.69869865591398,17.0641935483871,3.6838709677419357,37.2,2016-12-01
13,2017,1,25.27741935483871,27.9,21.3,213.79999999999998,14,9.15010035842294,17.425161290322578,3.825806451612903,23.5,2017-01-01
13,2017,2,25.532142857142855,28.7,20.0,27.200000000000003,6,10.431543551587302,21.023571428571426,4.540357142857142,27.2,2017-02-01
13,2017,3,26.948387096774194,31.6,21.3,118.3,17,10.637420340501793,22.517419354838708,4.575806451612903,25.2,2017-03-01
13,2017,4,29.233333333333334,38.1,25.1,7.6,4,11.407979074074076,25.855666666666664,5.691,21.2,2017-04-01
13,2017,5,30.016129032258064,37.8,25.6,27.1,10,10.51374740143369,22.71741935483871,5.934838709677419,32.2,2017-05-01
13,2017,6,30.46333333333333,37.3,26.7,18.2,5,10.751291111111112,21.200666666666667,6.566666666666666,35.4,2017-06-01
13,2017,7,30.312903225806455,37.3,26.4,51.1,14,10.572092204301077,20.738709677419354,5.975806451612903,29.8,2017-07-01
13,2017,8,28.864516129032257,35.2,25.3,117.0,17,10.145017921146955,20.164193548387097,5.250322580645161,29.0,2017-08-01
13,2017,9,28.563333333333333,36.0,24.9,57.6,13,10.277962870370374,20.226333333333333,5.1979999999999995,31.8,2017-09-01
13,2017,10,27.980645161290322,36.6,23.8,168.6,22,8.414880197132618,17.02774193548387,4.203548387096775,27.0,2017-10-01
13,2017,11,26.3,31.8,23.4,466.1,24,7.666287129629629,14.135666666666667,3.005666666666667,34.6,2017-11-01
13,2017,12,25.97741935483871,28.7,22.4,139.5,16,9.46943028673835,16.21741935483871,3.5816129032258064,25.8,2017-12-01
13,2018,1,25.26451612903226,27.5,22.3,46.199999999999996,8,9.5721188172043,17.65258064516129,3.9045161290322583,23.1,2018-01-01
13,2018,2,25.682142857142857,28.2,23.0,48.4,11,10.734032043650792,20.726428571428574,4.366785714285714,24.5,2018-02-01
13,2018,3,27.174193548387095,34.2,22.7,47.900000000000006,7,10.538147222222223,22.29774193548387,4.72516129032258,27.4,2018-03-01
13,2018,4,28.196666666666665,33.9,24.6,54.400000000000006,8,11.049799907407406,23.333333333333332,4.899666666666667,21.9,2018-04-01
13,2018,5,28.164516129032258,35.3,24.5,114.1,20,9.705647759856632,19.703225806451613,4.438387096774194,30.8,2018-05-01
13,2018,6,29.726666666666667,36.7,26.3,19.6,1,10.849235462962964,21.243333333333332,6.313,36.6,2018-06-01
13,2018,7,29.606451612903225,36.6,25.0,52.8,7,10.754065322580647,20.934838709677418,6.1335483870967735,33.2,2018-07-01
13,2018,8,29.338709677419356,36.7,25.1,54.4,13,9.94058422939068,20.659354838709675,6.088387096774194,38.2,2018-08-01
13,2018,9,28.486666666666668,35.7,24.2,50.5,10,10.68951888888889,22.523333333333333,5.601333333333333,27.3,2018-09-01
13,2018,10,26.541935483870965,33.1,23.2,343.5,29,8.306988978494623,16.65741935483871,3.3977419354838707,22.0,2018-10-01
13,2018,11,26.2,30.7,22.8,378.3,25,8.079738888888889,15.066666666666666,3.215333333333333,24.1,2018-11-01
13,2018,12,26.01290322580645,28.5,21.2,160.0,17,9.147390501792113,16.12258064516129,3.5174193548387094,27.7,2018-12-01
13,2019,1,25.648387096774194,28.2,23.6,22.8,7,10.447824551971326,18.45709677419355,4.249032258064516,22.9,2019-01-01
13,2019,2,26.664285714285715,30.4,23.7,42.2,9,10.75763898809524,20.21857142857143,4.337857142857143,24.8,2019-02-01
13,2019,3,27.725806451612904,33.0,23.3,4.3,2,11.246166935483874,24.621612903225806,5.2941935483870965,18.8,2019-03-01
13,2019,4,28.996666666666666,34.2,23.4,9.0,4,10.436385648148146,23.401666666666664,5.215333333333334,27.2,2019-04-01
13,2019,5,30.55483870967742,38.1,25.5,17.5,4,11.01595689964158,23.636451612903226,6.204516129032259,30.5,2019-05-01
13,2019,6,30.956666666666667,37.6,26.5,9.7,2,10.746330092592594,21.536,6.617,31.1,2019-06-01
13,2019,7,29.98709677419355,36.7,26.0,20.7,8,10.442419623655915,20.461935483870967,5.897096774193549,29.8,2019-07-01
13,2019,8,29.5258064516129,36.3,25.5,46.9,10,9.869788351254481,19.80483870967742,5.8906451612903235,32.6,2019-08-01
13,2019,9,28.513333333333332,37.5,24.2,143.3,17,10.50259898148148,20.521333333333335,5.179333333333333,29.2,2019-09-01
13,2019,10,26.606451612903225,31.4,23.5,235.1,27,8.498602867383513,17.496451612903225,3.560967741935484,22.1,2019-10-01
13,2019,11,26.85,31.9,23.3,174.5,25,10.240680185185184,18.169,3.7053333333333334,24.2,2019-11-01
13,2019,12,26.293548387096774,29.1,24.2,258.2,27,9.165872580645162,14.663225806451614,3.262903225806452,27.1,2019-12-01
13,2020,1,26.448387096774194,28.9,22.5,42.0,12,10.653579211469534,18.761612903225807,4.188387096774194,26.8,2020-01-01
13,2020,2,26.78620689655172,29.3,24.6,28.6,6,10.853959865900384,21.105862068965514,4.896206896551725,27.4,2020-02-01
13,2020,3,27.483870967741936,30.9,23.8,9.0,3,11.19838853046595,23.87258064516129,5.223548387096774,20.9,2020-03-01
13,2020,4,29.1,34.2,25.3,26.2,7,11.20254564814815,23.975666666666665,5.338333333333334,19.5,2020-04-01
13,2020,5,29.567741935483873,36.5,25.4,54.6,13,10.113273118279565,20.838387096774195,5.0438709677419356,35.2,2020-05-01
13,2020,6,30.043333333333333,37.6,25.1,44.7,10,10.52765935185185,20.127666666666663,5.678,28.1,2020-06-01
13,2020,7,28.874193548387098,36.1,24.3,81.8,11,9.868730465949822,19.477096774193548,4.929677419354839,28.3,2020-07-01
13,2020,8,29.251612903225805,36.5,25.2,38.699999999999996,10,10.279155286738353,20.937419354838713,5.628387096774193,35.3,2020-08-01
13,2020,9,28.603333333333335,36.1,24.6,87.4,13,8.805378240740742,17.58966666666667,4.951,33.9,2020-09-01
13,2020,10,28.906451612903226,35.7,24.7,49.3,12,10.671809677419358,20.541290322580643,5.4561290322580644,35.1,2020-10-01
13,2020,11,26.783333333333335,32.4,23.5,332.5,28,8.371106666666666,15.315666666666665,3.287,29.8,2020-11-01
13,2020,12,25.712903225806453,28.7,23.6,440.3,25,7.2249544802867405,13.20741935483871,2.950967741935484,40.0,2020-12-01
13,2021,1,25.693548387096776,28.1,23.4,446.0,25,8.639550806451613,15.614193548387098,3.275161290322581,34.7,2021-01-01
13,2021,2,25.767857142857142,29.0,22.8,40.199999999999996,10,10.806165575396825,20.132857142857144,4.2996428571428575,25.7,2021-02-01
13,2021,3,27.44193548387097,35.3,24.2,29.3,9,10.983965681003584,22.86193548387097,4.889677419354839,20.1,2021-03-01
13,2021,4,28.353333333333335,37.4,24.3,49.5,12,10.81521259259259,23.475,5.038333333333333,21.2,2021-04-01
13,2021,5,28.780645161290323,36.5,25.2,72.1,16,9.645188440860215,19.47193548387097,4.726451612903226,38.2,2021-05-01
13,2021,6,29.28666666666667,36.3,25.4,51.699999999999996,8,10.617353055555554,20.912666666666667,5.599,31.6,2021-06-01
13,2021,7,29.383870967741935,36.9,24.7,44.2,12,10.617340322580645,21.14483870967742,5.765806451612904,32.7,2021-07-01
13,2021,8,29.041935483870965,36.2,24.6,59.5,13,10.07596406810036,20.00258064516129,5.348064516129032,28.2,2021-08-01
13,2021,9,28.75,36.2,24.9,115.6,16,10.147377777777779,20.723333333333336,5.350666666666667,32.8,2021-09-01
13,2021,10,27.248387096774195,34.0,23.6,229.3,22,8.887156093189965,17.828709677419354,4.042258064516129,30.5,2021-10-01
13,2021,11,26.006666666666668,31.3,23.0,431.7,27,7.521246481481484,14.989666666666666,3.1229999999999998,24.2,2021-11-01
13,2021,12,26.29032258064516,29.4,22.3,95.4,18,10.062770430107527,17.82741935483871,3.915483870967742,24.0,2021-12-01
13,2022,1,25.674193548387095,28.6,19.6,98.5,15,9.869782258064518,18.968064516129033,3.874516129032258,23.7,2022-01-01
13,2022,2,26.082142857142856,29.2,20.8,96.8,10,9.968387202380951,20.925714285714285,4.4275,21.4,2022-02-01
13,2022,3,27.203225806451613,34.2,23.1,19.3,10,10.338920071684589,22.80258064516129,4.78,27.0,2022-03-01
13,2022,4,27.423333333333336,34.3,23.5,132.4,20,10.279147499999999,21.874000000000002,4.475333333333333,18.9,2022-04-01
13,2022,5,29.306451612903224,35.9,25.5,11.6,3,10.704754390681002,22.32677419354839,5.789354838709677,31.2,2022-05-01
13,2022,6,29.2,36.4,24.5,61.0,8,10.280654999999998,21.174666666666667,5.621333333333334,27.9,2022-06-01
13,2022,7,28.816129032258065,35.3,24.4,45.8,11,9.547052150537635,19.82709677419355,5.236129032258065,35.2,2022-07-01
13,2022,8,28.1,35.4,24.3,80.4,19,10.079410125448028,20.774516129032257,5.124193548387097,33.1,2022-08-01
13,2022,9,28.173333333333336,34.8,23.9,57.0,11,10.065301296296298,21.458666666666666,5.3149999999999995,28.9,2022-09-01
13,2022,10,26.806451612903224,34.2,23.0,235.70000000000002,23,9.097233422939066,18.587419354838712,4.059677419354839,27.5,2022-10-01
13,2022,11,26.173333333333336,30.8,22.4,204.9,16,8.506965092592594,16.934,3.674,23.2,2022-11-01
13,2022,12,25.706451612903226,30.2,19.2,271.6,24,8.084018100358424,15.577096774193548,3.4370967741935483,37.1,2022-12-01
13,2023,1,25.406451612903226,28.1,23.3,110.0,13,9.427451344086021,17.898064516129033,4.047096774193548,28.2,2023-01-01
13,2023,2,25.75714285714286,29.0,22.3,161.3,9,10.299070337301588,21.12142857142857,4.388214285714286,44.3,2023-02-01
13,2023,3,27.096774193548388,32.2,23.6,43.1,10,11.059024372759856,23.70258064516129,4.911612903225806,21.8,2023-03-01
13,2023,4,28.423333333333336,35.5,24.1,65.9,12,10.672686666666666,24.043333333333333,5.135000000000001,19.1,2023-04-01
13,2023,5,28.783870967741933,36.4,23.7,77.4,12,9.387256541218639,20.820322580645165,4.830967741935484,31.0,2023-05-01
13,2023,6,30.40666666666667,37.7,25.9,24.3,4,10.479897037037036,21.79733333333333,6.202666666666667,27.0,2023-06-01
13,2023,7,30.019354838709678,37.7,25.8,24.700000000000003,6,9.623993279569891,20.206451612903226,5.952903225806451,31.7,2023-07-01
13,2023,8,29.567741935483873,37.3,25.2,71.69999999999999,14,11.111202150537634,23.429032258064513,5.967741935483871,25.0,2023-08-01
13,2023,9,28.916666666666668,36.0,24.5,67.9,14,10.361236203703704,21.075666666666667,5.563,30.7,2023-09-01
13,2023,10,27.12258064516129,34.7,23.7,236.1,23,10.153324283154122,20.13,4.273548387096774,27.0,2023-10-01
13,2023,11,26.293333333333333,29.8,23.4,513.7,29,7.903253055555555,15.795666666666667,3.1756666666666664,20.9,2023-11-01
13,2023,12,26.29032258064516,32.4,23.7,353.4,29,8.015530376344087,14.890322580645162,3.1961290322580647,24.8,2023-12-01
13,2024,1,26.716129032258067,29.5,23.6,102.5,13,9.530015860215054,17.711290322580645,4.051612903225807,25.8,2024-01-01
13,2024,2,27.610344827586207,31.5,24.2,15.4,7,10.976812452107279,22.503103448275862,5.07,24.4,2024-02-01
13,2024,3,28.04516129032258,32.7,22.7,23.5,4,11.26590806451613,25.073225806451614,5.386129032258064,20.8,2024-03-01
13,2024,4,29.41,34.7,25.1,37.5,6,11.17344611111111,25.058,5.524,21.5,2024-04-01
13,2024,5,29.280645161290323,38.6,25.3,226.0,16,9.061721953405018,20.04,4.718387096774194,32.9,2024-05-01
13,2024,6,28.75,34.1,25.3,51.6,6,9.958180902777777,19.42875,4.56375,26.2,2024-06-01
14,2010,1,25.661290322580644,29.0,22.6,123.5,15,9.772715770609318,16.703548387096774,3.679032258064516,24.5,2010-01-01
14,2010,2,26.239285714285717,29.9,22.2,45.5,8,9.968834623015875,19.444285714285716,4.253571428571428,25.8,2010-02-01
14,2010,3,27.774193548387096,31.8,22.6,28.099999999999998,7,11.114489336917561,23.2241935483871,5.121612903225807,24.4,2010-03-01
14,2010,4,28.826666666666664,32.9,25.4,59.4,12,10.539692222222222,21.696666666666665,4.818333333333333,18.5,2010-04-01
14,2010,5,29.029032258064515,33.9,25.7,66.6,16,9.947008333333335,20.331612903225807,4.483870967741935,28.1,2010-05-01
14,2010,6,29.4,34.3,26.1,55.7,11,10.373113796296296,20.566666666666666,4.869,21.1,2010-06-01
14,2010,7,29.364516129032257,35.5,25.0,32.8,12,10.524466218637993,21.065483870967743,5.119032258064516,22.9,2010-07-01
14,2010,8,28.967741935483872,35.3,24.7,103.9,10,9.752140860215052,19.893870967741936,4.744516129032259,20.1,2010-08-01
14,2010,9,27.883333333333333,33.5,24.4,123.7,19,9.720573703703703,19.718666666666667,4.301333333333333,18.7,2010-09-01
14,2010,10,27.748387096774195,33.7,23.8,93.1,15,10.043904749103945,20.287096774193547,4.496774193548387,23.2,2010-10-01
14,2010,11,26.0,30.5,23.7,305.40000000000003,28,8.554184722222221,15.544,3.1876666666666664,27.6,2010-11-01
14,2010,12,24.929032258064513,29.1,21.6,623.1,24,6.170214605734767,11.574193548387097,2.447741935483871,30.7,2010-12-01
14,2011,1,24.432258064516127,28.3,21.8,703.4,26,6.795164605734767,12.34,2.6151612903225803,32.9,2011-01-01
14,2011,2,25.285714285714285,29.4,22.3,529.2,15,7.398741170634921,15.312142857142858,3.263214285714286,30.3,2011-02-01
14,2011,3,26.25483870967742,30.7,21.4,130.7,15,10.17304659498208,20.881290322580647,4.223548387096774,24.6,2011-03-01
14,2011,4,27.403333333333332,31.6,24.3,91.2,17,10.40894638888889,21.331,4.502666666666667,18.1,2011-04-01
14,2011,5,28.86774193548387,34.1,25.0,22.8,7,11.071819086021506,22.80548387096774,5.019032258064517,23.8,2011-05-01
14,2011,6,30.133333333333333,35.2,24.8,9.1,2,11.039176759259261,22.163,5.415666666666667,19.5,2011-06-01
14,2011,7,29.451612903225808,34.6,25.7,43.800000000000004,10,10.626629749103945,20.490322580645163,4.925806451612903,20.3,2011-07-01
14,2011,8,28.729032258064517,35.0,24.2,63.9,17,10.588940591397849,20.86483870967742,4.849032258064516,25.6,2011-08-01
14,2011,9,28.78666666666667,33.5,24.7,44.9,14,10.839532685185183,21.91,4.962,21.4,2011-09-01
14,2011,10,26.806451612903224,32.3,24.1,281.3,28,9.568368906810036,18.516774193548386,3.8106451612903225,19.9,2011-10-01
14,2011,11,25.990000000000002,29.2,23.6,278.6,25,9.024076944444444,16.106666666666666,3.2863333333333333,30.3,2011-11-01
14,2011,12,25.580645161290324,30.0,22.0,462.0,20,8.349268369175627,14.304193548387097,3.155806451612903,29.2,2011-12-01
14,2012,1,25.19677419354839,28.6,19.8,64.7,11,10.611915860215051,17.666774193548385,3.8216129032258066,27.9,2012-01-01
14,2012,2,25.7,29.5,22.4,95.4,18,9.899835249042145,18.259655172413794,3.847931034482759,25.3,2012-02-01
14,2012,3,27.26774193548387,32.0,22.5,17.0,7,11.08848010752688,23.739032258064515,5.129032258064516,20.1,2012-03-01
14,2012,4,27.86,31.9,24.6,66.2,22,10.43558111111111,20.603333333333335,4.472333333333333,17.4,2012-04-01
14,2012,5,29.82903225806452,35.9,24.3,7.6,2,11.182006899641578,24.106451612903225,5.5,21.3,2012-05-01
14,2012,6,30.366666666666667,37.1,25.6,6.0,2,10.975089166666665,21.418666666666663,5.5216666666666665,26.1,2012-06-01
14,2012,7,29.674193548387095,36.2,25.5,34.2,5,10.853672043010752,21.68,5.307741935483871,24.1,2012-07-01
14,2012,8,29.42258064516129,34.8,24.9,26.6,8,10.639662634408602,21.279032258064515,5.298064516129033,25.6,2012-08-01
14,2012,9,28.983333333333334,34.5,24.9,52.1,13,10.610993703703702,21.601333333333333,5.029,22.1,2012-09-01
14,2012,10,26.864516129032257,32.7,24.0,299.7,24,8.869881003584231,17.718387096774194,3.8606451612903228,46.0,2012-10-01
14,2012,11,26.0,30.0,23.7,247.1,22,9.055877777777777,16.077666666666666,3.324,27.5,2012-11-01
14,2012,12,25.4,28.4,22.8,401.9,20,8.114509498207886,13.666129032258064,2.8687096774193552,29.1,2012-12-01
14,2013,1,25.4,28.4,22.2,541.9,17,7.4590687275985665,14.13225806451613,3.3329032258064513,26.9,2013-01-01
14,2013,2,25.90357142857143,29.2,23.1,123.6,15,9.533719345238095,17.746785714285714,3.7575000000000003,23.6,2013-02-01
14,2013,3,26.903225806451612,31.1,24.0,130.2,18,10.409426523297492,20.15290322580645,4.198387096774193,22.6,2013-03-01
14,2013,4,28.686666666666667,33.8,24.6,32.0,10,10.998104629629632,23.124666666666666,5.147666666666667,21.8,2013-04-01
14,2013,5,29.22258064516129,34.1,25.4,56.8,13,10.169476254480285,21.240645161290324,4.771935483870968,23.4,2013-05-01
14,2013,6,29.386666666666667,34.6,25.1,17.0,5,10.113838888888889,19.38,5.153666666666667,30.3,2013-06-01
14,2013,7,29.438709677419357,36.2,25.1,21.5,4,10.486726254480288,20.246451612903225,5.100322580645161,21.6,2013-07-01
14,2013,8,29.103225806451615,35.3,24.6,28.6,10,10.585650268817204,21.888387096774192,5.363548387096775,29.9,2013-08-01
14,2013,9,28.646666666666665,34.4,24.6,29.0,11,10.273861203703703,20.58833333333333,4.745666666666667,24.4,2013-09-01
14,2013,10,28.258064516129032,34.4,24.0,91.6,15,10.450116218637993,20.72290322580645,4.655161290322581,23.4,2013-10-01
14,2013,11,26.123333333333335,29.4,22.1,114.2,22,10.404993425925923,17.63533333333333,3.6866666666666665,27.2,2013-11-01
14,2013,12,25.216129032258067,29.1,22.3,476.2,20,7.219748924731182,12.95516129032258,3.0016129032258063,29.5,2013-12-01
14,2014,1,24.983870967741936,27.8,22.0,177.3,23,8.997722939068101,14.929677419354839,3.205806451612903,28.0,2014-01-01
14,2014,2,25.732142857142858,29.2,20.8,34.2,10,10.80893244047619,19.98107142857143,4.279642857142857,24.5,2014-02-01
14,2014,3,26.883870967741935,30.5,22.4,47.5,8,10.665934139784945,21.534516129032255,4.736451612903227,24.1,2014-03-01
14,2014,4,28.27,32.9,23.3,49.5,7,10.770711111111108,22.790333333333333,5.021,19.2,2014-04-01
14,2014,5,28.480645161290322,33.3,25.1,103.3,14,10.381308781362009,20.996451612903225,4.5200000000000005,23.0,2014-05-01
14,2014,6,30.44,36.2,25.8,14.8,3,10.893824351851855,22.370333333333335,5.867333333333334,28.2,2014-06-01
14,2014,7,30.541935483870965,36.4,26.1,5.1,2,10.964397580645157,21.63741935483871,5.983870967741935,32.8,2014-07-01
14,2014,8,28.70967741935484,35.5,24.1,68.8,14,10.525783422939067,20.875806451612902,4.855483870967742,20.2,2014-08-01
14,2014,9,28.290000000000003,33.6,24.7,85.8,12,10.83659074074074,22.216666666666665,4.908666666666666,20.0,2014-09-01
14,2014,10,26.906451612903226,32.7,24.0,176.2,28,9.710498207885305,18.799677419354836,3.8712903225806454,22.0,2014-10-01
14,2014,11,25.93,31.2,23.2,359.59999999999997,22,7.6087745370370365,14.686666666666667,3.118666666666667,26.1,2014-11-01
14,2014,12,25.17096774193548,29.2,22.1,803.7,29,6.1518552867383525,11.413548387096775,2.368709677419355,31.1,2014-12-01
14,2015,1,25.519354838709678,28.7,22.2,50.9,11,10.449318279569894,18.120967741935484,3.9129032258064513,24.9,2015-01-01
14,2015,2,25.310714285714287,28.7,21.5,146.9,19,10.1022064484127,17.938928571428573,3.635357142857143,23.0,2015-02-01
14,2015,3,26.54516129032258,30.2,21.0,85.7,11,10.710744982078852,21.772903225806452,4.521935483870968,20.6,2015-03-01
14,2015,4,27.676666666666666,31.5,24.6,94.2,17,10.731319907407409,21.580666666666666,4.595,17.4,2015-04-01
14,2015,5,28.5,33.6,25.2,72.2,16,10.419255107526883,20.901612903225807,4.516129032258065,19.9,2015-05-01
14,2015,6,29.196666666666665,34.7,25.3,48.3,12,10.838804166666666,21.508333333333333,4.920333333333334,19.5,2015-06-01
14,2015,7,29.932258064516127,35.6,25.4,14.8,6,10.794998655913979,21.74741935483871,5.3748387096774195,26.3,2015-07-01
14,2015,8,29.496774193548386,35.8,25.5,31.0,9,11.06172894265233,22.495483870967742,5.346774193548387,24.4,2015-08-01
14,2015,9,28.336666666666666,33.9,24.4,82.9,17,10.360352499999996,21.232333333333333,4.759333333333333,27.2,2015-09-01
14,2015,10,26.870967741935484,31.5,24.1,424.3,31,8.335228136200717,16.886774193548387,3.5283870967741935,28.2,2015-10-01
14,2015,11,26.133333333333333,29.7,24.1,333.4,27,8.365889629629628,14.47,2.9596666666666667,21.4,2015-11-01
14,2015,12,26.016129032258064,29.2,23.8,321.3,28,8.712876254480287,14.371935483870969,2.96741935483871,23.8,2015-12-01
14,2016,1,26.12258064516129,29.1,22.0,70.6,13,10.313743458781364,17.241290322580646,3.8464516129032256,25.3,2016-01-01
14,2016,2,26.70689655172414,29.8,23.2,59.4,11,10.434910727969347,19.290344827586207,4.240689655172414,23.3,2016-02-01
14,2016,3,27.59032258064516,32.1,22.6,43.8,9,11.12212634408602,22.975806451612904,4.992580645161291,22.7,2016-03-01
14,2016,4,29.37,35.2,25.4,23.5,5,11.067939074074072,23.333333333333332,5.426,24.2,2016-04-01
14,2016,5,28.796774193548387,33.7,25.2,200.2,13,9.217043100358424,18.799032258064514,4.2296774193548385,23.5,2016-05-01
14,2016,6,29.87,35.6,26.0,9.6,2,10.336057222222221,20.60666666666667,5.1883333333333335,25.9,2016-06-01
14,2016,7,29.51290322580645,35.7,25.1,43.199999999999996,12,10.487530376344088,20.81096774193548,5.192903225806451,28.8,2016-07-01
14,2016,8,29.66774193548387,35.4,25.6,34.9,5,10.794475,22.348387096774193,5.504838709677419,23.9,2016-08-01
14,2016,9,29.603333333333335,34.9,23.7,19.6,7,10.623501851851854,22.153333333333332,5.349666666666667,22.2,2016-09-01
14,2016,10,28.62258064516129,34.9,24.7,71.3,14,10.7213855734767,21.348387096774193,4.951935483870967,24.5,2016-10-01
14,2016,11,26.186666666666667,30.6,20.6,209.8,24,8.418450925925926,15.461,3.3156666666666665,36.7,2016-11-01
14,2016,12,25.73548387096774,30.6,19.1,105.9,15,10.385152598566307,17.58516129032258,3.6632258064516128,28.8,2016-12-01
14,2017,1,24.996774193548386,28.8,20.0,278.4,16,9.358957347670252,17.223870967741934,3.5458064516129033,28.8,2017-01-01
14,2017,2,25.49642857142857,29.0,20.5,90.69999999999999,13,10.14061498015873,19.55785714285714,4.023214285714286,25.0,2017-02-01
14,2017,3,26.816129032258065,30.9,22.5,120.19999999999999,15,10.634056362007165,22.674516129032256,4.5280645161290325,24.5,2017-03-01
14,2017,4,28.936666666666667,34.6,24.2,40.0,9,11.151845277777781,24.953666666666667,5.413666666666667,21.7,2017-04-01
14,2017,5,29.519354838709678,37.2,25.3,91.7,18,10.547112096774194,22.102903225806454,5.064193548387097,29.6,2017-05-01
14,2017,6,30.433333333333334,38.9,25.2,50.0,15,10.936368425925927,20.806,5.488333333333333,31.7,2017-06-01
14,2017,7,30.200000000000003,38.3,25.6,41.7,11,10.807239695340503,21.076451612903227,5.328709677419355,28.2,2017-07-01
14,2017,8,29.483870967741936,37.3,24.1,77.5,14,9.997428315412186,20.38774193548387,5.1009677419354835,31.4,2017-08-01
14,2017,9,28.2,35.6,24.2,153.3,19,10.28800962962963,20.861666666666668,4.5216666666666665,23.7,2017-09-01
14,2017,10,27.593548387096774,34.7,23.7,239.7,24,9.79019094982079,19.19516129032258,4.070967741935484,25.7,2017-10-01
14,2017,11,25.993333333333332,32.1,21.7,314.4,25,7.488889722222224,14.627,3.006333333333333,30.2,2017-11-01
14,2017,12,25.73548387096774,29.2,22.7,126.60000000000001,20,9.137387455197134,15.845161290322581,3.2809677419354837,24.8,2017-12-01
14,2018,1,25.106451612903225,28.9,19.7,49.3,8,9.229390770609317,16.54516129032258,3.5151612903225806,24.9,2018-01-01
14,2018,2,25.607142857142858,30.3,20.8,98.3,16,9.739131944444445,18.767142857142858,3.8335714285714286,22.1,2018-02-01
14,2018,3,26.719354838709677,31.0,22.5,116.9,19,9.734575089605734,20.264193548387098,4.098387096774194,22.1,2018-03-01
14,2018,4,27.516666666666666,32.1,23.9,84.4,17,10.569407685185185,21.892333333333333,4.4783333333333335,20.1,2018-04-01
14,2018,5,27.725806451612904,33.7,24.3,164.6,24,9.795708064516127,19.77032258064516,4.169354838709677,22.0,2018-05-01
14,2018,6,29.279999999999998,37.3,24.5,70.7,13,10.73994064814815,21.229666666666667,5.071666666666667,30.6,2018-06-01
14,2018,7,29.812903225806455,37.6,24.7,27.9,10,10.908537096774195,21.226129032258065,5.881612903225807,33.9,2018-07-01
14,2018,8,29.770967741935483,37.7,24.3,31.599999999999998,9,9.923499731182797,20.683870967741935,5.9229032258064525,37.1,2018-08-01
14,2018,9,28.80666666666667,38.2,23.8,74.7,13,10.883710092592592,23.055666666666664,5.380333333333334,32.9,2018-09-01
14,2018,10,26.40967741935484,32.1,23.4,273.2,27,8.552388440860215,17.551290322580645,3.5364516129032255,19.4,2018-10-01
14,2018,11,26.009999999999998,31.6,22.6,319.4,25,8.88000962962963,15.882333333333333,3.2023333333333333,23.9,2018-11-01
14,2018,12,25.532258064516128,30.2,21.3,127.5,22,8.175391039426522,15.411935483870968,3.11258064516129,23.0,2018-12-01
14,2019,1,25.529032258064515,28.6,21.2,100.4,15,10.051006810035844,18.03322580645161,3.759354838709678,25.7,2019-01-01
14,2019,2,26.407142857142855,29.8,23.3,106.89999999999999,21,10.240344047619047,19.259642857142858,3.906428571428571,26.9,2019-02-01
14,2019,3,27.703225806451613,33.0,23.0,18.6,8,11.141158870967745,24.330322580645163,5.229032258064516,19.0,2019-03-01
14,2019,4,28.87,34.3,23.9,47.300000000000004,13,10.357804814814815,22.733333333333334,5.089,20.1,2019-04-01
14,2019,5,30.016129032258064,35.3,25.3,22.7,9,10.819473028673833,22.587741935483873,5.200645161290322,23.0,2019-05-01
14,2019,6,30.496666666666666,38.2,25.4,37.6,9,10.728738055555556,21.032333333333334,5.287999999999999,32.8,2019-06-01
14,2019,7,29.787096774193547,37.1,24.7,34.0,10,10.632765591397847,21.276451612903223,5.228064516129032,33.1,2019-07-01
14,2019,8,29.52258064516129,38.5,24.8,92.3,17,10.241868727598563,19.98225806451613,4.926774193548387,25.8,2019-08-01
14,2019,9,27.83,35.5,24.0,154.2,23,10.275180185185183,20.358333333333334,4.343999999999999,23.4,2019-09-01
14,2019,10,26.241935483870968,30.1,23.3,433.8,29,8.327815322580644,16.937419354838713,3.4061290322580646,22.8,2019-10-01
14,2019,11,26.503333333333334,31.8,23.5,222.5,25,9.664599537037038,17.821666666666665,3.5453333333333332,20.8,2019-11-01
14,2019,12,25.96451612903226,29.1,23.0,304.8,27,8.74982688172043,14.87516129032258,2.9664516129032257,23.9,2019-12-01
14,2020,1,26.280645161290323,29.7,21.2,63.1,19,10.538709587813623,19.050645161290323,3.9454838709677422,26.5,2020-01-01
14,2020,2,26.73448275862069,30.1,22.3,50.0,15,10.840251053639847,20.66965517241379,4.5344827586206895,26.3,2020-02-01
14,2020,3,27.774193548387096,32.0,22.7,14.1,4,11.075751881720432,23.260645161290324,5.132258064516129,21.2,2020-03-01
14,2020,4,28.816666666666666,35.3,24.4,53.2,17,11.068893703703703,23.215333333333334,5.120666666666667,21.3,2020-04-01
14,2020,5,29.1,35.7,24.8,115.8,18,9.666137544802869,19.908709677419353,4.406129032258065,27.8,2020-05-01
14,2020,6,29.78666666666667,38.3,24.7,60.5,14,10.09141,19.98033333333333,4.762333333333333,29.0,2020-06-01
14,2020,7,28.761290322580646,35.6,24.1,82.9,22,9.818780824372762,19.226451612903226,4.370967741935484,23.9,2020-07-01
14,2020,8,29.725806451612904,38.1,24.1,12.700000000000001,4,10.507596774193546,21.943548387096776,5.631612903225806,30.3,2020-08-01
14,2020,9,28.063333333333333,35.0,23.9,206.9,18,8.819320925925927,18.23,4.073333333333333,25.3,2020-09-01
14,2020,10,28.51290322580645,37.9,23.4,103.2,15,10.844759946236561,21.896774193548385,5.281290322580645,34.2,2020-10-01
14,2020,11,26.473333333333336,30.9,23.0,201.1,27,8.88029898148148,16.421,3.320333333333333,27.4,2020-11-01
14,2020,12,25.606451612903225,31.7,22.3,347.7,24,8.214558870967744,14.782580645161291,2.934193548387097,31.2,2020-12-01
14,2021,1,25.570967741935487,29.1,22.1,249.3,24,8.130735125448028,15.163548387096775,3.045161290322581,23.6,2021-01-01
14,2021,2,25.842857142857145,30.3,20.9,60.699999999999996,16,10.606333035714284,19.648214285714285,3.994642857142857,25.8,2021-02-01
14,2021,3,26.993548387096773,32.9,21.7,82.6,17,9.742968189964158,20.500967741935483,4.301290322580646,18.9,2021-03-01
14,2021,4,28.146666666666665,33.6,23.5,78.0,18,10.816909166666669,23.237000000000002,4.951666666666667,23.6,2021-04-01
14,2021,5,28.638709677419353,37.2,24.6,138.7,24,9.724769892473118,19.817419354838712,4.4474193548387095,27.4,2021-05-01
14,2021,6,29.37,37.4,23.7,100.9,11,10.61121277777778,21.395,5.149333333333333,26.7,2021-06-01
14,2021,7,29.461290322580645,38.1,24.8,84.8,15,10.263941756272402,20.41032258064516,5.244516129032258,29.2,2021-07-01
14,2021,8,28.94193548387097,37.9,24.5,91.2,16,9.618685215053764,19.601290322580645,4.728709677419355,26.5,2021-08-01
14,2021,9,28.716666666666665,36.3,23.7,106.7,21,10.026921203703704,20.666333333333334,4.708333333333333,29.9,2021-09-01
14,2021,10,27.15806451612903,35.2,23.3,203.3,24,9.350333781362007,19.23774193548387,4.0683870967741935,23.3,2021-10-01
14,2021,11,25.87,32.0,22.3,328.3,29,8.158028518518519,16.087333333333333,3.235,22.5,2021-11-01
14,2021,12,25.932258064516127,29.7,21.7,113.2,19,9.690587724014339,18.199677419354842,3.6961290322580647,23.6,2021-12-01
14,2022,1,25.351612903225806,29.2,19.4,164.0,20,9.861206272401434,18.76774193548387,3.69,23.6,2022-01-01
14,2022,2,25.735714285714288,29.7,21.0,121.3,15,10.030466071428572,20.982857142857142,4.2282142857142855,22.9,2022-02-01
14,2022,3,27.02258064516129,32.8,22.9,56.0,12,9.78283853046595,21.45451612903226,4.473225806451612,24.4,2022-03-01
14,2022,4,27.186666666666667,32.6,23.2,178.6,25,10.532494814814815,22.363999999999997,4.568,17.5,2022-04-01
14,2022,5,29.129032258064516,37.1,24.6,73.5,17,10.51964435483871,21.338709677419356,4.790645161290322,21.7,2022-05-01
14,2022,6,28.696666666666665,36.7,24.4,71.0,14,10.064195648148146,20.702333333333332,4.668,26.6,2022-06-01
14,2022,7,28.741935483870968,37.6,23.7,102.3,15,9.253973655913978,19.639032258064514,5.019354838709678,31.4,2022-07-01
14,2022,8,27.948387096774194,35.9,22.4,135.8,16,10.118869713261649,21.34225806451613,4.808387096774194,26.1,2022-08-01
14,2022,9,27.886666666666667,37.0,23.6,98.60000000000001,15,10.61050287037037,22.61466666666667,4.918333333333334,23.9,2022-09-01
14,2022,10,26.64516129032258,35.9,22.1,271.4,27,9.060585842293907,19.139032258064514,4.112903225806452,31.4,2022-10-01
14,2022,11,25.62,31.3,21.8,240.5,16,8.717288333333334,17.604,3.5473333333333334,23.2,2022-11-01
14,2022,12,25.187096774193545,30.5,19.9,259.5,24,7.54008046594982,14.7,3.003548387096774,34.0,2022-12-01
14,2023,1,25.093548387096774,29.6,20.2,195.4,15,9.143810394265236,17.81967741935484,3.6990322580645163,26.1,2023-01-01
14,2023,2,25.553571428571427,29.8,20.5,130.9,14,9.643005257936508,19.81,3.985,27.5,2023-02-01
14,2023,3,26.719354838709677,31.7,22.9,92.8,18,9.989934408602153,22.22193548387097,4.488709677419355,22.6,2023-03-01
14,2023,4,28.2,34.2,23.5,80.8,15,10.684662314814817,23.736333333333334,5.080666666666667,21.4,2023-04-01
14,2023,5,28.348387096774193,35.4,23.7,127.8,17,9.66431559139785,21.036129032258064,4.4803225806451605,24.6,2023-05-01
14,2023,6,29.863333333333333,36.4,25.5,52.5,13,10.733646111111112,21.857000000000003,4.9943333333333335,23.4,2023-06-01
14,2023,7,29.906451612903226,38.0,25.0,52.7,10,9.927187724014338,20.658709677419353,5.18258064516129,27.3,2023-07-01
14,2023,8,29.54516129032258,36.9,24.2,42.8,10,11.098460573476702,23.450967741935486,5.478064516129032,28.0,2023-08-01
14,2023,9,27.626666666666665,34.5,23.6,281.8,25,9.78975425925926,20.759333333333334,4.3726666666666665,23.2,2023-09-01
14,2023,10,26.325806451612905,32.0,23.0,470.0,26,9.536433870967741,19.81096774193548,3.9429032258064516,16.9,2023-10-01
14,2023,11,25.926666666666666,30.8,23.0,477.9,30,8.363559814814815,16.409666666666666,3.2276666666666665,16.6,2023-11-01
14,2023,12,26.080645161290324,31.0,23.4,413.4,28,8.220866666666666,15.494193548387097,3.1238709677419356,22.7,2023-12-01
14,2024,1,26.129032258064516,29.9,21.3,198.3,20,9.011636021505376,17.73709677419355,3.6674193548387097,24.5,2024-01-01
14,2024,2,27.279310344827586,31.5,21.7,41.4,14,10.93370124521073,22.359310344827584,4.748620689655173,26.4,2024-02-01
14,2024,3,27.66774193548387,32.5,22.3,58.7,8,10.789184946236562,23.969354838709677,5.0925806451612905,19.7,2024-03-01
14,2024,4,28.916666666666668,34.1,24.5,83.1,9,10.782143425925925,24.004666666666665,5.199666666666667,22.3,2024-04-01
14,2024,5,29.096774193548388,36.8,24.7,189.29999999999998,16,9.780404928315415,20.563225806451616,4.614516129032259,29.3,2024-05-01
14,2024,6,28.425,34.0,25.1,27.2,5,10.451104861111109,19.94375,4.26625,17.5,2024-06-01
15,2010,1,25.206451612903226,29.0,21.6,121.1,20,9.67806317204301,16.664193548387097,3.466774193548387,21.9,2010-01-01
15,2010,2,25.77857142857143,30.4,21.7,30.7,6,9.889247420634923,19.207142857142856,4.011785714285714,22.5,2010-02-01
15,2010,3,27.438709677419357,32.6,22.3,36.2,9,11.098248835125448,23.02225806451613,4.9558064516129035,18.9,2010-03-01
15,2010,4,28.3,33.1,24.6,76.0,21,10.531053888888888,21.23,4.547666666666667,14.2,2010-04-01
15,2010,5,28.641935483870967,34.4,25.0,92.3,20,10.019040681003585,20.135483870967743,4.424838709677419,28.6,2010-05-01
15,2010,6,28.84333333333333,34.4,25.6,97.0,17,10.441611574074072,20.53033333333333,4.711666666666667,19.6,2010-06-01
15,2010,7,28.86774193548387,35.1,24.6,43.1,15,10.56688933691756,20.991935483870968,4.811612903225806,20.5,2010-07-01
15,2010,8,28.603225806451615,34.9,23.9,133.1,14,9.940906989247312,20.12741935483871,4.4883870967741935,14.3,2010-08-01
15,2010,9,27.626666666666665,33.6,24.1,155.1,21,9.28056564814815,19.436666666666667,4.152,15.8,2010-09-01
15,2010,10,27.251612903225805,33.1,23.0,138.3,19,9.992083602150538,20.11774193548387,4.2377419354838715,15.1,2010-10-01
15,2010,11,25.64333333333333,30.6,22.7,348.2,29,8.551013796296298,15.516,3.119,18.3,2010-11-01
15,2010,12,24.532258064516128,29.6,21.2,518.9,28,6.487092473118281,11.850000000000001,2.4106451612903226,21.6,2010-12-01
15,2011,1,24.03548387096774,28.8,20.9,557.7,27,6.952019086021507,12.547096774193548,2.5245161290322584,25.3,2011-01-01
15,2011,2,24.857142857142858,29.9,21.8,464.9,16,7.256060416666667,15.12142857142857,3.1,23.7,2011-02-01
15,2011,3,25.948387096774194,31.5,20.6,108.0,17,10.04708494623656,20.686451612903223,4.167096774193548,22.1,2011-03-01
15,2011,4,27.023333333333333,32.6,23.4,144.2,17,10.194239722222225,21.161333333333335,4.403333333333333,15.0,2011-04-01
15,2011,5,28.567741935483873,34.0,24.8,39.1,11,11.084474731182798,22.733225806451614,4.978064516129032,20.2,2011-05-01
15,2011,6,29.546666666666667,35.2,23.7,20.1,5,11.056282592592593,22.124333333333333,5.173333333333333,16.8,2011-06-01
15,2011,7,28.95483870967742,34.5,25.1,75.7,19,10.689876523297492,20.633870967741935,4.784193548387097,18.1,2011-07-01
15,2011,8,28.52258064516129,34.9,23.7,81.7,23,10.641735931899643,20.98225806451613,4.944838709677419,24.5,2011-08-01
15,2011,9,28.566666666666666,33.8,24.2,73.7,17,10.940331759259259,22.108,5.039000000000001,19.3,2011-09-01
15,2011,10,26.654838709677417,32.7,23.6,285.6,29,9.44073853046595,18.361612903225808,3.7851612903225806,15.0,2011-10-01
15,2011,11,25.636666666666667,29.6,23.0,214.3,25,9.033177962962963,15.943666666666667,3.1966666666666668,26.0,2011-11-01
15,2011,12,25.13225806451613,30.2,20.3,407.0,21,8.109488620071684,14.12774193548387,2.9387096774193546,22.1,2011-12-01
15,2012,1,24.73225806451613,29.0,18.5,64.4,13,10.63480277777778,17.566129032258065,3.6103225806451613,25.4,2012-01-01
15,2012,2,25.231034482758623,29.6,21.6,84.2,17,9.885454406130268,18.141724137931035,3.665172413793104,21.4,2012-02-01
15,2012,3,27.019354838709678,32.5,22.4,26.0,7,11.023672580645162,23.57032258064516,4.9877419354838715,16.4,2012-03-01
15,2012,4,27.303333333333335,32.3,24.0,98.6,22,10.384099166666669,20.453,4.318666666666667,16.7,2012-04-01
15,2012,5,29.68064516129032,36.4,24.0,13.200000000000001,5,11.148767741935487,24.030645161290323,5.620967741935484,18.7,2012-05-01
15,2012,6,29.89,36.9,24.7,16.900000000000002,6,10.943854259259256,21.467,5.5553333333333335,19.7,2012-06-01
15,2012,7,29.538709677419355,36.5,24.7,44.9,8,10.778989157706096,21.67032258064516,5.209677419354839,20.3,2012-07-01
15,2012,8,29.287096774193547,35.6,24.4,46.5,13,10.710228136200719,21.32193548387097,5.417419354838709,22.5,2012-08-01
15,2012,9,28.706666666666667,34.6,24.7,76.0,16,10.673554722222223,21.591333333333335,5.08,19.9,2012-09-01
15,2012,10,26.73225806451613,34.3,23.6,293.1,25,8.88490116487455,17.695806451612906,3.8974193548387097,27.6,2012-10-01
15,2012,11,25.736666666666668,30.6,23.0,198.4,21,9.11046712962963,15.911333333333333,3.2496666666666667,24.7,2012-11-01
15,2012,12,24.95483870967742,28.7,21.6,311.6,19,7.773356720430107,13.419032258064517,2.720322580645161,24.3,2012-12-01
15,2013,1,24.893548387096775,28.5,21.4,458.2,15,7.5922680107526865,14.34290322580645,3.1109677419354838,23.5,2013-01-01
15,2013,2,25.45,29.7,21.0,117.6,16,9.396733829365077,17.699285714285715,3.6175,21.8,2013-02-01
15,2013,3,26.490322580645163,31.6,22.6,121.10000000000001,21,10.311178225806453,19.863225806451613,4.054516129032258,20.9,2013-03-01
15,2013,4,28.36,33.6,24.3,40.6,13,10.945893425925927,22.898333333333333,4.971333333333334,16.6,2013-04-01
15,2013,5,28.774193548387096,34.8,25.0,80.2,15,10.051091129032258,21.066129032258065,4.698709677419354,25.3,2013-05-01
15,2013,6,28.813333333333333,34.5,24.9,37.0,11,9.980702037037034,19.295,4.725333333333333,21.9,2013-06-01
15,2013,7,28.79032258064516,36.1,24.7,51.8,10,10.608608243727598,20.45774193548387,4.9,18.4,2013-07-01
15,2013,8,28.929032258064513,35.2,24.3,61.9,15,10.752919534050177,22.07709677419355,5.1819354838709675,21.2,2013-08-01
15,2013,9,28.413333333333334,34.8,23.8,49.2,12,10.385763796296295,20.58,4.784666666666666,21.4,2013-09-01
15,2013,10,27.851612903225806,34.4,23.4,170.5,17,10.282975896057346,20.461935483870967,4.56741935483871,17.4,2013-10-01
15,2013,11,25.83,29.6,21.6,87.1,20,10.344326111111112,17.725,3.6233333333333335,22.6,2013-11-01
15,2013,12,24.76451612903226,29.4,21.7,412.9,22,7.264499999999999,12.884516129032258,2.765483870967742,25.5,2013-12-01
15,2014,1,24.58709677419355,27.9,21.9,152.9,24,8.92287428315412,14.900322580645161,3.0293548387096774,22.4,2014-01-01
15,2014,2,25.285714285714285,29.5,19.5,28.0,10,10.774708333333333,19.851428571428574,4.079285714285715,20.3,2014-02-01
15,2014,3,26.529032258064515,31.4,21.3,35.300000000000004,8,10.603365143369176,21.27806451612903,4.530322580645161,20.7,2014-03-01
15,2014,4,27.936666666666667,33.5,22.2,49.3,9,10.746118425925925,22.521666666666665,4.86,14.5,2014-04-01
15,2014,5,28.22258064516129,34.2,24.6,113.2,19,10.333225985663082,20.943870967741937,4.4880645161290325,20.3,2014-05-01
15,2014,6,29.92,35.9,25.0,28.8,3,10.854341666666667,22.090333333333334,5.3629999999999995,20.3,2014-06-01
15,2014,7,30.261290322580646,36.8,24.9,10.700000000000001,4,10.995521326164871,21.661935483870966,5.501290322580645,23.0,2014-07-01
15,2014,8,28.629032258064516,36.3,24.5,99.10000000000001,18,10.554897043010751,20.984193548387097,4.812258064516129,17.9,2014-08-01
15,2014,9,28.066666666666666,34.1,24.0,110.7,18,10.848384537037036,22.198,4.91,17.7,2014-09-01
15,2014,10,26.47741935483871,32.9,23.6,238.3,29,9.483318637992832,18.52774193548387,3.7880645161290323,14.7,2014-10-01
15,2014,11,25.60666666666667,31.6,22.7,332.2,23,7.598933333333332,14.670666666666667,2.9916666666666667,15.8,2014-11-01
15,2014,12,24.82903225806452,29.6,21.5,716.9,30,6.054967652329749,11.304516129032258,2.301612903225806,24.7,2014-12-01
15,2015,1,25.125806451612902,29.4,21.6,38.6,12,10.476051792114696,18.03451612903226,3.7448387096774196,21.5,2015-01-01
15,2015,2,24.87142857142857,29.1,19.6,125.8,19,10.149303075396825,17.833928571428572,3.5185714285714282,20.1,2015-02-01
15,2015,3,26.067741935483873,30.9,20.1,73.3,14,10.615037992831542,21.601935483870967,4.39258064516129,17.9,2015-03-01
15,2015,4,27.196666666666665,32.0,23.8,105.0,21,10.582670740740742,21.21466666666667,4.395666666666667,14.8,2015-04-01
15,2015,5,28.116129032258065,34.1,24.6,119.4,17,10.348875089605738,20.79064516129032,4.51741935483871,19.7,2015-05-01
15,2015,6,28.803333333333335,34.4,24.8,88.9,16,10.912596666666664,21.569666666666667,4.8580000000000005,18.2,2015-06-01
15,2015,7,29.38064516129032,35.1,24.4,27.5,10,10.89094946236559,21.862903225806452,5.146774193548388,17.8,2015-07-01
15,2015,8,28.887096774193548,35.4,24.8,60.4,15,11.111168369175628,22.495483870967742,5.219032258064516,19.9,2015-08-01
15,2015,9,28.063333333333333,34.3,24.4,119.39999999999999,20,10.355049259259259,20.996666666666666,4.789666666666666,23.3,2015-09-01
15,2015,10,26.538709677419355,32.2,23.5,399.1,31,8.301898207885303,16.80354838709677,3.4777419354838712,23.1,2015-10-01
15,2015,11,25.766666666666666,30.1,23.5,298.3,29,8.45858435185185,14.678666666666667,2.9523333333333333,16.4,2015-11-01
15,2015,12,25.570967741935487,29.7,23.1,292.0,28,8.449663888888889,14.168709677419356,2.830967741935484,18.4,2015-12-01
15,2016,1,25.629032258064516,29.4,21.3,55.0,13,10.262752419354838,17.31483870967742,3.6396774193548387,21.9,2016-01-01
15,2016,2,26.275862068965516,29.9,21.5,51.199999999999996,12,10.387337931034484,19.104482758620687,4.043103448275862,21.6,2016-02-01
15,2016,3,27.33225806451613,33.1,22.5,51.4,11,11.097194265232977,22.778387096774193,4.850322580645161,19.9,2016-03-01
15,2016,4,28.88,35.3,24.8,36.5,11,10.988788518518518,22.837333333333333,5.091666666666667,20.0,2016-04-01
15,2016,5,28.26774193548387,34.0,24.9,186.79999999999998,19,9.064626881720427,18.559032258064516,4.075806451612903,21.7,2016-05-01
15,2016,6,29.273333333333333,35.3,25.4,16.0,6,10.336033148148148,20.587666666666667,4.902333333333333,20.3,2016-06-01
15,2016,7,29.345161290322583,36.0,24.6,61.1,15,10.44691299283154,20.817741935483873,4.903870967741936,20.1,2016-07-01
15,2016,8,29.393548387096775,35.6,24.0,51.8,9,10.77328100358423,22.290967741935482,5.1735483870967744,18.2,2016-08-01
15,2016,9,29.403333333333332,35.3,23.2,39.1,6,10.678479537037038,22.200666666666667,5.103666666666667,15.2,2016-09-01
15,2016,10,28.796774193548387,36.0,24.1,86.0,13,10.702698566308243,21.188709677419357,4.821935483870967,18.2,2016-10-01
15,2016,11,25.8,30.8,21.0,227.6,26,8.298158333333333,15.351,3.2056666666666667,26.0,2016-11-01
15,2016,12,25.516129032258064,31.4,19.2,73.5,15,10.36770582437276,17.562258064516126,3.6103225806451613,21.9,2016-12-01
15,2017,1,24.316129032258065,29.7,18.0,213.9,14,8.758492652329748,16.046129032258065,3.3687096774193552,20.9,2017-01-01
15,2017,2,24.650000000000002,30.7,19.2,84.2,13,9.764609027777777,18.417857142857144,3.7567857142857144,21.9,2017-02-01
15,2017,3,26.23225806451613,32.1,21.1,101.39999999999999,19,10.512938620071685,21.25516129032258,4.33741935483871,17.9,2017-03-01
15,2017,4,28.06,35.8,22.9,52.2,12,10.999208333333332,23.590333333333334,5.0376666666666665,16.6,2017-04-01
15,2017,5,28.893548387096775,37.6,23.7,110.9,18,10.442991487455195,21.248064516129034,4.742903225806452,22.9,2017-05-01
15,2017,6,29.926666666666666,38.9,23.7,56.2,15,10.947392685185184,20.701999999999998,5.081333333333333,25.0,2017-06-01
15,2017,7,30.351612903225806,39.5,24.6,81.6,16,10.763301433691758,20.546451612903226,5.297741935483871,31.7,2017-07-01
15,2017,8,29.596774193548388,38.4,23.7,101.0,17,10.065669086021504,20.207741935483874,4.903870967741936,28.7,2017-08-01
15,2017,9,28.10666666666667,35.9,23.6,162.5,20,10.009734074074075,20.075333333333333,4.484,18.9,2017-09-01
15,2017,10,27.68064516129032,36.0,22.9,306.7,26,9.54020295698925,18.162580645161288,4.0364516129032255,19.9,2017-10-01
15,2017,11,25.60666666666667,32.7,21.3,412.6,25,7.142769722222222,13.288333333333332,2.7876666666666665,25.9,2017-11-01
15,2017,12,25.20967741935484,30.5,21.4,135.1,21,9.110506272401434,14.787741935483872,3.08,21.9,2017-12-01
15,2018,1,24.396774193548385,30.0,18.9,64.4,10,8.72263593189964,16.17322580645161,3.3932258064516128,19.2,2018-01-01
15,2018,2,24.810714285714287,30.8,19.8,104.9,15,9.262220436507935,17.219285714285714,3.5264285714285712,17.2,2018-02-01
15,2018,3,26.1,32.8,21.6,150.7,24,9.271705197132615,18.647419354838707,3.8419354838709676,15.6,2018-03-01
15,2018,4,26.83,32.7,22.5,142.9,25,10.242105833333335,20.137,4.167333333333334,14.6,2018-04-01
15,2018,5,27.096774193548388,33.6,23.3,198.0,21,9.080513351254481,18.451290322580647,3.888387096774194,21.1,2018-05-01
15,2018,6,28.4,36.2,23.7,46.3,10,10.77020509259259,20.983999999999998,4.7523333333333335,25.4,2018-06-01
15,2018,7,29.85483870967742,38.6,23.9,31.1,7,10.751171953405017,20.950967741935486,5.700967741935483,34.7,2018-07-01
15,2018,8,29.812903225806455,38.3,23.8,39.800000000000004,10,10.009514336917562,20.631612903225808,5.688387096774194,36.0,2018-08-01
15,2018,9,29.026666666666664,38.8,23.0,92.6,18,10.779275277777781,21.794,5.211,28.0,2018-09-01
15,2018,10,26.08709677419355,32.8,22.6,322.5,29,8.504436559139785,16.80483870967742,3.486774193548387,17.9,2018-10-01
15,2018,11,25.566666666666666,32.8,21.1,391.0,25,8.585935925925927,15.441666666666666,3.166,18.9,2018-11-01
15,2018,12,25.041935483870965,30.9,19.5,163.6,20,8.005979301075268,15.098387096774195,3.0938709677419354,20.2,2018-12-01
15,2019,1,24.758064516129032,29.3,20.4,110.9,16,9.670150806451613,16.978709677419356,3.505483870967742,21.3,2019-01-01
15,2019,2,25.739285714285717,31.0,21.6,148.70000000000002,23,9.98647619047619,17.959642857142857,3.6239285714285714,21.0,2019-02-01
15,2019,3,26.774193548387096,34.7,20.4,31.3,10,11.016655286738352,23.093548387096774,4.849677419354839,15.3,2019-03-01
15,2019,4,28.14333333333333,34.7,22.9,52.7,15,10.22498212962963,21.470666666666666,4.692666666666667,15.5,2019-04-01
15,2019,5,30.048387096774192,37.4,22.9,23.4,7,10.907788082437277,21.891612903225806,5.264193548387096,24.1,2019-05-01
15,2019,6,30.733333333333334,39.1,24.3,53.0,10,10.622546296296298,20.916333333333334,5.519333333333334,30.6,2019-06-01
15,2019,7,30.306451612903224,39.8,24.4,45.1,10,10.731463440860216,21.338064516129034,5.648064516129033,29.4,2019-07-01
15,2019,8,29.41290322580645,37.6,24.3,79.9,16,9.8234541218638,19.121290322580645,5.073870967741935,25.1,2019-08-01
15,2019,9,27.970000000000002,37.9,22.8,226.9,25,9.816100648148147,19.557666666666666,4.602333333333333,20.5,2019-09-01
15,2019,10,25.712903225806453,31.4,22.4,447.0,29,8.067471594982079,15.846451612903227,3.2280645161290322,17.3,2019-10-01
15,2019,11,26.0,32.2,22.7,287.3,23,8.909819907407408,16.597,3.365666666666667,15.6,2019-11-01
15,2019,12,25.280645161290323,29.8,21.6,312.4,26,8.132447580645163,14.16483870967742,2.8374193548387097,17.4,2019-12-01
15,2020,1,25.419354838709676,30.0,19.8,70.3,18,10.376029211469532,18.19709677419355,3.7251612903225806,22.7,2020-01-01
15,2020,2,25.75172413793103,30.7,20.3,54.2,14,10.663461398467431,19.323103448275862,4.07551724137931,21.9,2020-02-01
15,2020,3,27.006451612903227,32.8,21.3,16.4,6,10.997773655913978,22.026129032258062,4.771612903225807,16.9,2020-03-01
15,2020,4,28.203333333333333,34.8,22.0,64.3,19,10.772810555555557,21.706333333333337,4.759333333333333,16.3,2020-04-01
15,2020,5,28.674193548387095,36.7,24.2,169.4,18,9.490112007168461,19.12516129032258,4.275161290322581,21.6,2020-05-01
15,2020,6,29.35666666666667,38.3,23.4,66.0,14,10.302824074074074,20.258666666666667,4.717666666666667,21.0,2020-06-01
15,2020,7,28.73225806451613,36.1,23.8,80.5,16,9.525064784946236,18.598064516129032,4.35258064516129,22.2,2020-07-01
15,2020,8,29.79032258064516,38.3,23.6,35.9,6,10.224317204301077,21.22225806451613,5.398387096774194,27.3,2020-08-01
15,2020,9,28.496666666666666,36.9,23.1,103.2,20,9.063539814814813,18.648333333333333,4.302666666666667,18.8,2020-09-01
15,2020,10,28.96451612903226,38.8,22.9,212.1,13,10.803338799283157,21.450645161290325,5.236129032258065,29.3,2020-10-01
15,2020,11,26.196666666666665,32.2,22.3,259.4,30,9.02450722222222,15.941333333333334,3.3040000000000003,20.3,2020-11-01
15,2020,12,25.219354838709677,31.7,21.8,308.7,25,8.302537007168462,14.557096774193548,2.9674193548387096,17.6,2020-12-01
15,2021,1,24.87741935483871,30.8,20.7,461.4,26,7.7515261648745515,14.153870967741934,2.8680645161290323,18.5,2021-01-01
15,2021,2,25.196428571428573,31.7,20.0,74.7,15,10.115543849206349,18.50107142857143,3.7721428571428572,22.9,2021-02-01
15,2021,3,26.041935483870965,34.3,21.5,140.8,20,9.045354838709677,18.4941935483871,3.8574193548387097,14.7,2021-03-01
15,2021,4,27.386666666666667,35.0,22.0,82.5,17,10.706184537037037,22.115333333333336,4.660666666666667,13.9,2021-04-01
15,2021,5,28.03548387096774,36.2,23.6,125.80000000000001,23,9.547204838709678,19.330645161290324,4.283870967741936,21.2,2021-05-01
15,2021,6,28.85666666666667,37.7,22.9,59.4,11,10.544943703703701,20.901,4.878,21.3,2021-06-01
15,2021,7,29.12258064516129,37.4,23.7,90.39999999999999,16,10.399714874551972,20.536129032258064,5.069677419354838,27.7,2021-07-01
15,2021,8,28.73548387096774,37.8,23.2,84.1,15,9.795022759856632,19.736451612903227,4.622580645161291,23.2,2021-08-01
15,2021,9,28.77,37.8,23.5,112.5,18,9.878618055555556,20.36733333333333,4.700666666666667,23.9,2021-09-01
15,2021,10,27.119354838709675,35.5,22.3,206.8,20,9.185410304659499,18.44677419354839,4.079354838709678,22.4,2021-10-01
15,2021,11,25.633333333333333,32.5,21.9,427.3,28,7.767030462962963,15.212,3.122,18.1,2021-11-01
15,2021,12,25.23225806451613,31.4,20.2,127.2,22,9.504476433691755,17.486451612903227,3.555161290322581,19.3,2021-12-01
15,2022,1,24.69677419354839,30.5,18.2,114.8,21,9.64376935483871,18.200000000000003,3.6293548387096775,21.4,2022-01-01
15,2022,2,25.2,30.9,20.3,118.3,12,9.941233333333336,20.40607142857143,4.184642857142857,19.8,2022-02-01
15,2022,3,26.5,33.7,22.1,68.8,17,9.709053225806453,20.688387096774196,4.329032258064516,19.8,2022-03-01
15,2022,4,26.80666666666667,33.1,22.6,201.20000000000002,28,10.221191851851852,21.205,4.389666666666667,14.7,2022-04-01
15,2022,5,28.480645161290322,36.5,23.4,80.9,13,10.166059677419355,21.093870967741935,4.8025806451612905,22.3,2022-05-01
15,2022,6,28.266666666666666,36.1,22.9,83.5,18,9.930214444444445,20.091333333333335,4.515,20.8,2022-06-01
15,2022,7,28.40967741935484,37.2,22.9,115.5,17,8.856537634408602,18.82161290322581,4.677096774193549,28.0,2022-07-01
15,2022,8,27.603225806451615,36.3,21.0,151.7,15,9.918046594982082,20.863225806451613,4.687741935483871,23.2,2022-08-01
15,2022,9,27.783333333333335,36.4,22.8,72.8,11,10.359458611111114,22.324333333333335,4.8773333333333335,19.5,2022-09-01
15,2022,10,26.44193548387097,36.2,21.0,306.4,26,8.640497311827957,17.973225806451612,3.9061290322580646,25.8,2022-10-01
15,2022,11,25.313333333333333,32.8,21.4,285.8,21,8.23980675925926,16.667666666666666,3.462,17.0,2022-11-01
15,2022,12,24.741935483870968,30.8,18.9,242.70000000000002,22,7.528371146953406,14.641935483870967,3.0683870967741935,28.2,2022-12-01
15,2023,1,24.296774193548387,29.4,18.5,168.8,16,8.960274551971326,17.55548387096774,3.5667741935483868,21.0,2023-01-01
15,2023,2,24.82857142857143,30.0,19.9,134.6,15,9.153624404761905,18.878214285714286,3.7742857142857145,22.2,2023-02-01
15,2023,3,26.05806451612903,33.0,22.0,139.0,20,9.79676603942652,21.03806451612903,4.296774193548386,18.5,2023-03-01
15,2023,4,27.403333333333332,35.4,22.7,80.9,15,10.398200925925925,22.603333333333335,4.775333333333333,17.7,2023-04-01
15,2023,5,28.05483870967742,35.5,22.9,136.5,16,9.482663440860215,20.571290322580648,4.459032258064516,16.5,2023-05-01
15,2023,6,29.41,37.5,24.3,71.5,15,10.727335833333333,21.578333333333333,4.900666666666667,19.9,2023-06-01
15,2023,7,29.335483870967742,38.8,23.6,41.4,10,9.502812992831538,19.978064516129034,4.99,29.6,2023-07-01
15,2023,8,30.096774193548388,38.7,23.6,56.5,17,11.050025627240146,22.98516129032258,5.55741935483871,20.0,2023-08-01
15,2023,9,28.176666666666666,36.9,23.1,174.9,23,9.370300370370371,19.967666666666666,4.851,24.8,2023-09-01
15,2023,10,26.29032258064516,33.5,22.7,356.2,25,9.004044534050179,18.379677419354838,3.8367741935483872,21.0,2023-10-01
15,2023,11,25.633333333333333,32.0,22.5,511.7,29,7.929540740740741,15.479999999999999,3.1363333333333334,17.7,2023-11-01
15,2023,12,25.48709677419355,32.4,22.2,467.9,28,7.305347759856629,14.401290322580644,2.9229032258064516,19.2,2023-12-01
15,2024,1,25.29032258064516,30.6,20.4,261.6,21,8.845760573476703,16.73741935483871,3.428709677419355,19.6,2024-01-01
15,2024,2,26.43793103448276,33.1,21.4,51.7,13,10.8070311302682,21.273448275862066,4.43448275862069,19.8,2024-02-01
15,2024,3,27.067741935483873,34.2,20.6,64.3,8,10.546602777777775,22.731612903225805,4.8751612903225805,18.1,2024-03-01
15,2024,4,28.436666666666667,35.1,23.1,95.7,11,10.469478148148148,22.906000000000002,4.961666666666667,16.1,2024-04-01
15,2024,5,28.883870967741935,37.0,24.0,221.6,17,9.352310483870967,19.892258064516128,4.5287096774193545,20.9,2024-05-01
15,2024,6,28.6625,36.4,24.9,41.9,4,10.362896875000002,20.24,4.80625,22.2,2024-06-01
16,2010,1,25.8,28.3,23.3,55.0,13,10.203274551971326,17.844516129032257,4.0767741935483865,25.8,2010-01-01
16,2010,2,26.52857142857143,30.5,23.9,7.6,3,10.269097619047619,20.399285714285718,4.730714285714286,26.1,2010-02-01
16,2010,3,28.17096774193548,33.2,23.4,26.9,2,11.212986738351255,23.881290322580643,5.4480645161290315,23.6,2010-03-01
16,2010,4,29.186666666666667,34.6,25.7,48.0,8,10.855700185185187,23.195666666666668,5.217666666666667,20.2,2010-04-01
16,2010,5,29.26774193548387,35.5,25.5,54.6,9,10.445102688172042,21.345806451612905,5.40483870967742,39.0,2010-05-01
16,2010,6,29.64,36.4,26.4,17.7,5,10.460135092592592,20.44333333333333,6.039666666666666,39.0,2010-06-01
16,2010,7,28.961290322580645,34.8,25.9,21.3,5,10.09184193548387,19.92774193548387,5.72,38.4,2010-07-01
16,2010,8,28.306451612903224,35.2,24.4,105.2,11,9.522375179211469,18.61032258064516,5.174193548387097,36.4,2010-08-01
16,2010,9,27.84333333333333,33.9,24.1,122.3,14,9.650348425925925,20.16166666666667,5.040333333333334,29.5,2010-09-01
16,2010,10,27.706451612903226,33.5,24.1,72.5,11,10.19201487455197,19.91548387096774,4.936451612903226,37.9,2010-10-01
16,2010,11,26.096666666666668,31.3,23.7,331.8,24,8.525857777777778,15.752,3.2983333333333333,28.3,2010-11-01
16,2010,12,25.016129032258064,30.1,21.7,733.5,26,5.494266487455198,11.230322580645161,2.55258064516129,36.7,2010-12-01
16,2011,1,24.60967741935484,27.2,22.3,554.4,25,6.369649820788531,12.40967741935484,2.761290322580645,33.2,2011-01-01
16,2011,2,25.45,29.2,23.2,506.49999999999994,11,7.990688194444445,16.298214285714288,3.5067857142857144,36.3,2011-02-01
16,2011,3,26.70967741935484,31.6,22.2,64.2,13,10.932129838709677,22.52225806451613,4.646129032258065,24.4,2011-03-01
16,2011,4,27.57,33.0,24.7,161.8,16,10.211099537037038,21.631333333333334,4.652333333333333,26.3,2011-04-01
16,2011,5,29.258064516129032,34.8,25.5,11.5,5,11.35666845878136,24.240645161290324,6.053225806451613,36.2,2011-05-01
16,2011,6,29.71333333333333,35.4,25.9,8.1,3,11.025593148148145,21.955666666666666,6.572666666666667,36.4,2011-06-01
16,2011,7,28.92258064516129,34.7,25.7,31.9,6,10.647613082437276,20.40806451612903,5.855806451612903,33.7,2011-07-01
16,2011,8,28.774193548387096,35.2,25.2,42.9,5,10.6198188172043,20.86741935483871,5.88,33.2,2011-08-01
16,2011,9,29.146666666666665,35.5,25.7,43.0,10,10.793878703703706,21.809,6.133666666666667,31.4,2011-09-01
16,2011,10,27.05806451612903,33.6,24.0,346.1,29,9.70981353046595,19.01967741935484,4.0680645161290325,22.4,2011-10-01
16,2011,11,26.066666666666666,29.8,24.1,282.0,23,9.18826601851852,16.162666666666667,3.363333333333333,28.1,2011-11-01
16,2011,12,25.73225806451613,29.2,21.7,247.8,19,8.626685842293908,15.080967741935483,3.471290322580645,28.2,2011-12-01
16,2012,1,25.30322580645161,27.9,21.7,43.9,7,10.62677159498208,18.81709677419355,4.137419354838709,27.2,2012-01-01
16,2012,2,26.06896551724138,30.5,24.0,43.1,12,10.10326254789272,19.268620689655172,4.245172413793103,28.5,2012-02-01
16,2012,3,27.570967741935487,32.9,23.9,16.2,6,11.150310035842296,23.913548387096775,5.241290322580645,21.2,2012-03-01
16,2012,4,28.153333333333332,33.2,24.9,78.0,14,10.437079351851851,21.807000000000002,4.841333333333334,23.0,2012-04-01
16,2012,5,30.116129032258065,36.6,25.4,3.3,1,11.311384318996417,24.707419354838713,6.934193548387097,41.8,2012-05-01
16,2012,6,29.763333333333332,36.3,25.8,1.9000000000000001,0,11.048580185185186,21.605666666666664,6.806666666666667,36.7,2012-06-01
16,2012,7,29.30322580645161,35.5,25.1,40.2,5,10.892739157706094,22.094516129032257,6.3667741935483875,35.4,2012-07-01
16,2012,8,29.451612903225808,35.6,25.7,9.3,3,10.90522428315412,21.873548387096776,6.615161290322581,31.3,2012-08-01
16,2012,9,29.166666666666668,35.8,25.6,39.8,9,10.581197222222219,21.817666666666664,5.985333333333333,31.2,2012-09-01
16,2012,10,26.86774193548387,34.8,24.1,612.7,24,9.121300806451615,17.963548387096775,3.962258064516129,46.0,2012-10-01
16,2012,11,26.233333333333334,31.0,23.4,218.5,20,9.303683611111113,16.692666666666664,3.562,27.0,2012-11-01
16,2012,12,25.703225806451613,28.3,23.3,281.3,21,8.785745161290324,14.496129032258064,3.1912903225806453,29.1,2012-12-01
16,2013,1,25.57741935483871,28.0,23.5,220.7,13,7.824615412186379,14.848387096774195,3.649677419354839,27.4,2013-01-01
16,2013,2,26.085714285714285,29.1,23.8,86.1,11,10.050543353174602,18.982142857142858,4.0975,25.0,2013-02-01
16,2013,3,27.10967741935484,31.9,24.1,81.0,11,10.581381362007166,21.725806451612904,4.59,23.4,2013-03-01
16,2013,4,28.990000000000002,34.3,25.6,27.1,9,10.92668824074074,23.67866666666667,5.334666666666666,20.8,2013-04-01
16,2013,5,29.55806451612903,35.3,26.0,29.7,9,10.757560483870968,22.24258064516129,6.0609677419354835,40.0,2013-05-01
16,2013,6,28.846666666666668,34.3,25.7,9.200000000000001,2,10.201388888888888,19.596666666666668,6.031333333333333,39.2,2013-06-01
16,2013,7,28.606451612903225,34.5,25.0,33.6,3,10.234322849462368,19.769032258064517,5.883870967741935,33.9,2013-07-01
16,2013,8,28.37741935483871,34.3,25.1,46.4,11,10.720599283154124,21.58516129032258,5.684838709677419,34.4,2013-08-01
16,2013,9,28.27,35.1,24.9,23.5,6,9.999371944444446,20.44066666666667,5.588666666666667,34.8,2013-09-01
16,2013,10,28.396774193548385,35.3,24.0,52.9,10,10.474245609318997,21.252903225806453,5.442903225806451,31.1,2013-10-01
16,2013,11,26.103333333333335,29.3,21.7,143.0,23,9.98801064814815,17.435,3.6126666666666667,27.9,2013-11-01
16,2013,12,25.387096774193548,29.8,23.0,222.2,17,7.884003225806451,13.992903225806453,3.4099999999999997,31.9,2013-12-01
16,2014,1,24.93548387096774,27.1,21.6,224.0,21,8.996301881720429,15.299354838709679,3.4096774193548387,33.0,2014-01-01
16,2014,2,25.900000000000002,29.2,22.6,22.8,7,10.910505952380952,21.05535714285714,4.613571428571428,24.7,2014-02-01
16,2014,3,27.348387096774193,32.1,23.7,20.400000000000002,7,10.966535752688172,23.010645161290324,5.287096774193548,23.7,2014-03-01
16,2014,4,28.776666666666664,33.7,24.5,29.299999999999997,4,11.02091398148148,24.129666666666665,5.401333333333333,20.9,2014-04-01
16,2014,5,28.883870967741935,34.9,25.0,98.3,10,10.59799623655914,21.65290322580645,5.291935483870968,32.5,2014-05-01
16,2014,6,30.146666666666665,36.1,26.1,2.9,1,11.118273611111112,22.436333333333334,6.875,33.8,2014-06-01
16,2014,7,29.69677419354839,35.8,26.3,9.0,3,10.83489731182796,21.46741935483871,6.736129032258065,36.1,2014-07-01
16,2014,8,28.429032258064513,35.1,24.6,94.4,14,10.53385224014337,20.906774193548387,5.669354838709677,32.6,2014-08-01
16,2014,9,28.53666666666667,34.9,24.8,77.0,11,10.727257314814814,22.122333333333334,5.848333333333333,33.6,2014-09-01
16,2014,10,27.048387096774192,33.5,23.8,181.1,22,10.012901523297492,19.198709677419355,4.241290322580645,29.3,2014-10-01
16,2014,11,25.883333333333333,30.8,22.8,369.0,22,7.126881666666667,13.877333333333333,3.0376666666666665,27.6,2014-11-01
16,2014,12,25.190322580645162,28.6,20.6,665.6,28,6.546282706093192,11.689354838709678,2.44741935483871,31.6,2014-12-01
16,2015,1,25.580645161290324,28.8,23.3,31.9,12,10.482345340501789,18.481935483870966,4.066129032258065,23.2,2015-01-01
16,2015,2,25.564285714285713,28.6,22.9,116.7,18,10.52253373015873,19.02642857142857,3.9825000000000004,26.2,2015-02-01
16,2015,3,26.961290322580645,30.9,23.0,58.2,11,10.95159964157706,22.710967741935484,4.840322580645162,21.3,2015-03-01
16,2015,4,28.073333333333334,32.6,24.8,51.8,14,10.906249444444445,22.783666666666665,4.898666666666667,18.9,2015-04-01
16,2015,5,28.629032258064516,34.2,24.9,91.2,15,10.541881362007171,21.431290322580644,5.135483870967741,32.3,2015-05-01
16,2015,6,29.383333333333333,35.0,25.9,19.5,5,10.926228055555555,21.493,6.003666666666667,34.9,2015-06-01
16,2015,7,29.53548387096774,35.1,25.8,13.9,4,10.999507706093189,21.480967741935483,6.417419354838709,35.6,2015-07-01
16,2015,8,29.25483870967742,35.3,25.6,27.3,4,11.181367204301074,22.51967741935484,6.266451612903226,32.0,2015-08-01
16,2015,9,28.33,34.8,24.7,122.8,17,10.484409722222223,21.449666666666666,5.277,36.6,2015-09-01
16,2015,10,27.032258064516128,32.9,24.1,313.0,28,8.466525985663083,17.45935483870968,3.7912903225806454,29.4,2015-10-01
16,2015,11,26.146666666666665,30.9,23.9,463.6,29,8.055642777777779,14.565,3.005666666666667,23.1,2015-11-01
16,2015,12,26.129032258064516,28.7,24.4,294.0,25,9.236148566308245,14.98967741935484,3.2074193548387093,27.6,2015-12-01
16,2016,1,26.20967741935484,29.0,23.9,46.9,10,10.514752150537635,17.557741935483868,4.094193548387097,25.4,2016-01-01
16,2016,2,26.910344827586208,29.7,24.4,44.6,11,10.6346377394636,20.15655172413793,4.544827586206897,23.3,2016-02-01
16,2016,3,28.0,33.9,24.6,23.5,6,11.209523387096775,23.806451612903224,5.348387096774194,22.8,2016-03-01
16,2016,4,29.91,35.8,26.2,8.3,4,11.217266851851852,24.677333333333333,5.845666666666667,21.9,2016-04-01
16,2016,5,28.86774193548387,34.3,25.4,221.79999999999998,11,9.17560752688172,19.470967741935485,4.788709677419354,35.1,2016-05-01
16,2016,6,29.30666666666667,34.8,26.3,2.6,0,10.260431944444445,20.087,5.980333333333333,35.6,2016-06-01
16,2016,7,29.141935483870967,35.9,25.0,44.9,9,10.718481899641576,21.009677419354837,5.990322580645161,38.5,2016-07-01
16,2016,8,29.138709677419353,35.0,25.9,32.9,9,10.912203405017921,22.316774193548387,6.249354838709677,31.8,2016-08-01
16,2016,9,29.34333333333333,35.4,25.4,9.5,3,10.620616574074075,22.251666666666665,6.558666666666666,31.8,2016-09-01
16,2016,10,28.712903225806453,35.6,24.5,70.6,11,10.83336182795699,21.80032258064516,5.639032258064516,29.3,2016-10-01
16,2016,11,26.23,30.9,21.3,229.8,22,8.939386574074076,15.888666666666666,3.4213333333333336,24.9,2016-11-01
16,2016,12,25.787096774193547,31.3,20.6,93.4,14,10.205198476702513,17.70225806451613,3.795483870967742,35.0,2016-12-01
16,2017,1,25.296774193548387,28.2,21.5,227.6,14,8.99365940860215,17.101612903225806,3.736774193548387,26.5,2017-01-01
16,2017,2,25.732142857142858,29.9,20.2,44.3,9,10.351667361111112,20.187142857142856,4.413928571428571,27.0,2017-02-01
16,2017,3,26.948387096774194,31.9,22.0,115.9,17,10.735457168458781,22.288709677419355,4.571290322580645,21.6,2017-03-01
16,2017,4,29.566666666666666,38.8,24.8,12.5,4,11.29587425925926,25.378,5.854333333333333,24.0,2017-04-01
16,2017,5,29.806451612903224,37.6,25.6,48.7,13,10.80488234767025,22.176129032258064,5.906129032258065,36.0,2017-05-01
16,2017,6,30.16,37.3,25.8,20.2,8,10.39870324074074,20.307333333333336,6.409666666666666,32.2,2017-06-01
16,2017,7,29.98709677419355,37.9,25.9,58.4,15,10.57670860215054,20.38935483870968,5.9316129032258065,29.5,2017-07-01
16,2017,8,29.02258064516129,36.3,25.1,85.4,14,9.95270376344086,19.551612903225806,5.468709677419355,31.5,2017-08-01
16,2017,9,28.39333333333333,35.4,24.5,57.800000000000004,14,9.776734259259259,19.105,5.018,32.9,2017-09-01
16,2017,10,27.90967741935484,36.1,23.6,179.5,20,9.366131362007168,17.812258064516133,4.416129032258064,28.9,2017-10-01
16,2017,11,26.183333333333334,32.0,22.7,366.4,25,7.069558518518519,13.629,2.9069999999999996,32.0,2017-11-01
16,2017,12,25.903225806451612,30.1,22.0,135.9,20,9.119042741935484,15.54225806451613,3.430967741935484,24.7,2017-12-01
16,2018,1,25.338709677419356,28.3,22.4,34.3,11,9.271163620071684,16.33451612903226,3.6500000000000004,22.5,2018-01-01
16,2018,2,25.853571428571428,29.2,23.3,60.9,14,10.372980357142858,19.139999999999997,4.133214285714286,23.7,2018-02-01
16,2018,3,27.177419354838708,33.7,22.9,79.7,13,10.428651612903224,21.193548387096776,4.531290322580645,23.9,2018-03-01
16,2018,4,28.136666666666667,34.8,24.2,51.5,13,10.937331851851852,22.568666666666665,4.822333333333333,20.1,2018-04-01
16,2018,5,28.009677419354837,36.8,24.5,153.9,23,9.384834498207887,19.072903225806453,4.3425806451612905,32.5,2018-05-01
16,2018,6,29.386666666666667,36.6,25.9,13.7,1,10.699315370370368,20.578666666666667,6.147666666666667,37.5,2018-06-01
16,2018,7,29.64516129032258,37.9,25.1,32.9,8,9.945862992831541,19.937741935483874,6.247096774193548,33.8,2018-07-01
16,2018,8,29.112903225806452,36.5,24.6,48.8,9,10.014171863799282,20.355483870967742,6.18,37.4,2018-08-01
16,2018,9,28.59,37.6,24.2,63.0,12,10.727355092592594,22.229,5.712999999999999,27.4,2018-09-01
16,2018,10,26.47741935483871,33.0,23.2,332.5,28,8.395346594982076,17.01225806451613,3.4803225806451614,18.2,2018-10-01
16,2018,11,26.133333333333333,31.8,22.6,384.2,24,7.986897037037037,14.586333333333332,3.0796666666666668,27.1,2018-11-01
16,2018,12,25.903225806451612,29.1,21.5,135.8,20,8.639373387096775,15.753548387096775,3.364193548387097,24.3,2018-12-01
16,2019,1,25.75483870967742,28.7,23.3,28.7,13,10.153209677419355,17.900967741935485,4.09,23.4,2019-01-01
16,2019,2,26.599999999999998,30.2,23.9,56.300000000000004,15,10.347778670634922,19.091785714285717,4.1,25.5,2019-02-01
16,2019,3,27.967741935483872,34.3,22.6,7.1,2,11.197941845878136,24.009354838709676,5.344838709677419,17.7,2019-03-01
16,2019,4,29.146666666666665,34.0,23.3,22.9,4,10.18456611111111,22.781,5.205,25.5,2019-04-01
16,2019,5,30.64516129032258,38.8,25.7,21.799999999999997,5,10.97149336917563,23.238064516129032,6.27483870967742,30.5,2019-05-01
16,2019,6,30.80666666666667,37.9,26.2,15.3,4,10.473002685185186,20.590666666666667,6.536666666666666,29.0,2019-06-01
16,2019,7,29.906451612903226,37.5,25.4,39.9,10,9.880878584229391,19.917419354838707,5.876129032258064,28.3,2019-07-01
16,2019,8,29.0258064516129,37.4,25.0,61.4,10,9.60523853046595,19.06,5.488709677419355,31.7,2019-08-01
16,2019,9,28.23,37.4,23.5,156.1,17,10.241969537037036,20.103,4.968,27.0,2019-09-01
16,2019,10,26.45483870967742,31.4,23.4,246.5,26,8.380378584229392,17.146774193548385,3.491290322580645,20.8,2019-10-01
16,2019,11,26.726666666666667,32.2,23.5,183.6,25,9.56637064814815,17.707666666666668,3.6026666666666665,22.6,2019-11-01
16,2019,12,26.14516129032258,29.1,24.3,277.2,25,8.478376523297491,14.036451612903226,3.033225806451613,23.7,2019-12-01
16,2020,1,26.470967741935485,29.4,22.7,53.800000000000004,16,10.391642652329747,18.0458064516129,4.023225806451613,24.9,2020-01-01
16,2020,2,26.917241379310347,29.7,24.6,30.8,11,10.821926149425286,20.52655172413793,4.834482758620689,26.3,2020-02-01
16,2020,3,27.725806451612904,31.4,22.8,10.6,4,11.07789399641577,22.799032258064514,5.14741935483871,22.0,2020-03-01
16,2020,4,29.203333333333333,34.9,24.6,25.2,11,11.16464787037037,23.643666666666668,5.369,18.9,2020-04-01
16,2020,5,29.451612903225808,36.2,25.5,77.7,16,9.720868100358425,19.912580645161288,4.962580645161291,34.9,2020-05-01
16,2020,6,29.743333333333332,37.5,24.9,52.7,10,10.12718675925926,19.81,5.653666666666667,27.0,2020-06-01
16,2020,7,28.796774193548387,36.2,24.6,69.4,13,9.672698566308243,18.957741935483874,4.940967741935483,27.4,2020-07-01
16,2020,8,29.261290322580646,36.7,25.4,32.8,8,10.12050394265233,20.61225806451613,5.776451612903226,33.2,2020-08-01
16,2020,9,28.203333333333333,36.4,24.3,98.39999999999999,16,8.461231388888889,17.381333333333334,4.754333333333333,31.8,2020-09-01
16,2020,10,28.68064516129032,37.0,24.3,100.1,12,10.551053315412187,20.549999999999997,5.490645161290323,35.8,2020-10-01
16,2020,11,26.626666666666665,32.2,23.4,260.0,26,8.277831944444443,15.449333333333334,3.226,25.9,2020-11-01
16,2020,12,25.6,29.5,23.1,514.3,29,6.826638440860214,12.92451612903226,2.761935483870968,41.0,2020-12-01
16,2021,1,25.65806451612903,28.3,23.2,567.5,25,7.84691917562724,14.650967741935483,3.0916129032258066,29.5,2021-01-01
16,2021,2,25.87857142857143,29.5,22.5,47.2,12,10.849764583333334,19.711785714285714,4.1725,23.9,2021-02-01
16,2021,3,27.51290322580645,35.2,23.5,31.7,12,10.688464964157706,21.719354838709677,4.765483870967741,18.9,2021-03-01
16,2021,4,28.38,37.8,23.8,69.4,14,10.800786666666669,23.012666666666668,5.033666666666666,22.7,2021-04-01
16,2021,5,28.683870967741935,36.3,25.3,56.4,17,9.81127204301075,19.687419354838706,4.848064516129032,40.0,2021-05-01
16,2021,6,29.246666666666666,36.7,24.8,67.3,10,10.467534351851853,20.47533333333333,5.674666666666667,34.3,2021-06-01
16,2021,7,29.161290322580644,36.7,24.6,75.0,10,10.458658512544803,20.352903225806454,5.680322580645162,37.5,2021-07-01
16,2021,8,28.861290322580647,36.7,24.0,64.2,16,9.292244086021505,19.033870967741933,5.333548387096775,27.7,2021-08-01
16,2021,9,28.65,36.8,24.7,83.5,15,9.695993703703705,19.795666666666666,5.283333333333333,34.1,2021-09-01
16,2021,10,27.216129032258067,34.2,23.3,215.6,20,9.056809318996415,18.1,4.200645161290322,30.6,2021-10-01
16,2021,11,25.956666666666667,32.3,23.0,395.2,24,7.164801944444444,14.875333333333334,3.131333333333333,25.8,2021-11-01
16,2021,12,26.32903225806452,30.0,22.9,109.7,18,9.708502688172041,17.718387096774194,3.8583870967741936,21.9,2021-12-01
16,2022,1,25.693548387096776,29.4,20.0,125.8,18,10.038703763440859,18.93967741935484,3.845806451612903,24.1,2022-01-01
16,2022,2,26.139285714285712,29.6,22.2,129.4,11,9.863780555555556,20.45642857142857,4.357142857142857,20.6,2022-02-01
16,2022,3,27.216129032258067,34.2,23.2,41.5,12,10.372582078853048,21.97967741935484,4.65,23.2,2022-03-01
16,2022,4,27.28666666666667,33.9,23.6,137.9,19,10.079305462962962,21.719333333333335,4.4656666666666665,18.3,2022-04-01
16,2022,5,29.193548387096776,35.4,25.1,27.4,7,10.594559498207888,21.56709677419355,5.8187096774193545,30.8,2022-05-01
16,2022,6,28.996666666666666,36.3,24.4,65.8,10,10.315057685185185,20.628,5.609333333333334,30.2,2022-06-01
16,2022,7,28.648387096774194,36.1,24.0,78.0,13,9.02378306451613,19.14258064516129,5.275161290322581,34.4,2022-07-01
16,2022,8,28.183870967741935,36.7,24.0,92.9,14,9.700698835125447,20.373548387096776,5.280967741935484,34.6,2022-08-01
16,2022,9,28.426666666666666,36.4,23.5,41.8,9,10.243522222222225,21.883666666666667,5.65,30.2,2022-09-01
16,2022,10,26.67096774193548,35.3,22.9,287.6,25,8.51285394265233,18.03258064516129,4.0206451612903225,30.0,2022-10-01
16,2022,11,25.86,31.5,22.5,313.8,19,8.121172222222224,16.333000000000002,3.4276666666666666,22.8,2022-11-01
16,2022,12,25.480645161290322,30.3,18.8,256.4,25,7.747939695340502,14.781290322580647,3.1903225806451614,34.2,2022-12-01
16,2023,1,25.44516129032258,28.6,22.6,149.5,14,8.946992383512544,17.26838709677419,3.9061290322580646,26.3,2023-01-01
16,2023,2,25.84642857142857,29.8,23.0,108.4,14,9.81067886904762,20.169642857142858,4.242142857142857,30.9,2023-02-01
16,2023,3,27.061290322580643,32.0,23.0,65.3,15,10.809058870967744,23.223225806451612,4.841935483870968,21.4,2023-03-01
16,2023,4,28.423333333333336,36.0,23.9,61.2,12,10.4860875,23.473000000000003,5.128,18.0,2023-04-01
16,2023,5,28.770967741935483,37.0,23.9,106.0,14,9.1981479390681,20.370967741935484,4.856129032258064,30.2,2023-05-01
16,2023,6,30.38,37.3,25.7,16.1,5,10.678986481481482,21.745333333333335,6.4479999999999995,28.1,2023-06-01
16,2023,7,29.874193548387098,37.3,25.6,31.400000000000002,8,9.420328405017921,20.05548387096774,6.046129032258064,32.8,2023-07-01
16,2023,8,29.496774193548386,37.5,25.1,84.0,10,10.862487724014338,23.293225806451613,6.026129032258065,25.3,2023-08-01
16,2023,9,28.3,35.5,24.4,184.2,20,9.642645277777778,20.788666666666664,5.264333333333334,29.5,2023-09-01
16,2023,10,26.719354838709677,33.5,23.5,374.3,27,9.88393566308244,20.225483870967743,4.171290322580645,25.0,2023-10-01
16,2023,11,26.046666666666667,30.1,23.4,449.1,29,7.984892222222221,15.862666666666666,3.1573333333333333,19.7,2023-11-01
16,2023,12,26.241935483870968,32.0,23.6,361.0,31,8.393066129032258,15.185161290322581,3.1870967741935483,23.7,2023-12-01
16,2024,1,26.480645161290322,29.6,21.9,158.0,20,8.896574014336917,17.009677419354837,3.7825806451612904,22.1,2024-01-01
16,2024,2,27.43793103448276,31.4,23.3,30.8,8,10.939834195402298,22.17310344827586,4.9255172413793105,24.3,2024-02-01
16,2024,3,27.748387096774195,32.5,23.0,32.2,8,11.105715053763442,24.571290322580648,5.2138709677419355,19.6,2024-03-01
16,2024,4,29.133333333333333,34.6,24.9,41.1,6,11.074460370370371,24.614666666666665,5.355333333333333,21.0,2024-04-01
16,2024,5,29.096774193548388,38.1,25.3,253.0,18,9.414655376344085,20.164193548387097,4.790967741935484,34.3,2024-05-01
16,2024,6,28.8875,34.4,25.7,42.7,6,8.877840277777779,19.017500000000002,4.5287500000000005,23.6,2024-06-01
17,2010,1,24.861290322580647,30.7,18.4,35.300000000000004,7,10.315970340501792,18.723870967741938,3.9645161290322584,21.0,2010-01-01
17,2010,2,26.7,36.0,20.8,9.8,2,10.023399801587301,20.820357142857144,4.79,20.8,2010-02-01
17,2010,3,28.393548387096775,37.2,21.2,56.800000000000004,11,10.762421953405015,22.68064516129032,5.351935483870967,17.7,2010-03-01
17,2010,4,26.91,33.9,22.7,195.0,25,9.541497777777778,19.691666666666666,4.149333333333334,15.7,2010-04-01
17,2010,5,26.287096774193547,32.0,23.2,206.4,30,9.040334139784946,17.04516129032258,3.4461290322580647,23.6,2010-05-01
17,2010,6,25.653333333333332,30.5,23.3,213.1,29,9.328884722222222,17.045666666666666,3.3996666666666666,25.8,2010-06-01
17,2010,7,25.325806451612905,31.1,22.1,211.2,26,9.258111021505375,17.508064516129032,3.514516129032258,21.6,2010-07-01
17,2010,8,25.067741935483873,30.1,22.0,150.9,26,9.050181541218638,16.906451612903226,3.364516129032258,24.4,2010-08-01
17,2010,9,24.993333333333332,29.6,21.6,150.79999999999998,26,8.275030185185184,16.652666666666665,3.366333333333333,20.7,2010-09-01
17,2010,10,24.77741935483871,29.3,21.4,336.09999999999997,28,8.874083512544804,16.246129032258064,3.2241935483870967,22.0,2010-10-01
17,2010,11,24.456666666666667,29.6,20.9,351.3,27,7.914329999999999,14.609333333333332,2.9196666666666666,17.0,2010-11-01
17,2010,12,23.67096774193548,29.4,19.6,434.9,28,5.780351433691756,11.967096774193548,2.4216129032258067,19.3,2010-12-01
17,2011,1,23.596774193548388,29.1,18.2,351.7,20,6.520960394265234,13.161612903225807,2.700967741935484,21.1,2011-01-01
17,2011,2,24.646428571428572,30.8,20.0,256.40000000000003,11,7.882753571428571,16.39107142857143,3.424285714285714,17.1,2011-02-01
17,2011,3,26.374193548387098,34.0,19.5,55.9,18,10.804227598566309,21.674193548387095,4.67,20.3,2011-03-01
17,2011,4,25.976666666666667,34.9,22.1,219.5,26,9.178407037037038,19.436,4.071666666666667,18.7,2011-04-01
17,2011,5,26.103225806451615,31.8,22.9,86.8,28,10.437286379928317,19.14548387096774,3.9193548387096775,22.9,2011-05-01
17,2011,6,25.903333333333332,30.4,23.2,83.1,23,10.661872129629627,18.84733333333333,3.916,24.0,2011-06-01
17,2011,7,25.4,30.4,22.7,164.3,29,9.882062455197136,17.858709677419355,3.677096774193548,22.8,2011-07-01
17,2011,8,25.293548387096774,29.7,22.7,156.9,28,9.872301254480284,17.96483870967742,3.7161290322580647,22.7,2011-08-01
17,2011,9,25.533333333333335,30.5,22.6,183.4,19,9.861199444444445,18.416,3.8883333333333336,20.9,2011-09-01
17,2011,10,25.574193548387097,31.2,22.2,274.9,24,8.78818817204301,17.202903225806452,3.631290322580645,18.2,2011-10-01
17,2011,11,25.043333333333333,30.6,20.3,169.0,21,8.964675,16.392333333333333,3.344,22.3,2011-11-01
17,2011,12,24.532258064516128,30.5,17.5,176.4,14,8.369075268817205,15.264516129032257,3.1712903225806452,22.8,2011-12-01
17,2012,1,24.883870967741935,30.8,18.6,17.5,3,10.577838172043009,20.160645161290322,4.304838709677419,22.4,2012-01-01
17,2012,2,25.75862068965517,32.3,19.6,48.699999999999996,9,9.734657854406132,19.378275862068968,4.377931034482758,22.7,2012-02-01
17,2012,3,27.403225806451612,35.5,20.2,50.400000000000006,10,11.008561290322579,22.973548387096773,5.083548387096775,15.7,2012-03-01
17,2012,4,26.206666666666667,32.2,21.5,142.6,28,9.853347222222222,19.394333333333336,4.050333333333334,21.0,2012-04-01
17,2012,5,26.97741935483871,32.6,22.8,37.3,15,10.74721388888889,19.65838709677419,4.6409677419354844,26.5,2012-05-01
17,2012,6,25.826666666666664,31.1,22.9,112.8,28,9.631321203703703,17.549666666666667,3.768333333333333,23.2,2012-06-01
17,2012,7,25.761290322580646,31.6,22.5,112.4,24,10.317935035842297,18.87483870967742,3.993225806451613,24.9,2012-07-01
17,2012,8,25.664516129032258,30.7,22.9,142.3,27,9.92101218637993,18.427096774193547,3.9919354838709675,23.4,2012-08-01
17,2012,9,25.91,31.5,22.8,132.7,26,9.608838425925924,18.733666666666668,4.068666666666667,21.8,2012-09-01
17,2012,10,25.461290322580645,32.4,21.7,376.4,26,7.756450896057348,16.176451612903225,3.473225806451613,26.9,2012-10-01
17,2012,11,25.006666666666668,30.6,21.1,294.5,19,8.110756203703703,15.688666666666666,3.2209999999999996,19.7,2012-11-01
17,2012,12,24.748387096774195,30.2,20.0,132.5,13,8.216777329749105,14.580645161290322,3.041935483870968,18.4,2012-12-01
17,2013,1,24.306451612903224,29.6,19.0,159.7,10,8.719503046594983,16.82774193548387,3.5683870967741935,19.7,2013-01-01
17,2013,2,25.321428571428573,31.1,19.6,76.6,11,9.590538095238093,19.46857142857143,4.121428571428571,20.6,2013-02-01
17,2013,3,26.387096774193548,32.5,21.6,156.9,17,10.235293727598567,21.114838709677418,4.468387096774194,17.3,2013-03-01
17,2013,4,27.06,34.0,22.5,99.6,16,10.455973148148148,20.927666666666667,4.441999999999999,15.8,2013-04-01
17,2013,5,26.135483870967743,31.3,23.4,147.3,28,8.920431899641578,17.046129032258065,3.5329032258064514,24.5,2013-05-01
17,2013,6,24.623333333333335,28.9,22.5,309.0,30,8.535237222222221,15.161333333333335,2.8746666666666667,23.2,2013-06-01
17,2013,7,24.87741935483871,29.3,22.3,143.20000000000002,28,9.837139336917563,17.477096774193548,3.4429032258064516,23.0,2013-07-01
17,2013,8,25.203225806451613,32.4,22.3,153.0,27,10.554070698924729,19.364193548387096,3.9038709677419354,20.8,2013-08-01
17,2013,9,24.84333333333333,29.7,22.2,182.4,25,8.892876111111113,17.007333333333335,3.411,22.2,2013-09-01
17,2013,10,25.070967741935487,30.1,21.6,226.8,24,9.47983172043011,17.486451612903227,3.5825806451612903,21.0,2013-10-01
17,2013,11,25.046666666666667,30.6,19.7,198.70000000000002,16,9.679520555555557,17.59766666666667,3.5786666666666664,14.1,2013-11-01
17,2013,12,24.187096774193545,29.0,19.9,96.6,15,8.440204569892472,14.518387096774193,3.0638709677419356,22.1,2013-12-01
17,2014,1,24.358064516129033,29.9,19.9,76.2,9,9.541905555555553,16.70935483870968,3.5064516129032257,20.7,2014-01-01
17,2014,2,25.853571428571428,33.4,17.3,5.5,1,10.97444265873016,22.403928571428573,4.968214285714285,20.7,2014-02-01
17,2014,3,28.009677419354837,37.2,21.1,12.5,2,11.012621953405018,23.030645161290323,5.629032258064516,21.1,2014-03-01
17,2014,4,26.633333333333333,36.0,21.4,220.1,24,10.237036203703704,20.80666666666667,4.3870000000000005,15.0,2014-04-01
17,2014,5,26.19677419354839,30.8,23.0,178.2,26,9.155848924731181,17.687741935483874,3.673548387096774,21.4,2014-05-01
17,2014,6,25.98,30.3,23.3,99.2,25,10.448845462962963,18.404333333333334,3.7216666666666667,26.5,2014-06-01
17,2014,7,25.541935483870965,30.0,23.0,109.2,26,10.549451254480285,18.86935483870968,3.758709677419355,23.1,2014-07-01
17,2014,8,25.190322580645162,29.8,22.7,154.3,27,9.268849551971325,17.586129032258064,3.5806451612903225,22.4,2014-08-01
17,2014,9,25.209999999999997,30.7,22.2,170.3,29,9.561713240740739,18.369000000000003,3.6896666666666667,21.2,2014-09-01
17,2014,10,24.92258064516129,31.3,21.7,521.0,30,8.128170340501793,15.778387096774193,3.181935483870968,21.5,2014-10-01
17,2014,11,24.456666666666667,30.2,20.0,292.8,23,6.917385925925928,13.873666666666667,2.8233333333333333,17.6,2014-11-01
17,2014,12,24.241935483870968,30.1,20.4,491.9,28,6.358979928315412,12.090645161290322,2.4606451612903224,18.1,2014-12-01
17,2015,1,25.225806451612904,31.1,19.1,13.1,2,10.495431362007167,19.726129032258065,4.328064516129031,18.7,2015-01-01
17,2015,2,25.52857142857143,32.1,18.6,51.2,9,10.403940178571427,19.948571428571427,4.429285714285714,21.1,2015-02-01
17,2015,3,26.98709677419355,35.2,20.5,75.8,12,10.64544265232975,23.230967741935483,5.039677419354838,16.7,2015-03-01
17,2015,4,26.31,33.6,22.2,252.29999999999998,23,10.062637962962963,20.543333333333333,4.253,15.1,2015-04-01
17,2015,5,26.248387096774195,31.2,22.8,172.2,28,9.739982885304661,17.899677419354838,3.7180645161290324,24.2,2015-05-01
17,2015,6,25.990000000000002,30.6,23.1,154.2,23,9.5912175,17.259333333333334,3.5926666666666667,21.0,2015-06-01
17,2015,7,25.68064516129032,30.1,23.0,112.9,24,10.201254032258065,18.413548387096775,3.787741935483871,24.6,2015-07-01
17,2015,8,25.75483870967742,31.4,22.8,129.2,26,10.499439964157704,19.5058064516129,3.9961290322580645,23.8,2015-08-01
17,2015,9,25.513333333333332,30.3,22.4,173.7,28,8.812661018518519,16.702666666666666,3.433,22.4,2015-09-01
17,2015,10,25.27741935483871,31.2,22.0,785.0,31,7.390667114695341,15.673548387096774,3.2119354838709677,16.5,2015-10-01
17,2015,11,24.953333333333333,30.9,21.5,376.1,26,7.573196018518518,14.422666666666666,2.9363333333333332,17.1,2015-11-01
17,2015,12,25.31935483870968,30.7,20.9,167.6,17,8.720419623655914,15.172258064516129,3.1806451612903226,22.1,2015-12-01
17,2016,1,25.90967741935484,32.2,19.5,9.7,3,10.623101075268819,19.712903225806453,4.446451612903226,20.5,2016-01-01
17,2016,2,27.393103448275863,34.4,21.0,10.6,4,10.597933812260536,21.066896551724135,4.9993103448275855,20.9,2016-02-01
17,2016,3,29.299999999999997,37.2,23.2,21.8,5,11.101014336917565,23.190967741935484,5.4874193548387105,20.3,2016-03-01
17,2016,4,28.743333333333332,36.0,23.6,74.2,13,10.864178240740742,22.271333333333335,5.011333333333334,19.3,2016-04-01
17,2016,5,26.18064516129032,32.8,23.2,783.2,30,7.689254659498208,15.358064516129033,3.162258064516129,23.7,2016-05-01
17,2016,6,25.633333333333333,29.4,22.7,155.0,27,9.698211481481481,17.678333333333335,3.5189999999999997,24.6,2016-06-01
17,2016,7,25.59032258064516,30.9,22.6,102.3,24,10.35160913978495,18.67290322580645,3.8167741935483868,23.5,2016-07-01
17,2016,8,25.641935483870967,30.3,22.9,79.1,22,10.723136827956989,19.56483870967742,4.0358064516129035,23.8,2016-08-01
17,2016,9,25.583333333333332,29.8,22.6,64.6,22,10.338241851851853,19.509,4.176666666666667,23.0,2016-09-01
17,2016,10,26.003225806451614,31.6,22.0,87.30000000000001,14,10.566577240143367,19.128064516129033,4.2619354838709675,21.2,2016-10-01
17,2016,11,25.146666666666665,31.0,18.9,205.8,19,8.250191481481481,15.708333333333334,3.2536666666666667,16.8,2016-11-01
17,2016,12,25.164516129032258,30.8,17.4,37.4,8,10.464588978494621,18.360967741935482,3.9212903225806452,20.0,2016-12-01
17,2017,1,25.567741935483873,34.1,18.0,85.5,9,9.709147580645164,19.42290322580645,4.729032258064516,25.2,2017-01-01
17,2017,2,26.207142857142856,36.2,18.4,23.1,7,10.634359226190476,22.058214285714286,5.155,24.7,2017-02-01
17,2017,3,26.97741935483871,35.9,19.3,137.0,21,10.017528584229389,20.930967741935483,4.596451612903226,20.8,2017-03-01
17,2017,4,27.94333333333333,38.0,23.5,100.2,20,10.725791944444445,21.389333333333333,4.816333333333334,21.0,2017-04-01
17,2017,5,26.887096774193548,34.1,23.0,187.1,30,8.59150734767025,16.526774193548388,3.6212903225806454,22.4,2017-05-01
17,2017,6,25.95,30.6,22.7,163.6,28,9.430252500000002,15.859333333333332,3.303,24.9,2017-06-01
17,2017,7,26.496774193548386,31.9,23.1,109.1,27,9.801437275985664,16.97225806451613,3.777741935483871,23.3,2017-07-01
17,2017,8,25.738709677419354,31.1,22.6,189.4,29,8.20725636200717,15.558709677419355,3.320967741935484,24.3,2017-08-01
17,2017,9,25.513333333333332,33.1,22.4,148.1,25,8.463263611111111,16.31533333333333,3.3786666666666667,23.0,2017-09-01
17,2017,10,25.332258064516132,30.6,22.3,325.7,30,8.002183512544802,14.952903225806452,3.0548387096774197,22.6,2017-10-01
17,2017,11,24.996666666666666,31.3,20.3,293.1,23,7.17602824074074,14.160333333333334,2.9466666666666668,22.7,2017-11-01
17,2017,12,25.048387096774192,30.9,19.4,97.4,11,9.768872759856631,17.259677419354837,3.6841935483870967,23.0,2017-12-01
17,2018,1,24.903225806451612,32.1,18.7,31.9,6,10.245149193548388,19.965806451612906,4.498387096774193,25.0,2018-01-01
17,2018,2,26.38214285714286,34.8,18.6,23.5,9,10.736426587301588,21.59357142857143,5.146071428571429,23.1,2018-02-01
17,2018,3,27.32903225806452,37.0,21.3,108.3,20,10.166774551971328,20.50774193548387,4.623548387096775,19.8,2018-03-01
17,2018,4,27.03666666666667,35.8,22.8,187.20000000000002,24,9.80585185185185,20.162666666666667,4.349,19.9,2018-04-01
17,2018,5,26.016129032258064,32.5,22.5,267.7,31,7.887254838709677,15.725806451612904,3.271290322580645,26.9,2018-05-01
17,2018,6,25.41,29.6,23.0,222.0,30,8.842786203703705,16.014,3.092,27.1,2018-06-01
17,2018,7,25.664516129032258,30.0,22.3,151.5,27,9.45202741935484,17.306774193548385,3.555483870967742,24.5,2018-07-01
17,2018,8,25.506451612903227,30.2,22.5,167.3,27,9.074778494623656,16.84,3.4851612903225804,28.8,2018-08-01
17,2018,9,25.96333333333333,32.6,22.4,179.7,15,9.630471203703705,19.312,4.162,27.0,2018-09-01
17,2018,10,25.003225806451614,30.5,21.9,701.0,30,7.143502150537635,14.803870967741936,2.9977419354838712,18.7,2018-10-01
17,2018,11,25.09333333333333,31.1,20.8,349.1,23,8.527941574074074,15.683,3.219,19.2,2018-11-01
17,2018,12,24.967741935483872,31.5,18.2,66.8,11,9.377675806451611,17.37451612903226,3.6593548387096773,20.8,2018-12-01
17,2019,1,25.503225806451614,34.4,18.8,18.5,5,10.431486111111113,19.90741935483871,4.667419354838709,22.3,2019-01-01
17,2019,2,26.021428571428572,33.8,18.6,150.6,12,10.311040079365078,20.10571428571429,4.3792857142857144,24.7,2019-02-01
17,2019,3,27.990322580645163,38.3,19.7,21.1,8,11.041481541218634,23.92967741935484,5.517096774193549,24.7,2019-03-01
17,2019,4,28.006666666666668,37.7,23.5,211.2,18,9.269664166666667,19.983999999999998,4.491,19.2,2019-04-01
17,2019,5,27.519354838709678,32.7,23.7,45.2,16,10.632463620071684,19.43903225806452,4.361290322580645,23.2,2019-05-01
17,2019,6,26.87,33.1,23.6,123.5,23,9.474717777777778,17.118666666666666,3.773,24.2,2019-06-01
17,2019,7,26.638709677419353,32.3,22.9,114.1,22,10.297658333333331,18.622903225806454,4.107741935483871,27.9,2019-07-01
17,2019,8,25.490322580645163,31.7,22.0,313.3,30,7.915301254480285,15.188064516129032,3.086129032258065,24.1,2019-08-01
17,2019,9,25.456666666666667,31.6,21.6,227.9,30,9.013292962962963,17.19633333333333,3.444666666666667,22.5,2019-09-01
17,2019,10,24.967741935483872,31.8,21.5,589.2,30,6.291186379928318,14.69483870967742,2.9883870967741935,20.4,2019-10-01
17,2019,11,25.55,31.3,20.9,201.9,25,9.664305833333334,17.836333333333336,3.6563333333333334,18.1,2019-11-01
17,2019,12,25.309677419354838,31.1,20.2,86.10000000000001,20,9.392909677419354,16.76516129032258,3.52258064516129,21.1,2019-12-01
17,2020,1,25.858064516129033,33.6,17.9,13.5,6,10.809677329749105,20.976451612903226,4.690645161290322,24.4,2020-01-01
17,2020,2,26.986206896551725,35.1,18.9,8.6,4,11.088933812260535,23.500689655172412,5.664137931034483,27.4,2020-02-01
17,2020,3,28.690322580645162,36.7,21.5,31.5,11,11.064033243727598,23.804516129032258,5.637741935483871,20.2,2020-03-01
17,2020,4,27.723333333333336,37.1,21.0,229.5,24,10.242422685185185,21.426,4.689666666666667,20.6,2020-04-01
17,2020,5,26.94193548387097,33.7,23.5,205.8,28,8.327678942652332,16.771290322580644,3.5483870967741935,23.9,2020-05-01
17,2020,6,26.509999999999998,32.0,23.0,168.2,26,9.68991777777778,17.58566666666667,3.6986666666666665,22.8,2020-06-01
17,2020,7,25.983870967741936,32.8,22.5,172.29999999999998,26,8.614784677419355,16.058064516129033,3.371935483870968,22.2,2020-07-01
17,2020,8,26.112903225806452,31.8,22.8,167.5,18,9.690326164874554,18.34032258064516,3.8793548387096775,23.9,2020-08-01
17,2020,9,25.096666666666668,30.0,22.6,327.2,29,6.903503611111112,14.345666666666666,2.8310000000000004,25.1,2020-09-01
17,2020,10,25.641935483870967,30.4,22.2,126.1,27,10.270590591397852,17.884516129032257,3.614516129032258,27.4,2020-10-01
17,2020,11,25.526666666666664,31.1,21.3,204.1,22,8.541933796296298,16.488333333333333,3.4156666666666666,19.7,2020-11-01
17,2020,12,24.799999999999997,31.0,20.5,339.09999999999997,20,8.41361541218638,15.521612903225806,3.2096774193548385,25.3,2020-12-01
17,2021,1,24.761290322580646,31.1,18.7,169.79999999999998,18,8.305923924731182,16.26483870967742,3.369677419354839,19.1,2021-01-01
17,2021,2,25.853571428571428,34.9,19.2,12.700000000000001,6,10.991258035714285,22.10964285714286,4.899285714285715,24.5,2021-02-01
17,2021,3,26.903225806451612,35.3,18.4,87.1,11,9.84888494623656,21.01322580645161,4.7783870967741935,21.4,2021-03-01
17,2021,4,26.903333333333332,36.4,22.6,290.1,23,10.28311101851852,20.690333333333335,4.447666666666667,17.8,2021-04-01
17,2021,5,26.06451612903226,32.1,22.4,476.59999999999997,30,7.725684856630827,16.033548387096776,3.2845161290322578,29.5,2021-05-01
17,2021,6,25.746666666666666,30.5,22.9,168.3,26,9.843927777777777,17.295666666666666,3.445,22.7,2021-06-01
17,2021,7,25.919354838709676,30.7,23.0,201.9,27,9.819956989247311,17.705161290322582,3.6212903225806454,26.7,2021-07-01
17,2021,8,25.470967741935485,30.1,22.7,201.4,27,8.70795188172043,16.644516129032258,3.3616129032258066,22.5,2021-08-01
17,2021,9,25.616666666666667,30.5,22.6,215.5,27,9.37578648148148,17.601666666666667,3.509,25.6,2021-09-01
17,2021,10,25.258064516129032,30.7,21.6,382.5,30,8.26511765232975,16.7041935483871,3.368387096774194,27.6,2021-10-01
17,2021,11,24.413333333333334,31.1,21.5,409.5,27,5.671401944444444,13.283999999999999,2.647666666666667,19.4,2021-11-01
17,2021,12,25.29032258064516,31.4,18.2,54.0,13,10.313471594982081,19.50774193548387,4.153548387096774,19.9,2021-12-01
17,2022,1,25.67096774193548,33.7,17.0,23.6,10,10.258905555555557,20.24741935483871,4.475806451612903,22.7,2022-01-01
17,2022,2,25.907142857142855,34.7,18.2,61.2,10,10.169710714285713,21.755,4.943928571428572,21.4,2022-02-01
17,2022,3,26.95483870967742,35.2,20.2,52.8,16,10.395903494623658,21.453548387096774,4.845483870967742,24.1,2022-03-01
17,2022,4,26.096666666666668,33.9,21.7,228.0,29,9.144471666666666,19.651333333333334,4.065,19.2,2022-04-01
17,2022,5,25.980645161290322,32.8,22.6,219.2,26,8.58003440860215,17.300322580645158,3.5787096774193548,28.0,2022-05-01
17,2022,6,25.82,30.7,22.5,111.1,25,9.192148425925925,17.63266666666667,3.6566666666666667,22.4,2022-06-01
17,2022,7,25.95483870967742,33.4,22.2,153.1,21,8.721489247311828,17.7441935483871,3.820967741935484,25.8,2022-07-01
17,2022,8,25.467741935483872,32.6,21.7,221.7,25,8.615977867383512,17.81677419354839,3.7116129032258067,26.0,2022-08-01
17,2022,9,25.663333333333334,32.3,22.0,88.2,20,9.907926203703704,20.553,4.246666666666667,25.1,2022-09-01
17,2022,10,24.761290322580646,32.1,21.1,362.2,25,7.605951344086022,15.991612903225807,3.2119354838709677,20.5,2022-10-01
17,2022,11,24.73,32.2,18.8,290.2,14,7.934607870370369,16.593666666666667,3.4316666666666666,18.5,2022-11-01
17,2022,12,24.345161290322583,32.6,19.3,224.3,23,7.670209677419356,15.317741935483872,3.1561290322580646,21.7,2022-12-01
17,2023,1,24.241935483870968,30.3,17.6,68.1,9,9.69823476702509,19.40741935483871,4.098064516129032,21.8,2023-01-01
17,2023,2,25.12142857142857,32.1,17.6,87.9,10,9.825297519841271,21.06964285714286,4.523928571428572,20.2,2023-02-01
17,2023,3,26.741935483870968,34.8,21.8,116.0,18,10.314072043010755,22.36935483870968,4.913870967741936,22.3,2023-03-01
17,2023,4,27.313333333333333,36.6,21.6,160.4,19,9.75319037037037,21.511666666666667,4.694999999999999,21.1,2023-04-01
17,2023,5,26.761290322580646,33.3,23.0,170.4,26,8.988276523297493,18.62,3.9322580645161294,22.8,2023-05-01
17,2023,6,26.653333333333332,32.2,22.8,102.8,24,10.101298055555556,18.727,4.051333333333334,23.4,2023-06-01
17,2023,7,26.296774193548387,31.9,22.1,160.9,23,9.256262186379928,18.08709677419355,3.9680645161290324,24.4,2023-07-01
17,2023,8,27.5258064516129,34.3,23.3,37.3,11,10.834362634408604,21.950967741935486,5.233548387096774,24.0,2023-08-01
17,2023,9,25.333333333333332,31.4,22.2,190.9,27,8.292474537037037,17.132,3.477,27.0,2023-09-01
17,2023,10,25.193548387096776,32.3,21.8,379.4,29,7.776230197132617,16.95935483870968,3.398709677419355,19.8,2023-10-01
17,2023,11,25.063333333333333,31.8,21.0,564.6,28,7.434738240740741,15.825,3.207666666666667,16.9,2023-11-01
17,2023,12,25.438709677419357,31.5,21.7,275.5,24,8.134641845878136,15.944516129032257,3.3283870967741933,27.6,2023-12-01
17,2024,1,25.34193548387097,32.1,17.5,140.9,14,9.371483781362006,18.5641935483871,3.985161290322581,23.5,2024-01-01
17,2024,2,27.348275862068967,37.3,18.5,15.6,8,11.0382780651341,23.08551724137931,5.531379310344827,26.4,2024-02-01
17,2024,3,28.683870967741935,38.3,20.3,56.3,8,10.893837365591398,24.443548387096776,5.779677419354838,21.4,2024-03-01
17,2024,4,28.529999999999998,37.2,23.0,127.9,20,10.466347777777775,22.704333333333334,5.087666666666666,20.7,2024-04-01
17,2024,5,26.967741935483872,35.5,23.4,434.4,28,7.681512365591398,16.85516129032258,3.57741935483871,32.6,2024-05-01
17,2024,6,26.575,30.7,23.7,26.7,7,9.561128819444445,17.735,3.68375,22.7,2024-06-01
18,2010,1,25.76451612903226,30.4,21.5,23.8,7,10.49363664874552,19.20741935483871,4.182258064516129,21.6,2010-01-01
18,2010,2,27.110714285714288,34.0,22.7,5.8,2,10.347827380952381,21.58857142857143,5.037857142857143,23.4,2010-02-01
18,2010,3,28.751612903225805,34.9,22.8,38.8,10,10.974620609318997,23.057096774193546,5.324193548387097,20.2,2010-03-01
18,2010,4,28.336666666666666,32.7,25.7,174.7,25,10.076968240740738,20.232000000000003,4.272333333333333,18.7,2010-04-01
18,2010,5,28.08709677419355,31.5,25.4,239.2,29,9.623025627240144,17.43290322580645,3.6922580645161287,25.4,2010-05-01
18,2010,6,27.5,30.8,25.4,143.5,25,9.522319537037035,17.321,3.743333333333333,29.3,2010-06-01
18,2010,7,27.016129032258064,30.4,24.5,129.2,21,9.872842921146956,18.351612903225806,3.8174193548387096,24.5,2010-07-01
18,2010,8,26.741935483870968,30.6,25.0,81.1,17,9.33545698924731,18.037419354838708,3.790645161290323,26.9,2010-08-01
18,2010,9,26.683333333333334,29.9,24.3,125.6,26,8.864211203703702,17.773333333333333,3.6713333333333336,24.8,2010-09-01
18,2010,10,26.625806451612902,29.4,23.6,274.5,27,9.111265053763441,16.88258064516129,3.508709677419355,25.1,2010-10-01
18,2010,11,25.92,30.1,23.5,307.9,30,8.096337962962961,14.744333333333334,2.9833333333333334,19.4,2010-11-01
18,2010,12,25.12258064516129,29.5,22.2,404.7,27,6.15329211469534,12.291612903225808,2.6151612903225803,19.3,2010-12-01
18,2011,1,24.80322580645161,29.3,20.8,238.1,18,6.922014516129031,13.886451612903226,2.9899999999999998,22.9,2011-01-01
18,2011,2,25.474999999999998,30.9,21.9,236.70000000000002,11,8.27338005952381,17.22714285714286,3.654642857142857,20.7,2011-02-01
18,2011,3,27.11935483870968,32.7,21.9,50.4,18,10.987671953405012,22.223225806451612,4.682903225806451,20.4,2011-03-01
18,2011,4,27.263333333333332,32.6,24.5,194.4,27,9.58223787037037,19.591666666666665,4.042666666666666,19.7,2011-04-01
18,2011,5,27.82903225806452,30.7,25.4,67.3,22,10.706595161290322,19.657096774193548,4.2058064516129035,24.6,2011-05-01
18,2011,6,27.52,30.8,25.3,70.5,18,10.991907962962964,19.555,4.128,26.2,2011-06-01
18,2011,7,27.15806451612903,30.6,25.2,110.4,25,10.527025089605736,18.759677419354837,4.033870967741936,27.1,2011-07-01
18,2011,8,26.97741935483871,29.8,24.2,126.7,26,10.088167114695342,18.553870967741933,3.9938709677419357,24.2,2011-08-01
18,2011,9,27.283333333333335,30.5,24.5,134.1,21,10.318641851851853,19.282666666666668,4.182333333333333,23.4,2011-09-01
18,2011,10,26.9,30.8,23.9,234.9,24,9.167056989247314,17.609354838709677,3.7225806451612904,19.3,2011-10-01
18,2011,11,26.05666666666667,29.9,22.7,192.6,21,9.04797388888889,16.474666666666668,3.408333333333333,24.6,2011-11-01
18,2011,12,25.770967741935483,30.2,20.4,112.4,14,8.789250089605734,15.784516129032259,3.4254838709677418,25.3,2011-12-01
18,2012,1,25.70967741935484,30.8,21.1,15.299999999999999,3,10.73126424731183,20.94645161290323,4.574838709677419,23.7,2012-01-01
18,2012,2,26.79655172413793,32.8,22.3,50.6,8,10.003851053639846,19.930344827586207,4.682413793103448,24.3,2012-02-01
18,2012,3,27.870967741935484,33.2,23.6,61.8,11,11.131954301075265,22.976774193548387,4.934516129032258,17.8,2012-03-01
18,2012,4,27.64,31.6,24.3,111.3,27,9.947180555555555,19.513666666666666,4.0776666666666666,22.0,2012-04-01
18,2012,5,28.425806451612903,31.6,25.7,24.4,12,10.968762634408598,20.223548387096773,4.7545161290322575,27.9,2012-05-01
18,2012,6,27.573333333333334,31.2,24.9,96.5,27,10.171157592592595,18.226333333333333,4.131,26.5,2012-06-01
18,2012,7,27.770967741935483,32.2,24.7,82.9,21,10.807650806451612,19.86741935483871,4.5361290322580645,27.9,2012-07-01
18,2012,8,27.39032258064516,30.8,25.0,115.2,22,10.455825268817206,19.396129032258063,4.401935483870968,26.3,2012-08-01
18,2012,9,27.39333333333333,30.6,24.7,108.1,25,10.12905490740741,19.48,4.248,23.5,2012-09-01
18,2012,10,26.65806451612903,31.5,24.0,336.8,23,8.174565501792115,16.56483870967742,3.529032258064516,28.8,2012-10-01
18,2012,11,26.220000000000002,30.2,23.2,146.1,20,8.776038333333334,16.46333333333333,3.4466666666666668,20.1,2012-11-01
18,2012,12,25.780645161290323,30.4,22.1,143.3,16,8.754266308243729,15.231612903225807,3.3329032258064513,22.3,2012-12-01
18,2013,1,25.46451612903226,30.1,21.4,83.9,8,8.870287007168457,17.26806451612903,3.838709677419355,21.2,2013-01-01
18,2013,2,26.146428571428572,30.7,22.1,77.7,10,9.957347023809524,19.876785714285713,4.255357142857143,24.7,2013-02-01
18,2013,3,27.345161290322583,32.4,23.4,126.0,17,10.64178458781362,21.851612903225806,4.606451612903226,18.9,2013-03-01
18,2013,4,28.396666666666665,32.1,25.4,80.3,18,10.791417962962965,21.169333333333334,4.491,17.1,2013-04-01
18,2013,5,27.925806451612903,30.9,25.3,114.5,28,9.195504390681004,17.508064516129032,3.8583870967741936,25.7,2013-05-01
18,2013,6,26.82,29.2,24.9,169.0,30,9.590381388888888,16.496666666666666,3.552,26.3,2013-06-01
18,2013,7,26.77741935483871,30.1,24.7,91.7,20,10.337921774193546,18.544838709677418,3.9348387096774196,25.8,2013-07-01
18,2013,8,26.970967741935485,31.8,24.7,70.4,18,10.686696146953404,20.154838709677417,4.297096774193549,26.1,2013-08-01
18,2013,9,26.77,29.7,24.3,140.6,24,9.604416944444447,17.959333333333333,3.8316666666666666,25.8,2013-09-01
18,2013,10,26.93548387096774,31.1,23.5,221.5,26,9.633253942652328,18.26290322580645,3.89,22.8,2013-10-01
18,2013,11,26.263333333333332,31.0,22.2,150.5,15,9.963936388888888,17.78666666666667,3.6689999999999996,16.1,2013-11-01
18,2013,12,25.64516129032258,30.0,22.4,58.9,10,8.98268817204301,15.359032258064516,3.4961290322580645,24.8,2013-12-01
18,2014,1,25.270967741935483,30.2,22.1,89.89999999999999,9,9.727431989247311,17.051290322580645,3.7625806451612904,21.4,2014-01-01
18,2014,2,26.607142857142858,33.5,20.6,7.8,3,11.075706746031745,22.735714285714288,5.1625000000000005,21.3,2014-02-01
18,2014,3,28.570967741935487,35.2,23.6,23.5,5,11.114297670250897,23.69645161290323,5.865483870967743,22.6,2014-03-01
18,2014,4,27.970000000000002,32.9,24.9,177.9,24,10.41273564814815,21.02466666666667,4.375333333333333,15.3,2014-04-01
18,2014,5,27.780645161290323,31.1,24.9,200.6,25,9.619306272401435,18.11967741935484,3.8641935483870964,23.4,2014-05-01
18,2014,6,27.976666666666667,30.9,25.7,58.6,17,10.720701944444444,19.36733333333333,4.2683333333333335,28.9,2014-06-01
18,2014,7,27.761290322580646,30.9,25.5,46.6,18,10.893875985663083,20.141935483870967,4.578064516129031,29.2,2014-07-01
18,2014,8,27.10967741935484,30.2,24.5,138.3,23,9.820358781362007,18.59161290322581,4.103870967741935,25.5,2014-08-01
18,2014,9,27.013333333333332,30.4,24.5,145.7,28,10.039595092592592,19.288333333333334,4.104,24.2,2014-09-01
18,2014,10,26.490322580645163,30.4,23.9,446.90000000000003,30,8.477396684587813,16.15741935483871,3.339677419354839,24.1,2014-10-01
18,2014,11,25.913333333333334,30.2,23.1,310.8,22,7.26295,14.291666666666666,2.9763333333333337,20.5,2014-11-01
18,2014,12,25.351612903225806,30.3,22.9,337.9,26,6.732651881720431,12.596451612903227,2.6564516129032256,22.3,2014-12-01
18,2015,1,25.887096774193548,31.1,21.8,10.1,2,10.67941146953405,20.18,4.441935483870967,20.2,2015-01-01
18,2015,2,26.182142857142857,31.8,21.6,50.3,10,10.64711646825397,20.454285714285714,4.555000000000001,22.7,2015-02-01
18,2015,3,27.625806451612902,33.5,23.1,79.9,11,10.887294623655915,23.580322580645163,5.14741935483871,19.2,2015-03-01
18,2015,4,27.666666666666668,32.1,24.7,157.79999999999998,26,10.385748796296298,20.932333333333336,4.335666666666667,17.1,2015-04-01
18,2015,5,27.687096774193545,31.1,25.1,196.5,26,9.832587096774192,17.879032258064516,3.7493548387096776,26.1,2015-05-01
18,2015,6,27.63,30.3,25.3,148.4,25,10.028042962962964,17.859666666666666,3.792666666666667,24.6,2015-06-01
18,2015,7,27.503225806451614,30.5,25.9,71.1,19,10.67089668458781,19.116451612903226,4.159354838709677,27.2,2015-07-01
18,2015,8,27.551612903225806,31.7,24.8,79.39999999999999,21,10.859621953405016,20.510322580645163,4.443225806451613,26.7,2015-08-01
18,2015,9,27.02,30.5,24.4,160.8,27,9.076451296296298,17.341333333333335,3.6416666666666666,25.1,2015-09-01
18,2015,10,26.661290322580644,30.4,24.1,431.9,28,7.814311738351253,15.907741935483871,3.2887096774193547,20.3,2015-10-01
18,2015,11,26.223333333333336,30.3,23.8,317.2,27,7.977036203703705,14.647,3.0113333333333334,18.4,2015-11-01
18,2015,12,26.299999999999997,31.2,23.4,207.3,19,8.90936353046595,15.467419354838709,3.3306451612903225,23.1,2015-12-01
18,2016,1,26.509677419354837,32.2,21.9,9.1,4,10.620470788530469,20.023548387096774,4.586129032258064,23.0,2016-01-01
18,2016,2,27.772413793103446,33.7,22.9,24.7,5,10.823434578544061,21.659655172413792,5.180689655172414,24.4,2016-02-01
18,2016,3,29.261290322580646,35.1,24.9,26.099999999999998,5,11.23115,23.45483870967742,5.410645161290322,20.0,2016-03-01
18,2016,4,29.33,33.2,25.8,72.9,16,11.055368425925924,22.413666666666664,4.915,19.6,2016-04-01
18,2016,5,28.08709677419355,32.0,25.2,594.6,31,8.205961738351254,16.014193548387098,3.5187096774193547,27.3,2016-05-01
18,2016,6,27.6,30.1,25.6,129.4,23,9.881121296296294,18.339,3.9536666666666664,26.4,2016-06-01
18,2016,7,27.325806451612905,30.7,25.3,60.9,16,10.759037544802865,19.749032258064517,4.200645161290322,26.8,2016-07-01
18,2016,8,27.438709677419357,30.8,25.3,41.7,12,10.893801433691753,20.53258064516129,4.519354838709678,26.9,2016-08-01
18,2016,9,27.183333333333334,30.7,25.2,46.5,15,10.340402592592591,20.180333333333333,4.456,25.8,2016-09-01
18,2016,10,27.48709677419355,31.2,24.5,76.1,15,10.766221953405019,19.663225806451614,4.385483870967741,23.2,2016-10-01
18,2016,11,26.256666666666668,30.5,22.3,189.5,20,8.695910185185184,16.057333333333336,3.376,19.4,2016-11-01
18,2016,12,26.070967741935483,30.3,20.6,37.5,8,10.446345071684586,18.488064516129032,3.9761290322580645,22.4,2016-12-01
18,2017,1,25.29032258064516,32.1,18.8,79.2,11,9.537373207885302,18.394193548387097,4.136774193548387,25.6,2017-01-01
18,2017,2,25.810714285714287,33.2,19.1,15.6,6,10.516954761904763,21.43535714285714,4.821785714285714,24.0,2017-02-01
18,2017,3,27.07741935483871,33.5,22.3,128.8,21,10.631507974910395,20.968064516129033,4.346451612903226,29.3,2017-03-01
18,2017,4,28.586666666666666,32.7,24.8,75.0,19,11.078027777777779,22.48933333333333,4.853666666666667,24.0,2017-04-01
18,2017,5,28.358064516129033,31.6,25.2,178.6,29,10.441727419354839,18.95387096774194,4.218387096774194,32.4,2017-05-01
18,2017,6,27.663333333333334,30.0,25.3,175.3,25,10.70754861111111,18.928,4.054,32.9,2017-06-01
18,2017,7,27.86774193548387,31.5,24.4,60.9,14,10.88555636200717,20.53806451612903,4.433870967741935,31.8,2017-07-01
18,2017,8,27.34193548387097,30.5,25.3,113.4,20,9.936499551971325,18.989354838709676,4.033225806451613,31.9,2017-08-01
18,2017,9,26.983333333333334,31.1,24.3,137.7,24,9.575646481481481,18.51833333333333,3.8406666666666665,32.6,2017-09-01
18,2017,10,26.751612903225805,29.7,23.5,302.2,30,8.758453673835126,16.234516129032258,3.3448387096774193,26.5,2017-10-01
18,2017,11,26.006666666666668,31.1,23.3,265.1,24,7.4801734259259245,14.494,3.0116666666666663,27.1,2017-11-01
18,2017,12,25.574193548387097,31.1,20.7,85.6,13,9.709777329749105,16.549032258064514,3.5067741935483867,23.4,2017-12-01
18,2018,1,25.141935483870967,31.0,19.3,17.7,6,9.779062275985664,18.63967741935484,4.142258064516129,23.2,2018-01-01
18,2018,2,26.439285714285713,32.7,20.2,20.4,8,10.721965873015872,20.64392857142857,4.842142857142858,23.5,2018-02-01
18,2018,3,27.651612903225807,34.8,22.5,72.3,15,10.375990143369178,20.86193548387097,4.64483870967742,27.9,2018-03-01
18,2018,4,27.773333333333333,33.7,24.0,163.2,27,10.404453240740741,20.771,4.358666666666666,17.8,2018-04-01
18,2018,5,27.17096774193548,31.3,24.2,297.0,30,8.222217204301074,16.085806451612903,3.4016129032258067,32.5,2018-05-01
18,2018,6,27.31,29.5,25.1,141.9,26,10.499007500000001,19.241666666666667,4.0089999999999995,35.9,2018-06-01
18,2018,7,27.01290322580645,29.9,25.2,21.9,6,10.809456003584229,20.918387096774193,4.307096774193549,34.7,2018-07-01
18,2018,8,26.66774193548387,30.9,24.6,40.0,9,10.083806451612903,20.46,4.21516129032258,36.2,2018-08-01
18,2018,9,27.176666666666666,31.0,23.8,108.6,11,10.197297407407406,21.033666666666665,4.546333333333333,31.0,2018-09-01
18,2018,10,26.13225806451613,30.4,23.3,390.1,26,7.495493817204301,15.151290322580644,3.0570967741935484,23.2,2018-10-01
18,2018,11,25.833333333333332,31.7,21.8,427.8,24,7.847930000000001,14.923333333333334,3.0846666666666662,20.6,2018-11-01
18,2018,12,25.69677419354839,31.4,20.5,87.2,12,9.651622759856632,16.84032258064516,3.5329032258064514,22.4,2018-12-01
18,2019,1,25.41290322580645,31.8,20.1,7.2,3,10.578201702508961,19.442580645161293,4.336129032258064,24.7,2019-01-01
18,2019,2,26.860714285714288,33.0,21.3,79.3,12,10.62582738095238,20.146785714285716,4.475714285714286,24.0,2019-02-01
18,2019,3,28.080645161290324,36.0,22.6,18.2,5,11.176988620071684,23.566129032258065,5.301290322580646,24.7,2019-03-01
18,2019,4,28.373333333333335,33.5,24.4,124.6,18,9.392012314814814,19.658666666666665,4.301666666666667,23.3,2019-04-01
18,2019,5,28.82903225806452,31.9,25.5,40.4,14,11.06068646953405,20.888387096774192,4.812258064516129,30.4,2019-05-01
18,2019,6,28.55666666666667,31.3,25.5,84.4,23,10.651152870370371,19.46033333333333,4.577333333333333,31.5,2019-06-01
18,2019,7,28.15806451612903,32.1,25.1,48.3,14,10.536272491039428,19.976774193548387,4.688709677419355,34.9,2019-07-01
18,2019,8,27.403225806451612,31.1,24.7,194.9,27,9.625028673835125,18.50483870967742,4.071290322580645,32.1,2019-08-01
18,2019,9,26.85666666666667,31.4,22.8,186.2,27,9.44931925925926,18.456,3.8436666666666666,27.5,2019-09-01
18,2019,10,26.10967741935484,32.5,23.0,643.2,30,7.411398028673832,15.166451612903227,3.0693548387096774,20.5,2019-10-01
18,2019,11,26.533333333333335,31.2,23.1,173.2,24,9.650368055555557,17.223666666666666,3.5163333333333333,20.2,2019-11-01
18,2019,12,25.990322580645163,30.6,22.1,139.7,21,9.501572580645162,15.677096774193549,3.3129032258064517,23.2,2019-12-01
18,2020,1,26.31935483870968,32.6,19.5,13.2,5,10.700131541218639,19.78322580645161,4.410645161290322,23.7,2020-01-01
18,2020,2,27.46206896551724,34.7,21.4,5.0,2,10.994878352490419,21.968275862068968,5.530689655172413,25.7,2020-02-01
18,2020,3,28.212903225806453,35.7,22.9,30.9,8,11.235855465949822,23.47258064516129,5.376451612903225,24.9,2020-03-01
18,2020,4,28.256666666666668,36.6,23.2,128.7,24,11.152862870370372,21.973000000000003,4.700333333333333,21.3,2020-04-01
18,2020,5,28.496774193548386,32.6,24.8,128.5,26,9.437721326164874,17.92967741935484,3.954838709677419,33.3,2020-05-01
18,2020,6,28.10666666666667,31.0,25.4,121.6,23,10.12842101851852,19.163333333333334,4.193333333333333,29.8,2020-06-01
18,2020,7,27.574193548387097,32.5,25.0,87.5,21,9.456326881720429,18.023870967741935,3.918709677419355,29.2,2020-07-01
18,2020,8,27.374193548387098,30.6,25.3,81.2,15,10.229500089605738,20.516129032258064,4.296129032258064,31.0,2020-08-01
18,2020,9,26.85666666666667,29.4,24.0,201.9,28,8.639692314814814,17.146,3.5906666666666665,31.7,2020-09-01
18,2020,10,27.270967741935483,30.0,24.3,63.1,20,10.699790412186381,20.60741935483871,4.3019354838709685,33.5,2020-10-01
18,2020,11,26.43,32.1,23.1,235.1,22,8.269325925925926,15.849666666666668,3.291,23.1,2020-11-01
18,2020,12,25.506451612903227,30.9,21.4,362.8,21,7.935223207885304,14.185806451612903,3.0170967741935484,33.3,2020-12-01
18,2021,1,25.490322580645163,30.7,20.4,133.70000000000002,21,8.468019982078854,15.75290322580645,3.2993548387096774,29.4,2021-01-01
18,2021,2,25.82857142857143,33.0,19.8,13.3,6,11.023370833333335,21.829642857142858,4.682857142857143,23.2,2021-02-01
18,2021,3,27.258064516129032,33.8,21.7,81.7,15,10.408675358422938,21.35677419354839,4.727096774193548,21.6,2021-03-01
18,2021,4,27.946666666666665,33.6,24.0,94.1,21,11.186959537037039,21.704666666666665,4.621666666666667,24.7,2021-04-01
18,2021,5,27.53548387096774,32.0,24.2,272.8,26,8.734370519713263,17.476451612903226,3.7451612903225806,37.2,2021-05-01
18,2021,6,27.586666666666666,30.0,24.6,100.2,18,10.511155185185183,20.033333333333335,4.243666666666667,31.1,2021-06-01
18,2021,7,27.425806451612903,31.2,24.8,73.7,13,10.598356451612904,20.015806451612903,4.248387096774193,34.8,2021-07-01
18,2021,8,27.30322580645161,30.4,24.7,51.5,18,9.838353315412187,19.801290322580645,4.283870967741936,32.7,2021-08-01
18,2021,9,27.426666666666666,30.5,25.0,96.10000000000001,21,9.84769962962963,19.420666666666666,4.2219999999999995,36.2,2021-09-01
18,2021,10,26.532258064516128,30.0,23.0,332.4,27,8.64267670250896,17.114193548387096,3.5309677419354837,33.6,2021-10-01
18,2021,11,25.706666666666667,29.8,22.6,592.8000000000001,27,7.041397870370371,14.184666666666667,2.9036666666666666,28.2,2021-11-01
18,2021,12,25.870967741935484,31.4,20.2,77.2,13,10.261000268817204,18.45193548387097,3.915161290322581,20.4,2021-12-01
18,2022,1,25.86774193548387,32.0,18.4,51.9,14,10.253253673835125,19.366129032258065,4.137096774193548,23.8,2022-01-01
18,2022,2,26.017857142857142,33.1,20.4,47.099999999999994,8,10.21602867063492,21.521785714285716,4.708928571428571,24.8,2022-02-01
18,2022,3,27.206451612903226,33.0,22.3,39.3,14,10.72224578853047,22.15032258064516,4.71741935483871,24.5,2022-03-01
18,2022,4,27.113333333333333,31.7,23.0,199.29999999999998,27,10.274829814814815,20.442333333333334,4.159666666666667,20.2,2022-04-01
18,2022,5,27.835483870967742,31.8,24.5,189.2,26,10.286348835125448,19.98,4.341612903225807,35.7,2022-05-01
18,2022,6,27.39,30.0,24.6,79.1,18,10.151885833333333,20.19333333333333,4.2540000000000004,29.5,2022-06-01
18,2022,7,27.23225806451613,31.5,24.4,56.699999999999996,10,9.769981093189962,20.07193548387097,4.272903225806452,32.7,2022-07-01
18,2022,8,26.864516129032257,31.6,24.2,116.1,20,10.20358870967742,20.45225806451613,4.3187096774193545,37.5,2022-08-01
18,2022,9,26.873333333333335,31.5,23.9,65.39999999999999,15,10.192105370370369,21.832666666666668,4.505333333333334,31.8,2022-09-01
18,2022,10,26.270967741935483,30.3,22.0,203.8,28,9.058264695340503,17.901290322580646,3.6570967741935485,31.4,2022-10-01
18,2022,11,25.613333333333333,31.9,20.3,201.7,15,8.603836018518518,17.165333333333333,3.5083333333333333,25.4,2022-11-01
18,2022,12,25.538709677419355,31.6,21.2,187.5,17,8.168732526881723,15.93483870967742,3.3932258064516128,25.1,2022-12-01
18,2023,1,24.79032258064516,30.2,19.4,85.6,12,9.340511200716847,18.161935483870966,3.8522580645161293,23.8,2023-01-01
18,2023,2,25.610714285714288,32.1,19.8,81.2,8,10.115919246031746,21.097857142857144,4.444999999999999,27.5,2023-02-01
18,2023,3,27.125806451612902,32.9,22.3,78.1,19,10.969012813620072,22.385483870967743,4.77483870967742,21.1,2023-03-01
18,2023,4,27.73,35.0,23.5,155.4,26,10.595941296296296,22.081666666666667,4.628666666666667,20.8,2023-04-01
18,2023,5,28.203225806451613,32.0,23.9,150.5,18,9.495786917562725,19.635483870967743,4.234516129032259,27.7,2023-05-01
18,2023,6,28.336666666666666,31.0,24.7,84.1,23,10.869297222222222,21.009333333333334,4.644,30.3,2023-06-01
18,2023,7,28.0258064516129,32.4,25.1,46.0,12,9.93154112903226,20.22967741935484,4.7706451612903225,31.4,2023-07-01
18,2023,8,28.5258064516129,33.9,24.7,28.099999999999998,5,11.210476254480287,23.539354838709677,5.591290322580646,29.3,2023-08-01
18,2023,9,27.253333333333334,30.9,24.1,211.79999999999998,28,9.804920925925925,19.962333333333333,4.371333333333333,28.9,2023-09-01
18,2023,10,26.299999999999997,31.6,22.4,308.0,31,9.000475985663082,18.519032258064517,3.7419354838709675,25.8,2023-10-01
18,2023,11,25.836666666666666,32.2,22.7,485.1,30,7.934115,15.787333333333333,3.209,18.9,2023-11-01
18,2023,12,26.103225806451615,31.0,23.0,258.0,27,8.543294623655914,15.327096774193548,3.2396774193548388,23.7,2023-12-01
18,2024,1,25.95483870967742,32.0,20.5,155.8,17,9.202741935483871,17.73483870967742,3.8174193548387096,21.6,2024-01-01
18,2024,2,27.56896551724138,35.2,20.8,26.8,8,11.043674042145595,21.96344827586207,5.172758620689655,24.4,2024-02-01
18,2024,3,28.23548387096774,36.5,22.4,53.7,7,11.214900806451613,23.944193548387098,5.391612903225806,19.7,2024-03-01
18,2024,4,28.673333333333336,36.2,24.0,119.5,24,10.71856388888889,22.361666666666668,4.877,20.7,2024-04-01
18,2024,5,28.387096774193548,34.3,24.1,414.8,26,8.708811648745518,18.450322580645164,4.1009677419354835,35.3,2024-05-01
18,2024,6,27.6875,30.4,24.7,41.8,8,8.772155208333334,18.52375,3.915,25.5,2024-06-01
19,2010,1,24.706451612903226,30.5,18.7,58.5,13,10.030624641577061,16.57161290322581,3.540967741935484,20.1,2010-01-01
19,2010,2,26.175,34.5,20.2,6.0,4,10.159079464285714,19.948928571428574,4.577857142857143,20.1,2010-02-01
19,2010,3,28.345161290322583,36.2,20.1,61.300000000000004,9,11.002128315412184,22.450967741935486,5.362580645161291,19.7,2010-03-01
19,2010,4,28.456666666666667,35.5,24.2,130.5,19,10.379789629629627,20.966,4.635666666666666,17.2,2010-04-01
19,2010,5,27.661290322580644,32.5,24.2,115.5,16,9.971885035842295,18.40032258064516,4.067741935483871,33.0,2010-05-01
19,2010,6,27.56,33.7,24.5,40.5,15,10.01192685185185,18.285333333333334,4.454666666666667,33.4,2010-06-01
19,2010,7,27.35483870967742,35.1,23.5,49.0,13,9.904434408602151,18.770967741935483,4.539677419354838,29.5,2010-07-01
19,2010,8,27.129032258064516,34.7,23.7,82.3,14,9.418879569892473,17.969354838709677,4.453225806451614,30.5,2010-08-01
19,2010,9,26.733333333333334,33.3,22.6,128.9,19,9.336911203703703,18.568666666666665,4.290333333333334,26.3,2010-09-01
19,2010,10,26.299999999999997,31.6,22.6,154.8,15,9.668204211469535,17.844516129032257,3.9480645161290324,30.1,2010-10-01
19,2010,11,25.126666666666665,31.0,21.8,318.9,27,7.722126018518519,13.764666666666667,2.8353333333333333,21.0,2010-11-01
19,2010,12,23.996774193548386,29.4,21.0,586.8,27,5.535235842293906,10.557096774193548,2.182903225806452,26.5,2010-12-01
19,2011,1,23.638709677419353,28.9,19.5,353.90000000000003,23,5.6920366487455185,11.249677419354839,2.367096774193548,19.4,2011-01-01
19,2011,2,24.59642857142857,31.1,19.6,387.8,11,7.688626785714286,15.0375,3.202142857142857,20.7,2011-02-01
19,2011,3,26.651612903225807,34.5,19.0,39.699999999999996,14,10.928703942652332,21.120322580645162,4.574516129032258,20.8,2011-03-01
19,2011,4,26.926666666666666,34.6,22.8,197.1,22,9.69711888888889,19.65533333333333,4.214333333333333,22.0,2011-04-01
19,2011,5,27.641935483870967,34.1,24.0,25.2,11,11.238890412186379,21.27,4.829677419354839,28.9,2011-05-01
19,2011,6,27.853333333333335,34.3,24.7,17.0,7,11.00847240740741,20.540666666666667,5.092666666666667,30.5,2011-06-01
19,2011,7,27.44516129032258,34.3,24.3,39.4,12,10.485092383512544,19.07903225806452,4.815806451612903,29.3,2011-07-01
19,2011,8,27.141935483870967,33.2,23.9,53.1,11,10.367284139784944,19.112903225806452,4.699999999999999,29.8,2011-08-01
19,2011,9,27.459999999999997,34.3,24.2,40.3,12,10.797497870370371,20.35666666666667,5.002666666666666,29.5,2011-09-01
19,2011,10,26.674193548387095,33.9,23.0,208.3,25,8.878787813620074,17.178709677419352,3.8822580645161286,20.1,2011-10-01
19,2011,11,25.243333333333332,30.5,20.0,152.4,22,8.579651296296298,14.831,3.091333333333333,22.2,2011-11-01
19,2011,12,24.738709677419354,30.6,18.4,126.39999999999999,18,8.359815681003585,14.230645161290322,3.0596774193548386,22.9,2011-12-01
19,2012,1,24.493548387096773,30.4,18.0,23.8,6,10.430671057347672,18.236129032258066,3.9170967741935487,20.2,2012-01-01
19,2012,2,25.603448275862068,32.9,20.1,37.9,11,9.850513314176245,17.74103448275862,4.045517241379311,23.2,2012-02-01
19,2012,3,27.95483870967742,35.7,21.2,44.0,7,11.022913978494623,22.510322580645163,5.118387096774193,18.3,2012-03-01
19,2012,4,27.34333333333333,33.3,23.4,107.7,21,10.084173333333334,19.484666666666666,4.257,22.3,2012-04-01
19,2012,5,28.561290322580643,34.9,24.2,10.8,4,11.280379838709676,22.451290322580647,5.77483870967742,34.6,2012-05-01
19,2012,6,27.990000000000002,34.5,24.4,18.3,6,10.806625185185185,19.994333333333334,5.302333333333333,31.6,2012-06-01
19,2012,7,27.996774193548386,34.6,24.2,38.1,11,10.823549731182794,20.817741935483873,5.378709677419355,28.6,2012-07-01
19,2012,8,27.851612903225806,34.3,24.2,18.4,7,10.87648494623656,20.595483870967744,5.5,28.9,2012-08-01
19,2012,9,27.793333333333333,34.2,23.8,30.4,13,10.59538175925926,20.516666666666666,5.213666666666667,28.9,2012-09-01
19,2012,10,26.26774193548387,35.6,22.7,368.6,25,8.16183405017921,16.232258064516127,3.6703225806451614,27.0,2012-10-01
19,2012,11,25.45,31.0,20.2,204.2,17,8.621499444444444,15.340333333333335,3.228,24.5,2012-11-01
19,2012,12,24.738709677419354,29.8,20.4,173.7,19,7.7708695340501786,12.854193548387098,2.7538709677419355,20.1,2012-12-01
19,2013,1,24.312903225806455,29.5,18.3,161.6,10,7.535881362007167,14.326129032258065,3.0903225806451613,20.5,2013-01-01
19,2013,2,25.17142857142857,30.9,19.2,104.10000000000001,13,9.642966865079366,17.594642857142855,3.7192857142857143,17.7,2013-02-01
19,2013,3,26.729032258064517,33.6,21.2,72.7,14,10.382953494623655,20.59741935483871,4.42483870967742,18.1,2013-03-01
19,2013,4,28.366666666666667,35.2,24.1,56.7,15,10.56266462962963,21.283,4.710666666666667,20.4,2013-04-01
19,2013,5,27.774193548387096,34.0,24.5,81.6,14,10.15458378136201,19.386129032258065,4.564838709677419,32.8,2013-05-01
19,2013,6,26.836666666666666,31.3,24.3,58.9,16,10.131526759259257,17.967666666666666,4.3053333333333335,32.2,2013-06-01
19,2013,7,27.032258064516128,33.4,24.0,42.1,12,10.364015322580643,19.22451612903226,4.748709677419355,30.8,2013-07-01
19,2013,8,27.22258064516129,34.3,23.8,80.4,11,10.511469086021505,20.41322580645161,4.9148387096774195,28.8,2013-08-01
19,2013,9,26.69333333333333,32.8,23.4,51.4,13,9.88882425925926,18.88133333333333,4.464333333333333,30.1,2013-09-01
19,2013,10,26.806451612903224,33.8,22.7,191.5,13,10.061493727598567,19.232903225806453,4.507419354838709,27.6,2013-10-01
19,2013,11,25.53666666666667,31.2,19.3,104.4,22,9.988527777777778,15.968666666666667,3.4040000000000004,16.9,2013-11-01
19,2013,12,24.467741935483872,30.1,19.5,108.0,12,7.683147043010753,12.77290322580645,2.848064516129032,23.6,2013-12-01
19,2014,1,23.9741935483871,28.4,19.9,223.5,18,7.828690770609318,13.136129032258063,2.8216129032258066,19.0,2014-01-01
19,2014,2,25.232142857142858,31.8,18.1,11.9,4,10.715875396825396,20.087142857142855,4.369285714285715,19.7,2014-02-01
19,2014,3,27.51290322580645,36.4,20.9,8.0,3,11.029330376344086,22.336451612903225,5.438064516129033,19.8,2014-03-01
19,2014,4,28.18,35.9,23.5,146.7,17,10.691508703703704,21.756333333333334,4.7780000000000005,15.0,2014-04-01
19,2014,5,27.44516129032258,32.6,23.7,136.1,17,10.198650896057348,19.306774193548385,4.312258064516129,27.0,2014-05-01
19,2014,6,28.263333333333332,34.1,24.7,20.7,8,11.118656481481482,21.005,5.33,30.8,2014-06-01
19,2014,7,28.258064516129032,34.3,25.0,15.0,4,10.966389336917562,20.914516129032258,5.651290322580645,32.1,2014-07-01
19,2014,8,27.351612903225806,33.5,23.8,75.7,15,10.278377777777777,19.601612903225806,4.9158064516129025,29.7,2014-08-01
19,2014,9,27.163333333333334,34.3,23.5,109.9,14,10.33241648148148,20.082666666666668,4.809666666666667,27.2,2014-09-01
19,2014,10,25.951612903225808,31.7,22.4,273.8,27,8.916753853046597,16.726129032258065,3.546774193548387,26.2,2014-10-01
19,2014,11,24.89333333333333,30.8,20.6,290.5,21,6.400833888888889,12.516666666666667,2.628333333333333,19.9,2014-11-01
19,2014,12,24.322580645161292,30.1,20.9,382.9,29,5.734750985663084,10.440645161290323,2.174516129032258,26.8,2014-12-01
19,2015,1,24.903225806451612,30.8,19.2,10.5,5,10.126501702508962,17.16774193548387,3.750967741935484,18.4,2015-01-01
19,2015,2,24.939285714285713,31.0,18.9,83.3,14,9.998051091269838,17.47142857142857,3.7564285714285717,19.5,2015-02-01
19,2015,3,26.748387096774195,34.7,20.1,42.8,13,10.852211559139786,21.86,4.855806451612903,17.9,2015-03-01
19,2015,4,27.33,34.5,23.3,135.79999999999998,22,10.430198333333333,20.917666666666666,4.432666666666666,13.8,2015-04-01
19,2015,5,27.241935483870968,33.1,23.6,140.70000000000002,20,10.159541039426523,18.636774193548387,4.077419354838709,28.1,2015-05-01
19,2015,6,27.43,32.4,24.2,46.4,13,10.78301990740741,19.395,4.4479999999999995,29.5,2015-06-01
19,2015,7,27.687096774193545,33.8,24.4,26.6,10,10.903333512544801,19.812258064516126,4.964838709677419,31.4,2015-07-01
19,2015,8,27.758064516129032,34.9,23.6,69.6,11,11.095901254480289,21.361612903225808,5.209354838709678,28.4,2015-08-01
19,2015,9,27.03666666666667,33.6,23.5,90.7,19,9.862049629629631,18.84466666666667,4.303,29.7,2015-09-01
19,2015,10,26.238709677419354,31.8,22.7,304.3,27,8.091384677419356,15.853225806451613,3.4322580645161294,23.3,2015-10-01
19,2015,11,25.273333333333333,30.5,21.3,341.3,27,7.592780462962964,12.995666666666667,2.691333333333333,21.1,2015-11-01
19,2015,12,25.24516129032258,30.1,20.9,195.3,22,8.21598476702509,13.496129032258064,2.8522580645161293,21.3,2015-12-01
19,2016,1,25.174193548387095,30.8,19.7,19.8,7,10.218203315412186,16.82709677419355,3.6793548387096773,19.1,2016-01-01
19,2016,2,26.43793103448276,33.2,20.8,18.2,7,10.543023754789273,19.35896551724138,4.447586206896552,19.9,2016-02-01
19,2016,3,28.73548387096774,36.9,23.0,29.6,7,11.171512544802868,22.75032258064516,5.40483870967742,20.1,2016-03-01
19,2016,4,29.65666666666667,36.1,24.8,45.8,9,11.096051018518521,22.469333333333335,5.104,19.9,2016-04-01
19,2016,5,27.483870967741936,34.9,24.0,369.1,21,8.797453225806452,17.02774193548387,3.7251612903225806,28.3,2016-05-01
19,2016,6,27.316666666666666,31.6,24.9,32.0,10,10.236201759259261,18.975666666666665,4.365666666666667,29.1,2016-06-01
19,2016,7,27.58709677419355,33.5,23.7,23.5,10,10.716889605734767,20.236129032258066,4.975806451612903,34.4,2016-07-01
19,2016,8,27.812903225806455,34.1,24.4,31.8,8,10.933386559139782,21.103225806451615,5.361290322580645,30.2,2016-08-01
19,2016,9,27.706666666666667,34.1,24.0,15.700000000000001,5,10.485588611111108,21.031,5.451333333333333,28.2,2016-09-01
19,2016,10,27.612903225806452,34.2,23.6,70.4,10,10.677996057347672,20.22483870967742,5.039677419354838,26.0,2016-10-01
19,2016,11,25.403333333333332,31.1,19.0,246.79999999999998,21,8.225577962962966,14.515333333333333,3.069666666666667,18.8,2016-11-01
19,2016,12,25.093548387096774,30.8,17.3,39.300000000000004,12,9.89940241935484,16.533548387096772,3.5825806451612903,24.4,2016-12-01
19,2017,1,24.406451612903226,31.3,18.2,135.1,11,9.102943100358424,16.998387096774195,3.694838709677419,21.1,2017-01-01
19,2017,2,25.107142857142858,33.1,18.3,29.200000000000003,5,10.347545238095236,20.476428571428574,4.470357142857143,23.7,2017-02-01
19,2017,3,26.88064516129032,34.1,21.5,134.6,17,10.45872347670251,21.12709677419355,4.51516129032258,24.6,2017-03-01
19,2017,4,29.233333333333334,37.4,24.4,42.6,11,10.975580555555554,22.918333333333333,5.514666666666667,21.4,2017-04-01
19,2017,5,28.47741935483871,36.8,24.4,76.5,17,9.745683960573476,18.70225806451613,4.623225806451613,30.6,2017-05-01
19,2017,6,28.040000000000003,34.2,24.9,46.2,17,10.219728425925926,17.375666666666667,4.673666666666667,31.9,2017-06-01
19,2017,7,28.57741935483871,37.1,24.7,49.6,14,10.609383870967742,19.021612903225805,5.188709677419355,30.8,2017-07-01
19,2017,8,27.729032258064517,34.8,24.4,83.6,18,9.537073476702508,17.9741935483871,4.631935483870968,32.4,2017-08-01
19,2017,9,26.83,34.5,23.7,152.6,20,9.157506481481482,17.714333333333336,4.0920000000000005,31.3,2017-09-01
19,2017,10,26.480645161290322,32.6,23.3,215.5,26,8.088416039426521,15.375806451612902,3.494516129032258,25.2,2017-10-01
19,2017,11,25.336666666666666,32.2,21.4,266.1,24,7.130434166666667,13.257,2.783333333333333,28.3,2017-11-01
19,2017,12,24.893548387096775,30.4,19.9,108.9,16,9.525351881720429,15.393548387096773,3.229677419354839,22.7,2017-12-01
19,2018,1,24.26774193548387,30.7,18.6,24.1,3,9.204468100358422,16.730645161290322,3.5996774193548386,20.5,2018-01-01
19,2018,2,25.407142857142855,32.3,19.2,26.8,10,10.394158035714286,19.205357142857142,4.3132142857142854,21.4,2018-02-01
19,2018,3,27.370967741935484,35.7,21.3,59.6,10,10.310102867383513,20.626451612903224,4.751612903225807,25.3,2018-03-01
19,2018,4,28.013333333333332,36.4,23.6,119.89999999999999,22,10.388721944444443,20.897,4.641333333333334,19.0,2018-04-01
19,2018,5,26.958064516129035,34.3,23.5,207.4,27,8.156573924731184,16.76290322580645,3.682903225806452,32.5,2018-05-01
19,2018,6,27.183333333333334,31.9,24.6,52.1,16,10.17204138888889,18.637333333333334,4.353666666666667,35.8,2018-06-01
19,2018,7,27.89032258064516,34.6,24.6,13.4,5,10.49467025089606,19.682258064516127,5.304193548387097,35.3,2018-07-01
19,2018,8,27.56451612903226,35.6,23.9,58.8,12,9.921406630824373,19.68,5.21,40.2,2018-08-01
19,2018,9,27.7,37.4,23.5,227.79999999999998,12,9.961086203703704,20.493666666666666,5.241,28.7,2018-09-01
19,2018,10,25.635483870967743,31.6,22.7,439.1,31,7.416700716845877,15.103870967741937,3.103548387096774,19.5,2018-10-01
19,2018,11,25.146666666666665,30.7,21.2,372.6,23,7.898370648148148,13.893666666666666,2.8583333333333334,17.3,2018-11-01
19,2018,12,24.951612903225808,30.3,19.8,97.9,14,9.086256899641576,15.47258064516129,3.2183870967741934,19.6,2018-12-01
19,2019,1,24.44193548387097,30.5,18.9,11.3,3,10.244479928315412,17.39548387096774,3.74741935483871,20.1,2019-01-01
19,2019,2,26.12142857142857,32.9,21.1,82.5,14,10.45315863095238,18.984285714285715,4.1292857142857144,22.7,2019-02-01
19,2019,3,28.212903225806453,36.9,22.1,11.0,5,11.24198978494624,23.587741935483873,5.5767741935483865,19.8,2019-03-01
19,2019,4,28.783333333333335,37.2,24.0,108.3,12,9.943339722222225,21.075333333333333,4.740333333333334,22.7,2019-04-01
19,2019,5,29.041935483870965,36.2,24.9,17.2,3,10.79144193548387,20.726129032258065,5.323548387096774,29.3,2019-05-01
19,2019,6,28.976666666666667,34.6,25.0,16.1,8,10.07090824074074,19.033,5.325,30.3,2019-06-01
19,2019,7,28.664516129032258,36.0,24.6,30.0,8,10.129054121863799,19.362903225806452,5.365161290322581,29.9,2019-07-01
19,2019,8,27.55806451612903,35.1,23.7,98.3,20,9.276505197132618,17.481612903225805,4.500967741935484,29.6,2019-08-01
19,2019,9,27.209999999999997,34.9,22.8,154.3,21,9.687247314814815,18.574666666666666,4.468999999999999,27.8,2019-09-01
19,2019,10,25.69677419354839,32.4,22.3,410.1,29,7.115252777777778,15.099354838709678,3.129032258064516,17.0,2019-10-01
19,2019,11,25.933333333333334,31.3,22.5,158.7,24,9.430029537037038,16.482666666666667,3.3823333333333334,21.1,2019-11-01
19,2019,12,25.18064516129032,30.1,21.7,157.0,23,9.024837455197131,14.439354838709678,2.951935483870968,20.2,2019-12-01
19,2020,1,25.280645161290323,31.2,18.8,20.3,8,10.649037813620073,18.55290322580645,3.9416129032258063,21.4,2020-01-01
19,2020,2,26.04137931034483,33.4,20.1,9.700000000000001,2,10.926498180076626,20.538275862068964,4.71,24.5,2020-02-01
19,2020,3,27.81935483870968,35.8,21.8,31.4,3,10.97496370967742,22.989032258064515,5.387741935483871,20.9,2020-03-01
19,2020,4,28.433333333333334,35.7,22.7,96.30000000000001,16,10.83032027777778,22.088666666666665,4.990333333333334,18.1,2020-04-01
19,2020,5,28.05806451612903,35.4,24.2,180.1,18,9.291061021505374,17.880967741935482,4.0609677419354835,31.6,2020-05-01
19,2020,6,27.976666666666667,33.4,24.5,90.3,16,9.984232777777779,18.701999999999998,4.527666666666667,26.9,2020-06-01
19,2020,7,27.55483870967742,34.5,23.7,129.70000000000002,19,9.340523745519711,17.35,4.2458064516129035,28.3,2020-07-01
19,2020,8,27.674193548387095,34.8,24.4,30.1,11,10.301096236559141,20.280322580645162,4.933870967741935,31.6,2020-08-01
19,2020,9,26.736666666666668,32.8,23.6,144.1,22,8.623669351851852,16.892333333333333,3.941666666666667,32.4,2020-09-01
19,2020,10,27.351612903225806,34.0,23.4,67.0,14,10.522473655913977,19.786451612903225,4.733225806451612,34.0,2020-10-01
19,2020,11,25.936666666666667,32.9,22.5,249.3,27,8.113477222222222,14.989,3.146333333333333,22.5,2020-11-01
19,2020,12,24.70967741935484,30.4,19.9,404.59999999999997,23,7.242925448028673,12.679677419354839,2.6312903225806448,29.7,2020-12-01
19,2021,1,24.687096774193545,29.9,20.0,253.9,22,7.718247222222222,14.019354838709678,2.8793548387096775,20.7,2021-01-01
19,2021,2,25.067857142857143,32.5,18.8,30.599999999999998,7,10.829640575396825,20.317857142857143,4.238214285714286,20.4,2021-02-01
19,2021,3,26.758064516129032,35.1,20.9,60.3,15,10.369019892473116,20.68516129032258,4.623225806451613,19.3,2021-03-01
19,2021,4,27.683333333333334,36.4,23.0,120.0,20,10.635300185185184,21.630666666666666,4.766666666666667,22.4,2021-04-01
19,2021,5,27.17096774193548,32.6,23.6,193.1,23,9.053649820788532,17.986129032258066,3.914516129032258,34.6,2021-05-01
19,2021,6,27.4,33.4,24.2,59.8,11,10.498941666666664,19.461666666666666,4.566999999999999,30.3,2021-06-01
19,2021,7,27.706451612903226,34.4,24.0,56.3,15,10.395955376344087,19.42838709677419,4.838387096774194,33.2,2021-07-01
19,2021,8,27.625806451612902,33.9,23.6,44.2,9,9.401049641577062,18.581935483870968,4.777096774193549,28.7,2021-08-01
19,2021,9,27.513333333333332,34.6,24.1,97.3,21,9.633290555555558,18.924,4.640666666666666,35.0,2021-09-01
19,2021,10,26.177419354838708,32.5,22.7,260.3,24,8.275581810035842,16.322580645161292,3.5780645161290323,30.5,2021-10-01
19,2021,11,25.02,31.6,21.9,399.3,27,6.359343425925926,13.524000000000001,2.7636666666666665,24.7,2021-11-01
19,2021,12,25.26774193548387,31.1,19.5,57.6,14,9.97543664874552,17.698709677419355,3.702258064516129,19.0,2021-12-01
19,2022,1,25.067741935483873,31.9,19.0,41.7,12,9.934007258064515,18.521290322580644,3.8370967741935487,20.4,2022-01-01
19,2022,2,25.099999999999998,32.4,19.3,82.69999999999999,9,9.756384027777777,20.43,4.2996428571428575,18.9,2022-02-01
19,2022,3,26.787096774193547,34.3,22.0,55.9,12,10.130432706093192,21.47935483870968,4.655483870967742,21.9,2022-03-01
19,2022,4,26.65666666666667,33.6,22.4,219.7,25,9.365135925925927,20.153666666666666,4.197,18.9,2022-04-01
19,2022,5,27.35483870967742,34.6,23.7,67.2,18,9.989480555555556,19.85677419354839,4.494516129032259,30.7,2022-05-01
19,2022,6,27.28666666666667,33.0,23.8,58.7,13,9.910987222222223,19.168333333333333,4.53,31.4,2022-06-01
19,2022,7,27.370967741935484,35.1,23.3,96.5,15,9.406217652329747,19.25032258064516,4.687096774193549,32.7,2022-07-01
19,2022,8,26.88064516129032,34.8,23.4,138.2,22,9.616272849462366,19.192580645161293,4.509032258064516,34.8,2022-08-01
19,2022,9,26.990000000000002,35.3,22.8,46.1,11,9.973177685185185,21.029999999999998,4.940666666666667,28.4,2022-09-01
19,2022,10,25.845161290322583,33.4,21.1,254.5,22,7.939847401433693,16.708064516129035,3.6293548387096775,30.6,2022-10-01
19,2022,11,25.05666666666667,31.4,20.3,194.9,15,7.649078148148147,15.963333333333333,3.3123333333333336,17.1,2022-11-01
19,2022,12,24.706451612903226,30.2,20.0,214.9,22,7.558691039426522,14.474516129032258,3.0412903225806454,23.2,2022-12-01
19,2023,1,23.983870967741936,29.3,18.4,80.7,11,9.178971415770608,17.371612903225806,3.576774193548387,19.9,2023-01-01
19,2023,2,24.917857142857144,31.3,19.7,120.4,9,9.865817361111112,20.393214285714286,4.24,28.0,2023-02-01
19,2023,3,26.63225806451613,34.3,22.0,82.9,12,10.701486021505376,22.436774193548384,4.773225806451613,21.5,2023-03-01
19,2023,4,27.736666666666668,35.7,22.9,138.1,14,10.196995185185184,22.610333333333333,4.914000000000001,18.1,2023-04-01
19,2023,5,27.606451612903225,34.1,23.8,130.1,15,8.752158870967742,18.54741935483871,4.146451612903226,28.1,2023-05-01
19,2023,6,28.233333333333334,33.8,24.1,23.3,9,10.57178138888889,20.271333333333335,5.032333333333333,28.1,2023-06-01
19,2023,7,28.22258064516129,36.8,24.3,37.5,9,9.389266935483873,19.19483870967742,5.188387096774194,32.6,2023-07-01
19,2023,8,28.825806451612905,37.2,24.3,63.2,7,10.944737724014336,22.64,5.950967741935483,26.9,2023-08-01
19,2023,9,27.333333333333332,34.4,23.3,81.7,25,9.51212925925926,19.086000000000002,4.764333333333334,29.9,2023-09-01
19,2023,10,26.187096774193545,33.8,22.4,298.2,30,8.668282795698927,17.99741935483871,3.8148387096774194,25.2,2023-10-01
19,2023,11,25.44,31.6,22.4,527.9,30,7.090037685185185,14.558333333333334,2.9823333333333335,18.2,2023-11-01
19,2023,12,25.37741935483871,31.2,22.5,278.9,28,7.825324551971327,14.108064516129033,2.914193548387097,22.7,2023-12-01
19,2024,1,25.216129032258067,31.3,20.0,134.2,15,8.859674551971326,16.47290322580645,3.454516129032258,21.3,2024-01-01
19,2024,2,26.772413793103446,34.3,21.1,12.0,5,10.89747385057471,22.01551724137931,4.935862068965518,22.0,2024-02-01
19,2024,3,28.07741935483871,36.4,21.3,42.9,7,10.887104659498208,23.805806451612902,5.522258064516129,19.4,2024-03-01
19,2024,4,29.290000000000003,37.5,23.8,63.4,16,10.83042925925926,23.317,5.348666666666667,20.2,2024-04-01
19,2024,5,27.96451612903226,37.2,24.0,280.0,22,8.507473745519713,18.42096774193548,4.118387096774193,34.3,2024-05-01
19,2024,6,27.475,31.7,24.9,20.6,5,8.592416319444444,17.403750000000002,3.91125,24.2,2024-06-01
20,2010,1,24.712903225806453,30.2,19.1,47.9,14,9.613982706093188,16.45741935483871,3.3845161290322583,17.7,2010-01-01
20,2010,2,25.535714285714285,32.6,20.2,11.799999999999999,4,9.731462797619047,19.23785714285714,4.067142857142857,18.2,2010-02-01
20,2010,3,27.79032258064516,35.9,19.6,87.0,6,10.888602329749101,23.105806451612903,5.1980645161290315,18.3,2010-03-01
20,2010,4,28.386666666666667,34.5,24.0,99.7,12,10.706703518518518,22.491,4.862333333333334,15.1,2010-04-01
20,2010,5,28.648387096774194,35.1,24.3,56.6,12,10.104500716845878,20.475483870967743,5.1254838709677415,32.8,2010-05-01
20,2010,6,29.05666666666667,37.0,24.9,20.900000000000002,6,10.341722314814815,19.816,5.817666666666667,35.5,2010-06-01
20,2010,7,28.403225806451612,34.9,23.7,39.400000000000006,9,10.087436021505376,19.779032258064515,5.604838709677419,33.1,2010-07-01
20,2010,8,28.17096774193548,36.0,23.8,81.3,11,9.56054077060932,18.831612903225807,5.453225806451614,32.5,2010-08-01
20,2010,9,27.75,35.3,23.1,81.8,13,9.540620833333334,19.82133333333333,5.201666666666667,28.1,2010-09-01
20,2010,10,27.27741935483871,36.2,22.7,114.5,10,9.943776433691758,19.688709677419357,4.9319354838709675,33.1,2010-10-01
20,2010,11,25.39,32.2,21.8,307.5,24,7.700564722222224,14.862666666666666,3.1083333333333334,23.7,2010-11-01
20,2010,12,24.138709677419353,30.4,20.4,567.0,25,5.492026881720429,10.87483870967742,2.3087096774193547,26.3,2010-12-01
20,2011,1,23.567741935483873,28.3,19.7,570.2,25,5.580329390681004,11.013870967741935,2.2319354838709677,18.9,2011-01-01
20,2011,2,24.646428571428572,31.2,19.8,508.29999999999995,11,7.3414046626984115,15.133571428571429,3.141428571428571,24.9,2011-02-01
20,2011,3,26.051612903225806,33.9,19.2,64.2,14,10.468045698924731,21.590645161290322,4.465483870967742,18.7,2011-03-01
20,2011,4,27.206666666666667,35.2,21.8,201.1,20,10.003365277777776,21.606333333333335,4.6530000000000005,23.8,2011-04-01
20,2011,5,28.91290322580645,35.7,24.0,12.2,4,11.278635573476702,23.301612903225806,5.9154838709677415,30.5,2011-05-01
20,2011,6,29.43,37.0,25.4,7.6,0,11.160366481481478,21.822,6.676,31.4,2011-06-01
20,2011,7,28.903225806451612,35.6,25.3,14.6,5,10.513156541218638,19.98483870967742,6.196774193548387,31.1,2011-07-01
20,2011,8,28.748387096774195,35.5,24.8,33.5,5,10.679655197132615,20.6658064516129,6.1570967741935485,31.1,2011-08-01
20,2011,9,29.133333333333333,36.8,24.9,15.299999999999999,2,10.85433,21.70266666666667,6.523666666666667,30.1,2011-09-01
20,2011,10,27.183870967741935,36.4,23.0,225.0,23,9.025031810035841,18.668387096774193,4.316451612903226,21.7,2011-10-01
20,2011,11,25.236666666666668,30.8,20.5,181.5,24,8.715426296296295,15.649333333333335,3.1856666666666666,22.3,2011-11-01
20,2011,12,24.74516129032258,30.6,19.0,230.7,21,8.287833154121866,14.48967741935484,3.0135483870967743,21.3,2011-12-01
20,2012,1,24.30322580645161,30.3,18.0,34.7,7,10.1209938172043,17.77032258064516,3.6274193548387097,18.5,2012-01-01
20,2012,2,24.96551724137931,31.0,19.6,58.199999999999996,11,9.543361685823758,17.457241379310343,3.6058620689655174,20.1,2012-02-01
20,2012,3,27.183870967741935,34.5,20.0,27.0,8,11.101795430107526,23.950967741935486,5.208387096774194,15.3,2012-03-01
20,2012,4,27.453333333333333,33.7,22.7,107.3,20,10.248535,21.257,4.586333333333333,22.1,2012-04-01
20,2012,5,29.787096774193547,37.4,23.7,5.4,2,11.319987275985662,24.488709677419354,7.120645161290323,35.5,2012-05-01
20,2012,6,29.333333333333332,36.5,25.4,5.9,1,10.864025092592595,21.165666666666667,6.701333333333333,31.9,2012-06-01
20,2012,7,28.929032258064513,36.2,24.4,38.9,6,10.911577150537635,21.83258064516129,6.400645161290322,30.4,2012-07-01
20,2012,8,29.177419354838708,36.1,25.4,15.0,4,10.911933422939065,21.616774193548387,6.693225806451613,31.6,2012-08-01
20,2012,9,29.23,36.9,24.7,23.1,6,10.670526296296297,22.000999999999998,6.468333333333334,29.4,2012-09-01
20,2012,10,26.74516129032258,38.1,22.6,375.3,25,8.401259498207885,17.692903225806454,4.134838709677419,31.6,2012-10-01
20,2012,11,25.44333333333333,31.6,21.1,268.6,20,8.25677435185185,15.564333333333334,3.227333333333333,15.6,2012-11-01
20,2012,12,24.51290322580645,29.4,19.8,279.6,23,7.234078853046596,12.685806451612903,2.5999999999999996,18.2,2012-12-01
20,2013,1,24.361290322580647,29.6,18.3,219.2,12,7.3555885304659485,14.006774193548386,2.9054838709677417,18.4,2013-01-01
20,2013,2,25.071428571428573,30.7,19.8,88.9,14,9.431797718253968,17.800357142857145,3.6189285714285715,17.6,2013-02-01
20,2013,3,26.274193548387096,33.7,21.3,98.9,15,10.308435931899643,20.698387096774194,4.283870967741936,17.2,2013-03-01
20,2013,4,28.623333333333335,35.3,23.5,52.4,12,10.87992648148148,23.240333333333336,5.1290000000000004,16.2,2013-04-01
20,2013,5,29.029032258064515,36.3,24.6,40.2,7,10.322431720430108,21.256451612903227,5.757741935483871,35.8,2013-05-01
20,2013,6,27.973333333333336,33.9,24.4,21.0,4,9.963509907407406,18.082666666666668,5.453666666666667,34.0,2013-06-01
20,2013,7,28.30322580645161,34.9,24.8,22.599999999999998,2,10.23428915770609,19.47258064516129,5.981935483870967,31.4,2013-07-01
20,2013,8,28.638709677419353,37.5,24.5,42.3,7,10.603819982078853,21.764193548387098,6.195483870967742,32.7,2013-08-01
20,2013,9,28.073333333333334,36.5,23.7,20.5,6,10.155782685185185,20.294,5.7683333333333335,31.4,2013-09-01
20,2013,10,27.929032258064513,36.0,22.8,107.0,9,10.256485394265235,20.75741935483871,5.525806451612904,29.3,2013-10-01
20,2013,11,25.533333333333335,31.5,19.9,101.5,22,9.866494814814814,16.797,3.5020000000000002,16.2,2013-11-01
20,2013,12,24.461290322580645,30.7,19.8,149.3,15,7.312943010752689,12.673870967741935,2.710322580645161,20.6,2013-12-01
20,2014,1,24.016129032258064,28.3,19.5,256.6,19,8.017965232974909,13.538387096774194,2.7541935483870965,20.6,2014-01-01
20,2014,2,24.8,30.6,16.9,12.2,7,10.684403769841271,19.98892857142857,4.09,18.1,2014-02-01
20,2014,3,26.467741935483872,34.6,20.5,24.0,6,10.800399910394264,21.986129032258066,4.808709677419355,18.0,2014-03-01
20,2014,4,28.65666666666667,35.7,22.5,79.7,11,10.782051759259257,23.54866666666667,5.221333333333333,15.9,2014-04-01
20,2014,5,28.106451612903225,35.2,24.0,149.4,13,10.24408440860215,21.106129032258064,5.00516129032258,28.2,2014-05-01
20,2014,6,29.459999999999997,35.8,25.8,5.2,1,11.067724907407408,22.116333333333333,6.7156666666666665,33.8,2014-06-01
20,2014,7,29.116129032258065,35.3,25.4,3.0,1,10.790578225806447,21.25548387096774,6.680645161290323,34.6,2014-07-01
20,2014,8,28.480645161290322,35.6,23.6,20.900000000000002,5,10.30208082437276,20.807419354838707,5.96,30.1,2014-08-01
20,2014,9,28.59333333333333,37.2,23.5,69.0,7,10.596445555555556,21.700666666666667,6.0056666666666665,29.2,2014-09-01
20,2014,10,26.516129032258064,33.3,22.8,214.0,23,9.591571146953406,18.794516129032257,4.147741935483872,26.0,2014-10-01
20,2014,11,25.11,31.6,21.3,317.90000000000003,21,6.693793425925927,13.309333333333335,2.8266666666666667,22.7,2014-11-01
20,2014,12,24.393548387096775,29.7,20.6,587.1,28,5.391910394265233,10.805806451612904,2.2180645161290324,28.8,2014-12-01
20,2015,1,24.74516129032258,30.5,18.8,24.099999999999998,11,10.119831541218636,17.179354838709678,3.567096774193548,16.6,2015-01-01
20,2015,2,24.52857142857143,30.2,18.4,90.5,18,9.755296726190476,17.494642857142857,3.5207142857142855,17.3,2015-02-01
20,2015,3,25.848387096774193,32.8,19.5,72.8,13,10.794235125448028,22.059677419354838,4.566451612903226,16.6,2015-03-01
20,2015,4,27.376666666666665,34.2,23.2,91.5,20,10.562710740740743,22.282666666666668,4.706,14.5,2015-04-01
20,2015,5,27.97741935483871,34.3,23.7,151.7,14,10.281064247311829,21.055806451612902,4.926451612903226,27.0,2015-05-01
20,2015,6,29.15666666666667,35.8,24.0,12.3,5,10.920583611111114,21.049666666666667,5.987333333333334,31.7,2015-06-01
20,2015,7,29.135483870967743,36.4,25.1,9.1,1,10.635793189964158,20.955161290322582,6.458064516129032,31.8,2015-07-01
20,2015,8,29.048387096774192,36.2,23.9,41.0,4,11.141737544802867,22.531290322580645,6.371612903225807,31.7,2015-08-01
20,2015,9,28.220000000000002,37.0,23.6,103.2,15,10.131387962962965,20.833666666666666,5.245,30.4,2015-09-01
20,2015,10,26.493548387096773,34.1,22.7,298.3,23,8.255872401433692,17.05838709677419,3.757096774193548,23.3,2015-10-01
20,2015,11,25.35666666666667,31.0,22.1,325.7,25,7.100533518518518,13.669333333333332,2.820333333333333,18.2,2015-11-01
20,2015,12,25.141935483870967,30.0,20.5,214.6,26,8.256373476702509,13.890645161290323,2.8161290322580643,18.6,2015-12-01
20,2016,1,25.148387096774194,30.1,19.2,39.2,10,10.022409677419354,16.699354838709677,3.4645161290322584,17.0,2016-01-01
20,2016,2,25.920689655172417,31.3,20.3,36.1,10,10.081109578544062,18.980689655172416,4.027931034482759,20.7,2016-02-01
20,2016,3,27.541935483870965,36.4,21.6,29.6,10,11.068598387096774,23.316451612903226,5.107741935483871,17.0,2016-03-01
20,2016,4,29.883333333333333,38.0,23.7,22.7,7,11.068630185185185,24.004666666666665,5.5023333333333335,18.9,2016-04-01
20,2016,5,28.138709677419353,35.7,24.0,255.3,13,8.859834050179211,18.517096774193547,4.38,28.9,2016-05-01
20,2016,6,28.716666666666665,34.1,25.6,7.3999999999999995,2,10.50278861111111,20.022,5.8100000000000005,31.4,2016-06-01
20,2016,7,28.893548387096775,36.1,24.2,25.3,4,10.684084408602152,20.87548387096774,6.1170967741935485,35.5,2016-07-01
20,2016,8,29.006451612903227,36.8,25.4,24.400000000000002,3,10.92972446236559,22.23548387096774,6.609677419354839,32.0,2016-08-01
20,2016,9,29.136666666666667,36.1,24.7,7.4,1,10.562927962962965,22.34,6.941,28.9,2016-09-01
20,2016,10,28.90967741935484,36.4,23.6,83.7,8,10.662311021505374,21.80806451612903,6.094516129032258,27.7,2016-10-01
20,2016,11,25.52,31.5,18.6,168.1,21,8.12269601851852,15.01,3.143333333333333,19.0,2016-11-01
20,2016,12,25.174193548387095,32.1,17.3,72.69999999999999,12,10.059840501792117,17.166129032258063,3.650645161290323,24.9,2016-12-01
20,2017,1,24.26774193548387,30.6,19.2,196.1,13,8.675189695340501,15.948387096774193,3.3048387096774197,18.6,2017-01-01
20,2017,2,24.775000000000002,31.3,19.1,71.9,11,9.721581746031744,18.504285714285714,3.8192857142857144,18.9,2017-02-01
20,2017,3,26.541935483870965,33.0,21.7,194.5,17,10.313047849462366,21.066451612903226,4.384193548387096,20.2,2017-03-01
20,2017,4,29.66,38.7,23.8,30.099999999999998,8,11.03864101851852,23.850666666666665,5.741333333333333,21.5,2017-04-01
20,2017,5,29.40967741935484,37.1,24.8,127.39999999999999,12,10.556865770609319,21.393870967741936,5.57,35.8,2017-05-01
20,2017,6,29.723333333333336,35.8,25.1,24.0,12,10.697493703703705,19.90533333333333,6.209333333333333,32.7,2017-06-01
20,2017,7,30.106451612903225,37.9,26.1,28.3,12,10.861630197132618,20.676129032258064,6.551290322580646,30.8,2017-07-01
20,2017,8,29.361290322580647,36.8,24.9,39.8,9,10.180459139784945,19.868387096774192,5.993870967741936,33.5,2017-08-01
20,2017,9,28.509999999999998,36.5,24.5,82.6,13,9.788964444444446,19.669,5.265666666666666,29.6,2017-09-01
20,2017,10,28.009677419354837,36.2,23.6,264.5,25,9.213738261648745,17.411935483870966,4.5038709677419355,29.2,2017-10-01
20,2017,11,25.563333333333333,32.5,21.3,374.2,24,6.6212846296296295,13.431000000000001,2.864,22.1,2017-11-01
20,2017,12,25.183870967741935,30.9,20.5,116.2,19,8.835120788530466,14.791935483870969,3.0787096774193548,20.3,2017-12-01
20,2018,1,24.312903225806455,30.2,18.7,73.8,8,8.707188799283156,15.748387096774193,3.2783870967741935,16.9,2018-01-01
20,2018,2,24.97142857142857,31.7,19.9,69.8,15,9.729253273809524,17.784285714285716,3.704285714285714,18.2,2018-02-01
20,2018,3,26.55483870967742,34.5,21.9,91.7,20,9.77617213261649,19.510967741935485,4.134193548387096,19.0,2018-03-01
20,2018,4,27.60666666666667,34.6,23.3,129.5,22,10.344772777777777,21.040333333333333,4.503,17.3,2018-04-01
20,2018,5,27.72258064516129,36.3,23.8,262.3,26,8.842195430107527,18.343548387096774,4.147741935483872,30.7,2018-05-01
20,2018,6,28.94333333333333,34.9,25.4,13.4,6,10.90594935185185,20.95266666666667,5.992,34.8,2018-06-01
20,2018,7,29.241935483870968,35.7,25.7,8.2,3,10.607448207885303,20.93064516129032,6.56258064516129,36.4,2018-07-01
20,2018,8,28.861290322580647,36.5,24.7,16.1,6,10.172426523297492,20.330322580645163,6.187096774193549,34.8,2018-08-01
20,2018,9,28.89,37.7,23.2,168.0,11,10.29498462962963,21.615666666666666,5.97,29.2,2018-09-01
20,2018,10,26.03548387096774,32.8,22.9,417.3,29,7.583100000000001,15.764193548387096,3.2829032258064514,18.7,2018-10-01
20,2018,11,25.486666666666668,31.9,22.4,483.6,24,7.966980648148149,14.389999999999999,2.9753333333333334,22.7,2018-11-01
20,2018,12,25.112903225806452,30.7,20.0,139.7,20,7.978142921146955,14.410967741935485,2.9958064516129035,17.2,2018-12-01
20,2019,1,24.70967741935484,30.3,19.5,52.2,17,9.95976164874552,16.61741935483871,3.4693548387096773,18.0,2019-01-01
20,2019,2,25.79642857142857,31.7,20.9,113.4,21,9.562275892857143,17.466785714285713,3.6075000000000004,22.1,2019-02-01
20,2019,3,27.674193548387095,36.7,22.4,12.700000000000001,6,11.175675627240139,22.98677419354839,5.129677419354839,20.9,2019-03-01
20,2019,4,28.776666666666664,36.8,23.7,65.8,11,9.998431111111111,21.677333333333333,4.882000000000001,23.9,2019-04-01
20,2019,5,30.606451612903225,38.5,25.1,20.2,6,10.862952508960579,21.94741935483871,6.151290322580645,26.9,2019-05-01
20,2019,6,30.58,38.1,26.7,11.3,4,10.360731296296295,20.584333333333333,6.537333333333334,31.4,2019-06-01
20,2019,7,30.193548387096776,38.1,25.7,11.8,5,10.720652688172043,21.110967741935486,6.53258064516129,32.2,2019-07-01
20,2019,8,29.206451612903226,36.8,25.0,18.8,6,9.477784408602153,18.950322580645164,5.807096774193549,28.8,2019-08-01
20,2019,9,28.793333333333333,36.8,23.1,142.4,16,10.193534351851854,19.727666666666668,5.3469999999999995,27.7,2019-09-01
20,2019,10,26.029032258064515,33.0,22.6,295.1,29,7.0605111111111105,15.222903225806453,3.2280645161290322,19.2,2019-10-01
20,2019,11,26.096666666666668,32.3,22.3,260.8,26,8.98926324074074,16.317,3.369,17.5,2019-11-01
20,2019,12,25.164516129032258,30.0,21.8,346.0,28,7.721154569892473,12.964516129032257,2.6525806451612906,19.2,2019-12-01
20,2020,1,25.364516129032257,30.9,19.5,59.3,18,10.517551971326162,17.70387096774194,3.6867741935483873,19.7,2020-01-01
20,2020,2,25.900000000000002,32.0,19.8,46.699999999999996,13,10.697585823754789,19.493793103448276,4.233448275862068,21.7,2020-02-01
20,2020,3,27.89032258064516,35.6,22.1,7.6,2,11.030372401433691,22.468709677419355,5.224193548387096,20.0,2020-03-01
20,2020,4,28.803333333333335,35.8,22.5,78.1,18,10.88615574074074,21.679,4.921666666666667,17.6,2020-04-01
20,2020,5,29.26451612903226,37.3,24.6,102.5,13,9.528201971326165,19.55870967741935,4.951612903225806,30.2,2020-05-01
20,2020,6,29.89333333333333,36.6,24.7,26.6,7,10.023379814814815,20.100666666666665,5.9896666666666665,28.7,2020-06-01
20,2020,7,28.85483870967742,37.5,24.0,88.6,10,9.713907258064516,18.804193548387094,5.095806451612903,27.6,2020-07-01
20,2020,8,29.629032258064516,37.3,25.1,12.2,2,10.401097222222221,21.350645161290323,6.33,33.8,2020-08-01
20,2020,9,28.363333333333333,35.9,24.1,44.1,11,8.445686944444443,17.664666666666665,5.0169999999999995,30.0,2020-09-01
20,2020,10,28.864516129032257,37.6,23.5,55.7,12,10.726122580645164,21.516451612903225,6.024516129032258,34.8,2020-10-01
20,2020,11,26.296666666666667,34.6,22.1,210.9,29,8.330303333333333,15.470666666666666,3.3026666666666666,23.5,2020-11-01
20,2020,12,25.1,32.0,21.6,438.29999999999995,27,7.329176433691755,12.83290322580645,2.706451612903226,29.0,2020-12-01
20,2021,1,24.870967741935484,30.2,20.2,362.4,28,7.385433333333335,13.25258064516129,2.7112903225806453,19.8,2021-01-01
20,2021,2,25.20357142857143,32.5,19.5,62.0,12,10.450924503968254,18.316785714285714,3.787142857142857,18.9,2021-02-01
20,2021,3,26.61935483870968,34.8,21.3,88.7,13,9.704530197132616,19.490000000000002,4.2545161290322575,17.0,2021-03-01
20,2021,4,28.086666666666666,37.0,22.3,101.9,16,10.609266851851853,22.043,4.866666666666666,21.5,2021-04-01
20,2021,5,28.05806451612903,34.8,23.9,135.4,20,9.239500358422937,18.761290322580646,4.512903225806451,33.5,2021-05-01
20,2021,6,29.029999999999998,37.1,25.0,20.9,6,10.802302870370369,21.15533333333333,5.823333333333333,28.3,2021-06-01
20,2021,7,29.258064516129032,37.2,24.7,42.7,9,9.940032885304658,19.9941935483871,5.933870967741935,36.2,2021-07-01
20,2021,8,28.96451612903226,35.5,23.4,37.4,7,9.375559498207885,19.301612903225806,5.770645161290323,30.7,2021-08-01
20,2021,9,29.073333333333334,36.4,24.7,86.8,10,9.771256296296297,20.73166666666667,5.8646666666666665,38.5,2021-09-01
20,2021,10,27.31935483870968,35.8,22.6,215.8,20,8.752962186379929,17.945806451612906,4.394516129032258,30.8,2021-10-01
20,2021,11,25.66,32.5,22.4,320.1,28,6.973607407407409,14.662666666666667,3.147666666666667,25.3,2021-11-01
20,2021,12,25.38064516129032,31.6,20.4,140.4,20,9.430705465949824,17.41032258064516,3.5996774193548386,19.0,2021-12-01
20,2022,1,24.96451612903226,31.5,18.4,123.1,18,9.226411379928317,17.748709677419356,3.6070967741935482,19.0,2022-01-01
20,2022,2,25.289285714285715,32.3,20.2,127.5,9,9.748526686507937,19.978214285714284,4.140357142857143,18.2,2022-02-01
20,2022,3,26.864516129032257,35.0,22.5,63.2,12,9.8991876344086,21.200322580645164,4.547096774193549,20.8,2022-03-01
20,2022,4,26.85666666666667,33.5,22.5,231.7,26,9.57103814814815,21.168666666666663,4.433666666666666,17.4,2022-04-01
20,2022,5,28.858064516129033,35.0,24.4,30.3,9,10.441394892473118,21.48741935483871,5.640322580645161,31.0,2022-05-01
20,2022,6,28.953333333333333,37.0,24.2,34.6,10,10.27358138888889,20.292666666666666,5.707333333333334,32.2,2022-06-01
20,2022,7,28.580645161290324,37.2,23.6,82.4,16,8.945138709677419,19.18903225806452,5.493870967741936,34.3,2022-07-01
20,2022,8,27.990322580645163,36.9,23.3,73.3,15,9.89428405017921,20.72451612903226,5.431935483870968,32.1,2022-08-01
20,2022,9,28.4,37.6,23.5,33.2,7,10.216395925925926,22.389666666666663,5.968333333333334,29.0,2022-09-01
20,2022,10,26.6,35.2,21.8,272.1,27,8.750534856630825,18.499354838709678,4.264193548387096,30.9,2022-10-01
20,2022,11,25.41,32.3,21.2,233.3,19,7.986778333333334,16.235333333333333,3.416333333333333,19.9,2022-11-01
20,2022,12,24.77741935483871,30.9,20.4,256.9,24,7.106030913978494,13.88225806451613,2.9538709677419357,26.2,2022-12-01
20,2023,1,24.23225806451613,30.0,18.7,150.6,17,9.029789247311829,16.836129032258064,3.44258064516129,20.9,2023-01-01
20,2023,2,24.95,31.4,19.7,127.5,15,9.031362896825398,18.956071428571427,3.8907142857142856,21.3,2023-02-01
20,2023,3,26.44193548387097,34.2,22.3,105.7,22,9.908118548387096,21.353225806451615,4.467096774193548,19.0,2023-03-01
20,2023,4,28.05,36.6,22.6,124.2,14,10.314438888888887,22.603666666666665,4.956333333333333,21.3,2023-04-01
20,2023,5,28.59032258064516,36.6,23.8,135.8,16,9.24695448028674,20.44483870967742,4.904193548387097,28.3,2023-05-01
20,2023,6,30.333333333333332,36.9,26.0,24.5,15,10.814875000000002,21.757333333333335,6.62,28.1,2023-06-01
20,2023,7,29.938709677419357,38.3,25.4,17.2,7,9.693087544802866,20.311612903225804,6.574838709677419,32.1,2023-07-01
20,2023,8,30.603225806451615,39.5,25.4,49.1,14,10.89985994623656,23.065483870967743,6.973870967741935,26.5,2023-08-01
20,2023,9,28.703333333333333,37.0,23.8,87.4,23,9.488481018518517,20.067666666666664,5.5169999999999995,27.9,2023-09-01
20,2023,10,26.519354838709678,34.7,22.4,348.0,27,8.574717204301075,18.594193548387096,3.980967741935484,23.9,2023-10-01
20,2023,11,25.55666666666667,31.4,22.2,536.7,30,7.2133030555555555,14.918666666666667,3.0420000000000003,15.5,2023-11-01
20,2023,12,25.403225806451612,31.2,22.1,415.0,31,7.046215322580646,13.652258064516129,2.8129032258064517,23.4,2023-12-01
20,2024,1,25.116129032258065,30.9,19.5,216.8,19,8.427153763440861,16.10225806451613,3.3006451612903227,18.8,2024-01-01
20,2024,2,26.46896551724138,33.9,20.4,39.3,9,10.724439942528738,21.3,4.572068965517241,22.5,2024-02-01
20,2024,3,27.70967741935484,36.4,20.1,45.7,7,10.50655322580645,23.095806451612905,5.2377419354838715,22.3,2024-03-01
20,2024,4,29.766666666666666,39.0,23.5,55.6,11,10.880947777777779,23.203,5.473,22.0,2024-04-01
20,2024,5,29.18064516129032,40.3,24.1,210.0,18,9.108485483870968,19.846774193548388,4.758709677419355,33.8,2024-05-01
20,2024,6,28.8875,34.7,25.0,22.1,5,10.100904166666666,19.57125,4.61,22.5,2024-06-01
21,2010,1,21.296774193548387,26.5,16.6,101.3,16,9.992330197132617,17.788709677419355,3.3187096774193545,15.3,2010-01-01
21,2010,2,22.292857142857144,28.3,15.8,16.9,4,10.119507936507938,21.106428571428573,4.05,14.3,2010-02-01
21,2010,3,23.887096774193548,30.4,17.7,104.3,13,10.92427141577061,22.745806451612903,4.656451612903226,15.4,2010-03-01
21,2010,4,24.48,30.3,19.7,194.3,28,9.825297777777777,20.131000000000004,4.110666666666666,12.3,2010-04-01
21,2010,5,24.89032258064516,30.7,20.4,209.1,24,9.728317921146955,18.956451612903226,3.986774193548387,20.2,2010-05-01
21,2010,6,24.836666666666666,31.8,20.4,112.9,14,10.099759074074072,18.938666666666666,4.164666666666666,23.3,2010-06-01
21,2010,7,24.703225806451613,31.0,20.1,80.3,16,10.153245071684584,19.376129032258063,4.36,20.2,2010-07-01
21,2010,8,25.203225806451613,32.6,19.2,66.2,8,9.516244802867384,18.298387096774192,4.416129032258064,23.2,2010-08-01
21,2010,9,24.636666666666667,32.3,19.5,187.8,17,8.625015462962962,18.201999999999998,4.195333333333333,18.2,2010-09-01
21,2010,10,23.70967741935484,31.3,17.0,141.4,12,9.9192396953405,19.554516129032258,4.115806451612904,19.3,2010-10-01
21,2010,11,22.096666666666668,27.5,18.4,407.4,26,8.034828333333333,14.773,2.9026666666666667,14.2,2010-11-01
21,2010,12,21.161290322580644,27.0,17.6,408.9,25,6.698935394265234,12.64516129032258,2.445806451612903,16.1,2010-12-01
21,2011,1,20.516129032258064,25.2,16.6,628.7,24,7.008308960573476,13.506129032258064,2.4958064516129035,15.2,2011-01-01
21,2011,2,21.428571428571427,27.1,17.3,270.4,18,8.006206051587302,15.614285714285714,3.0239285714285713,11.5,2011-02-01
21,2011,3,22.529032258064515,29.2,14.8,157.7,22,10.126888530465948,20.346451612903227,4.0,13.1,2011-03-01
21,2011,4,23.33,30.1,16.9,207.8,24,9.44639861111111,19.717333333333332,3.991333333333334,14.4,2011-04-01
21,2011,5,24.570967741935487,31.0,19.2,70.8,14,11.014645161290325,21.703225806451613,4.540967741935484,17.7,2011-05-01
21,2011,6,25.90666666666667,32.5,18.5,5.2,2,10.961648981481481,21.499666666666666,5.231333333333334,18.7,2011-06-01
21,2011,7,26.019354838709678,32.4,20.7,16.4,4,10.498141666666665,19.931612903225805,5.049677419354839,20.8,2011-07-01
21,2011,8,25.038709677419355,32.9,19.4,59.8,13,10.443053942652332,19.690322580645162,4.683225806451613,19.8,2011-08-01
21,2011,9,25.34,32.6,19.0,54.1,12,10.751039259259256,21.287666666666667,4.970666666666667,18.8,2011-09-01
21,2011,10,23.580645161290324,32.4,19.6,256.1,27,8.910708064516129,17.944193548387098,3.6764516129032256,11.3,2011-10-01
21,2011,11,21.933333333333334,26.5,18.5,223.2,28,8.332888796296295,15.120000000000001,2.9006666666666665,17.9,2011-11-01
21,2011,12,21.316129032258065,27.6,13.5,372.5,25,7.8554131720430105,14.764516129032257,2.820967741935484,15.6,2011-12-01
21,2012,1,20.980645161290322,26.6,15.3,45.9,11,10.476733870967744,18.471612903225807,3.4535483870967743,13.2,2012-01-01
21,2012,2,21.558620689655175,26.3,15.4,69.9,12,9.952841666666666,19.57241379310345,3.677241379310345,15.1,2012-02-01
21,2012,3,23.40967741935484,30.1,16.9,97.60000000000001,11,10.885050627240144,22.615806451612904,4.613870967741936,10.8,2012-03-01
21,2012,4,23.423333333333336,29.2,18.7,237.1,26,9.461444722222222,19.32133333333333,3.8893333333333335,15.2,2012-04-01
21,2012,5,26.13225806451613,34.2,16.3,23.8,9,11.128079121863802,23.363225806451613,5.602903225806451,23.0,2012-05-01
21,2012,6,26.646666666666665,34.3,20.9,16.8,5,10.884217962962964,20.280666666666665,5.580333333333333,22.5,2012-06-01
21,2012,7,26.01290322580645,33.9,20.1,70.9,9,10.79324946236559,20.938387096774196,5.311290322580645,19.8,2012-07-01
21,2012,8,25.54516129032258,33.0,19.4,50.9,11,10.825163440860216,20.633870967741935,5.133870967741935,20.9,2012-08-01
21,2012,9,24.966666666666665,32.1,19.6,80.8,20,10.390650740740742,20.574,4.7219999999999995,18.5,2012-09-01
21,2012,10,23.190322580645162,32.2,19.1,448.5,24,8.35667123655914,16.969677419354838,3.531290322580645,18.9,2012-10-01
21,2012,11,22.27,27.5,18.8,454.5,30,8.603736574074073,15.147,2.9793333333333334,16.6,2012-11-01
21,2012,12,21.36774193548387,26.0,17.1,214.9,25,8.259459498207885,14.217419354838709,2.6629032258064513,17.1,2012-12-01
21,2013,1,20.94193548387097,25.5,16.9,319.3,13,8.169514068100357,15.712258064516128,2.9709677419354836,13.0,2013-01-01
21,2013,2,21.660714285714285,26.7,16.8,130.9,15,9.622548214285713,18.62607142857143,3.5207142857142855,17.7,2013-02-01
21,2013,3,22.774193548387096,28.6,18.2,157.5,23,10.015356003584227,19.703225806451613,3.826451612903226,14.1,2013-03-01
21,2013,4,24.240000000000002,29.9,19.3,140.0,17,10.471184814814816,21.726666666666667,4.418666666666667,8.9,2013-04-01
21,2013,5,24.806451612903224,30.9,19.2,128.5,18,9.677964964157704,19.62258064516129,4.1812903225806455,19.6,2013-05-01
21,2013,6,24.666666666666668,30.5,20.4,65.6,15,9.889670370370371,17.835333333333335,4.172,20.2,2013-06-01
21,2013,7,25.048387096774192,31.8,20.5,34.7,7,10.696354749103943,19.860967741935486,4.797741935483871,22.4,2013-07-01
21,2013,8,25.53548387096774,32.9,19.8,43.1,6,10.785037813620072,21.240322580645163,5.1735483870967744,20.9,2013-08-01
21,2013,9,24.226666666666667,32.3,18.3,30.0,9,10.174246018518517,20.07133333333333,4.448333333333333,20.5,2013-09-01
21,2013,10,24.5258064516129,32.9,19.2,168.0,10,9.981343458781364,19.81967741935484,4.525806451612904,19.4,2013-10-01
21,2013,11,22.293333333333333,27.4,17.7,265.2,23,9.766635740740742,17.111,3.348,14.2,2013-11-01
21,2013,12,21.02258064516129,26.4,17.1,231.5,19,7.899105107526882,13.758387096774193,2.605161290322581,17.3,2013-12-01
21,2014,1,20.80322580645161,25.2,16.3,119.2,15,9.372545609318996,16.831290322580646,3.067096774193548,15.2,2014-01-01
21,2014,2,21.417857142857144,26.5,13.2,51.8,7,10.864138194444445,21.8625,4.076071428571429,16.5,2014-02-01
21,2014,3,22.509677419354837,29.5,14.7,40.4,10,10.941865501792114,23.038709677419355,4.4877419354838715,16.9,2014-03-01
21,2014,4,24.14,30.5,17.1,128.1,17,10.491943518518518,21.406333333333336,4.417666666666666,12.1,2014-04-01
21,2014,5,24.219354838709677,31.0,19.3,105.2,20,9.978264964157706,19.982903225806453,4.088064516129032,16.2,2014-05-01
21,2014,6,25.566666666666666,32.7,20.0,16.6,4,10.82111527777778,20.41433333333333,4.926333333333333,25.0,2014-06-01
21,2014,7,26.141935483870967,32.8,20.2,4.5,1,10.9043438172043,20.698709677419355,5.44,24.2,2014-07-01
21,2014,8,24.674193548387095,31.5,18.0,50.699999999999996,11,10.434635663082439,19.771290322580644,4.539354838709677,20.3,2014-08-01
21,2014,9,24.226666666666667,31.3,18.6,59.800000000000004,11,10.603705277777777,20.949333333333335,4.532666666666667,19.2,2014-09-01
21,2014,10,22.77741935483871,29.8,19.2,430.8,28,8.698251075268818,16.898064516129033,3.373548387096774,16.0,2014-10-01
21,2014,11,21.933333333333334,27.3,17.9,345.7,24,7.721541944444445,14.748666666666667,2.8573333333333335,13.4,2014-11-01
21,2014,12,21.419354838709676,26.1,17.8,616.5,29,6.334303136200718,12.111935483870969,2.3496774193548386,14.9,2014-12-01
21,2015,1,21.31935483870968,26.5,16.3,41.1,11,10.45782876344086,18.30354838709677,3.4664516129032257,13.8,2015-01-01
21,2015,2,21.196428571428573,26.2,15.0,157.2,16,10.172605753968254,19.386071428571427,3.582142857142857,15.7,2015-02-01
21,2015,3,22.519354838709678,28.8,14.9,76.5,14,10.568183154121865,22.831935483870968,4.417419354838709,13.1,2015-03-01
21,2015,4,23.34333333333333,29.0,18.6,422.4,28,9.584841203703705,19.997999999999998,3.982666666666667,10.5,2015-04-01
21,2015,5,24.151612903225807,30.6,19.8,257.7,21,9.902243100358424,19.836129032258064,4.0364516129032255,17.4,2015-05-01
21,2015,6,24.496666666666666,30.7,19.2,51.5,11,10.744977592592594,20.709,4.371333333333333,18.8,2015-06-01
21,2015,7,25.416129032258063,31.8,19.5,19.4,6,10.966408691756271,20.77193548387097,4.980967741935483,20.8,2015-07-01
21,2015,8,25.338709677419356,32.7,20.2,104.4,13,10.847907078853046,21.016451612903225,4.958709677419355,21.2,2015-08-01
21,2015,9,24.146666666666665,30.5,19.8,152.70000000000002,17,9.582013518518519,18.599333333333334,3.957666666666667,19.1,2015-09-01
21,2015,10,22.796774193548387,28.7,19.4,435.9,27,7.961612096774193,16.290967741935482,3.2277419354838712,13.3,2015-10-01
21,2015,11,22.233333333333334,27.3,18.4,302.7,25,8.226422407407407,14.833666666666666,2.8916666666666666,14.3,2015-11-01
21,2015,12,21.906451612903226,26.4,17.6,209.1,24,9.0176229390681,15.163225806451614,2.8364516129032262,16.6,2015-12-01
21,2016,1,21.761290322580646,26.8,16.0,32.5,8,10.52193790322581,18.75709677419355,3.5125806451612904,16.0,2016-01-01
21,2016,2,22.337931034482757,27.9,15.4,47.0,12,10.478789080459768,20.27310344827586,3.8703448275862073,16.1,2016-02-01
21,2016,3,24.06451612903226,31.6,16.7,60.8,8,11.092844802867383,23.766451612903225,4.853225806451612,15.8,2016-03-01
21,2016,4,25.506666666666668,33.2,19.6,97.1,17,10.68732787037037,22.062,4.674666666666667,10.6,2016-04-01
21,2016,5,24.738709677419354,30.7,20.6,313.6,26,8.655381810035841,16.812903225806455,3.5725806451612905,20.9,2016-05-01
21,2016,6,25.326666666666664,31.2,21.0,16.0,6,10.53442490740741,19.628666666666668,4.609666666666667,19.8,2016-06-01
21,2016,7,25.38064516129032,33.2,20.3,61.4,8,10.682995609318999,20.093548387096774,4.745161290322581,22.8,2016-07-01
21,2016,8,25.448387096774194,32.9,18.9,24.900000000000002,4,10.808682526881718,21.482903225806453,5.185161290322581,22.3,2016-08-01
21,2016,9,26.226666666666667,33.6,18.4,14.4,3,10.806348796296298,22.111333333333334,5.782,18.4,2016-09-01
21,2016,10,25.638709677419353,34.2,18.9,190.4,17,10.454917652329748,20.84741935483871,4.9229032258064525,16.3,2016-10-01
21,2016,11,22.366666666666667,27.7,18.4,301.2,26,7.800338796296296,14.654666666666666,2.908,12.1,2016-11-01
21,2016,12,22.15806451612903,28.6,15.5,103.6,18,10.353505555555559,17.720000000000002,3.485483870967742,15.4,2016-12-01
21,2017,1,20.270967741935483,25.3,12.1,243.4,17,8.993084498207887,17.176774193548386,3.1154838709677417,16.4,2017-01-01
21,2017,2,20.90357142857143,26.7,14.3,92.5,14,9.586815079365081,19.298214285714288,3.5539285714285715,16.2,2017-02-01
21,2017,3,22.432258064516127,28.5,15.8,90.2,17,10.169309498207884,21.412580645161288,4.178064516129033,12.9,2017-03-01
21,2017,4,24.326666666666664,32.3,16.7,50.6,7,10.795823981481481,24.125999999999998,5.003666666666667,15.5,2017-04-01
21,2017,5,25.387096774193548,32.8,18.9,85.7,16,10.361541666666668,20.271612903225805,4.2938709677419356,15.2,2017-05-01
21,2017,6,25.65666666666667,33.5,19.1,82.8,19,10.325900833333334,19.828666666666667,4.340333333333334,15.1,2017-06-01
21,2017,7,26.1,34.1,20.3,82.39999999999999,18,10.557107437275985,20.11806451612903,4.5690322580645155,16.4,2017-07-01
21,2017,8,25.10967741935484,32.4,18.5,85.9,17,9.682650806451614,19.017096774193547,4.124516129032258,15.9,2017-08-01
21,2017,9,24.033333333333335,31.6,18.9,129.0,14,8.968686944444443,18.264,3.836666666666667,15.1,2017-09-01
21,2017,10,23.783870967741933,31.1,19.0,249.4,26,8.616506541218637,16.826451612903227,3.484193548387097,12.2,2017-10-01
21,2017,11,21.84333333333333,28.2,14.7,471.1,28,6.425867685185185,13.304666666666666,2.5993333333333335,26.2,2017-11-01
21,2017,12,21.325806451612905,26.5,16.8,143.8,22,8.709986648745518,14.87225806451613,2.741290322580645,18.2,2017-12-01
21,2018,1,20.274193548387096,25.7,12.7,95.60000000000001,16,9.291955465949824,17.669354838709676,3.163870967741935,18.7,2018-01-01
21,2018,2,21.103571428571428,26.8,13.9,196.8,20,9.414934523809524,18.11,3.3214285714285716,13.4,2018-02-01
21,2018,3,22.429032258064513,28.1,16.7,138.1,26,9.718836021505377,19.513548387096773,3.7970967741935486,14.6,2018-03-01
21,2018,4,22.973333333333336,28.6,17.0,109.7,22,10.068888611111111,20.208333333333332,3.975,11.1,2018-04-01
21,2018,5,23.51290322580645,29.2,19.0,254.5,25,8.014215681003584,17.293225806451613,3.4848387096774194,10.9,2018-05-01
21,2018,6,24.316666666666666,29.8,18.2,92.5,19,10.398259444444445,20.554666666666666,4.187666666666667,15.5,2018-06-01
21,2018,7,24.374193548387098,31.1,18.2,81.80000000000001,15,10.224414336917564,20.404838709677417,4.337741935483871,25.9,2018-07-01
21,2018,8,24.483870967741936,32.0,17.9,59.6,13,9.881980017921148,20.144193548387097,4.338709677419355,18.2,2018-08-01
21,2018,9,24.53666666666667,33.5,18.1,192.4,17,9.884881851851851,20.878333333333334,4.4896666666666665,16.1,2018-09-01
21,2018,10,22.419354838709676,27.4,17.5,464.4,29,7.528418279569892,15.520967741935483,3.026451612903226,15.1,2018-10-01
21,2018,11,21.92,27.2,14.9,382.2,23,8.399989722222221,15.639666666666667,2.9699999999999998,17.3,2018-11-01
21,2018,12,21.190322580645162,26.2,15.3,178.3,21,8.578972670250897,15.843225806451612,2.9132258064516128,19.2,2018-12-01
21,2019,1,20.57741935483871,26.4,13.5,198.8,23,9.38554157706093,16.71741935483871,2.946774193548387,15.0,2019-01-01
21,2019,2,21.928571428571427,27.7,15.9,180.8,25,9.4616,17.81607142857143,3.3328571428571427,13.0,2019-02-01
21,2019,3,22.419354838709676,28.8,14.9,86.10000000000001,12,10.723255555555555,23.50741935483871,4.587096774193548,12.3,2019-03-01
21,2019,4,23.88,30.1,16.9,154.0,20,9.33389675925926,20.331666666666667,4.139,10.7,2019-04-01
21,2019,5,25.154838709677417,32.0,17.6,54.4,17,10.511363620071684,21.938387096774196,4.622258064516129,13.8,2019-05-01
21,2019,6,25.90666666666667,32.8,19.1,56.7,10,10.419936111111113,20.662666666666667,4.562333333333333,16.1,2019-06-01
21,2019,7,25.53548387096774,34.2,18.6,39.6,15,10.809433691756274,21.48741935483871,4.7619354838709675,14.5,2019-07-01
21,2019,8,24.951612903225808,33.1,18.3,112.0,14,8.812366666666668,17.470967741935485,3.861612903225806,15.0,2019-08-01
21,2019,9,23.84,32.5,18.6,240.2,26,9.338064537037036,18.875666666666667,3.8939999999999997,14.0,2019-09-01
21,2019,10,22.27741935483871,27.2,18.5,459.4,30,6.427867204301074,14.243548387096775,2.8009677419354837,20.5,2019-10-01
21,2019,11,22.259999999999998,27.3,16.4,247.7,27,9.152726018518518,17.22533333333333,3.2826666666666666,14.9,2019-11-01
21,2019,12,21.700000000000003,26.4,16.9,546.3,28,7.88524059139785,14.010967741935483,2.616129032258064,13.7,2019-12-01
21,2020,1,21.27741935483871,26.4,14.8,112.7,18,10.468630913978494,19.391612903225806,3.5270967741935486,16.2,2020-01-01
21,2020,2,21.53103448275862,26.8,15.0,142.9,22,10.586131226053642,20.06896551724138,3.6610344827586205,15.7,2020-02-01
21,2020,3,23.080645161290324,29.3,16.0,37.8,11,10.950962096774195,24.106129032258064,4.7545161290322575,14.3,2020-03-01
21,2020,4,23.733333333333334,29.9,17.2,125.0,24,10.473509629629628,21.942,4.388333333333334,11.3,2020-04-01
21,2020,5,24.641935483870967,31.0,18.5,143.3,22,8.872747759856633,18.47451612903226,3.811935483870968,18.7,2020-05-01
21,2020,6,24.926666666666666,32.0,18.0,61.5,14,10.107626851851851,20.31066666666667,4.284000000000001,13.0,2020-06-01
21,2020,7,24.287096774193547,31.5,18.2,158.9,21,9.429874103942655,18.09903225806452,3.7903225806451615,12.3,2020-07-01
21,2020,8,24.896774193548385,32.7,18.3,64.3,14,10.280559587813618,21.736451612903227,4.662903225806452,19.1,2020-08-01
21,2020,9,23.85,30.0,18.1,161.6,20,8.158555,16.681,3.4923333333333333,11.8,2020-09-01
21,2020,10,24.29032258064516,32.2,15.9,34.9,10,10.533016935483872,21.884516129032257,4.683870967741935,18.5,2020-10-01
21,2020,11,22.516666666666666,29.3,16.8,283.4,27,8.816135462962963,15.798666666666666,3.0513333333333335,16.6,2020-11-01
21,2020,12,21.67096774193548,28.6,17.0,587.1,27,8.137541666666667,14.836774193548386,2.7925806451612902,15.8,2020-12-01
21,2021,1,21.296774193548387,26.5,15.4,470.8,28,7.3593864695340505,13.833870967741936,2.541935483870968,16.7,2021-01-01
21,2021,2,21.32857142857143,27.6,14.5,131.29999999999998,18,10.456448412698412,19.87607142857143,3.6110714285714285,18.6,2021-02-01
21,2021,3,22.06451612903226,29.4,15.0,169.5,20,9.251935215053761,19.223225806451612,3.7219354838709675,12.3,2021-03-01
21,2021,4,23.2,30.8,16.4,228.5,14,9.884215185185186,21.448333333333334,4.302666666666667,12.4,2021-04-01
21,2021,5,23.861290322580647,30.0,19.1,189.5,23,8.468116845878138,17.84161290322581,3.6148387096774193,12.2,2021-05-01
21,2021,6,23.73,29.3,16.6,164.29999999999998,13,10.553715370370371,21.468666666666667,4.325666666666667,11.5,2021-06-01
21,2021,7,24.08709677419355,30.5,18.5,105.3,20,10.189361469534049,19.85967741935484,4.0764516129032256,13.3,2021-07-01
21,2021,8,23.95483870967742,30.7,16.4,190.0,21,9.269725537634407,18.918709677419354,3.9070967741935485,11.7,2021-08-01
21,2021,9,23.833333333333332,31.3,18.3,173.9,24,9.637351296296297,19.817999999999998,4.069999999999999,12.7,2021-09-01
21,2021,10,23.04516129032258,30.7,17.6,272.5,22,8.532527329749103,17.98741935483871,3.6306451612903223,15.6,2021-10-01
21,2021,11,22.163333333333334,28.6,13.3,371.8,28,6.811741944444446,14.434,2.8160000000000003,18.8,2021-11-01
21,2021,12,21.361290322580647,26.8,13.8,176.79999999999998,27,9.615599731182794,17.601935483870967,3.2283870967741937,14.1,2021-12-01
21,2022,1,21.05806451612903,26.7,13.6,157.5,23,9.201002777777777,18.087419354838712,3.3403225806451613,14.6,2022-01-01
21,2022,2,21.15357142857143,27.4,14.3,109.1,15,9.405563392857141,20.52607142857143,3.777857142857143,15.9,2022-02-01
21,2022,3,22.458064516129035,29.6,16.5,66.8,20,9.80714758064516,20.773870967741935,4.038709677419355,15.7,2022-03-01
21,2022,4,22.706666666666667,28.5,17.7,251.3,29,8.654644074074074,18.48166666666667,3.642333333333333,11.8,2022-04-01
21,2022,5,24.65806451612903,31.6,18.2,140.4,15,9.809158154121864,20.582903225806454,4.214838709677419,14.6,2022-05-01
21,2022,6,23.926666666666666,30.1,18.0,155.8,23,9.887328518518515,19.508,3.953333333333333,12.2,2022-06-01
21,2022,7,24.216129032258067,31.7,18.4,98.7,17,8.60371523297491,18.255806451612905,3.9251612903225808,20.6,2022-07-01
21,2022,8,23.87741935483871,30.0,18.0,168.7,22,9.218473655913977,19.628709677419355,4.054193548387096,16.0,2022-08-01
21,2022,9,23.596666666666668,30.5,16.3,134.4,14,10.015249722222222,21.99233333333333,4.488333333333333,13.0,2022-09-01
21,2022,10,22.76451612903226,30.4,17.3,280.7,26,7.910686559139785,17.385483870967743,3.465161290322581,14.0,2022-10-01
21,2022,11,21.509999999999998,28.5,15.3,249.4,20,7.884528703703703,16.665,3.1533333333333333,17.6,2022-11-01
21,2022,12,20.980645161290322,26.4,14.5,237.6,24,7.3477694444444435,14.646451612903226,2.7874193548387094,25.5,2022-12-01
21,2023,1,20.1,24.9,13.4,198.5,25,8.727117921146952,16.70258064516129,2.9396774193548385,17.6,2023-01-01
21,2023,2,21.035714285714285,25.6,14.2,190.7,21,8.847613194444444,18.693571428571428,3.362142857142857,20.1,2023-02-01
21,2023,3,22.07741935483871,28.9,17.0,127.1,20,9.189103136200716,20.014193548387098,3.8390322580645164,12.4,2023-03-01
21,2023,4,23.05,29.5,16.8,130.9,20,10.06093388888889,21.967333333333332,4.335999999999999,11.2,2023-04-01
21,2023,5,24.09032258064516,31.0,17.9,111.0,17,9.194799999999999,20.088709677419356,4.099032258064516,11.6,2023-05-01
21,2023,6,25.029999999999998,31.1,18.8,154.4,23,10.592579259259256,21.150333333333332,4.375333333333333,11.4,2023-06-01
21,2023,7,25.016129032258064,32.7,19.0,87.3,17,9.748647670250897,20.044193548387096,4.295483870967741,17.4,2023-07-01
21,2023,8,25.58709677419355,33.2,18.5,114.60000000000001,17,10.818008691756274,22.517419354838708,4.8667741935483875,15.9,2023-08-01
21,2023,9,24.023333333333333,29.2,18.2,200.8,26,8.540646759259259,18.00433333333333,3.6906666666666665,14.7,2023-09-01
21,2023,10,23.016129032258064,27.9,18.2,390.3,29,7.345247132616488,15.899354838709677,3.157741935483871,13.6,2023-10-01
21,2023,11,22.613333333333333,27.6,17.0,472.6,30,7.094945648148147,14.624666666666666,2.8346666666666667,10.8,2023-11-01
21,2023,12,22.370967741935484,27.2,17.7,413.7,31,6.658652508960573,13.510645161290322,2.564516129032258,14.4,2023-12-01
21,2024,1,21.683870967741935,27.0,14.3,249.6,28,8.337779838709677,16.396129032258067,3.00258064516129,15.3,2024-01-01
21,2024,2,22.372413793103448,28.4,15.5,106.3,19,10.302693007662834,20.826206896551724,3.919310344827586,15.3,2024-02-01
21,2024,3,23.396774193548385,30.7,16.0,80.8,10,10.577615501792115,23.807741935483868,4.781612903225806,13.7,2024-03-01
21,2024,4,24.636666666666667,31.3,17.7,112.0,17,10.44841425925926,23.131333333333334,4.7316666666666665,12.7,2024-04-01
21,2024,5,25.529032258064515,33.3,20.0,205.5,23,8.716664426523296,19.030967741935484,3.9925806451612904,13.7,2024-05-01
21,2024,6,25.1625,30.1,19.9,31.9,5,9.883587499999999,19.53625,4.0,11.4,2024-06-01
22,2010,1,24.048387096774192,29.2,19.1,106.3,17,9.749198835125448,16.494193548387095,3.365806451612903,19.5,2010-01-01
22,2010,2,24.571428571428573,31.6,18.0,24.3,7,9.717261904761903,19.177500000000002,3.9364285714285714,19.5,2010-02-01
22,2010,3,26.325806451612905,33.5,18.2,56.9,14,10.955307347670253,22.36193548387097,4.806129032258065,16.1,2010-03-01
22,2010,4,26.633333333333333,33.3,21.8,143.7,23,10.260248703703704,20.394000000000002,4.235666666666666,11.3,2010-04-01
22,2010,5,26.983870967741936,33.3,22.8,121.5,20,9.87073387096774,19.71741935483871,4.14258064516129,24.4,2010-05-01
22,2010,6,27.28666666666667,33.6,22.9,98.6,17,10.26832925925926,19.909666666666666,4.321666666666667,17.4,2010-06-01
22,2010,7,27.238709677419354,34.3,22.1,44.5,17,10.501572670250894,20.309032258064516,4.38516129032258,17.8,2010-07-01
22,2010,8,27.43548387096774,34.9,22.3,102.7,17,9.746444802867382,19.585483870967742,4.276129032258065,13.3,2010-08-01
22,2010,9,26.626666666666665,34.7,22.1,208.9,21,8.936844814814815,18.740666666666666,4.009333333333333,13.9,2010-09-01
22,2010,10,26.26451612903226,33.9,19.9,162.1,13,9.86824247311828,19.623225806451615,4.151935483870968,12.9,2010-10-01
22,2010,11,24.529999999999998,31.1,20.1,412.1,29,8.103854537037035,14.871999999999998,2.996,12.6,2010-11-01
22,2010,12,23.703225806451613,29.6,18.8,441.7,28,6.5158168458781365,11.803548387096773,2.4080645161290324,19.6,2010-12-01
22,2011,1,23.229032258064517,28.3,17.9,421.1,24,6.733535752688171,12.425161290322581,2.491612903225806,19.1,2011-01-01
22,2011,2,23.964285714285715,29.6,19.3,353.40000000000003,14,7.366130357142856,14.690714285714284,3.0025000000000004,18.8,2011-02-01
22,2011,3,24.87741935483871,31.8,17.0,86.3,20,10.028881003584228,20.232580645161292,4.1170967741935485,18.1,2011-03-01
22,2011,4,25.396666666666665,32.4,19.1,182.79999999999998,23,9.615734537037037,20.486666666666668,4.194999999999999,14.8,2011-04-01
22,2011,5,26.993548387096773,33.2,21.5,53.2,12,11.125703315412188,22.431612903225805,4.731290322580644,17.4,2011-05-01
22,2011,6,28.14333333333333,35.5,20.9,20.7,7,11.054126944444446,21.773,4.882000000000001,14.8,2011-06-01
22,2011,7,27.548387096774192,34.5,22.2,78.2,19,10.541890591397847,20.469677419354838,4.501935483870968,15.0,2011-07-01
22,2011,8,27.061290322580643,34.7,21.8,90.7,21,10.571295161290323,20.63774193548387,4.6,20.3,2011-08-01
22,2011,9,27.323333333333334,34.5,20.8,67.8,17,10.884344259259262,21.880999999999997,4.827666666666667,16.9,2011-09-01
22,2011,10,25.961290322580645,34.4,21.4,271.6,26,8.724983422939069,17.62258064516129,3.6861290322580644,13.3,2011-10-01
22,2011,11,24.496666666666666,29.4,20.1,223.5,24,8.69672861111111,15.225333333333333,3.045666666666667,20.2,2011-11-01
22,2011,12,23.993548387096773,29.5,17.1,449.2,22,7.743533154121864,13.776129032258064,2.8048387096774197,19.6,2011-12-01
22,2012,1,23.725806451612904,29.5,15.1,49.2,7,10.125687007168457,17.03774193548387,3.487096774193548,21.1,2012-01-01
22,2012,2,24.23448275862069,29.5,17.9,94.3,16,9.74240785440613,17.823793103448274,3.6589655172413793,18.9,2012-02-01
22,2012,3,25.83225806451613,32.8,19.0,62.4,10,10.948445878136202,22.97225806451613,4.825483870967742,13.4,2012-03-01
22,2012,4,25.603333333333335,31.8,20.6,136.6,28,9.921362407407408,19.785,4.048333333333334,13.5,2012-04-01
22,2012,5,28.283870967741933,36.3,18.9,9.8,2,11.13865716845878,23.77193548387097,5.4716129032258065,19.5,2012-05-01
22,2012,6,29.026666666666664,37.3,22.6,25.2,8,10.909185185185185,21.113999999999997,5.316333333333334,20.0,2012-06-01
22,2012,7,28.496774193548386,37.4,22.7,45.0,11,10.695506362007167,21.323870967741936,4.920967741935484,15.4,2012-07-01
22,2012,8,28.616129032258065,37.0,22.9,73.2,17,10.780650627240142,20.82774193548387,5.212903225806452,19.2,2012-08-01
22,2012,9,27.796666666666667,35.7,22.5,72.5,20,10.494736851851851,21.09466666666667,4.886666666666667,16.5,2012-09-01
22,2012,10,26.112903225806452,37.3,21.5,278.2,26,8.831383870967743,17.261290322580646,3.8048387096774197,21.5,2012-10-01
22,2012,11,24.88,30.5,20.5,232.1,24,8.818998703703702,15.244666666666665,3.1043333333333334,19.9,2012-11-01
22,2012,12,23.861290322580647,29.1,17.4,270.40000000000003,22,7.220955645161292,12.638709677419355,2.547096774193548,20.3,2012-12-01
22,2013,1,23.52258064516129,28.8,18.1,481.9,13,7.621102598566308,14.576129032258065,3.0003225806451614,19.0,2013-01-01
22,2013,2,24.260714285714283,29.7,18.1,120.6,16,9.110917361111111,17.525357142857143,3.5517857142857143,18.0,2013-02-01
22,2013,3,25.154838709677417,31.5,20.0,142.6,22,10.073881451612902,19.265483870967742,3.901935483870968,18.8,2013-03-01
22,2013,4,26.67,33.2,21.3,61.0,13,10.722950833333334,22.324,4.668666666666667,11.5,2013-04-01
22,2013,5,27.125806451612902,34.0,22.0,107.2,19,10.02722240143369,20.630967741935482,4.4232258064516135,21.9,2013-05-01
22,2013,6,26.886666666666667,33.4,22.9,90.2,19,9.695301018518519,18.549333333333333,4.032333333333333,15.6,2013-06-01
22,2013,7,27.016129032258064,34.3,22.5,91.2,15,10.555566666666667,20.11064516129032,4.389677419354839,14.6,2013-07-01
22,2013,8,27.351612903225806,34.5,21.9,69.3,13,10.849806541218639,21.82774193548387,4.761290322580645,16.9,2013-08-01
22,2013,9,27.053333333333335,35.3,20.8,62.6,16,10.387284074074076,20.274333333333335,4.562,17.1,2013-09-01
22,2013,10,26.661290322580644,35.0,20.6,176.1,16,9.983700985663083,19.95709677419355,4.374193548387097,16.5,2013-10-01
22,2013,11,24.763333333333332,30.5,19.5,93.9,20,9.981419074074074,17.424666666666667,3.5290000000000004,17.9,2013-11-01
22,2013,12,23.77741935483871,29.9,19.0,297.7,21,7.157804749103942,12.500322580645161,2.6029032258064517,21.2,2013-12-01
22,2014,1,23.635483870967743,28.1,18.6,198.5,19,8.917667741935485,14.495483870967742,2.917741935483871,19.3,2014-01-01
22,2014,2,24.05,30.3,15.0,31.4,10,10.74042738095238,19.619285714285716,3.998214285714286,18.1,2014-02-01
22,2014,3,25.516129032258064,33.4,17.2,44.8,6,10.53505600358423,20.70451612903226,4.449032258064515,18.1,2014-03-01
22,2014,4,26.633333333333333,33.9,19.8,93.5,16,10.715562314814814,21.776,4.616,12.5,2014-04-01
22,2014,5,27.05806451612903,34.6,22.0,166.29999999999998,22,10.0844146953405,20.493548387096773,4.3425806451612905,17.3,2014-05-01
22,2014,6,28.243333333333332,35.6,22.3,82.1,13,10.917772685185184,21.291333333333334,4.727333333333333,16.4,2014-06-01
22,2014,7,28.312903225806455,35.8,22.3,40.2,8,10.9584732078853,21.09193548387097,4.753225806451613,14.2,2014-07-01
22,2014,8,27.125806451612902,34.3,21.8,121.4,20,10.52658620071685,20.750645161290322,4.504838709677419,15.5,2014-08-01
22,2014,9,27.293333333333333,34.8,21.0,131.7,18,10.701033888888889,21.511666666666667,4.781333333333333,14.5,2014-09-01
22,2014,10,25.27741935483871,32.2,21.0,308.6,29,9.007442741935483,17.671935483870968,3.6106451612903228,12.2,2014-10-01
22,2014,11,24.423333333333336,31.0,19.8,416.8,25,7.586209814814815,13.899666666666667,2.8143333333333334,14.0,2014-11-01
22,2014,12,23.95483870967742,29.6,19.9,675.2,29,5.735520071684587,10.902903225806451,2.2409677419354836,20.8,2014-12-01
22,2015,1,24.1,29.6,18.1,43.2,9,10.369772043010752,17.613225806451613,3.636451612903226,18.2,2015-01-01
22,2015,2,23.88214285714286,29.1,16.5,131.7,18,9.894232142857144,17.690714285714286,3.529642857142857,18.0,2015-02-01
22,2015,3,24.716129032258067,31.3,16.7,96.69999999999999,13,10.524743369175626,21.436451612903223,4.333225806451614,14.3,2015-03-01
22,2015,4,25.52,31.5,20.7,159.70000000000002,26,9.985216388888887,20.262,4.101333333333333,13.6,2015-04-01
22,2015,5,26.519354838709678,33.5,21.8,181.8,22,10.012809318996414,20.326129032258066,4.248709677419355,16.8,2015-05-01
22,2015,6,27.323333333333334,34.1,21.8,110.2,18,10.856113888888887,21.329666666666665,4.555666666666666,15.0,2015-06-01
22,2015,7,27.925806451612903,35.0,21.6,39.5,16,10.93278799283154,21.413548387096775,4.777096774193549,15.6,2015-07-01
22,2015,8,27.62258064516129,35.4,22.7,84.7,19,11.01407123655914,21.921290322580642,4.893225806451613,17.1,2015-08-01
22,2015,9,27.05,34.9,22.3,135.5,22,10.016168888888888,20.161333333333335,4.525666666666667,17.7,2015-09-01
22,2015,10,25.509677419354837,32.7,21.4,560.6,29,8.142960663082437,16.407096774193548,3.3819354838709677,18.0,2015-10-01
22,2015,11,24.813333333333333,30.0,20.3,290.7,28,8.375475555555557,14.713333333333333,2.9806666666666666,13.4,2015-11-01
22,2015,12,24.448387096774194,29.5,19.3,327.3,28,7.957522759856632,13.404838709677419,2.6893548387096775,16.1,2015-12-01
22,2016,1,24.532258064516128,30.1,18.5,33.3,11,10.156627508960575,17.299677419354836,3.5938709677419354,18.6,2016-01-01
22,2016,2,25.16896551724138,31.0,18.3,49.6,12,10.065908716475096,18.61344827586207,3.951724137931034,19.6,2016-02-01
22,2016,3,26.54516129032258,34.8,18.3,51.8,11,11.047948655913977,22.315806451612904,4.807096774193549,16.6,2016-03-01
22,2016,4,27.476666666666667,35.2,22.1,55.0,13,10.907376574074076,21.892,4.730333333333333,17.4,2016-04-01
22,2016,5,26.79032258064516,33.1,22.6,268.2,22,9.014198207885306,17.961290322580645,3.8103225806451615,22.1,2016-05-01
22,2016,6,27.936666666666667,35.5,23.0,26.9,12,10.360168981481484,20.221999999999998,4.585666666666667,19.3,2016-06-01
22,2016,7,28.419354838709676,37.6,22.6,60.1,13,10.550195967741937,20.442903225806454,4.654516129032258,17.6,2016-07-01
22,2016,8,28.12258064516129,36.0,22.1,55.699999999999996,10,10.733072670250895,21.675161290322578,4.881935483870968,15.3,2016-08-01
22,2016,9,28.209999999999997,36.0,20.4,27.4,11,10.790063055555555,22.029999999999998,5.004666666666667,13.6,2016-09-01
22,2016,10,27.63225806451613,37.5,20.8,127.5,14,10.441828673835126,20.73,4.593870967741935,13.4,2016-10-01
22,2016,11,24.783333333333335,30.8,20.6,211.8,24,7.856600277777781,14.830333333333334,3.0526666666666666,16.3,2016-11-01
22,2016,12,24.503225806451614,30.8,16.5,71.9,12,10.240929569892474,17.055806451612902,3.5187096774193547,19.5,2016-12-01
22,2017,1,24.787096774193547,31.9,18.5,119.3,14,9.065289695340502,17.749032258064517,4.167096774193548,23.8,2017-01-01
22,2017,2,24.946428571428573,31.5,19.8,95.1,11,9.665268452380952,19.54714285714286,4.304642857142857,24.4,2017-02-01
22,2017,3,25.94516129032258,33.0,21.0,157.7,20,10.106515232974914,20.60451612903226,4.300967741935485,19.3,2017-03-01
22,2017,4,28.196666666666665,37.6,22.0,101.9,11,10.723906388888889,23.123,5.1946666666666665,21.1,2017-04-01
22,2017,5,28.406451612903226,37.6,23.0,131.7,21,10.222244265232975,20.356129032258064,4.7538709677419355,23.8,2017-05-01
22,2017,6,29.033333333333335,39.1,22.8,37.8,14,10.349138055555555,19.927000000000003,5.198666666666667,27.8,2017-06-01
22,2017,7,29.603225806451615,39.1,23.5,49.4,16,10.287097759856632,19.77032258064516,5.038387096774193,25.9,2017-07-01
22,2017,8,28.806451612903224,37.6,23.3,63.6,17,10.106267114695338,20.13290322580645,5.059677419354839,29.1,2017-08-01
22,2017,9,27.813333333333333,37.8,22.6,66.9,14,9.564326851851854,19.402333333333335,4.837999999999999,29.3,2017-09-01
22,2017,10,27.216129032258067,36.7,22.6,284.2,20,9.076238888888888,18.06483870967742,4.111290322580645,26.1,2017-10-01
22,2017,11,24.88,31.9,19.6,428.6,27,6.64809462962963,13.608333333333333,2.8040000000000003,25.5,2017-11-01
22,2017,12,24.89032258064516,30.2,21.1,80.10000000000001,15,9.205119802867385,16.161612903225805,3.434193548387097,24.5,2017-12-01
22,2018,1,24.73225806451613,32.0,17.9,48.800000000000004,10,9.485124551971328,18.088064516129034,4.105161290322581,22.6,2018-01-01
22,2018,2,25.135714285714283,32.9,20.1,117.1,11,9.797056448412697,18.909285714285716,4.207142857142857,20.0,2018-02-01
22,2018,3,25.758064516129032,33.9,20.7,165.6,22,9.560695340501793,19.160645161290322,4.006774193548387,16.9,2018-03-01
22,2018,4,26.089999999999996,32.9,21.7,235.7,27,9.652123518518518,19.355666666666664,4.001666666666667,15.6,2018-04-01
22,2018,5,26.103225806451615,33.6,22.2,257.0,24,8.359107437275986,17.926451612903225,3.712258064516129,28.0,2018-05-01
22,2018,6,27.513333333333332,37.3,23.2,39.800000000000004,10,10.62528888888889,20.340333333333334,4.816999999999999,27.9,2018-06-01
22,2018,7,28.76451612903226,39.4,22.5,50.8,11,10.41037069892473,20.43064516129032,5.108387096774193,26.0,2018-07-01
22,2018,8,28.870967741935484,38.8,22.4,29.1,8,10.231504390681005,20.116129032258065,5.141935483870968,30.0,2018-08-01
22,2018,9,28.240000000000002,39.3,22.6,135.4,13,10.111646203703703,21.57766666666667,5.456666666666666,29.5,2018-09-01
22,2018,10,24.970967741935485,31.2,20.9,490.6,31,7.754883422939068,16.39516129032258,3.294516129032258,18.7,2018-10-01
22,2018,11,24.82,31.0,20.4,450.9,23,8.02923537037037,15.587666666666667,3.128333333333333,20.1,2018-11-01
22,2018,12,24.548387096774192,30.0,19.1,107.1,18,8.78615716845878,16.750645161290322,3.382903225806452,20.4,2018-12-01
22,2019,1,24.825806451612905,30.4,20.0,38.0,7,10.336346057347669,19.489677419354837,4.216774193548387,22.7,2019-01-01
22,2019,2,25.432142857142857,31.8,21.1,133.3,20,9.836870833333334,18.299642857142857,3.8378571428571426,20.8,2019-02-01
22,2019,3,26.948387096774194,37.1,20.5,62.8,12,10.730511648745521,22.567741935483873,5.074516129032258,17.8,2019-03-01
22,2019,4,27.473333333333336,37.1,22.8,129.2,23,9.503538611111109,20.66,4.533,17.3,2019-04-01
22,2019,5,28.93548387096774,38.2,22.1,26.5,8,10.810668727598568,22.04741935483871,5.591290322580646,26.1,2019-05-01
22,2019,6,29.586666666666666,38.3,23.3,43.5,11,10.462138611111111,20.353333333333335,5.532333333333333,27.6,2019-06-01
22,2019,7,29.14516129032258,37.6,22.8,14.1,4,10.534546774193547,20.731290322580644,5.5609677419354835,28.3,2019-07-01
22,2019,8,27.848387096774193,36.0,22.1,40.7,8,9.081051075268816,18.359032258064516,4.925161290322581,31.5,2019-08-01
22,2019,9,27.043333333333333,38.0,22.3,164.9,21,9.436429444444443,19.198666666666668,4.55,29.5,2019-09-01
22,2019,10,24.693548387096776,31.2,21.2,511.90000000000003,31,6.533294713261647,14.549354838709679,2.94258064516129,16.5,2019-10-01
22,2019,11,24.993333333333332,31.0,21.4,318.1,27,8.981213425925926,16.937666666666665,3.347666666666667,16.8,2019-11-01
22,2019,12,24.651612903225807,29.8,21.9,330.4,25,7.980997401433694,14.570645161290322,2.8970967741935483,20.7,2019-12-01
22,2020,1,25.032258064516128,30.3,20.2,46.3,13,10.69329417562724,18.94451612903226,3.9790322580645165,21.9,2020-01-01
22,2020,2,25.624137931034483,31.9,20.4,40.5,6,10.792324425287356,20.139310344827585,4.476896551724138,24.1,2020-02-01
22,2020,3,27.148387096774194,34.7,21.0,22.0,6,10.540651612903225,21.801290322580645,5.0045161290322575,17.6,2020-03-01
22,2020,4,27.323333333333334,36.5,20.9,179.8,22,10.05384351851852,20.362666666666666,4.431666666666667,16.0,2020-04-01
22,2020,5,27.44516129032258,35.0,23.4,117.8,18,9.32612688172043,19.27,4.2780645161290325,25.2,2020-05-01
22,2020,6,28.923333333333336,38.5,22.1,40.199999999999996,9,9.851241203703704,19.815,4.934666666666667,27.0,2020-06-01
22,2020,7,27.80322580645161,36.3,22.7,98.3,14,9.390799551971327,18.18516129032258,4.316451612903226,25.0,2020-07-01
22,2020,8,28.770967741935483,38.8,22.2,25.6,5,10.001211559139787,21.065806451612904,5.26,26.3,2020-08-01
22,2020,9,27.703333333333333,36.9,22.1,88.60000000000001,9,8.386347685185187,17.8,4.493333333333334,27.3,2020-09-01
22,2020,10,28.719354838709677,39.3,21.9,133.9,10,10.206507974910393,20.791612903225804,5.137096774193548,26.6,2020-10-01
22,2020,11,25.516666666666666,33.6,21.4,370.9,26,8.560739259259261,16.329666666666665,3.3626666666666667,20.0,2020-11-01
22,2020,12,24.967741935483872,31.7,20.2,305.6,18,8.620408691756273,15.899354838709677,3.3225806451612905,18.9,2020-12-01
22,2021,1,24.396774193548385,30.9,20.8,373.6,23,7.8314861111111105,14.832258064516129,3.0058064516129033,18.9,2021-01-01
22,2021,2,25.157142857142855,32.2,20.2,54.9,12,10.702781250000001,20.73464285714286,4.3325000000000005,25.5,2021-02-01
22,2021,3,25.61935483870968,32.3,20.2,140.5,14,8.970971863799283,18.55806451612903,3.9658064516129032,16.8,2021-03-01
22,2021,4,26.596666666666668,34.7,21.0,135.7,18,10.231338333333333,21.944666666666667,4.602333333333333,19.4,2021-04-01
22,2021,5,26.809677419354838,34.9,22.3,191.4,20,9.066435125448029,18.643548387096775,4.009032258064516,32.3,2021-05-01
22,2021,6,28.27,37.8,21.6,44.6,7,10.542530277777779,20.873,4.964333333333333,25.6,2021-06-01
22,2021,7,28.47741935483871,38.0,22.5,67.7,12,10.177307437275987,19.87516129032258,4.862580645161291,29.8,2021-07-01
22,2021,8,28.293548387096774,38.2,21.9,88.4,15,9.218598028673835,19.42290322580645,4.731935483870967,22.0,2021-08-01
22,2021,9,28.17,37.8,22.5,81.1,15,9.663063240740744,19.749666666666666,4.945333333333334,27.3,2021-09-01
22,2021,10,26.49032258064516,35.3,21.4,200.4,19,8.897506989247312,18.813870967741938,4.247096774193548,28.8,2021-10-01
22,2021,11,24.716666666666665,31.1,20.1,398.1,26,6.980207777777777,15.571333333333333,3.1473333333333335,18.6,2021-11-01
22,2021,12,24.87741935483871,31.2,20.4,118.1,18,9.399440412186381,17.965806451612906,3.751290322580645,19.6,2021-12-01
22,2022,1,24.693548387096776,31.0,17.2,90.3,21,10.209577419354842,19.30290322580645,3.9706451612903226,23.3,2022-01-01
22,2022,2,25.50714285714286,32.4,19.9,53.5,11,9.852954166666665,20.818928571428568,4.638928571428571,21.9,2022-02-01
22,2022,3,26.374193548387098,33.8,21.3,96.1,22,9.745751702508962,20.820645161290322,4.558064516129033,24.5,2022-03-01
22,2022,4,25.883333333333333,33.1,21.7,208.6,29,9.077215,20.313666666666666,4.171333333333333,17.1,2022-04-01
22,2022,5,27.603225806451615,36.2,22.5,66.9,12,10.29766801075269,21.348387096774193,5.07774193548387,29.5,2022-05-01
22,2022,6,27.816666666666666,36.7,22.5,66.8,17,9.83734435185185,19.980999999999998,4.767333333333334,26.2,2022-06-01
22,2022,7,27.84193548387097,38.0,22.2,125.1,16,8.682854928315411,18.92838709677419,4.499354838709677,25.5,2022-07-01
22,2022,8,26.738709677419354,35.7,20.2,163.9,17,9.4305541218638,20.413870967741936,4.5367741935483865,23.7,2022-08-01
22,2022,9,27.273333333333333,37.4,21.8,46.7,12,10.137897777777775,22.203333333333333,5.0633333333333335,24.4,2022-09-01
22,2022,10,25.780645161290323,36.8,21.1,289.6,27,8.014042741935485,18.153548387096773,3.8480645161290323,17.3,2022-10-01
22,2022,11,24.709999999999997,30.8,18.4,276.0,20,7.873168333333333,17.056,3.502666666666667,16.9,2022-11-01
22,2022,12,24.251612903225805,30.3,18.1,211.5,20,7.750686111111111,15.581612903225807,3.1912903225806453,22.0,2022-12-01
22,2023,1,24.22258064516129,29.7,19.9,80.9,13,9.218681541218638,18.01322580645161,3.892258064516129,21.6,2023-01-01
22,2023,2,24.59642857142857,30.9,20.0,136.70000000000002,13,9.22235634920635,19.38357142857143,3.9846428571428567,20.5,2023-02-01
22,2023,3,25.493548387096773,33.1,21.3,129.4,19,9.25773629032258,20.390967741935484,4.195161290322581,19.7,2023-03-01
22,2023,4,26.59,35.1,21.4,157.2,21,9.79908648148148,21.801333333333332,4.621666666666667,16.4,2023-04-01
22,2023,5,27.203225806451613,36.2,22.2,137.2,16,9.317016756272402,20.661612903225805,4.498387096774193,27.1,2023-05-01
22,2023,6,29.17,37.9,23.3,37.8,16,10.509699907407406,21.501666666666665,5.225,25.8,2023-06-01
22,2023,7,28.69677419354839,39.3,22.3,59.0,14,9.791292562724015,20.139032258064518,5.0606451612903225,22.0,2023-07-01
22,2023,8,29.770967741935483,39.4,23.2,27.3,15,10.864971953405016,22.93967741935484,6.2219354838709675,29.0,2023-08-01
22,2023,9,26.936666666666667,34.8,22.4,99.1,24,9.288443611111113,19.884333333333334,4.901333333333333,29.0,2023-09-01
22,2023,10,25.148387096774194,31.5,21.2,363.1,28,8.174713620071683,17.7758064516129,3.6141935483870964,24.1,2023-10-01
22,2023,11,24.75,30.5,21.4,530.5,29,7.038482314814815,15.168,3.0203333333333333,17.7,2023-11-01
22,2023,12,24.761290322580646,29.7,21.9,404.8,27,7.279464784946237,14.453548387096774,2.88,21.9,2023-12-01
22,2024,1,24.793548387096774,31.1,19.2,211.8,17,8.918952150537635,17.336129032258064,3.5503225806451613,21.3,2024-01-01
22,2024,2,26.2448275862069,33.5,21.0,36.9,11,10.671397701149425,21.031379310344825,4.648620689655172,20.9,2024-02-01
22,2024,3,27.13225806451613,36.2,20.3,76.6,8,10.63490940860215,22.87677419354839,5.1816129032258065,19.0,2024-03-01
22,2024,4,27.796666666666667,36.1,22.6,153.4,17,9.876874814814817,22.138333333333332,4.840999999999999,17.8,2024-04-01
22,2024,5,27.638709677419353,38.2,23.1,192.0,19,9.019180017921146,19.80483870967742,4.393548387096774,30.7,2024-05-01
22,2024,6,27.3125,33.7,23.7,28.8,3,10.244534027777778,20.2125,4.55,25.0,2024-06-01
23,2010,1,24.825806451612905,30.5,19.2,152.6,15,10.170558333333334,19.228064516129034,3.845806451612903,14.2,2010-01-01
23,2010,2,25.514285714285712,32.1,19.8,85.2,11,9.910863888888887,19.761071428571427,4.020714285714286,11.6,2010-02-01
23,2010,3,26.116129032258065,32.9,20.4,75.8,14,10.693635035842293,21.965483870967745,4.516774193548388,15.8,2010-03-01
23,2010,4,25.91,30.8,22.3,283.1,29,9.156829814814815,18.679,3.746,13.6,2010-04-01
23,2010,5,25.583870967741937,30.7,23.1,334.8,31,8.124530555555555,15.147096774193548,2.950322580645161,17.8,2010-05-01
23,2010,6,25.003333333333334,29.8,22.5,381.5,30,9.117326851851853,16.115666666666666,3.024,23.8,2010-06-01
23,2010,7,24.661290322580644,30.1,21.6,225.9,30,9.44610905017921,16.84903225806452,3.1712903225806452,23.9,2010-07-01
23,2010,8,24.30322580645161,28.3,21.0,234.5,28,8.697478136200715,16.31193548387097,2.9816129032258067,23.8,2010-08-01
23,2010,9,24.303333333333335,28.4,20.8,298.5,27,8.09968351851852,15.947666666666667,3.005333333333333,20.5,2010-09-01
23,2010,10,24.31935483870968,28.4,20.1,260.3,25,9.59884041218638,17.040967741935482,3.1903225806451614,22.9,2010-10-01
23,2010,11,24.07,29.3,20.7,511.59999999999997,28,7.993303888888888,14.867333333333333,2.8863333333333334,21.6,2010-11-01
23,2010,12,23.55806451612903,28.3,17.5,436.8,25,6.27170788530466,12.792903225806452,2.5019354838709678,22.9,2010-12-01
23,2011,1,23.45483870967742,29.0,16.8,236.9,20,7.226007616487455,14.326451612903226,2.8287096774193548,20.6,2011-01-01
23,2011,2,24.275000000000002,29.4,20.1,167.3,22,8.30593878968254,16.76142857142857,3.3089285714285714,28.5,2011-02-01
23,2011,3,25.07741935483871,30.9,18.9,161.6,24,10.21128700716846,20.88,4.174193548387097,15.2,2011-03-01
23,2011,4,24.84,29.7,20.7,341.5,28,9.411600833333333,18.62,3.6416666666666666,16.7,2011-04-01
23,2011,5,25.164516129032258,29.7,22.2,202.6,29,10.06796487455197,18.080322580645163,3.448387096774194,18.8,2011-05-01
23,2011,6,24.89,28.6,21.8,177.1,30,10.547801296296297,18.074,3.384,22.2,2011-06-01
23,2011,7,24.419354838709676,28.6,21.6,249.2,31,9.573240591397846,16.9158064516129,3.1270967741935483,19.8,2011-07-01
23,2011,8,24.358064516129033,28.2,21.5,270.2,31,9.478188082437274,17.37483870967742,3.225806451612903,19.0,2011-08-01
23,2011,9,24.52,28.6,21.0,266.6,25,9.91191324074074,18.299666666666667,3.4643333333333333,19.5,2011-09-01
23,2011,10,24.690322580645162,29.1,21.2,294.5,26,9.050079390681004,17.57225806451613,3.4287096774193544,18.0,2011-10-01
23,2011,11,24.59333333333333,29.7,20.1,311.5,26,8.121218888888889,15.963,3.2063333333333333,23.8,2011-11-01
23,2011,12,24.193548387096776,29.2,16.9,301.5,20,8.26327123655914,16.053870967741936,3.181935483870968,19.5,2011-12-01
23,2012,1,24.27741935483871,29.8,17.8,76.6,14,10.494025179211471,19.768387096774195,3.9009677419354842,10.2,2012-01-01
23,2012,2,24.803448275862067,30.8,18.7,165.8,14,9.921706992337166,19.20344827586207,3.867241379310345,12.1,2012-02-01
23,2012,3,25.06451612903226,30.2,19.8,151.3,22,10.93219399641577,22.017096774193547,4.361612903225807,17.4,2012-03-01
23,2012,4,25.12,30.1,21.3,228.9,30,9.260516851851852,18.619333333333334,3.646666666666667,17.0,2012-04-01
23,2012,5,25.287096774193547,29.8,20.6,120.0,19,10.206234677419353,18.998387096774195,3.6825806451612904,19.5,2012-05-01
23,2012,6,24.7,28.6,22.0,197.9,30,9.370811574074075,16.402,3.051,22.2,2012-06-01
23,2012,7,24.635483870967743,29.4,22.0,205.6,30,10.255891487455195,17.833548387096776,3.314516129032258,22.9,2012-07-01
23,2012,8,24.40967741935484,28.5,21.4,283.0,31,9.627478315412185,17.469354838709677,3.2783870967741935,21.5,2012-08-01
23,2012,9,24.543333333333333,28.9,22.0,264.6,29,8.858977129629631,16.945333333333334,3.2199999999999998,18.0,2012-09-01
23,2012,10,24.519354838709678,29.7,21.0,489.2,28,7.826572580645161,16.236451612903224,3.1919354838709677,22.3,2012-10-01
23,2012,11,24.626666666666665,29.5,20.0,466.2,24,8.593924629629631,16.442666666666664,3.2616666666666663,16.6,2012-11-01
23,2012,12,24.393548387096775,29.6,18.6,210.20000000000002,22,8.623387544802867,15.509032258064515,3.0880645161290325,11.5,2012-12-01
23,2013,1,24.56451612903226,30.2,17.9,173.9,13,8.902036738351255,17.298387096774192,3.4612903225806453,14.4,2013-01-01
23,2013,2,25.021428571428572,30.8,19.5,214.6,16,9.883635317460318,19.416785714285712,3.8903571428571424,10.8,2013-02-01
23,2013,3,25.416129032258063,30.1,21.0,261.8,28,10.03548476702509,19.818709677419356,3.9958064516129035,12.3,2013-03-01
23,2013,4,25.933333333333334,30.7,22.1,130.0,24,10.311349999999997,20.719333333333335,4.127,14.4,2013-04-01
23,2013,5,25.287096774193547,30.0,21.8,296.1,30,8.1339582437276,15.75516129032258,3.0074193548387096,19.1,2013-05-01
23,2013,6,24.2,27.8,22.0,327.0,30,9.177479074074073,15.34,2.7776666666666667,24.6,2013-06-01
23,2013,7,24.261290322580646,28.4,21.7,224.9,30,10.101418010752687,17.276774193548388,3.1619354838709675,22.2,2013-07-01
23,2013,8,24.361290322580647,29.8,21.2,171.4,30,10.596490860215056,19.29806451612903,3.543225806451613,22.8,2013-08-01
23,2013,9,24.126666666666665,28.5,21.2,291.5,28,8.926330185185185,16.662,3.1056666666666666,20.6,2013-09-01
23,2013,10,24.325806451612905,28.8,20.9,376.5,29,9.369998118279572,16.925161290322578,3.218709677419355,20.6,2013-10-01
23,2013,11,24.52,29.1,20.0,259.9,22,9.595177777777778,17.841333333333335,3.5296666666666665,19.4,2013-11-01
23,2013,12,24.306451612903224,29.5,19.3,168.1,19,8.502734229390681,15.442258064516128,3.0664516129032258,22.5,2013-12-01
23,2014,1,24.79032258064516,30.1,18.7,78.9,13,10.347177956989245,18.80806451612903,3.7548387096774194,15.6,2014-01-01
23,2014,2,25.785714285714285,32.7,16.9,25.8,6,10.903429365079365,21.923214285714288,4.591785714285714,13.8,2014-02-01
23,2014,3,26.46451612903226,33.9,19.7,50.5,8,10.777720788530468,23.22225806451613,4.896451612903226,14.2,2014-03-01
23,2014,4,25.506666666666668,31.9,21.2,281.1,28,10.240617129629632,20.139,4.001,14.4,2014-04-01
23,2014,5,25.480645161290322,29.8,22.6,281.6,30,9.42199417562724,17.094838709677422,3.3106451612903225,20.0,2014-05-01
23,2014,6,25.136666666666667,29.2,22.1,201.9,30,10.224109444444444,17.265333333333334,3.207,24.2,2014-06-01
23,2014,7,24.725806451612904,28.7,21.3,214.0,31,10.205657437275987,17.79516129032258,3.2600000000000002,22.4,2014-07-01
23,2014,8,24.31935483870968,28.5,21.0,262.8,28,9.206358870967742,17.114516129032257,3.1993548387096777,20.3,2014-08-01
23,2014,9,24.44333333333333,28.8,21.5,309.8,30,9.892947592592591,18.008,3.3643333333333336,19.7,2014-09-01
23,2014,10,24.458064516129035,29.2,21.7,626.7,31,7.925797311827958,15.484193548387097,3.007096774193548,17.1,2014-10-01
23,2014,11,24.220000000000002,29.3,20.2,393.7,25,7.60577611111111,15.156666666666666,2.9896666666666665,19.2,2014-11-01
23,2014,12,24.05806451612903,29.1,20.6,473.5,26,7.116337186379927,13.633225806451613,2.6874193548387098,24.6,2014-12-01
23,2015,1,24.845161290322583,30.5,18.1,80.7,11,10.512583333333332,19.448709677419355,3.8848387096774197,12.0,2015-01-01
23,2015,2,24.875,31.4,17.4,117.9,14,10.291388095238094,20.608214285714286,4.1475,14.4,2015-02-01
23,2015,3,25.580645161290324,32.0,20.3,141.9,14,10.471546415770609,22.06967741935484,4.4799999999999995,12.3,2015-03-01
23,2015,4,25.529999999999998,30.8,21.7,278.2,29,10.042557222222221,20.454333333333334,4.075333333333334,13.5,2015-04-01
23,2015,5,25.509677419354837,29.9,22.6,254.7,30,9.591359677419355,17.572903225806453,3.3970967741935483,18.0,2015-05-01
23,2015,6,25.186666666666667,29.5,22.2,209.2,28,9.580880277777778,17.216666666666665,3.2916666666666665,20.5,2015-06-01
23,2015,7,24.80322580645161,28.8,21.6,212.9,28,10.257114784946237,17.87548387096774,3.3390322580645164,23.6,2015-07-01
23,2015,8,24.82903225806452,29.3,22.0,247.1,30,9.8604708781362,17.8141935483871,3.351935483870968,22.0,2015-08-01
23,2015,9,24.706666666666667,28.9,21.7,359.3,30,8.067497685185185,15.728333333333333,3.013,19.4,2015-09-01
23,2015,10,24.82903225806452,29.5,21.9,646.1,31,7.627611738351253,15.728709677419355,3.0935483870967744,17.1,2015-10-01
23,2015,11,24.65,29.7,21.1,393.7,26,7.705805092592591,14.770333333333333,2.9283333333333332,15.3,2015-11-01
23,2015,12,24.9,30.6,19.7,288.0,24,8.800752956989246,15.868387096774194,3.173225806451613,14.1,2015-12-01
23,2016,1,25.44516129032258,31.1,19.2,60.5,13,10.54620788530466,19.662258064516127,3.9716129032258065,10.3,2016-01-01
23,2016,2,25.837931034482757,32.4,17.9,68.3,9,10.537757567049807,20.6651724137931,4.247241379310345,12.9,2016-02-01
23,2016,3,26.851612903225806,32.2,21.7,40.4,8,11.15569059139785,22.296451612903226,4.651290322580645,14.6,2016-03-01
23,2016,4,26.95,32.1,22.5,140.6,26,10.63067990740741,21.259,4.387666666666666,13.3,2016-04-01
23,2016,5,25.51290322580645,31.0,23.1,703.9,31,7.063709318996415,14.258387096774193,2.8051612903225807,22.6,2016-05-01
23,2016,6,25.033333333333335,28.4,22.4,217.6,30,9.762425648148149,17.236,3.1893333333333334,26.7,2016-06-01
23,2016,7,24.751612903225805,29.9,21.7,216.1,25,9.788281989247313,17.562580645161287,3.2793548387096774,24.6,2016-07-01
23,2016,8,24.6,28.8,21.7,179.1,30,10.73712930107527,18.969032258064516,3.4738709677419353,23.9,2016-08-01
23,2016,9,24.323333333333334,27.9,20.7,171.0,29,10.273377129629631,18.981333333333335,3.4703333333333335,22.1,2016-09-01
23,2016,10,24.5258064516129,28.9,20.5,164.5,26,10.454055107526882,19.118387096774192,3.6461290322580644,19.6,2016-10-01
23,2016,11,24.543333333333333,29.8,20.0,381.6,26,7.689475185185184,15.296333333333333,3.056,19.5,2016-11-01
23,2016,12,24.516129032258064,30.2,17.2,102.3,15,10.404465591397848,18.54032258064516,3.6887096774193546,18.4,2016-12-01
23,2017,1,25.32903225806452,32.7,18.8,187.8,13,9.635817204301077,19.17032258064516,3.9367741935483873,16.3,2017-01-01
23,2017,2,25.717857142857145,32.0,20.3,70.1,11,9.838174603174604,20.4425,4.16,15.1,2017-02-01
23,2017,3,26.335483870967742,32.2,22.1,246.3,26,10.095298207885302,19.94709677419355,4.121935483870968,12.8,2017-03-01
23,2017,4,26.87,32.3,23.4,262.5,30,10.369275185185185,19.596333333333334,3.9993333333333334,14.0,2017-04-01
23,2017,5,26.274193548387096,31.9,22.8,573.8,31,7.405990770609318,14.836451612903225,3.0361290322580645,15.2,2017-05-01
23,2017,6,25.78666666666667,29.8,23.4,473.5,30,7.953449722222225,13.851333333333333,2.779333333333333,19.8,2017-06-01
23,2017,7,25.938709677419357,30.1,23.2,392.9,31,8.375021953405017,14.90032258064516,3.0422580645161292,18.4,2017-07-01
23,2017,8,25.509677419354837,29.6,22.9,556.2,31,7.011165770609319,13.739354838709678,2.777741935483871,16.8,2017-08-01
23,2017,9,25.416666666666668,30.3,23.1,546.4,30,7.596746203703705,14.804,2.979,14.2,2017-09-01
23,2017,10,25.461290322580645,30.1,22.7,442.4,31,7.5224560931899624,14.354193548387098,2.882903225806452,19.1,2017-10-01
23,2017,11,25.073333333333334,29.9,21.8,497.6,26,6.782256666666668,13.610666666666667,2.772666666666667,26.9,2017-11-01
23,2017,12,25.280645161290323,29.9,21.1,200.5,19,9.221140322580643,16.763548387096773,3.36,15.9,2017-12-01
23,2018,1,25.325806451612905,33.3,18.7,72.4,9,10.28085448028674,19.66290322580645,4.03,16.1,2018-01-01
23,2018,2,26.014285714285712,32.7,21.0,227.9,20,10.227317757936508,19.673928571428572,4.041785714285714,15.5,2018-02-01
23,2018,3,26.216129032258067,32.2,22.4,199.5,23,9.452256451612904,19.04741935483871,3.920967741935484,15.0,2018-03-01
23,2018,4,26.40666666666667,31.5,22.9,279.5,28,9.511210185185185,19.121,3.9073333333333333,14.5,2018-04-01
23,2018,5,25.845161290322583,30.8,22.9,751.8,31,6.1067438172043005,13.35483870967742,2.7267741935483873,19.0,2018-05-01
23,2018,6,25.5,29.5,23.2,709.9,30,6.633725833333335,13.267,2.6346666666666665,16.6,2018-06-01
23,2018,7,25.529032258064515,29.4,23.1,467.6,31,7.763779838709677,15.055483870967743,3.0183870967741937,20.6,2018-07-01
23,2018,8,25.280645161290323,29.0,22.7,472.2,31,7.729802777777779,14.876774193548387,2.94741935483871,21.4,2018-08-01
23,2018,9,25.666666666666668,30.7,22.3,363.7,27,9.338152129629632,18.192333333333334,3.656,16.3,2018-09-01
23,2018,10,25.23225806451613,30.4,21.9,713.4,31,6.959449551971326,14.888709677419355,2.9761290322580645,18.6,2018-10-01
23,2018,11,25.25,30.0,21.3,360.0,25,7.924321296296297,15.614666666666666,3.1356666666666664,18.1,2018-11-01
23,2018,12,25.36774193548387,30.0,20.0,167.6,17,9.220386111111111,17.370967741935484,3.4893548387096773,20.5,2018-12-01
23,2019,1,25.46451612903226,31.8,20.0,110.2,11,10.400334050179213,20.113225806451613,4.0119354838709675,11.6,2019-01-01
23,2019,2,26.064285714285713,32.4,21.8,210.6,20,9.719298412698414,19.385714285714283,3.940714285714286,11.4,2019-02-01
23,2019,3,26.703225806451613,33.5,21.8,141.1,19,10.630379838709679,22.08290322580645,4.58,13.5,2019-03-01
23,2019,4,27.113333333333333,34.2,22.5,334.9,23,8.675915277777777,18.945666666666668,3.990333333333333,15.1,2019-04-01
23,2019,5,26.780645161290323,30.9,23.7,308.5,28,9.463739426523297,16.89290322580645,3.4441935483870965,16.4,2019-05-01
23,2019,6,26.473333333333336,30.4,23.8,508.59999999999997,30,8.057125925925925,14.937999999999999,3.0383333333333336,18.4,2019-06-01
23,2019,7,26.1,30.2,22.9,428.9,31,9.48231317204301,16.73483870967742,3.3654838709677417,21.3,2019-07-01
23,2019,8,25.458064516129035,29.7,22.8,831.4,31,5.9996785842293905,12.561612903225807,2.5383870967741933,17.8,2019-08-01
23,2019,9,25.466666666666665,30.4,22.6,581.8,29,7.328230462962964,14.281666666666666,2.878333333333333,16.4,2019-09-01
23,2019,10,25.15806451612903,30.9,22.0,845.3,29,5.738335215053766,13.536451612903226,2.7719354838709678,19.5,2019-10-01
23,2019,11,25.503333333333334,30.3,21.8,425.4,30,8.170442962962964,16.496333333333332,3.307666666666667,14.8,2019-11-01
23,2019,12,25.338709677419356,30.2,21.5,264.2,26,7.904764157706094,14.94483870967742,3.019032258064516,9.4,2019-12-01
23,2020,1,26.038709677419355,31.8,19.7,51.6,15,10.715256093189964,20.061935483870965,4.046451612903225,10.7,2020-01-01
23,2020,2,26.824137931034482,34.0,20.8,78.6,14,10.895378544061304,22.191724137931033,4.636206896551724,16.6,2020-02-01
23,2020,3,27.4741935483871,34.9,22.4,105.9,22,10.77221299283154,22.328709677419358,4.77258064516129,17.5,2020-03-01
23,2020,4,26.993333333333332,33.9,21.6,376.2,27,9.993002962962965,20.802333333333333,4.298,15.8,2020-04-01
23,2020,5,26.687096774193545,31.4,23.8,545.7,31,6.8608711469534045,14.496774193548386,2.986774193548387,14.8,2020-05-01
23,2020,6,26.37,30.5,22.7,412.1,27,8.439207499999998,15.946333333333333,3.2296666666666667,16.8,2020-06-01
23,2020,7,25.916129032258063,30.8,23.1,439.0,31,7.049506810035843,13.891290322580645,2.845806451612903,18.0,2020-07-01
23,2020,8,25.938709677419357,30.4,22.9,405.2,30,8.584516845878136,16.530967741935484,3.354193548387097,18.9,2020-08-01
23,2020,9,25.283333333333335,29.3,22.6,670.7,30,5.468478611111111,12.038333333333332,2.4383333333333335,18.6,2020-09-01
23,2020,10,25.651612903225807,29.9,21.5,312.6,30,9.301603405017921,16.587419354838712,3.2861290322580645,18.4,2020-10-01
23,2020,11,25.756666666666668,30.4,21.9,551.1,26,8.237878981481481,16.224666666666668,3.2873333333333337,21.0,2020-11-01
23,2020,12,25.27741935483871,30.6,21.2,211.4,22,8.665833781362007,16.159354838709678,3.2458064516129035,22.3,2020-12-01
23,2021,1,25.074193548387097,30.1,21.4,290.4,25,7.835193369175628,15.566129032258065,3.111612903225806,16.1,2021-01-01
23,2021,2,25.835714285714285,31.9,20.3,137.9,16,10.626460317460316,20.980357142857144,4.2125,14.3,2021-02-01
23,2021,3,25.845161290322583,31.1,20.9,323.8,24,9.097945430107526,19.385483870967743,3.9403225806451614,12.3,2021-03-01
23,2021,4,26.353333333333335,31.6,22.1,220.0,27,10.193068888888888,19.883333333333333,4.032333333333333,11.5,2021-04-01
23,2021,5,26.35483870967742,31.5,23.2,901.8000000000001,31,7.584663440860214,15.33258064516129,3.1538709677419354,21.0,2021-05-01
23,2021,6,25.82,30.1,23.6,443.5,30,8.537096666666667,15.024666666666667,3.0083333333333333,17.4,2021-06-01
23,2021,7,25.825806451612905,29.5,23.5,600.4,31,8.368379569892474,15.007096774193549,3.0016129032258063,22.1,2021-07-01
23,2021,8,25.458064516129035,29.6,22.4,635.2,31,7.081727867383512,14.403870967741934,2.8741935483870966,18.1,2021-08-01
23,2021,9,25.67,29.7,23.3,535.6,30,7.81985361111111,15.089,3.018,19.4,2021-09-01
23,2021,10,25.351612903225806,29.7,21.9,502.6,31,7.764293279569894,15.928709677419356,3.1783870967741934,17.0,2021-10-01
23,2021,11,24.75,29.8,21.7,512.3,28,5.29932361111111,12.925,2.5986666666666665,21.1,2021-11-01
23,2021,12,25.14516129032258,30.7,19.5,276.2,23,9.400707168458784,18.523225806451613,3.685483870967742,11.6,2021-12-01
23,2022,1,25.287096774193547,31.9,19.7,155.8,18,9.88357589605735,20.341290322580647,4.080967741935484,15.5,2022-01-01
23,2022,2,25.842857142857145,32.1,20.4,168.9,14,9.88221498015873,21.555,4.388928571428571,14.6,2022-02-01
23,2022,3,26.23225806451613,33.2,22.0,134.7,26,9.807303225806452,20.55354838709677,4.222258064516129,17.9,2022-03-01
23,2022,4,25.740000000000002,31.6,22.0,376.5,30,8.109221296296296,18.488,3.711,14.9,2022-04-01
23,2022,5,25.612903225806452,30.3,22.9,833.1,31,6.181732168458783,14.056129032258065,2.81,15.5,2022-05-01
23,2022,6,25.473333333333336,29.5,22.9,411.8,30,6.926701759259259,15.16,3.0020000000000002,18.7,2022-06-01
23,2022,7,25.654838709677417,30.5,22.7,428.7,31,7.853473745519713,16.37,3.299032258064516,21.7,2022-07-01
23,2022,8,25.177419354838708,30.5,22.7,558.4,28,7.198116756272401,15.82516129032258,3.138709677419355,21.1,2022-08-01
23,2022,9,25.243333333333332,30.2,21.6,280.0,29,8.69310777777778,17.979,3.530333333333333,16.6,2022-09-01
23,2022,10,24.77741935483871,30.8,21.6,588.4,30,5.864925627240145,14.437096774193549,2.8603225806451613,18.1,2022-10-01
23,2022,11,24.896666666666665,30.2,19.9,327.1,22,8.081536203703703,16.937,3.391,19.1,2022-11-01
23,2022,12,24.799999999999997,29.9,20.0,267.7,23,7.956357078853047,16.01709677419355,3.28258064516129,21.0,2022-12-01
23,2023,1,24.63225806451613,29.7,18.4,177.2,20,9.505200896057348,19.330645161290324,3.814516129032258,18.9,2023-01-01
23,2023,2,25.189285714285713,31.3,20.0,228.60000000000002,18,9.536206150793651,20.40357142857143,4.048928571428571,20.7,2023-02-01
23,2023,3,25.864516129032257,32.2,21.3,204.6,24,9.99648270609319,21.486129032258066,4.35516129032258,14.4,2023-03-01
23,2023,4,26.553333333333335,33.2,22.4,299.8,23,9.72595675925926,20.997333333333334,4.325333333333333,14.0,2023-04-01
23,2023,5,26.287096774193547,31.3,23.2,391.3,30,7.112368906810035,15.971290322580646,3.2319354838709677,14.1,2023-05-01
23,2023,6,25.94333333333333,29.9,22.9,433.6,30,7.172535648148148,15.218666666666667,3.0256666666666665,17.5,2023-06-01
23,2023,7,25.700000000000003,29.9,22.8,418.4,31,8.225104032258063,16.23516129032258,3.2399999999999998,19.3,2023-07-01
23,2023,8,26.161290322580644,30.5,22.9,205.0,31,10.510040053763442,20.260322580645163,4.050322580645162,17.1,2023-08-01
23,2023,9,25.09,29.9,22.5,895.0,30,6.023905462962963,14.380666666666666,2.876,14.6,2023-09-01
23,2023,10,25.206451612903226,30.4,22.4,759.3,31,6.16288440860215,14.776129032258064,2.980967741935484,12.7,2023-10-01
23,2023,11,25.153333333333332,30.6,21.7,776.1,29,6.686897500000001,14.959333333333332,2.9949999999999997,15.8,2023-11-01
23,2023,12,25.287096774193547,30.8,21.5,568.8,27,7.359377150537634,14.935161290322581,3.004516129032258,17.8,2023-12-01
23,2024,1,25.48709677419355,30.9,19.2,233.9,18,8.8811894265233,18.64516129032258,3.72741935483871,10.6,2024-01-01
23,2024,2,26.644827586206898,34.0,20.3,93.0,13,10.868145785440612,22.42551724137931,4.604137931034483,16.6,2024-02-01
23,2024,3,27.570967741935487,35.0,22.0,171.2,14,10.746548924731187,23.195806451612903,4.93741935483871,18.5,2024-03-01
23,2024,4,27.493333333333332,33.6,23.0,339.8,27,9.895619074074075,21.980666666666664,4.580333333333333,12.6,2024-04-01
23,2024,5,26.65806451612903,32.6,23.8,983.9,31,6.286188888888889,15.073225806451612,3.0841935483870966,21.3,2024-05-01
23,2024,6,26.2875,29.8,23.5,166.20000000000002,8,7.522249652777777,15.69125,3.16625,12.2,2024-06-01
24,2010,1,24.364516129032257,30.6,17.9,26.7,7,10.35123306451613,18.85258064516129,3.975806451612903,19.4,2010-01-01
24,2010,2,26.285714285714285,35.5,20.3,7.8,2,9.803678273809522,20.305714285714284,4.5217857142857145,19.7,2010-02-01
24,2010,3,27.570967741935487,36.0,20.9,69.1,9,10.671601971326165,22.32967741935484,4.992903225806452,15.4,2010-03-01
24,2010,4,26.009999999999998,32.4,22.3,271.3,25,9.169472407407406,19.071,3.9196666666666666,12.4,2010-04-01
24,2010,5,25.51290322580645,31.0,23.0,211.29999999999998,31,8.630265322580646,16.21,3.198709677419355,22.3,2010-05-01
24,2010,6,24.83,29.3,22.3,274.5,30,8.937373796296296,16.437,3.1626666666666665,22.1,2010-06-01
24,2010,7,24.506451612903227,29.7,21.6,270.9,29,8.94761281362007,16.747096774193547,3.2580645161290325,20.4,2010-07-01
24,2010,8,24.270967741935483,28.8,21.1,235.9,28,8.618143637992834,16.136129032258065,3.0906451612903227,22.4,2010-08-01
24,2010,9,24.13,28.4,20.9,213.9,28,7.707612499999998,15.875666666666666,3.0900000000000003,17.6,2010-09-01
24,2010,10,24.041935483870965,28.3,21.1,287.6,27,8.882505376344087,15.918387096774195,3.082258064516129,20.1,2010-10-01
24,2010,11,23.743333333333332,28.8,20.2,389.0,27,7.874269537037037,14.547333333333334,2.8613333333333335,16.2,2010-11-01
24,2010,12,23.04516129032258,28.4,19.1,401.40000000000003,26,5.814010483870967,11.981290322580646,2.396451612903226,18.3,2010-12-01
24,2011,1,23.019354838709678,28.3,17.5,304.3,18,6.613050537634409,13.178709677419356,2.706774193548387,18.2,2011-01-01
24,2011,2,23.946428571428573,30.1,18.9,190.79999999999998,11,7.745171726190474,16.186785714285715,3.3096428571428573,17.0,2011-02-01
24,2011,3,25.551612903225806,32.7,18.9,49.3,15,10.608558333333333,21.346129032258066,4.4796774193548385,19.7,2011-03-01
24,2011,4,25.123333333333335,33.5,21.5,204.2,25,9.130843333333333,19.040333333333333,3.8930000000000002,16.1,2011-04-01
24,2011,5,25.19677419354839,30.2,22.2,114.5,28,10.1196103046595,18.43548387096774,3.6148387096774193,20.0,2011-05-01
24,2011,6,24.926666666666666,29.0,22.3,127.89999999999999,23,10.265737500000002,18.088,3.5283333333333333,19.9,2011-06-01
24,2011,7,24.40967741935484,28.9,21.8,239.2,31,9.604404928315411,17.04612903225806,3.2845161290322578,19.1,2011-07-01
24,2011,8,24.296774193548384,28.4,21.8,194.1,31,9.610081630824372,17.43290322580645,3.3619354838709676,20.0,2011-08-01
24,2011,9,24.543333333333333,29.0,21.8,241.2,24,9.60993425925926,17.809666666666665,3.5176666666666665,18.9,2011-09-01
24,2011,10,24.583870967741937,29.5,21.3,352.0,26,8.671074462365592,17.001290322580644,3.419677419354839,16.1,2011-10-01
24,2011,11,24.34,29.6,19.3,146.6,18,8.888111851851852,16.290333333333333,3.274,20.4,2011-11-01
24,2011,12,23.848387096774193,29.5,16.3,171.7,17,8.38636559139785,15.321612903225807,3.1322580645161286,20.9,2011-12-01
24,2012,1,24.187096774193545,30.4,17.5,31.0,3,10.532132795698924,19.85677419354839,4.129354838709677,21.5,2012-01-01
24,2012,2,24.95862068965517,31.2,18.0,100.1,12,9.66254406130268,19.189655172413794,4.141379310344828,19.6,2012-02-01
24,2012,3,26.02258064516129,33.1,19.9,52.5,12,10.971027329749102,22.635806451612904,4.766451612903226,12.8,2012-03-01
24,2012,4,25.35,31.3,21.1,114.5,24,9.776477685185187,19.080333333333332,3.872666666666667,20.4,2012-04-01
24,2012,5,25.951612903225808,31.0,22.2,47.2,17,10.487104569892473,18.926774193548386,4.112903225806452,23.2,2012-05-01
24,2012,6,24.81,29.2,22.0,148.4,29,9.24483712962963,16.714666666666666,3.317333333333333,20.3,2012-06-01
24,2012,7,24.72258064516129,30.0,21.8,168.79999999999998,28,9.894314068100359,17.984516129032258,3.538064516129032,20.0,2012-07-01
24,2012,8,24.53548387096774,29.0,21.8,182.6,30,9.427218458781363,17.57677419354839,3.488064516129032,19.9,2012-08-01
24,2012,9,24.796666666666667,29.7,22.0,153.2,27,9.093706759259259,17.936666666666667,3.591666666666667,19.4,2012-09-01
24,2012,10,24.506451612903227,30.4,21.0,458.8,26,7.497783243727598,15.959354838709677,3.264838709677419,26.2,2012-10-01
24,2012,11,24.279999999999998,29.7,19.9,459.1,22,8.12647777777778,15.588666666666667,3.1483333333333334,20.1,2012-11-01
24,2012,12,24.05483870967742,29.2,18.6,132.79999999999998,16,8.215174910394266,14.610645161290323,2.9816129032258063,18.3,2012-12-01
24,2013,1,23.770967741935483,29.5,17.9,201.20000000000002,10,8.807835663082436,16.970967741935485,3.5664516129032258,18.2,2013-01-01
24,2013,2,24.789285714285715,30.6,18.7,90.3,11,9.522457242063492,19.44607142857143,4.069642857142857,17.3,2013-02-01
24,2013,3,25.5258064516129,31.7,20.7,289.9,19,10.105615860215053,20.55838709677419,4.25516129032258,15.7,2013-03-01
24,2013,4,26.1,32.2,21.8,79.1,21,10.327238703703703,20.682000000000002,4.248666666666667,12.9,2013-04-01
24,2013,5,25.270967741935483,29.9,22.5,179.2,31,8.57366971326165,16.217741935483872,3.2148387096774194,20.9,2013-05-01
24,2013,6,23.863333333333333,27.8,21.7,382.9,30,7.793716944444445,14.301,2.6746666666666665,20.3,2013-06-01
24,2013,7,24.070967741935487,28.4,21.6,229.5,27,9.37706111111111,16.687741935483874,3.1738709677419354,20.2,2013-07-01
24,2013,8,24.316129032258065,30.4,21.4,181.70000000000002,26,10.35073790322581,18.835806451612903,3.611290322580645,18.9,2013-08-01
24,2013,9,24.0,28.6,21.4,210.3,25,8.507066388888889,16.31566666666667,3.145,20.1,2013-09-01
24,2013,10,24.212903225806453,28.8,21.0,250.4,27,9.195806451612905,16.89548387096774,3.3196774193548384,18.1,2013-10-01
24,2013,11,24.296666666666667,29.7,19.1,168.0,17,9.517406851851852,17.532,3.502333333333333,13.2,2013-11-01
24,2013,12,23.635483870967743,28.2,19.4,84.5,15,8.458148207885303,14.541290322580645,3.0538709677419353,21.7,2013-12-01
24,2014,1,23.97741935483871,29.2,19.3,76.9,9,9.894992562724015,17.269032258064517,3.6503225806451614,18.6,2014-01-01
24,2014,2,25.707142857142856,33.2,17.0,3.2,1,11.000399801587303,22.233571428571427,4.914642857142857,19.9,2014-02-01
24,2014,3,27.567741935483873,36.3,21.0,18.6,3,10.935844086021506,22.840967741935483,5.336451612903226,17.4,2014-03-01
24,2014,4,25.703333333333333,34.9,21.0,228.6,23,10.104031296296295,20.403333333333332,4.185333333333333,14.0,2014-04-01
24,2014,5,25.425806451612903,29.5,22.4,170.2,29,9.068055107526883,17.14774193548387,3.43,19.4,2014-05-01
24,2014,6,25.1,29.2,22.6,158.2,29,10.076677314814814,17.484333333333332,3.385666666666667,23.5,2014-06-01
24,2014,7,24.63225806451613,28.7,22.1,170.5,30,10.069542025089607,17.92096774193548,3.415483870967742,20.3,2014-07-01
24,2014,8,24.270967741935483,28.5,21.8,196.70000000000002,27,8.901459050179211,16.806129032258063,3.260967741935484,22.4,2014-08-01
24,2014,9,24.296666666666667,29.4,21.5,199.9,28,9.379258055555555,17.719,3.4050000000000002,18.9,2014-09-01
24,2014,10,24.11935483870968,30.0,21.2,487.5,31,7.814079749103942,15.380645161290323,3.0325806451612904,19.4,2014-10-01
24,2014,11,23.82,29.1,19.8,309.2,22,7.039106111111111,13.964,2.799,17.2,2014-11-01
24,2014,12,23.56451612903226,29.4,19.9,530.1,28,6.474116756272401,12.31967741935484,2.4693548387096773,16.7,2014-12-01
24,2015,1,24.65806451612903,31.0,18.4,20.099999999999998,3,10.482064336917563,19.688064516129035,4.223225806451612,17.8,2015-01-01
24,2015,2,25.075,32.0,17.3,67.9,10,10.380340773809523,20.113571428571426,4.3950000000000005,18.8,2015-02-01
24,2015,3,26.106451612903225,33.4,20.6,120.4,11,10.527245161290324,22.83225806451613,4.771612903225806,11.8,2015-03-01
24,2015,4,25.426666666666666,32.0,21.8,256.5,27,9.845654351851852,20.223333333333336,4.090333333333333,11.9,2015-04-01
24,2015,5,25.448387096774194,29.9,22.3,161.3,28,9.635074283154122,17.55870967741935,3.507096774193548,21.4,2015-05-01
24,2015,6,25.08,29.4,22.2,177.1,24,9.107353796296296,16.692666666666668,3.3040000000000003,18.9,2015-06-01
24,2015,7,24.793548387096774,28.6,22.3,173.7,26,10.002888709677421,17.81967741935484,3.467741935483871,21.4,2015-07-01
24,2015,8,24.81935483870968,29.9,22.0,149.4,28,10.06476505376344,18.595483870967744,3.6119354838709676,20.2,2015-08-01
24,2015,9,24.59333333333333,29.1,21.9,191.5,27,8.307269259259257,16.043333333333333,3.1496666666666666,19.9,2015-09-01
24,2015,10,24.425806451612903,29.6,21.1,812.1,31,7.283600358422941,15.389354838709677,3.0735483870967744,16.4,2015-10-01
24,2015,11,24.253333333333334,29.9,20.8,386.8,27,7.483755833333334,14.370000000000001,2.8786666666666667,17.4,2015-11-01
24,2015,12,24.606451612903225,29.7,19.6,232.0,18,8.648586738351254,15.238709677419354,3.1429032258064518,19.9,2015-12-01
24,2016,1,25.532258064516128,31.8,18.8,9.4,2,10.642526881720432,19.771935483870966,4.36,18.5,2016-01-01
24,2016,2,26.93448275862069,34.2,19.4,15.5,5,10.527286206896553,20.88689655172414,4.7396551724137925,19.1,2016-02-01
24,2016,3,28.29032258064516,35.7,22.8,26.4,8,11.120838261648746,22.726129032258065,5.1490322580645165,13.8,2016-03-01
24,2016,4,27.66,34.4,22.9,96.6,15,10.747441296296296,21.909333333333333,4.751,17.3,2016-04-01
24,2016,5,25.348387096774193,31.6,22.5,817.1,31,7.242996953405018,14.665483870967742,2.9480645161290324,21.3,2016-05-01
24,2016,6,24.866666666666667,28.6,22.2,190.79999999999998,28,9.473958333333336,17.041,3.2786666666666666,23.1,2016-06-01
24,2016,7,24.719354838709677,30.1,21.9,137.2,25,9.8377311827957,17.800967741935484,3.4645161290322584,20.8,2016-07-01
24,2016,8,24.654838709677417,29.1,22.0,127.69999999999999,27,10.650938620071685,18.865161290322582,3.645483870967742,20.2,2016-08-01
24,2016,9,24.493333333333332,28.1,21.6,99.4,26,10.294774629629627,18.877666666666666,3.691666666666667,20.5,2016-09-01
24,2016,10,24.783870967741933,29.7,21.4,113.5,25,10.396237903225808,18.76322580645161,3.827741935483871,18.6,2016-10-01
24,2016,11,24.35,29.6,18.8,248.1,21,8.240409537037037,15.537333333333333,3.1550000000000002,14.5,2016-11-01
24,2016,12,24.374193548387098,30.1,16.1,34.4,8,10.527843279569893,18.387096774193548,3.8125806451612902,18.0,2016-12-01
24,2017,1,25.51290322580645,34.0,17.7,99.0,10,9.424478942652332,19.406774193548387,4.704193548387097,22.7,2017-01-01
24,2017,2,26.032142857142855,34.5,18.7,26.7,7,10.327042261904763,21.639642857142857,5.033571428571428,23.6,2017-02-01
24,2017,3,26.35483870967742,34.9,20.1,113.1,19,10.067192741935482,20.61225806451613,4.409354838709677,19.5,2017-03-01
24,2017,4,27.21333333333333,35.1,23.3,107.10000000000001,22,10.678518703703702,21.151999999999997,4.575666666666667,19.7,2017-04-01
24,2017,5,26.403225806451612,33.3,22.7,212.8,31,8.162652060931899,15.850645161290323,3.44,20.5,2017-05-01
24,2017,6,25.523333333333333,30.2,22.4,214.0,29,9.112451203703703,15.302666666666665,3.134666666666667,20.1,2017-06-01
24,2017,7,25.91290322580645,30.6,22.4,152.8,29,9.46390340501792,16.18774193548387,3.485483870967742,19.7,2017-07-01
24,2017,8,25.203225806451613,30.1,22.2,259.0,30,7.684966577060932,15.01032258064516,3.097741935483871,21.7,2017-08-01
24,2017,9,25.10666666666667,31.5,22.6,212.2,26,8.157306666666665,15.843333333333334,3.235666666666667,21.9,2017-09-01
24,2017,10,25.01290322580645,30.0,21.8,286.5,30,7.776197043010752,14.830645161290322,3.004516129032258,24.3,2017-10-01
24,2017,11,24.683333333333334,30.2,21.4,358.9,24,6.580860925925926,13.799666666666667,2.8676666666666666,21.5,2017-11-01
24,2017,12,24.88064516129032,30.8,20.0,136.9,11,9.452570161290325,17.424516129032256,3.709032258064516,20.0,2017-12-01
24,2018,1,25.27741935483871,33.5,18.2,41.2,6,10.301407885304657,20.16741935483871,4.741612903225807,23.2,2018-01-01
24,2018,2,26.70357142857143,34.9,19.5,36.6,10,10.227301190476192,20.62642857142857,4.958928571428571,19.5,2018-02-01
24,2018,3,27.051612903225806,36.3,22.5,108.4,21,9.66718539426523,19.937096774193545,4.458387096774194,19.0,2018-03-01
24,2018,4,26.37,34.9,22.4,210.0,24,9.437569814814815,19.604,4.126,17.7,2018-04-01
24,2018,5,25.58709677419355,31.1,22.3,288.4,31,7.238493369175626,14.909354838709678,3.0825806451612903,23.0,2018-05-01
24,2018,6,25.043333333333333,29.3,22.5,321.6,30,7.880778055555554,15.102,2.94,25.5,2018-06-01
24,2018,7,25.274193548387096,29.4,22.2,234.0,29,8.730960394265232,16.20032258064516,3.329032258064516,22.2,2018-07-01
24,2018,8,25.05483870967742,29.5,22.0,252.5,28,8.579138799283154,16.20806451612903,3.3061290322580645,24.5,2018-08-01
24,2018,9,25.576666666666664,31.8,22.4,222.3,17,9.427320092592593,18.963,4.005333333333334,21.9,2018-09-01
24,2018,10,24.716129032258067,29.8,21.3,522.7,30,7.171436021505375,14.686451612903225,2.953225806451613,18.9,2018-10-01
24,2018,11,24.826666666666664,31.3,21.0,381.3,24,8.021704351851852,15.462,3.1633333333333336,17.6,2018-11-01
24,2018,12,24.86774193548387,31.4,19.0,126.1,11,9.184640591397848,17.315161290322582,3.6658064516129034,17.1,2018-12-01
24,2019,1,25.9,34.9,18.8,27.2,8,10.52465053763441,20.17290322580645,4.854193548387096,21.3,2019-01-01
24,2019,2,26.04642857142857,34.6,19.6,324.20000000000005,14,10.068021527777777,19.966785714285717,4.368214285714286,19.1,2019-02-01
24,2019,3,27.383870967741935,36.9,21.0,57.8,13,10.822580197132616,23.405483870967743,5.234516129032259,22.2,2019-03-01
24,2019,4,27.456666666666667,37.2,23.2,230.70000000000002,20,8.877995925925928,19.736,4.389333333333334,18.9,2019-04-01
24,2019,5,26.906451612903226,31.4,23.4,74.3,24,10.403023028673834,18.947741935483872,4.063870967741936,22.6,2019-05-01
24,2019,6,26.33,31.7,23.2,208.8,27,9.177482592592593,16.481666666666666,3.4953333333333334,22.5,2019-06-01
24,2019,7,26.061290322580643,31.3,22.5,185.7,25,10.063964336917563,17.869032258064514,3.7903225806451615,25.1,2019-07-01
24,2019,8,25.041935483870965,30.4,22.1,428.1,30,7.429496326164874,14.477096774193548,2.8970967741935483,21.5,2019-08-01
24,2019,9,25.086666666666666,30.7,21.4,232.9,30,8.597782314814815,16.681666666666665,3.312,20.9,2019-09-01
24,2019,10,24.583870967741937,31.9,21.6,633.3,29,6.2181152329749105,14.416774193548388,2.913548387096774,15.5,2019-10-01
24,2019,11,25.259999999999998,31.4,20.9,286.5,29,9.203824907407407,17.433333333333334,3.5533333333333332,15.1,2019-11-01
24,2019,12,25.258064516129032,31.2,20.4,110.1,19,8.563090681003583,15.946774193548388,3.3925806451612903,17.8,2019-12-01
24,2020,1,26.419354838709676,34.8,19.4,13.200000000000001,7,10.786370967741936,20.76258064516129,4.8270967741935475,20.4,2020-01-01
24,2020,2,27.955172413793104,36.6,20.7,9.9,3,11.01541398467433,22.99896551724138,5.818275862068965,22.8,2020-02-01
24,2020,3,28.296774193548387,37.0,21.9,49.699999999999996,11,10.641762903225809,22.975806451612904,5.30741935483871,22.5,2020-03-01
24,2020,4,27.11,37.8,21.7,259.7,27,10.366454351851852,21.700333333333333,4.621666666666667,22.0,2020-04-01
24,2020,5,26.574193548387097,32.7,23.3,275.5,29,8.013539605734765,16.14677419354839,3.4158064516129034,21.1,2020-05-01
24,2020,6,26.11,31.2,22.8,223.0,26,9.26447398148148,16.985666666666667,3.533333333333333,19.4,2020-06-01
24,2020,7,25.638709677419353,32.5,22.7,235.0,29,8.185951523297492,15.408064516129032,3.2180645161290324,20.9,2020-07-01
24,2020,8,25.770967741935483,30.8,22.7,255.6,22,9.269009498207884,17.70193548387097,3.7170967741935486,22.3,2020-08-01
24,2020,9,24.756666666666668,29.7,22.5,429.1,30,6.059765370370371,13.673,2.7136666666666667,23.2,2020-09-01
24,2020,10,25.358064516129033,29.8,22.1,189.9,29,9.627457347670251,17.359354838709677,3.5080645161290325,25.5,2020-10-01
24,2020,11,25.209999999999997,31.2,20.8,265.0,24,8.379195833333332,16.371333333333332,3.3613333333333335,16.0,2020-11-01
24,2020,12,24.616129032258065,31.0,20.5,207.4,21,8.30819964157706,15.725483870967743,3.2383870967741935,22.4,2020-12-01
24,2021,1,24.580645161290324,31.0,19.8,292.7,18,8.020257616487454,16.1658064516129,3.353225806451613,19.3,2021-01-01
24,2021,2,26.360714285714288,36.3,19.5,17.900000000000002,6,10.867251785714286,22.205714285714286,5.050357142857143,22.2,2021-02-01
24,2021,3,26.703225806451613,36.2,20.9,176.20000000000002,17,9.419136738351254,20.138387096774192,4.519032258064517,19.4,2021-03-01
24,2021,4,26.5,36.0,22.0,186.8,24,10.293274907407408,20.792333333333332,4.395,19.1,2021-04-01
24,2021,5,25.81935483870968,31.7,22.5,459.09999999999997,30,7.606504211469535,16.083548387096773,3.2958064516129033,27.0,2021-05-01
24,2021,6,25.43,30.1,22.6,230.1,30,9.075966296296295,16.204666666666665,3.2550000000000003,21.3,2021-06-01
24,2021,7,25.567741935483873,29.8,22.7,266.0,29,9.106795967741938,16.982580645161292,3.4625806451612906,23.5,2021-07-01
24,2021,8,25.067741935483873,29.5,22.4,292.8,30,7.736351254480286,15.535161290322582,3.121935483870968,20.6,2021-08-01
24,2021,9,25.253333333333334,30.3,22.4,272.4,29,8.731938611111111,16.87633333333333,3.3603333333333336,22.7,2021-09-01
24,2021,10,24.916129032258063,30.4,21.4,429.0,31,7.892376254480286,16.166129032258066,3.2522580645161288,24.5,2021-10-01
24,2021,11,24.146666666666665,30.1,20.9,559.0,27,5.364646481481482,12.890333333333333,2.5886666666666667,18.1,2021-11-01
24,2021,12,25.274193548387096,33.0,19.6,77.8,14,10.191502598566311,19.42967741935484,4.154193548387097,17.9,2021-12-01
24,2022,1,25.706451612903226,33.8,18.5,47.199999999999996,11,10.271117652329746,20.28774193548387,4.48258064516129,19.1,2022-01-01
24,2022,2,26.039285714285715,34.8,19.7,83.3,9,9.971427876984126,21.78107142857143,4.9575000000000005,20.9,2022-02-01
24,2022,3,26.687096774193545,35.5,21.4,61.8,16,10.271361917562723,21.48,4.767741935483872,21.4,2022-03-01
24,2022,4,25.756666666666668,32.7,21.4,229.6,29,8.565663981481482,19.32766666666667,3.969,19.1,2022-04-01
24,2022,5,25.503225806451614,31.6,22.2,345.6,30,7.469327329749103,16.02,3.287741935483871,25.4,2022-05-01
24,2022,6,25.35,30.0,22.3,154.4,30,8.333469166666665,16.744,3.4106666666666663,20.7,2022-06-01
24,2022,7,25.506451612903227,31.7,21.9,179.8,30,8.365061469534051,17.21709677419355,3.607741935483871,23.7,2022-07-01
24,2022,8,24.993548387096773,31.5,21.9,320.1,26,8.01920958781362,17.039032258064516,3.4893548387096773,22.7,2022-08-01
24,2022,9,25.216666666666665,31.3,22.0,128.8,25,9.493248518518518,19.897333333333332,4.033333333333333,22.8,2022-09-01
24,2022,10,24.383870967741935,31.1,20.8,476.7,29,6.772096326164875,15.321290322580644,3.064516129032258,21.2,2022-10-01
24,2022,11,24.396666666666665,31.4,19.1,300.5,17,7.6346294444444425,16.403666666666666,3.3459999999999996,16.3,2022-11-01
24,2022,12,24.151612903225807,31.6,18.7,229.20000000000002,24,7.547617652329749,15.32,3.1674193548387097,20.0,2022-12-01
24,2023,1,24.187096774193545,31.6,17.9,89.6,11,9.456105734767027,19.313548387096777,4.124516129032258,21.8,2023-01-01
24,2023,2,25.099999999999998,32.9,18.3,72.9,10,9.54074751984127,20.821785714285713,4.440714285714286,16.6,2023-02-01
24,2023,3,26.4,34.6,21.4,111.2,20,10.018899731182795,21.879677419354838,4.768709677419356,21.5,2023-03-01
24,2023,4,26.779999999999998,35.3,21.1,119.6,19,9.636768981481481,21.478666666666665,4.615333333333334,19.4,2023-04-01
24,2023,5,26.416129032258063,32.4,22.9,181.3,28,8.69029775985663,18.023225806451613,3.7754838709677423,21.3,2023-05-01
24,2023,6,26.123333333333335,31.1,22.3,162.4,29,9.212075555555556,17.525333333333332,3.7176666666666667,21.7,2023-06-01
24,2023,7,25.89032258064516,30.5,22.0,243.4,28,8.912789516129033,17.433548387096774,3.7487096774193547,21.7,2023-07-01
24,2023,8,26.948387096774194,32.8,23.2,48.1,20,10.602101702508959,21.539677419354838,4.926774193548387,23.9,2023-08-01
24,2023,9,24.95,30.4,22.0,311.2,30,7.227685462962961,16.167666666666666,3.258666666666667,26.1,2023-09-01
24,2023,10,24.825806451612905,31.3,21.5,418.1,28,7.083136827956989,16.115806451612904,3.2106451612903224,20.6,2023-10-01
24,2023,11,24.736666666666668,31.5,20.2,612.3,29,7.01113388888889,15.642333333333333,3.146333333333333,16.3,2023-11-01
24,2023,12,25.23548387096774,31.4,21.6,344.2,23,7.900130107526883,15.799354838709677,3.2916129032258064,23.5,2023-12-01
24,2024,1,25.212903225806453,32.1,17.9,180.6,15,8.920939068100358,18.47935483870968,3.9183870967741936,18.9,2024-01-01
24,2024,2,27.193103448275863,35.9,18.1,27.8,6,10.97529396551724,23.063103448275864,5.350344827586206,21.2,2024-02-01
24,2024,3,28.29032258064516,38.2,21.5,78.4,8,10.818417652329748,23.936451612903223,5.498064516129032,25.7,2024-03-01
24,2024,4,28.12,38.4,23.2,168.3,20,10.03056259259259,22.182000000000002,4.899666666666667,19.1,2024-04-01
24,2024,5,26.661290322580644,35.3,23.3,560.5,28,6.970437455197133,16.50161290322581,3.5064516129032257,31.2,2024-05-01
24,2024,6,26.2375,30.2,23.4,62.4,8,8.509153125,17.36875,3.58875,22.5,2024-06-01
25,2010,1,20.051612903225806,24.7,15.7,86.8,17,10.113482168458782,17.32193548387097,3.2241935483870967,12.3,2010-01-01
25,2010,2,20.82857142857143,27.2,15.0,48.6,6,9.90874365079365,20.302500000000002,3.886071428571429,11.6,2010-02-01
25,2010,3,22.161290322580644,29.0,15.7,147.2,14,10.783832437275986,22.509354838709676,4.476774193548387,12.9,2010-03-01
25,2010,4,22.353333333333335,27.6,18.0,315.0,27,9.656936481481482,19.910333333333334,3.9233333333333333,10.6,2010-04-01
25,2010,5,22.90967741935484,27.8,19.3,241.9,31,9.501370250896056,18.269354838709678,3.6261290322580644,17.2,2010-05-01
25,2010,6,22.61,28.1,19.3,246.1,30,10.093738703703703,18.401999999999997,3.707666666666667,21.1,2010-06-01
25,2010,7,22.248387096774195,27.8,18.5,225.5,30,9.922120609318997,18.61516129032258,3.817096774193548,21.3,2010-07-01
25,2010,8,22.690322580645162,29.1,18.4,254.7,29,9.180789516129032,17.287419354838708,3.7793548387096774,21.0,2010-08-01
25,2010,9,22.27,29.0,17.9,335.9,28,8.57203138888889,17.574666666666666,3.743333333333333,17.7,2010-09-01
25,2010,10,21.648387096774194,28.1,15.6,301.8,24,9.769201254480288,18.675161290322578,3.7370967741935486,20.0,2010-10-01
25,2010,11,20.476666666666667,25.7,17.0,394.6,28,8.04038175925926,14.496333333333332,2.7863333333333333,14.1,2010-11-01
25,2010,12,19.822580645161292,25.1,15.2,504.5,27,6.3508123655913975,11.921290322580646,2.3009677419354837,18.1,2010-12-01
25,2011,1,19.287096774193547,23.7,13.1,511.90000000000003,24,6.465992831541222,12.277096774193547,2.301290322580645,11.6,2011-01-01
25,2011,2,20.05,25.3,15.7,340.7,15,7.626721031746032,15.140357142857143,2.8975,10.2,2011-02-01
25,2011,3,20.874193548387098,27.1,14.6,103.2,18,10.290438620071685,20.580967741935485,3.9516129032258065,12.2,2011-03-01
25,2011,4,21.35666666666667,27.4,15.5,273.5,24,9.331977037037035,19.592333333333332,3.8383333333333334,11.6,2011-04-01
25,2011,5,22.61935483870968,28.1,17.7,117.7,26,10.93343700716846,20.966129032258063,4.1567741935483875,18.4,2011-05-01
25,2011,6,23.743333333333332,29.9,17.9,72.0,22,11.025630092592595,20.711333333333336,4.740666666666667,20.2,2011-06-01
25,2011,7,23.596774193548388,29.7,19.2,161.7,29,10.362057795698924,19.174516129032256,4.506451612903225,19.8,2011-07-01
25,2011,8,22.751612903225805,29.3,18.7,163.8,29,10.300511738351256,18.942903225806454,4.097741935483871,20.2,2011-08-01
25,2011,9,22.886666666666667,29.9,17.7,210.7,26,10.689367129629629,20.481333333333335,4.3533333333333335,17.7,2011-09-01
25,2011,10,21.519354838709678,30.1,18.0,425.9,29,8.876920071684587,17.574838709677422,3.4874193548387096,10.2,2011-10-01
25,2011,11,20.363333333333333,24.8,16.4,248.4,23,8.37532962962963,15.152,2.8556666666666666,14.0,2011-11-01
25,2011,12,20.0258064516129,25.5,13.1,342.1,24,7.90932329749104,14.387096774193548,2.732258064516129,11.5,2011-12-01
25,2012,1,19.61935483870968,25.0,14.0,64.60000000000001,13,10.405066218637993,18.12516129032258,3.3583870967741936,10.7,2012-01-01
25,2012,2,20.103448275862068,25.3,14.0,141.4,13,9.779970977011496,18.749655172413792,3.529655172413793,11.4,2012-02-01
25,2012,3,21.574193548387097,28.0,15.8,72.9,11,10.967732974910394,22.97967741935484,4.502580645161291,9.1,2012-03-01
25,2012,4,21.396666666666665,26.4,17.4,315.5,29,9.425290555555554,19.240000000000002,3.731333333333333,14.6,2012-04-01
25,2012,5,23.287096774193547,29.6,16.0,61.1,21,11.10444363799283,22.53032258064516,4.70258064516129,19.0,2012-05-01
25,2012,6,23.823333333333334,29.7,19.5,83.0,25,10.78453527777778,19.476666666666667,4.581666666666666,20.9,2012-06-01
25,2012,7,23.200000000000003,30.3,18.8,133.4,24,10.767581093189966,20.168709677419354,4.493225806451613,21.3,2012-07-01
25,2012,8,23.225806451612904,29.7,18.9,155.3,28,10.714372580645158,19.772903225806452,4.462580645161291,21.6,2012-08-01
25,2012,9,22.453333333333333,28.0,18.2,170.4,26,10.330500370370371,19.892666666666667,4.086666666666667,17.5,2012-09-01
25,2012,10,21.44193548387097,30.0,17.7,657.4,29,7.834943279569893,16.513548387096776,3.314516129032258,19.7,2012-10-01
25,2012,11,20.823333333333334,25.6,17.4,362.8,22,8.345916203703704,14.968333333333334,2.896666666666667,13.7,2012-11-01
25,2012,12,19.970967741935485,24.6,14.0,286.4,22,7.963660394265233,13.554516129032258,2.529677419354839,12.1,2012-12-01
25,2013,1,19.67096774193548,24.6,13.4,320.90000000000003,15,8.349507258064516,15.268064516129032,2.8806451612903223,10.7,2013-01-01
25,2013,2,20.207142857142856,25.0,14.8,155.9,15,9.657480952380952,18.279999999999998,3.4339285714285714,14.9,2013-02-01
25,2013,3,21.080645161290324,26.4,17.1,226.5,19,9.980932078853048,19.642903225806453,3.769354838709677,11.4,2013-03-01
25,2013,4,22.2,27.6,17.7,171.6,18,10.477791666666667,21.58966666666667,4.236666666666666,8.0,2013-04-01
25,2013,5,22.845161290322583,28.1,18.2,229.5,27,9.504366845878138,18.885806451612904,3.7638709677419357,18.6,2013-05-01
25,2013,6,22.233333333333334,27.0,18.9,289.2,30,9.709513796296296,16.831333333333333,3.505,22.0,2013-06-01
25,2013,7,22.4,28.1,18.8,155.6,26,10.62004516129032,18.996774193548386,4.04516129032258,20.2,2013-07-01
25,2013,8,22.932258064516127,29.3,18.2,206.9,27,10.736100985663082,20.521612903225805,4.509677419354839,21.6,2013-08-01
25,2013,9,22.40666666666667,30.0,17.7,183.3,21,9.862378611111112,19.061333333333334,4.0713333333333335,19.7,2013-09-01
25,2013,10,22.370967741935484,30.7,18.0,212.5,26,9.848173118279572,19.093225806451613,4.064193548387097,18.6,2013-10-01
25,2013,11,20.59,25.6,16.1,239.20000000000002,21,9.711019074074072,16.938,3.2336666666666667,12.4,2013-11-01
25,2013,12,19.858064516129033,24.7,15.9,184.5,20,7.7306312724014346,12.930967741935484,2.4577419354838708,12.7,2013-12-01
25,2014,1,19.612903225806452,24.2,14.1,116.60000000000001,15,9.360640322580645,15.76258064516129,2.9093548387096773,10.7,2014-01-01
25,2014,2,20.014285714285712,25.8,12.5,29.0,6,10.922538988095239,21.461071428571426,4.0060714285714285,13.9,2014-02-01
25,2014,3,20.967741935483872,28.2,13.4,60.5,9,10.925731810035844,22.509677419354837,4.305483870967742,14.2,2014-03-01
25,2014,4,22.133333333333333,28.8,16.3,206.3,16,10.359406296296296,21.327333333333332,4.235,9.2,2014-04-01
25,2014,5,22.59032258064516,28.8,18.2,215.2,27,9.676909408602148,19.220967741935485,3.833870967741935,14.9,2014-05-01
25,2014,6,23.88,29.9,19.1,115.4,25,10.89835601851852,19.872666666666664,4.608333333333333,23.8,2014-06-01
25,2014,7,24.19677419354839,30.4,19.4,112.2,24,10.78700878136201,19.955806451612904,5.024516129032258,22.8,2014-07-01
25,2014,8,22.845161290322583,28.9,17.5,194.8,28,10.238586111111113,18.844516129032257,4.195483870967742,19.1,2014-08-01
25,2014,9,23.016666666666666,30.3,18.7,272.7,29,10.343348333333335,19.918333333333333,4.380333333333334,18.6,2014-09-01
25,2014,10,21.183870967741935,27.1,17.9,482.3,30,8.55532275985663,16.468709677419355,3.2138709677419355,15.8,2014-10-01
25,2014,11,20.44,25.7,16.0,410.5,24,7.654656481481481,14.266666666666667,2.7180000000000004,13.6,2014-11-01
25,2014,12,20.17096774193548,24.6,16.7,671.4000000000001,29,6.28952213261649,11.578064516129032,2.237096774193548,14.1,2014-12-01
25,2015,1,20.061290322580643,24.8,15.2,37.6,9,10.510168100358424,18.075161290322583,3.398387096774193,10.0,2015-01-01
25,2015,2,19.724999999999998,24.6,12.6,173.3,16,10.022578571428571,18.679285714285715,3.457857142857143,12.0,2015-02-01
25,2015,3,20.845161290322583,27.2,13.7,106.6,14,10.60203987455197,22.824193548387097,4.3425806451612905,10.2,2015-03-01
25,2015,4,21.46333333333333,26.6,17.4,318.2,27,9.678444629629627,20.158666666666665,3.9166666666666665,7.7,2015-04-01
25,2015,5,22.370967741935484,28.4,18.5,243.9,29,9.873102956989248,19.345483870967744,3.777741935483871,16.3,2015-05-01
25,2015,6,22.636666666666667,28.2,18.3,128.9,24,10.572568796296295,19.670666666666666,3.9843333333333333,19.5,2015-06-01
25,2015,7,23.46451612903226,29.3,18.9,132.9,26,10.662218100358423,19.91032258064516,4.512903225806451,20.9,2015-07-01
25,2015,8,23.116129032258065,30.3,19.0,188.4,29,10.728120071684586,20.316129032258065,4.400967741935484,22.3,2015-08-01
25,2015,9,22.30666666666667,28.7,18.5,275.0,28,9.44306435185185,17.87933333333333,3.6783333333333332,18.9,2015-09-01
25,2015,10,21.251612903225805,26.6,18.0,677.7,31,7.731050896057348,15.916451612903225,3.111612903225806,13.9,2015-10-01
25,2015,11,20.85,25.1,17.3,383.4,28,7.866419537037035,14.289333333333333,2.766,12.3,2015-11-01
25,2015,12,20.490322580645163,24.8,15.0,274.6,24,8.984685215053764,14.630322580645162,2.734193548387097,14.0,2015-12-01
25,2016,1,20.509677419354837,25.8,15.1,54.6,11,10.408487365591398,18.0258064516129,3.390322580645161,11.9,2016-01-01
25,2016,2,21.017241379310345,27.2,13.9,45.7,10,10.517221839080463,19.93344827586207,3.7948275862068965,14.3,2016-02-01
25,2016,3,22.67096774193548,30.3,15.9,50.9,6,11.09016505376344,23.501290322580644,4.683225806451613,12.6,2016-03-01
25,2016,4,23.073333333333334,30.0,18.2,110.7,18,10.713961666666666,22.369000000000003,4.456666666666666,7.9,2016-04-01
25,2016,5,22.77741935483871,28.5,19.3,514.4,31,8.55549363799283,16.380645161290325,3.2983870967741935,16.4,2016-05-01
25,2016,6,23.03666666666667,28.3,19.4,131.2,29,10.535170833333336,19.112333333333332,4.093999999999999,22.4,2016-06-01
25,2016,7,23.27741935483871,31.1,19.0,201.4,24,10.56197123655914,19.325483870967744,4.362580645161291,22.4,2016-07-01
25,2016,8,23.338709677419356,29.5,18.2,119.5,25,10.888574193548386,20.852903225806454,4.685161290322581,20.9,2016-08-01
25,2016,9,23.813333333333333,30.9,17.8,87.0,22,10.720318333333337,21.319666666666667,5.043666666666667,19.5,2016-09-01
25,2016,10,22.712903225806453,31.1,17.5,197.0,24,10.447412724014335,20.455483870967743,4.397741935483872,16.9,2016-10-01
25,2016,11,20.736666666666668,25.4,17.2,305.1,24,8.089752407407408,14.635666666666667,2.8253333333333335,9.5,2016-11-01
25,2016,12,20.4,25.7,15.1,65.5,13,10.373804032258064,17.595806451612905,3.3325806451612903,19.0,2016-12-01
25,2017,1,18.09032258064516,23.4,9.1,193.7,15,9.242252598566308,18.44516129032258,3.1516129032258067,21.4,2017-01-01
25,2017,2,18.592857142857145,24.2,11.2,89.9,11,9.578674999999999,20.09035714285714,3.519642857142857,20.8,2017-02-01
25,2017,3,19.967741935483872,25.8,12.4,92.0,19,10.170153942652329,21.843548387096774,4.064516129032258,16.0,2017-03-01
25,2017,4,21.94333333333333,28.9,15.4,55.4,7,10.809825925925924,24.297,4.897666666666667,18.0,2017-04-01
25,2017,5,22.799999999999997,29.3,16.4,102.7,20,10.285038440860214,20.250967741935483,4.255806451612903,20.9,2017-05-01
25,2017,6,22.773333333333333,29.5,17.3,49.9,14,10.153319074074073,19.617,4.160666666666667,23.3,2017-06-01
25,2017,7,23.187096774193545,30.0,17.7,61.5,13,10.430031362007167,20.175806451612903,4.424516129032258,17.0,2017-07-01
25,2017,8,22.432258064516127,28.9,16.5,54.0,12,9.584170519713261,18.92096774193548,4.01,19.5,2017-08-01
25,2017,9,21.32,28.9,16.1,101.10000000000001,14,8.774611018518518,18.190333333333335,3.6726666666666667,16.3,2017-09-01
25,2017,10,21.59032258064516,28.1,17.2,187.20000000000002,20,8.633393189964156,16.60967741935484,3.4132258064516128,18.2,2017-10-01
25,2017,11,19.563333333333333,26.0,12.8,484.6,26,6.543284907407408,13.840333333333332,2.5873333333333335,27.3,2017-11-01
25,2017,12,19.019354838709678,24.1,14.6,123.3,22,8.750930913978493,15.715483870967741,2.7183870967741934,22.0,2017-12-01
25,2018,1,18.041935483870965,23.6,10.9,91.8,15,9.671477956989246,18.774838709677418,3.1716129032258062,22.0,2018-01-01
25,2018,2,18.892857142857142,24.6,10.3,141.0,17,9.75319513888889,19.607142857142858,3.4189285714285718,16.7,2018-02-01
25,2018,3,19.938709677419357,25.6,14.2,121.9,19,9.743147222222222,20.239032258064515,3.741290322580645,15.4,2018-03-01
25,2018,4,20.513333333333332,26.1,15.3,96.0,20,10.009960925925924,20.613666666666667,3.859666666666667,13.4,2018-04-01
25,2018,5,21.148387096774194,26.8,16.9,216.1,19,7.735821684587815,16.81967741935484,3.262903225806452,18.5,2018-05-01
25,2018,6,21.846666666666668,27.1,16.5,31.2,11,10.329932777777778,20.750333333333334,4.106333333333334,18.5,2018-06-01
25,2018,7,21.612903225806452,27.3,16.6,72.7,14,10.092687724014336,20.53451612903226,4.158387096774193,36.0,2018-07-01
25,2018,8,21.387096774193548,28.4,16.1,71.2,16,9.744285304659497,20.213870967741936,4.1325806451612905,31.7,2018-08-01
25,2018,9,21.35,30.1,15.2,207.1,20,9.880262962962963,20.896666666666665,4.221666666666667,15.6,2018-09-01
25,2018,10,20.10967741935484,25.1,14.2,510.3,29,7.309857347670249,15.287096774193548,2.868387096774194,17.2,2018-10-01
25,2018,11,19.586666666666666,24.9,13.2,368.5,27,8.326537685185185,16.175333333333334,2.9196666666666666,18.1,2018-11-01
25,2018,12,18.870967741935484,24.6,12.7,123.6,19,8.889682795698924,17.06677419354839,2.980645161290323,21.5,2018-12-01
25,2019,1,18.312903225806455,23.8,10.9,141.3,18,9.705111200716846,18.57709677419355,3.0593548387096776,20.5,2019-01-01
25,2019,2,19.49285714285714,25.3,12.1,179.6,24,9.6992626984127,18.945357142857144,3.313928571428572,17.6,2019-02-01
25,2019,3,19.9741935483871,26.4,13.6,91.5,11,10.810633691756276,24.046129032258065,4.493548387096775,15.3,2019-03-01
25,2019,4,21.35666666666667,27.0,14.8,156.70000000000002,18,9.31709212962963,20.573666666666668,4.008,12.8,2019-04-01
25,2019,5,22.48709677419355,29.1,15.9,52.6,18,10.472928853046596,21.490967741935485,4.367741935483871,18.4,2019-05-01
25,2019,6,23.06,29.4,16.8,28.4,8,10.203169351851852,20.563,4.3790000000000004,17.6,2019-06-01
25,2019,7,22.677419354838708,31.0,16.2,26.1,14,10.806371863799285,21.616451612903226,4.549032258064517,17.7,2019-07-01
25,2019,8,21.887096774193548,29.5,16.4,72.1,16,8.466080107526881,17.201612903225808,3.6164516129032256,18.7,2019-08-01
25,2019,9,21.223333333333336,29.2,16.2,163.2,25,9.324615925925926,18.953,3.7393333333333336,17.2,2019-09-01
25,2019,10,19.961290322580645,24.9,15.9,418.7,30,6.294846863799283,14.490645161290322,2.721290322580645,27.0,2019-10-01
25,2019,11,19.77,24.9,14.7,241.5,27,9.197839166666668,17.677666666666667,3.1813333333333333,15.3,2019-11-01
25,2019,12,19.306451612903224,24.1,14.8,385.0,26,8.176712455197134,15.169354838709678,2.638709677419355,18.8,2019-12-01
25,2020,1,18.896774193548385,24.4,11.9,83.8,18,10.571015681003585,20.530967741935484,3.5464516129032257,21.0,2020-01-01
25,2020,2,19.158620689655173,24.5,12.5,112.9,17,10.664801340996169,21.822758620689655,3.70448275862069,20.0,2020-02-01
25,2020,3,20.787096774193547,27.1,14.6,39.7,9,10.992920788530464,24.84903225806452,4.757741935483871,17.4,2020-03-01
25,2020,4,21.273333333333333,27.5,15.2,148.2,22,10.31857296296296,22.274,4.270666666666667,13.7,2020-04-01
25,2020,5,22.26451612903226,28.5,16.6,134.3,21,8.770183243727597,18.386129032258065,3.7399999999999998,31.0,2020-05-01
25,2020,6,22.373333333333335,29.0,15.6,40.5,9,10.084150833333332,20.325333333333333,4.195333333333333,16.8,2020-06-01
25,2020,7,21.825806451612905,28.0,16.0,82.0,14,9.281390143369176,18.061935483870965,3.666451612903226,15.5,2020-07-01
25,2020,8,22.067741935483873,29.9,15.8,62.2,14,10.141803225806452,21.299999999999997,4.40258064516129,19.4,2020-08-01
25,2020,9,21.05666666666667,26.5,16.0,154.1,18,7.921115648148148,16.302333333333333,3.272,14.1,2020-09-01
25,2020,10,21.53548387096774,28.8,14.6,70.8,13,10.59606693548387,22.020967741935483,4.510967741935484,23.2,2020-10-01
25,2020,11,20.08,25.7,14.9,223.70000000000002,28,8.854916851851852,16.372666666666667,2.9893333333333336,19.5,2020-11-01
25,2020,12,19.316129032258065,25.5,14.2,378.7,23,8.455288620071684,15.681290322580645,2.7925806451612902,21.1,2020-12-01
25,2021,1,18.94516129032258,24.4,12.5,372.5,24,7.44683646953405,14.818709677419355,2.5493548387096774,16.3,2021-01-01
25,2021,2,18.946428571428573,25.3,12.4,99.6,15,10.624550000000001,21.177500000000002,3.61,21.7,2021-02-01
25,2021,3,19.52258064516129,26.9,11.5,132.6,20,9.35729829749104,20.11774193548387,3.7125806451612906,16.6,2021-03-01
25,2021,4,20.696666666666665,28.0,14.5,225.1,16,9.998972222222223,21.639666666666667,4.169333333333333,15.3,2021-04-01
25,2021,5,21.461290322580645,26.9,16.4,160.3,22,8.244262724014337,17.615806451612904,3.4448387096774193,24.3,2021-05-01
25,2021,6,21.226666666666667,27.1,15.1,125.0,11,10.507153055555557,21.623333333333335,4.197666666666667,17.6,2021-06-01
25,2021,7,21.635483870967743,27.4,16.2,76.7,18,9.88739112903226,19.654838709677417,3.947741935483871,30.9,2021-07-01
25,2021,8,21.48709677419355,27.9,15.0,85.4,17,9.223135483870967,19.01483870967742,3.8464516129032256,16.0,2021-08-01
25,2021,9,21.423333333333336,28.2,15.7,83.0,19,9.531043240740741,19.545,3.912,24.9,2021-09-01
25,2021,10,20.690322580645162,27.7,15.7,198.79999999999998,21,8.562880734767024,18.031935483870967,3.500322580645161,20.7,2021-10-01
25,2021,11,20.073333333333334,26.0,12.4,334.1,26,6.70358537037037,14.579,2.766,16.3,2021-11-01
25,2021,12,18.98709677419355,24.4,11.9,149.9,25,9.657949820788533,18.636774193548387,3.189032258064516,19.1,2021-12-01
25,2022,1,18.612903225806452,24.4,10.7,123.1,23,9.693834587813619,19.228709677419356,3.301290322580645,20.6,2022-01-01
25,2022,2,18.896428571428572,24.8,11.3,80.4,15,9.676850892857143,21.289285714285715,3.7339285714285713,19.9,2022-02-01
25,2022,3,20.032258064516128,26.9,13.4,78.7,24,9.955789784946235,21.33645161290323,3.9625806451612906,21.0,2022-03-01
25,2022,4,20.386666666666667,26.2,15.6,212.1,29,8.626060092592592,18.422666666666665,3.4796666666666667,13.7,2022-04-01
25,2022,5,22.135483870967743,28.4,16.5,72.8,16,9.616120161290322,20.46677419354839,4.084193548387097,20.0,2022-05-01
25,2022,6,21.616666666666667,27.1,15.8,80.5,14,9.626945092592592,19.229,3.8103333333333333,18.0,2022-06-01
25,2022,7,21.65806451612903,28.1,16.4,93.4,19,8.314674372759857,17.904516129032256,3.7351612903225804,28.0,2022-07-01
25,2022,8,21.258064516129032,26.7,16.0,153.8,21,8.765117831541218,19.08258064516129,3.790967741935484,21.3,2022-08-01
25,2022,9,21.043333333333333,27.3,14.8,90.7,15,9.966200740740742,21.712,4.262666666666666,16.6,2022-09-01
25,2022,10,20.458064516129035,26.9,15.0,204.4,26,7.604356451612903,16.760645161290324,3.2470967741935484,17.4,2022-10-01
25,2022,11,19.186666666666667,25.9,12.4,264.3,25,7.740791203703703,16.605333333333334,3.022666666666667,20.7,2022-11-01
25,2022,12,18.703225806451613,24.6,12.4,186.5,23,7.575634229390682,15.384193548387096,2.790645161290323,38.2,2022-12-01
25,2023,1,17.86774193548387,22.8,10.7,135.8,22,9.152158960573479,18.609354838709677,3.063548387096774,22.3,2023-01-01
25,2023,2,18.75,23.9,11.5,147.0,19,9.051555059523809,19.82107142857143,3.3707142857142856,19.9,2023-02-01
25,2023,3,19.641935483870967,25.9,15.0,118.5,19,9.401756003584229,20.888387096774192,3.7577419354838706,15.5,2023-03-01
25,2023,4,20.583333333333332,26.7,14.4,116.5,17,10.079032314814812,22.464333333333336,4.2043333333333335,14.7,2023-04-01
25,2023,5,21.79032258064516,28.9,15.6,146.4,19,9.13670152329749,19.845806451612905,3.9303225806451616,18.9,2023-05-01
25,2023,6,22.8,28.3,17.0,39.8,16,10.506540092592594,21.163333333333334,4.325333333333333,15.6,2023-06-01
25,2023,7,22.729032258064517,29.9,16.2,70.0,18,9.625108154121863,19.622258064516128,4.21741935483871,26.0,2023-07-01
25,2023,8,22.916129032258063,30.8,15.9,97.3,18,10.775374731182797,22.477096774193548,4.73483870967742,17.8,2023-08-01
25,2023,9,21.56,26.8,16.4,139.3,20,8.242723611111112,17.418,3.4633333333333334,19.1,2023-09-01
25,2023,10,20.603225806451615,25.6,15.9,395.3,29,7.134161379928315,15.490322580645161,2.9574193548387098,13.7,2023-10-01
25,2023,11,20.256666666666668,25.4,14.6,504.5,29,7.160166296296296,15.035666666666666,2.7866666666666666,12.5,2023-11-01
25,2023,12,20.02258064516129,25.3,15.2,389.5,28,6.850025358422939,14.18,2.528709677419355,17.3,2023-12-01
25,2024,1,19.248387096774195,24.3,11.1,227.1,24,8.57772894265233,17.64032258064516,3.040645161290323,18.2,2024-01-01
25,2024,2,19.817241379310346,25.8,13.1,91.8,17,10.376432758620693,21.766896551724138,3.818620689655172,18.7,2024-02-01
25,2024,3,20.774193548387096,28.2,13.5,67.0,9,10.620956182795702,24.337741935483873,4.703225806451614,17.0,2024-03-01
25,2024,4,21.95,28.1,15.6,102.2,16,10.516264074074073,23.596333333333334,4.593999999999999,14.2,2024-04-01
25,2024,5,23.006451612903227,30.2,17.9,215.5,22,8.478108691756274,18.74967741935484,3.786774193548387,20.9,2024-05-01
25,2024,6,22.725,26.9,17.6,30.599999999999998,4,9.499270833333334,18.9175,3.73875,14.1,2024-06-01
26,2010,1,19.89032258064516,24.7,14.9,86.8,17,10.11441953405018,17.32193548387097,3.242903225806452,12.3,2010-01-01
26,2010,2,20.657142857142855,27.4,14.1,48.6,6,9.909482440476191,20.302500000000002,3.912857142857143,11.6,2010-02-01
26,2010,3,22.016129032258064,28.9,15.0,147.2,14,10.784385573476705,22.509354838709676,4.5,12.9,2010-03-01
26,2010,4,21.953333333333333,27.3,17.8,315.0,27,9.657501388888885,19.910333333333334,3.886,10.6,2010-04-01
26,2010,5,22.238709677419354,26.9,19.0,241.9,31,9.502366039426523,18.269354838709678,3.5022580645161288,17.2,2010-05-01
26,2010,6,21.83,26.9,18.9,246.1,30,10.095480092592595,18.401999999999997,3.5103333333333335,21.1,2010-06-01
26,2010,7,21.570967741935487,26.8,17.8,225.5,30,9.923443727598567,18.61516129032258,3.6464516129032254,21.3,2010-07-01
26,2010,8,21.77741935483871,27.6,18.2,254.7,29,9.181358154121863,17.287419354838708,3.5274193548387096,21.0,2010-08-01
26,2010,9,21.453333333333333,27.7,17.7,335.9,28,8.571879814814812,17.574666666666666,3.530333333333333,17.7,2010-09-01
26,2010,10,21.032258064516128,26.7,15.3,301.8,24,9.76887446236559,18.675161290322578,3.5964516129032256,20.0,2010-10-01
26,2010,11,20.103333333333335,25.2,16.6,394.6,28,8.038814444444444,14.496333333333332,2.7606666666666664,14.1,2010-11-01
26,2010,12,19.55483870967742,24.3,14.4,504.5,27,6.349736200716846,11.921290322580646,2.278709677419355,18.1,2010-12-01
26,2011,1,19.074193548387097,23.7,11.7,511.90000000000003,24,6.465468279569892,12.277096774193547,2.3174193548387096,11.6,2011-01-01
26,2011,2,19.807142857142857,24.9,15.1,340.7,15,7.62614742063492,15.140357142857143,2.8910714285714287,10.2,2011-02-01
26,2011,3,20.567741935483873,26.4,14.4,103.2,18,10.290724193548389,20.580967741935485,3.9229032258064516,12.2,2011-03-01
26,2011,4,20.83,26.5,15.3,273.5,24,9.332298796296294,19.592333333333332,3.7733333333333334,11.6,2011-04-01
26,2011,5,21.893548387096775,26.7,17.3,117.7,26,10.933742383512547,20.966129032258063,3.987741935483871,18.4,2011-05-01
26,2011,6,22.526666666666664,28.1,17.6,72.0,22,11.02561324074074,20.711333333333336,4.294666666666667,20.2,2011-06-01
26,2011,7,22.38064516129032,28.1,18.5,161.7,29,10.363684587813617,19.174516129032256,4.06741935483871,19.8,2011-07-01
26,2011,8,21.80322580645161,27.6,18.5,163.8,29,10.301025716845878,18.942903225806454,3.826774193548387,20.2,2011-08-01
26,2011,9,21.853333333333335,28.2,16.8,210.7,26,10.689447962962962,20.481333333333335,4.087,17.7,2011-09-01
26,2011,10,21.05483870967742,28.3,17.6,425.9,29,8.875929659498208,17.574838709677422,3.436451612903226,10.2,2011-10-01
26,2011,11,20.136666666666667,24.5,15.7,248.4,23,8.37388462962963,15.152,2.853666666666667,14.0,2011-11-01
26,2011,12,19.806451612903224,24.4,13.0,342.1,24,7.90887517921147,14.387096774193548,2.7270967741935483,11.5,2011-12-01
26,2012,1,19.46451612903226,25.0,13.4,64.60000000000001,13,10.406053315412187,18.12516129032258,3.369677419354839,10.7,2012-01-01
26,2012,2,19.975862068965515,25.8,13.4,141.4,13,9.780359770114943,18.749655172413792,3.573793103448276,11.4,2012-02-01
26,2012,3,21.309677419354838,27.6,15.7,72.9,11,10.968206720430107,22.97967741935484,4.469032258064516,9.1,2012-03-01
26,2012,4,20.959999999999997,25.8,16.9,315.5,29,9.42583777777778,19.240000000000002,3.6766666666666667,14.6,2012-04-01
26,2012,5,22.338709677419356,28.3,15.9,61.1,21,11.104510394265233,22.53032258064516,4.430322580645162,19.0,2012-05-01
26,2012,6,22.470000000000002,27.7,19.0,83.0,25,10.785333240740739,19.476666666666667,4.0873333333333335,20.9,2012-06-01
26,2012,7,22.16774193548387,28.4,18.7,133.4,24,10.76785958781362,20.168709677419354,4.1332258064516125,21.3,2012-07-01
26,2012,8,22.05806451612903,27.9,18.4,155.3,28,10.714613351254481,19.772903225806452,4.094838709677419,21.6,2012-08-01
26,2012,9,21.616666666666667,27.0,18.1,170.4,26,10.330517962962963,19.892666666666667,3.8873333333333333,17.5,2012-09-01
26,2012,10,20.85483870967742,28.5,16.9,657.4,29,7.83423252688172,16.513548387096776,3.2383870967741935,19.7,2012-10-01
26,2012,11,20.473333333333336,25.3,16.7,362.8,22,8.344418703703704,14.968333333333334,2.871,13.7,2012-11-01
26,2012,12,19.822580645161292,24.3,13.0,286.4,22,7.962767293906811,13.554516129032258,2.5529032258064515,12.1,2012-12-01
26,2013,1,19.5,24.7,12.3,320.90000000000003,15,8.349510394265234,15.268064516129032,2.8929032258064518,10.7,2013-01-01
26,2013,2,20.039285714285715,24.8,14.3,155.9,15,9.657810119047618,18.279999999999998,3.4482142857142857,14.9,2013-02-01
26,2013,3,20.838709677419356,26.1,16.6,226.5,19,9.981312992831542,19.642903225806453,3.7651612903225806,11.4,2013-03-01
26,2013,4,21.876666666666665,27.0,17.4,171.6,18,10.478116666666665,21.58966666666667,4.2026666666666666,8.0,2013-04-01
26,2013,5,22.106451612903225,27.1,18.2,229.5,27,9.505279480286738,18.885806451612904,3.606451612903226,18.6,2013-05-01
26,2013,6,21.34,25.8,18.8,289.2,30,9.711183055555555,16.831333333333333,3.247,22.0,2013-06-01
26,2013,7,21.5,26.4,18.2,155.6,26,10.62079551971326,18.996774193548386,3.7519354838709678,20.2,2013-07-01
26,2013,8,21.90967741935484,27.6,17.6,206.9,27,10.736152956989246,20.521612903225805,4.196129032258064,21.6,2013-08-01
26,2013,9,21.40666666666667,27.8,17.2,183.3,21,9.862574166666665,19.061333333333334,3.79,19.7,2013-09-01
26,2013,10,21.40967741935484,28.6,16.7,212.5,26,9.8475311827957,19.093225806451613,3.8141935483870966,18.6,2013-10-01
26,2013,11,20.276666666666664,24.9,15.8,239.20000000000002,21,9.710528148148148,16.938,3.2060000000000004,12.4,2013-11-01
26,2013,12,19.729032258064517,24.3,15.5,184.5,20,7.729889516129033,12.930967741935484,2.467741935483871,12.7,2013-12-01
26,2014,1,19.59032258064516,24.3,13.5,116.60000000000001,15,9.360914516129034,15.76258064516129,2.9493548387096777,10.7,2014-01-01
26,2014,2,19.99642857142857,26.0,11.8,29.0,6,10.92417123015873,21.461071428571426,4.068214285714285,13.9,2014-02-01
26,2014,3,21.203225806451613,29.1,13.6,60.5,9,10.926042383512549,22.509677419354837,4.424838709677419,14.2,2014-03-01
26,2014,4,21.87,29.1,16.2,206.3,16,10.359741203703704,21.327333333333332,4.209,9.2,2014-04-01
26,2014,5,22.067741935483873,27.7,17.8,215.2,27,9.677665412186379,19.220967741935485,3.7399999999999998,14.9,2014-05-01
26,2014,6,22.886666666666667,28.2,19.3,115.4,25,10.898488611111114,19.872666666666664,4.244666666666666,23.8,2014-06-01
26,2014,7,22.932258064516127,28.6,18.9,112.2,24,10.787176164874548,19.955806451612904,4.499032258064516,22.8,2014-07-01
26,2014,8,21.94516129032258,27.8,17.2,194.8,28,10.239344802867382,18.844516129032257,3.9212903225806452,19.1,2014-08-01
26,2014,9,21.946666666666665,28.5,18.0,272.7,29,10.343436666666667,19.918333333333333,4.057666666666667,18.6,2014-09-01
26,2014,10,20.75483870967742,25.9,17.5,482.3,30,8.554534318996415,16.468709677419355,3.1574193548387095,15.8,2014-10-01
26,2014,11,20.15666666666667,25.2,15.5,410.5,24,7.653786574074074,14.266666666666667,2.707333333333333,13.6,2014-11-01
26,2014,12,19.967741935483872,24.6,16.1,671.4000000000001,29,6.2880256272401445,11.578064516129032,2.2374193548387096,14.1,2014-12-01
26,2015,1,19.88064516129032,24.8,14.1,37.6,9,10.511413620071686,18.075161290322583,3.4038709677419354,10.0,2015-01-01
26,2015,2,19.63214285714286,25.0,11.3,173.3,16,10.022853174603174,18.679285714285715,3.500357142857143,12.0,2015-02-01
26,2015,3,20.693548387096776,27.3,13.4,106.6,14,10.602439516129031,22.824193548387097,4.356451612903226,10.2,2015-03-01
26,2015,4,21.11,26.4,17.2,318.2,27,9.67900037037037,20.158666666666665,3.8916666666666666,7.7,2015-04-01
26,2015,5,21.816129032258065,27.3,18.2,243.9,29,9.874169354838711,19.345483870967744,3.6754838709677418,16.3,2015-05-01
26,2015,6,22.016666666666666,27.0,18.2,128.9,24,10.572997499999998,19.670666666666666,3.8253333333333335,19.5,2015-06-01
26,2015,7,22.361290322580647,27.7,18.3,132.9,26,10.662029301075268,19.91032258064516,4.1248387096774195,20.9,2015-07-01
26,2015,8,22.080645161290324,28.1,18.6,188.4,29,10.728136290322578,20.316129032258065,4.075483870967742,22.3,2015-08-01
26,2015,9,21.529999999999998,27.3,17.7,275.0,28,9.443206759259258,17.87933333333333,3.4983333333333335,18.9,2015-09-01
26,2015,10,20.91290322580645,26.3,17.5,677.7,31,7.730487992831541,15.916451612903225,3.07741935483871,13.9,2015-10-01
26,2015,11,20.529999999999998,24.6,17.0,383.4,28,7.864728240740742,14.289333333333333,2.7453333333333334,12.3,2015-11-01
26,2015,12,20.299999999999997,24.7,14.3,274.6,24,8.983322222222222,14.630322580645162,2.7561290322580643,14.0,2015-12-01
26,2016,1,20.44193548387097,25.9,14.8,54.6,11,10.409732078853045,18.0258064516129,3.4283870967741934,11.9,2016-01-01
26,2016,2,21.07241379310345,27.6,12.8,45.7,10,10.518049137931035,19.93344827586207,3.87551724137931,14.3,2016-02-01
26,2016,3,22.864516129032257,30.3,16.3,50.9,6,11.090675627240143,23.501290322580644,4.7383870967741935,12.6,2016-03-01
26,2016,4,22.73,29.1,17.9,110.7,18,10.714214814814815,22.369000000000003,4.421333333333334,7.9,2016-04-01
26,2016,5,22.096774193548388,27.0,18.8,514.4,31,8.556537275985663,16.380645161290325,3.1712903225806452,16.4,2016-05-01
26,2016,6,22.02,26.5,19.2,131.2,29,10.536662962962964,19.112333333333332,3.7416666666666667,22.4,2016-06-01
26,2016,7,22.26774193548387,29.5,18.7,201.4,24,10.562356810035846,19.325483870967744,4.029677419354838,22.4,2016-07-01
26,2016,8,22.316129032258065,27.6,18.6,119.5,25,10.888317473118281,20.852903225806454,4.320322580645161,20.9,2016-08-01
26,2016,9,22.53666666666667,29.2,17.2,87.0,22,10.72038861111111,21.319666666666667,4.577666666666667,19.5,2016-09-01
26,2016,10,21.838709677419356,29.4,16.9,197.0,24,10.447147401433691,20.455483870967743,4.179032258064517,16.9,2016-10-01
26,2016,11,20.45,24.9,16.7,305.1,24,8.08838574074074,14.635666666666667,2.8040000000000003,9.5,2016-11-01
26,2016,12,20.141935483870967,25.0,14.9,65.5,13,10.374643369175624,17.595806451612905,3.303225806451613,19.0,2016-12-01
26,2017,1,17.948387096774194,23.9,9.5,163.7,16,9.411741845878137,19.178709677419352,3.4438709677419355,22.6,2017-01-01
26,2017,2,18.160714285714285,24.1,10.9,51.5,10,9.542035317460316,20.521428571428572,3.6621428571428574,21.1,2017-02-01
26,2017,3,19.316129032258065,25.3,11.7,100.1,19,10.186542921146952,21.86774193548387,4.032903225806452,15.1,2017-03-01
26,2017,4,21.246666666666666,28.6,14.5,81.2,9,10.71164175925926,23.915666666666667,4.7283333333333335,13.4,2017-04-01
26,2017,5,21.625806451612902,27.8,16.2,119.8,23,10.119157168458782,20.14032258064516,3.9896774193548388,17.2,2017-05-01
26,2017,6,21.743333333333332,29.0,15.8,69.5,12,10.017193981481482,19.476,3.926,17.3,2017-06-01
26,2017,7,22.429032258064513,29.2,16.6,52.6,15,10.217186379928313,19.881612903225808,4.184193548387097,13.0,2017-07-01
26,2017,8,21.206451612903226,27.5,15.0,110.10000000000001,22,9.556624014336917,18.82677419354839,3.740322580645161,15.2,2017-08-01
26,2017,9,20.3,27.3,15.0,152.8,19,8.793740092592593,18.314666666666668,3.524,15.5,2017-09-01
26,2017,10,20.309677419354838,26.6,15.5,329.4,26,8.582625627240144,16.52516129032258,3.211935483870968,16.3,2017-10-01
26,2017,11,18.91,24.7,12.1,449.0,27,6.627648055555556,14.017666666666667,2.607666666666667,26.9,2017-11-01
26,2017,12,18.506451612903227,23.7,14.1,78.5,21,8.957941935483872,16.35516129032258,2.8693548387096777,22.0,2017-12-01
26,2018,1,17.683870967741935,23.7,10.3,55.1,14,9.770105017921146,19.24483870967742,3.3787096774193546,18.9,2018-01-01
26,2018,2,18.764285714285712,24.7,11.5,92.3,16,9.969427777777778,20.475357142857142,3.6967857142857143,16.1,2018-02-01
26,2018,3,19.35483870967742,25.4,14.2,122.2,20,9.747843727598566,20.398709677419355,3.7680645161290323,13.6,2018-03-01
26,2018,4,19.89333333333333,25.8,14.8,100.2,24,9.93186935185185,20.517666666666667,3.82,12.7,2018-04-01
26,2018,5,20.177419354838708,25.8,15.5,244.0,24,7.625824193548385,16.71483870967742,3.1319354838709677,20.5,2018-05-01
26,2018,6,20.866666666666667,26.0,15.1,46.6,13,10.314977500000001,20.669333333333334,3.920666666666667,16.0,2018-06-01
26,2018,7,20.76451612903226,26.6,15.2,79.1,15,10.051480107526883,20.473548387096773,4.012903225806451,27.6,2018-07-01
26,2018,8,20.73548387096774,27.3,15.2,73.2,16,9.722492383512547,20.046451612903226,3.9709677419354836,23.0,2018-08-01
26,2018,9,20.509999999999998,29.5,14.2,234.7,20,9.888608425925927,20.877,4.0906666666666665,15.3,2018-09-01
26,2018,10,19.322580645161292,25.0,13.5,486.0,30,7.323535842293906,15.29967741935484,2.836129032258065,14.0,2018-10-01
26,2018,11,18.94,24.0,12.7,330.9,23,8.344631851851851,16.458666666666666,2.9623333333333335,17.4,2018-11-01
26,2018,12,18.461290322580645,24.2,12.1,90.6,17,8.990548387096775,17.621935483870967,3.152258064516129,20.4,2018-12-01
26,2019,1,18.12258064516129,23.7,11.1,88.4,12,10.066836559139784,20.02064516129032,3.4480645161290324,21.0,2019-01-01
26,2019,2,19.09642857142857,24.6,12.2,155.3,21,9.896096031746032,19.650357142857143,3.4875000000000003,18.2,2019-02-01
26,2019,3,19.519354838709678,26.9,13.2,85.39999999999999,11,10.792869802867385,24.019032258064517,4.525806451612904,14.2,2019-03-01
26,2019,4,20.61,27.4,14.0,176.5,19,9.225364537037036,20.581,3.9739999999999998,12.3,2019-04-01
26,2019,5,21.016129032258064,27.1,14.7,83.3,22,10.502060035842293,21.286451612903225,4.105806451612903,14.4,2019-05-01
26,2019,6,21.886666666666667,28.9,16.2,65.3,11,10.080453518518516,20.362333333333332,4.083,18.0,2019-06-01
26,2019,7,21.635483870967743,30.2,14.8,54.6,15,10.695265053763439,21.365483870967743,4.3267741935483865,16.2,2019-07-01
26,2019,8,20.725806451612904,27.5,15.3,83.4,18,8.230762903225807,17.0,3.3890322580645162,17.0,2019-08-01
26,2019,9,20.13,27.7,15.8,197.5,26,9.35415537037037,18.942333333333334,3.5923333333333334,17.1,2019-09-01
26,2019,10,19.12258064516129,23.9,15.0,497.3,31,6.186271774193549,14.577419354838709,2.6748387096774193,24.3,2019-10-01
26,2019,11,19.15,24.1,14.0,233.2,26,9.156300462962964,17.851999999999997,3.198666666666667,15.1,2019-11-01
26,2019,12,18.903225806451612,23.9,14.4,264.1,26,8.712204032258065,16.021612903225808,2.8151612903225804,18.2,2019-12-01
26,2020,1,18.690322580645162,25.3,12.0,34.2,14,10.698813888888889,21.306774193548385,3.789677419354839,19.4,2020-01-01
26,2020,2,19.21034482758621,25.1,12.5,49.2,12,10.806098850574712,22.93655172413793,4.142413793103448,20.6,2020-02-01
26,2020,3,20.55806451612903,27.7,12.9,49.0,9,10.911050627240142,24.863548387096774,4.856774193548387,16.3,2020-03-01
26,2020,4,20.653333333333332,27.6,14.8,176.6,22,10.18824962962963,22.175666666666665,4.235333333333333,13.5,2020-04-01
26,2020,5,21.33225806451613,27.6,16.1,163.2,20,8.784501881720429,18.426129032258064,3.612258064516129,24.0,2020-05-01
26,2020,6,21.683333333333334,28.5,14.4,46.5,12,9.983147962962963,20.212666666666667,4.043666666666667,12.1,2020-06-01
26,2020,7,20.9741935483871,27.2,15.9,128.0,15,9.171518279569892,17.906129032258065,3.5051612903225804,14.5,2020-07-01
26,2020,8,21.02258064516129,28.5,14.6,72.8,17,10.022721326164874,21.15290322580645,4.1980645161290315,13.0,2020-08-01
26,2020,9,20.256666666666668,25.8,15.2,191.29999999999998,21,7.904236481481481,16.244666666666667,3.1550000000000002,12.3,2020-09-01
26,2020,10,20.861290322580647,28.4,13.9,88.60000000000001,15,10.571994713261647,21.74258064516129,4.312258064516129,17.1,2020-10-01
26,2020,11,19.376666666666665,24.4,14.2,221.3,28,8.77215037037037,16.582333333333334,3.0103333333333335,16.2,2020-11-01
26,2020,12,18.761290322580646,24.5,13.1,277.6,24,8.684910573476705,16.178709677419356,2.904193548387097,19.5,2020-12-01
26,2021,1,18.45483870967742,24.0,11.8,345.4,23,7.503959677419355,15.32516129032258,2.698709677419355,15.3,2021-01-01
26,2021,2,18.52857142857143,24.8,12.1,52.1,12,10.740509325396825,21.961785714285714,3.814285714285714,22.0,2021-02-01
26,2021,3,19.032258064516128,25.9,11.7,148.4,20,9.284758243727598,20.330967741935485,3.7738709677419355,15.5,2021-03-01
26,2021,4,19.9,26.7,14.0,224.20000000000002,16,10.022492685185185,21.636000000000003,4.082333333333334,12.9,2021-04-01
26,2021,5,20.52258064516129,25.8,16.2,173.8,26,8.218085931899642,17.67258064516129,3.338709677419355,23.3,2021-05-01
26,2021,6,20.533333333333335,25.9,14.3,144.7,14,10.494456666666665,21.537666666666667,4.086,11.5,2021-06-01
26,2021,7,20.73548387096774,26.5,15.6,117.3,18,9.827543010752688,19.59741935483871,3.7948387096774194,25.2,2021-07-01
26,2021,8,20.690322580645162,27.2,14.5,126.1,22,9.041316218637991,18.93,3.708387096774193,14.3,2021-08-01
26,2021,9,20.476666666666667,27.2,14.8,134.6,21,9.339001388888889,19.28033333333333,3.747,19.4,2021-09-01
26,2021,10,19.825806451612905,26.5,14.6,244.5,20,8.507444802867385,18.121612903225806,3.4158064516129034,21.1,2021-10-01
26,2021,11,19.33,24.9,11.4,371.0,28,6.619825277777777,14.728666666666667,2.7479999999999998,15.2,2021-11-01
26,2021,12,18.529032258064515,23.7,10.8,118.4,18,9.625365143369175,19.110967741935486,3.3435483870967744,18.8,2021-12-01
26,2022,1,18.21935483870968,24.1,10.1,91.1,19,9.817875716845878,19.92032258064516,3.479677419354839,20.5,2022-01-01
26,2022,2,18.557142857142857,24.8,11.3,80.7,14,9.874532242063491,21.761071428571427,3.9146428571428573,18.4,2022-02-01
26,2022,3,19.403225806451612,26.1,13.0,92.0,24,9.844226792114696,21.25548387096774,3.9619354838709677,20.5,2022-03-01
26,2022,4,19.52,25.1,14.7,276.4,28,8.525614351851852,18.692,3.449666666666667,10.5,2022-04-01
26,2022,5,20.932258064516127,27.5,15.8,101.10000000000001,18,9.633646326164873,20.47193548387097,3.881612903225806,22.2,2022-05-01
26,2022,6,20.509999999999998,26.1,14.3,131.1,20,9.410558148148148,19.046666666666667,3.6319999999999997,14.1,2022-06-01
26,2022,7,20.712903225806453,27.2,15.2,139.2,21,8.229761021505377,17.806774193548385,3.5493548387096774,22.9,2022-07-01
26,2022,8,20.29032258064516,25.8,14.0,158.2,20,8.716793010752689,18.984193548387097,3.654193548387097,16.2,2022-08-01
26,2022,9,20.156666666666663,26.2,14.2,111.2,16,9.903820925925928,21.572,4.12,13.7,2022-09-01
26,2022,10,19.58709677419355,25.6,14.0,271.9,26,7.16389265232975,16.48548387096774,3.1348387096774193,15.0,2022-10-01
26,2022,11,18.459999999999997,24.5,11.4,294.4,27,7.618135092592593,16.487000000000002,3.008666666666667,17.7,2022-11-01
26,2022,12,18.11935483870968,23.5,11.8,179.2,24,7.6179991935483855,15.774838709677418,2.8741935483870966,32.1,2022-12-01
26,2023,1,17.593548387096774,22.8,10.1,80.6,16,9.357980465949822,19.74258064516129,3.3696774193548387,20.7,2023-01-01
26,2023,2,18.364285714285717,23.7,10.8,127.2,20,9.301843154761904,20.563214285714285,3.5967857142857143,17.7,2023-02-01
26,2023,3,19.041935483870965,25.1,14.4,113.3,20,9.573951523297492,21.401612903225807,3.834838709677419,16.4,2023-03-01
26,2023,4,19.823333333333334,25.9,13.9,126.9,22,9.982033425925925,22.552333333333333,4.162,13.5,2023-04-01
26,2023,5,20.725806451612904,27.8,14.7,154.8,20,8.890171326164873,19.634193548387096,3.7638709677419357,15.7,2023-05-01
26,2023,6,21.613333333333333,27.4,15.8,92.8,24,10.430771574074072,21.06,4.137,18.3,2023-06-01
26,2023,7,21.361290322580647,28.7,15.2,81.4,17,9.560114516129033,19.41516129032258,3.946774193548387,21.1,2023-07-01
26,2023,8,21.63225806451613,29.9,14.9,106.0,21,10.850140143369174,22.5641935483871,4.575161290322581,15.5,2023-08-01
26,2023,9,20.1,25.5,15.4,242.9,27,8.029778518518519,17.380999999999997,3.255666666666667,22.0,2023-09-01
26,2023,10,19.345161290322583,24.1,14.0,436.5,31,6.823161738351254,15.469354838709679,2.8506451612903225,14.0,2023-10-01
26,2023,11,19.246666666666666,23.6,14.4,597.6,30,7.14922425925926,15.236666666666668,2.7689999999999997,12.4,2023-11-01
26,2023,12,19.23225806451613,23.6,14.7,394.3,29,7.159043458781361,14.755483870967742,2.604516129032258,19.1,2023-12-01
26,2024,1,18.61935483870968,23.8,10.2,197.3,20,8.7313708781362,18.294838709677418,3.2077419354838708,18.8,2024-01-01
26,2024,2,19.33448275862069,25.7,13.3,61.300000000000004,16,10.581950862068965,22.397931034482756,3.998965517241379,18.2,2024-02-01
26,2024,3,20.26451612903226,28.1,13.3,75.5,8,10.524804301075267,24.26,4.732903225806451,15.9,2024-03-01
26,2024,4,20.78666666666667,27.0,14.8,105.9,18,10.472993611111109,23.46966666666667,4.458333333333333,13.2,2024-04-01
26,2024,5,21.635483870967743,27.7,16.8,230.0,23,8.411701792114696,18.953548387096777,3.6461290322580644,22.1,2024-05-01
26,2024,6,21.1,25.6,16.9,52.0,8,9.188155902777778,18.775,3.43875,17.4,2024-06-01
