date,year,month,crop_name,farm_price,retail_price_pettah,retail_price_dambulla,average_spread,spread_pct
2000-01-01,2000,1,Beans,50.64,64.7,65.25,14.34,28.31747962583012
2000-02-01,2000,2,Beans,47.56,62.8,64.52,16.1,33.851905273538115
2000-03-01,2000,3,Beans,55.79,72.08,73.53,17.02,30.507204683268174
2000-04-01,2000,4,Beans,55.54,72.53,71.72,16.58,29.852304911226295
2000-05-01,2000,5,Beans,46.64,59.6,64.71,15.51,33.25464568043379
2000-06-01,2000,6,Beans,53.84,69.66,74.2,18.09,33.59949182858129
2000-07-01,2000,7,Beans,42.95,53.38,53.71,10.6,24.679802840971263
2000-08-01,2000,8,Beans,46.73,65.21,59.48,15.61,33.40459361311018
2000-09-01,2000,9,Beans,47.85,64.9,63.68,16.44,34.35729496908053
2000-10-01,2000,10,Beans,44.2,54.79,60.06,13.22,29.909434594039375
2000-11-01,2000,11,Beans,51.53,66.44,67.0,15.19,29.477916790380764
2000-12-01,2000,12,Beans,45.46,60.89,64.4,17.19,37.813379205061146
2001-01-01,2001,1,Beans,58.04,70.39,72.81,13.56,23.363157541079357
2001-02-01,2001,2,Beans,55.2,69.92,76.99,18.25,33.06153430881466
2001-03-01,2001,3,Beans,56.36,77.03,76.13,20.22,35.87644450595368
2001-04-01,2001,4,Beans,58.46,72.71,82.88,19.33,33.06528726430505
2001-05-01,2001,5,Beans,53.66,68.43,73.84,17.48,32.57541450724094
2001-06-01,2001,6,Beans,55.65,77.84,76.97,21.76,39.10145714023874
2001-07-01,2001,7,Beans,58.58,73.25,76.99,16.54,28.234844255984537
2001-08-01,2001,8,Beans,55.64,74.15,73.93,18.4,33.069674569240526
2001-09-01,2001,9,Beans,48.03,64.79,60.28,14.51,30.210222339741115
2001-10-01,2001,10,Beans,51.34,64.22,73.61,17.57,34.222761545069055
2001-11-01,2001,11,Beans,47.57,63.41,68.56,18.42,38.72180214042014
2001-12-01,2001,12,Beans,54.05,66.99,76.73,17.81,32.95091035909277
2002-01-01,2002,1,Beans,62.01,79.95,88.9,22.42,36.1554004912103
2002-02-01,2002,2,Beans,57.23,77.13,82.22,22.44,39.21013592497655
2002-03-01,2002,3,Beans,58.92,81.57,75.63,19.68,33.40116530691563
2002-04-01,2002,4,Beans,65.98,82.71,83.01,16.88,25.583471380007
2002-05-01,2002,5,Beans,55.05,70.56,70.84,15.65,28.428649539237895
2002-06-01,2002,6,Beans,59.67,82.74,84.65,24.02,40.25466691022807
2002-07-01,2002,7,Beans,50.95,70.91,73.4,21.2,41.60933933397579
2002-08-01,2002,8,Beans,59.16,74.12,77.04,16.42,27.75519311157351
2002-09-01,2002,9,Beans,54.1,68.43,74.24,17.24,31.866854220232486
2002-10-01,2002,10,Beans,59.37,74.7,82.4,19.18,32.30582397536807
2002-11-01,2002,11,Beans,50.92,66.74,65.5,15.2,29.850687645939416
2002-12-01,2002,12,Beans,54.64,68.53,76.63,17.94,32.83302922212807
2003-01-01,2003,1,Beans,66.17,81.5,91.92,20.54,31.041210456082126
2003-02-01,2003,2,Beans,55.62,76.11,77.37,21.12,37.97188426486108
2003-03-01,2003,3,Beans,58.14,72.13,83.09,19.47,33.488074495915896
2003-04-01,2003,4,Beans,63.25,79.7,80.59,16.9,26.719325344940163
2003-05-01,2003,5,Beans,60.67,83.78,83.21,22.82,37.61325595309716
2003-06-01,2003,6,Beans,61.91,75.0,88.0,19.59,31.642656044813368
2003-07-01,2003,7,Beans,59.47,77.57,78.69,18.66,31.377112195876585
2003-08-01,2003,8,Beans,57.78,76.14,73.75,17.16,29.698806336437627
2003-09-01,2003,9,Beans,62.78,78.82,84.96,19.11,30.43958196944573
2003-10-01,2003,10,Beans,51.99,66.34,72.02,17.19,33.06398718217507
2003-11-01,2003,11,Beans,54.58,75.51,76.8,21.58,39.53821997394654
2003-12-01,2003,12,Beans,53.94,73.65,69.48,17.63,32.6844036255031
2004-01-01,2004,1,Beans,61.34,74.93,82.85,17.55,28.61097389798843
2004-02-01,2004,2,Beans,69.08,96.05,91.5,24.7,35.75559386856707
2004-03-01,2004,3,Beans,76.45,100.65,97.16,22.46,29.378640446513476
2004-04-01,2004,4,Beans,70.89,93.28,100.75,26.12,36.84576548770562
2004-05-01,2004,5,Beans,66.47,82.51,93.21,21.39,32.17988238320689
2004-06-01,2004,6,Beans,61.98,74.91,84.72,17.84,28.7834321015939
2004-07-01,2004,7,Beans,69.75,85.0,98.73,22.12,31.713216181768917
2004-08-01,2004,8,Beans,59.34,74.02,75.57,15.45,26.03635652787912
2004-09-01,2004,9,Beans,64.12,85.25,81.62,19.31,30.115361641669296
2004-10-01,2004,10,Beans,59.34,78.67,84.01,22.0,37.07442353484405
2004-11-01,2004,11,Beans,60.71,78.06,85.85,21.24,34.98594138372362
2004-12-01,2004,12,Beans,61.38,81.72,88.72,23.84,38.83994975570258
2005-01-01,2005,1,Beans,66.14,86.45,86.9,20.54,31.05529020972148
2005-02-01,2005,2,Beans,80.29,101.11,115.73,28.13,35.03545268968403
2005-03-01,2005,3,Beans,62.83,76.44,87.69,19.24,30.62226544283711
2005-04-01,2005,4,Beans,75.47,92.27,104.24,22.78,30.18413914914648
2005-05-01,2005,5,Beans,61.6,77.55,77.15,15.75,25.56814031146053
2005-06-01,2005,6,Beans,73.72,101.06,100.2,26.91,36.50293474913897
2005-07-01,2005,7,Beans,61.71,85.73,87.29,24.8,40.18791089303048
2005-08-01,2005,8,Beans,58.91,74.21,81.81,19.1,32.422284124454045
2005-09-01,2005,9,Beans,66.6,92.71,90.48,25.0,37.53748117495319
2005-10-01,2005,10,Beans,71.41,93.91,94.99,23.04,32.264343559244416
2005-11-01,2005,11,Beans,71.15,98.3,103.01,29.5,41.461642358900406
2005-12-01,2005,12,Beans,62.84,84.35,80.16,19.41,30.88792029293397
2006-01-01,2006,1,Beans,60.05,82.96,81.82,22.34,37.20226943835231
2006-02-01,2006,2,Beans,68.48,93.65,93.3,24.99,36.49235325298882
2006-03-01,2006,3,Beans,73.04,93.73,101.3,24.47,33.50214471228817
2006-04-01,2006,4,Beans,70.2,95.08,100.25,27.46,39.11675339493818
2006-05-01,2006,5,Beans,79.8,101.09,106.57,24.03,30.112744219618776
2006-06-01,2006,6,Beans,71.98,89.91,90.68,18.31,25.437586221747395
2006-07-01,2006,7,Beans,65.72,83.19,85.16,18.45,28.07360305294727
2006-08-01,2006,8,Beans,74.12,102.19,96.07,25.01,33.7425340764516
2006-09-01,2006,9,Beans,67.21,91.77,90.48,23.92,35.589889019656276
2006-10-01,2006,10,Beans,65.88,90.33,87.97,23.27,35.321743591767465
2006-11-01,2006,11,Beans,75.5,99.33,103.21,25.77,34.13240512264222
2006-12-01,2006,12,Beans,68.69,88.38,94.52,22.76,33.134323577924626
2007-01-01,2007,1,Beans,82.0,110.46,107.89,27.17,33.13410593401716
2007-02-01,2007,2,Beans,74.91,97.63,99.92,23.86,31.851512679865596
2007-03-01,2007,3,Beans,76.26,99.33,107.62,27.21,35.68051969509612
2007-04-01,2007,4,Beans,92.99,118.33,123.21,27.78,29.87414789316282
2007-05-01,2007,5,Beans,75.03,103.12,102.51,27.79,37.03846856128406
2007-06-01,2007,6,Beans,82.24,109.13,104.17,24.41,29.681384142285825
2007-07-01,2007,7,Beans,79.85,107.72,113.39,30.71,38.4595636073092
2007-08-01,2007,8,Beans,75.65,97.58,108.33,27.3,36.08719618348158
2007-09-01,2007,9,Beans,89.48,113.26,124.56,29.43,32.88999453509774
2007-10-01,2007,10,Beans,83.98,103.71,116.21,25.98,30.935900290664097
2007-11-01,2007,11,Beans,89.33,122.23,123.93,33.75,37.78121820080801
2007-12-01,2007,12,Beans,78.53,99.43,99.95,21.16,26.945082204148473
2008-01-01,2008,1,Beans,67.62,84.85,90.62,20.11,29.739677995152324
2008-02-01,2008,2,Beans,85.36,107.32,107.35,21.97,25.7380204568645
2008-03-01,2008,3,Beans,85.01,114.81,117.75,31.27,36.783864505511694
2008-04-01,2008,4,Beans,82.79,105.02,113.36,26.4,31.887870651201045
2008-05-01,2008,5,Beans,84.34,111.56,116.2,29.54,35.02485768928422
2008-06-01,2008,6,Beans,86.75,116.66,117.81,30.48,35.13540618396981
2008-07-01,2008,7,Beans,96.56,121.89,135.73,32.25,33.39888836072042
2008-08-01,2008,8,Beans,78.25,104.12,108.4,28.01,35.79548141152535
2008-09-01,2008,9,Beans,75.05,91.79,97.34,19.52,26.00929245930385
2008-10-01,2008,10,Beans,78.6,95.78,101.8,20.19,25.686990220114225
2008-11-01,2008,11,Beans,85.02,107.81,116.17,26.97,31.721910465878068
2008-12-01,2008,12,Beans,81.54,113.09,108.55,29.28,35.90871240040176
2009-01-01,2009,1,Beans,77.02,107.26,100.46,26.84,34.84804615937917
2009-02-01,2009,2,Beans,90.6,116.84,124.22,29.93,33.03528362551476
2009-03-01,2009,3,Beans,85.54,107.31,121.87,29.05,33.96068042941264
2009-04-01,2009,4,Beans,101.02,134.57,126.95,29.74,29.439685765506074
2009-05-01,2009,5,Beans,93.85,130.66,122.2,32.58,34.71493370811539
2009-06-01,2009,6,Beans,87.45,122.31,114.87,31.14,35.60887866337488
2009-07-01,2009,7,Beans,87.73,113.38,121.07,29.49,33.614460715307516
2009-08-01,2009,8,Beans,101.92,126.16,131.18,26.75,26.246049601599687
2009-09-01,2009,9,Beans,77.85,100.78,105.67,25.38,32.60111419253155
2009-10-01,2009,10,Beans,76.11,102.85,103.46,27.04,35.527479270162566
2009-11-01,2009,11,Beans,75.26,92.02,105.17,23.33,30.999161574326894
2009-12-01,2009,12,Beans,80.76,111.06,109.72,29.63,36.688909498626174
2010-01-01,2010,1,Beans,88.38,121.54,127.95,36.37,41.15179774632525
2010-02-01,2010,2,Beans,99.78,119.77,138.79,29.5,29.565013464608676
2010-03-01,2010,3,Beans,94.49,128.47,136.98,38.24,40.46984816398756
2010-04-01,2010,4,Beans,96.26,127.23,139.19,36.95,38.38558239602909
2010-05-01,2010,5,Beans,85.56,106.08,122.74,28.85,33.718988173225604
2010-06-01,2010,6,Beans,104.19,130.7,150.34,36.33,34.8689558796853
2010-07-01,2010,7,Beans,93.76,114.16,132.8,29.72,31.697918410923194
2010-08-01,2010,8,Beans,114.5,155.95,161.81,44.38,38.75979147616465
2010-09-01,2010,9,Beans,80.21,104.01,111.39,27.49,34.27249186823106
2010-10-01,2010,10,Beans,85.22,112.47,107.9,24.97,29.30059927176804
2010-11-01,2010,11,Beans,100.55,125.91,133.23,29.02,28.86123434984152
2010-12-01,2010,12,Beans,82.3,109.71,104.2,24.66,29.96351158747073
2011-01-01,2011,1,Beans,100.53,135.62,133.76,34.16,33.97987269484462
2011-02-01,2011,2,Beans,118.36,151.67,149.81,32.38,27.357192161885635
2011-03-01,2011,3,Beans,119.79,164.0,167.72,46.07,38.45893775862947
2011-04-01,2011,4,Beans,113.29,158.04,143.9,37.68,33.25974643856788
2011-05-01,2011,5,Beans,104.04,127.4,144.49,31.9,30.661254650850967
2011-06-01,2011,6,Beans,100.32,129.33,130.42,29.56,29.465680357176677
2011-07-01,2011,7,Beans,93.5,118.42,118.45,24.94,26.67376826334945
2011-08-01,2011,8,Beans,111.5,152.06,143.99,36.53,32.76230245533412
2011-09-01,2011,9,Beans,91.12,121.58,131.32,35.33,38.77300398046095
2011-10-01,2011,10,Beans,98.53,129.39,141.38,36.85,37.399738760033735
2011-11-01,2011,11,Beans,105.76,145.3,132.53,33.16,31.353979430806127
2011-12-01,2011,12,Beans,85.35,108.07,119.74,28.56,33.46217520541862
2012-01-01,2012,1,Beans,101.73,135.55,136.7,34.39,33.80513731923983
2012-02-01,2012,2,Beans,95.13,116.53,122.74,24.51,25.76471589959435
2012-03-01,2012,3,Beans,90.6,125.44,124.0,34.12,37.66000258277861
2012-04-01,2012,4,Beans,120.51,149.51,166.43,37.46,31.08453150399842
2012-05-01,2012,5,Beans,119.1,151.1,159.42,36.16,30.36101564986091
2012-06-01,2012,6,Beans,104.07,128.06,150.34,35.13,33.75609324868527
2012-07-01,2012,7,Beans,94.85,122.89,124.15,28.67,30.22664182747304
2012-08-01,2012,8,Beans,89.44,117.33,118.05,28.25,31.58538507895228
2012-09-01,2012,9,Beans,116.62,146.33,148.63,30.86,26.461990685996668
2012-10-01,2012,10,Beans,112.03,151.37,147.16,37.24,33.241066463387966
2012-11-01,2012,11,Beans,107.13,141.1,136.64,31.74,29.627527650958974
2012-12-01,2012,12,Beans,111.65,150.1,145.92,36.36,32.56602546706183
2013-01-01,2013,1,Beans,95.83,123.29,134.38,33.01,34.44637958219807
2013-02-01,2013,2,Beans,112.73,146.44,160.86,40.92,36.29908959541418
2013-03-01,2013,3,Beans,111.17,137.29,157.32,36.13,32.4997458849097
2013-04-01,2013,4,Beans,124.18,156.74,176.1,42.24,34.015111922119566
2013-05-01,2013,5,Beans,135.22,168.62,188.65,43.42,32.11061077458159
2013-06-01,2013,6,Beans,119.45,148.21,153.64,31.47,26.345729304538047
2013-07-01,2013,7,Beans,120.04,161.79,159.27,40.49,33.7303950929731
2013-08-01,2013,8,Beans,131.06,172.69,186.34,48.46,36.975402887682826
2013-09-01,2013,9,Beans,106.43,133.26,150.1,35.25,33.120329681171015
2013-10-01,2013,10,Beans,114.46,154.88,144.97,35.47,30.988964713467837
2013-11-01,2013,11,Beans,98.9,126.55,141.58,35.16,35.55102573202655
2013-12-01,2013,12,Beans,122.64,161.27,157.51,36.75,29.965728990762404
2014-01-01,2014,1,Beans,112.36,155.45,152.08,41.4,36.845819823941056
2014-02-01,2014,2,Beans,142.26,191.49,185.54,46.26,32.517902068113266
2014-03-01,2014,3,Beans,132.53,177.24,169.17,40.67,30.68736837895693
2014-04-01,2014,4,Beans,114.09,139.23,149.75,30.4,26.64560728757359
2014-05-01,2014,5,Beans,121.61,158.5,174.73,45.0,37.00350546541776
2014-06-01,2014,6,Beans,110.3,154.01,156.4,44.9,40.70712537885278
2014-07-01,2014,7,Beans,108.33,150.31,153.37,43.51,40.16427567222775
2014-08-01,2014,8,Beans,128.93,167.65,185.09,47.44,36.795131625586265
2014-09-01,2014,9,Beans,94.54,129.97,125.86,33.37,35.297191350548594
2014-10-01,2014,10,Beans,112.86,150.4,154.76,39.72,35.19401453658113
2014-11-01,2014,11,Beans,121.36,147.65,158.86,31.9,26.285410114197333
2014-12-01,2014,12,Beans,123.07,148.91,169.16,35.97,29.227245285410508
2015-01-01,2015,1,Beans,123.33,148.03,165.8,33.59,27.235849156045443
2015-02-01,2015,2,Beans,149.93,180.71,211.25,46.05,30.71431286979732
2015-03-01,2015,3,Beans,150.17,197.48,189.03,43.09,28.694127526052128
2015-04-01,2015,4,Beans,160.22,220.89,204.36,52.4,32.70501017038436
2015-05-01,2015,5,Beans,113.06,141.1,143.1,29.04,25.685454019587812
2015-06-01,2015,6,Beans,108.38,136.05,142.97,31.13,28.722985123652773
2015-07-01,2015,7,Beans,103.3,134.01,144.91,36.16,35.00480638450495
2015-08-01,2015,8,Beans,141.17,170.99,177.21,32.93,23.32646927359264
2015-09-01,2015,9,Beans,140.68,171.6,180.65,35.44,25.19190702878374
2015-10-01,2015,10,Beans,113.2,151.85,163.4,44.42,39.240248020982314
2015-11-01,2015,11,Beans,103.15,129.23,129.04,25.98,25.18659700766165
2015-12-01,2015,12,Beans,127.92,174.15,161.23,39.77,31.089719285710377
2016-01-01,2016,1,Beans,126.12,154.34,171.84,36.97,29.31332912041776
2016-02-01,2016,2,Beans,168.45,210.43,230.18,51.86,30.786565279569437
2016-03-01,2016,3,Beans,143.84,173.0,192.89,39.1,27.182962192045196
2016-04-01,2016,4,Beans,168.31,202.06,216.32,40.88,24.28850080892353
2016-05-01,2016,5,Beans,125.35,153.67,176.95,39.96,31.87871409755557
2016-06-01,2016,6,Beans,143.32,183.25,197.98,47.3,33.00304702550444
2016-07-01,2016,7,Beans,121.73,169.35,157.78,41.83,34.3629061341443
2016-08-01,2016,8,Beans,141.65,189.01,199.69,52.7,37.20435072054308
2016-09-01,2016,9,Beans,126.53,160.8,165.53,36.64,28.95753658615618
2016-10-01,2016,10,Beans,128.38,175.79,164.13,41.58,32.38819723617601
2016-11-01,2016,11,Beans,125.59,175.49,165.58,44.95,35.79103766937043
2016-12-01,2016,12,Beans,144.9,201.14,187.76,49.55,34.19597363976974
2017-01-01,2017,1,Beans,117.0,145.98,166.46,39.22,33.52133887065054
2017-02-01,2017,2,Beans,183.55,243.75,264.4,70.52,38.42002810131947
2017-03-01,2017,3,Beans,148.45,194.14,192.87,45.06,30.35363398205862
2017-04-01,2017,4,Beans,119.54,145.79,167.04,36.87,30.84320658925331
2017-05-01,2017,5,Beans,186.47,226.66,244.21,48.96,26.25622016612851
2017-06-01,2017,6,Beans,164.08,219.5,229.87,60.6,36.933180806203794
2017-07-01,2017,7,Beans,163.44,205.19,216.63,47.47,29.044279830959475
2017-08-01,2017,8,Beans,146.3,199.87,188.97,48.12,32.89129672501932
2017-09-01,2017,9,Beans,157.81,200.44,205.62,45.22,28.654693204047145
2017-10-01,2017,10,Beans,122.6,167.31,160.1,41.1,33.52362681596508
2017-11-01,2017,11,Beans,152.09,190.38,197.81,42.0,27.615209668479405
2017-12-01,2017,12,Beans,155.45,196.07,204.79,44.98,28.9353303728978
2018-01-01,2018,1,Beans,205.01,271.23,270.26,65.74,32.066712810734685
2018-02-01,2018,2,Beans,197.84,247.83,256.16,54.16,27.375643259379668
2018-03-01,2018,3,Beans,167.63,210.11,222.98,48.92,29.1833029986858
2018-04-01,2018,4,Beans,191.97,256.12,248.03,60.1,31.30695873992877
2018-05-01,2018,5,Beans,171.51,212.16,238.85,54.0,31.48502624626771
2018-06-01,2018,6,Beans,121.72,150.41,172.23,39.6,32.533657136331634
2018-07-01,2018,7,Beans,152.96,186.01,201.03,40.56,26.516719065952493
2018-08-01,2018,8,Beans,154.47,195.44,217.78,52.14,33.75410516339408
2018-09-01,2018,9,Beans,150.76,187.07,208.58,47.07,31.221788788943496
2018-10-01,2018,10,Beans,153.36,205.47,196.95,47.85,31.201075116669845
2018-11-01,2018,11,Beans,124.35,163.33,158.28,36.46,29.320442846447246
2018-12-01,2018,12,Beans,120.28,160.89,163.66,41.99,34.91018048704649
2019-01-01,2019,1,Beans,163.43,225.04,216.38,57.28,35.04862323403094
2019-02-01,2019,2,Beans,205.86,251.13,265.91,52.66,25.580479170077155
2019-03-01,2019,3,Beans,184.81,224.55,246.29,50.61,27.38486695261785
2019-04-01,2019,4,Beans,205.75,268.35,290.42,73.64,35.79099111008938
2019-05-01,2019,5,Beans,153.34,192.66,214.06,50.02,32.62029958243147
2019-06-01,2019,6,Beans,140.7,189.84,195.54,51.99,36.95093322606026
2019-07-01,2019,7,Beans,157.73,219.63,218.05,61.11,38.74339774082435
2019-08-01,2019,8,Beans,142.85,195.75,200.65,55.35,38.74691022267398
2019-09-01,2019,9,Beans,118.34,164.54,170.31,49.08,41.473684744224485
2019-10-01,2019,10,Beans,153.63,201.86,214.7,54.65,35.57245617883474
2019-11-01,2019,11,Beans,181.94,229.91,262.06,64.04,35.19839771441261
2019-12-01,2019,12,Beans,176.38,220.71,225.68,46.82,26.544944696142025
2020-01-01,2020,1,Beans,160.48,215.04,214.16,54.12,33.72380750011995
2020-02-01,2020,2,Beans,183.42,232.77,230.35,48.14,26.245760415570597
2020-03-01,2020,3,Beans,201.31,274.94,260.3,66.31,32.939231563642366
2020-04-01,2020,4,Beans,189.25,230.46,274.35,63.16,33.37382648674954
2020-05-01,2020,5,Beans,199.63,276.86,253.64,65.62,32.870794534491544
2020-06-01,2020,6,Beans,173.97,228.65,233.4,57.06,32.79873955352098
2020-07-01,2020,7,Beans,179.59,233.81,250.09,62.36,34.723517610380526
2020-08-01,2020,8,Beans,196.65,235.98,274.6,58.64,29.81946106307599
2020-09-01,2020,9,Beans,130.23,166.96,186.67,46.59,35.77513954147313
2020-10-01,2020,10,Beans,140.36,178.87,200.6,49.37,35.17381364077112
2020-11-01,2020,11,Beans,189.7,239.23,242.53,51.18,26.979427000829205
2020-12-01,2020,12,Beans,201.49,280.28,257.69,67.49,33.49544220783056
2021-01-01,2021,1,Beans,214.94,266.01,284.67,60.4,28.100852283961903
2021-02-01,2021,2,Beans,197.3,259.39,279.65,72.22,36.60413755492268
2021-03-01,2021,3,Beans,178.11,238.25,234.32,58.17,32.65957404998369
2021-04-01,2021,4,Beans,167.46,219.27,236.19,60.27,35.99066285043423
2021-05-01,2021,5,Beans,149.91,204.74,195.26,50.09,33.41335907320454
2021-06-01,2021,6,Beans,160.16,223.87,231.79,67.67,42.25147212070922
2021-07-01,2021,7,Beans,221.25,268.89,317.02,71.7,32.40676501389152
2021-08-01,2021,8,Beans,160.76,224.65,216.81,59.97,37.304032530459985
2021-09-01,2021,9,Beans,237.7,309.62,328.4,81.31,34.206969201948176
2021-10-01,2021,10,Beans,213.33,284.15,307.15,82.32,38.58808485066101
2021-11-01,2021,11,Beans,194.25,243.73,246.09,50.66,26.079780653909573
2021-12-01,2021,12,Beans,191.55,264.99,247.29,64.59,33.71963783887348
2022-01-01,2022,1,Beans,183.5,230.77,254.31,59.04,32.17436938726464
2022-02-01,2022,2,Beans,194.99,237.09,264.85,55.98,28.709149849146183
2022-03-01,2022,3,Beans,303.36,396.0,394.32,91.8,30.26106597406844
2022-04-01,2022,4,Beans,267.38,367.2,341.39,86.92,32.508028832362626
2022-05-01,2022,5,Beans,202.87,245.64,263.81,51.85,25.558226668198024
2022-06-01,2022,6,Beans,182.88,232.69,243.57,55.25,30.211050846975695
2022-07-01,2022,7,Beans,151.03,181.88,200.08,39.95,26.45168082388875
2022-08-01,2022,8,Beans,267.82,335.37,381.89,90.81,33.90708912437865
2022-09-01,2022,9,Beans,221.95,292.16,310.34,79.3,35.72875164282422
2022-10-01,2022,10,Beans,143.11,171.9,184.48,35.08,24.51259554706481
2022-11-01,2022,11,Beans,169.34,222.72,222.88,53.46,31.569604600446084
2022-12-01,2022,12,Beans,201.58,259.66,279.15,67.82,33.64419404494788
2023-01-01,2023,1,Beans,229.26,288.04,296.82,63.17,27.55385695112233
2023-02-01,2023,2,Beans,178.45,245.84,258.51,73.73,41.3168723357398
2023-03-01,2023,3,Beans,200.94,256.7,275.22,65.02,32.35790168313841
2023-04-01,2023,4,Beans,174.04,239.66,250.6,71.09,40.84690826999066
2023-05-01,2023,5,Beans,183.34,248.28,237.82,59.71,32.56788885792034
2023-06-01,2023,6,Beans,188.3,260.68,253.81,68.94,36.611770253972246
2023-07-01,2023,7,Beans,167.37,212.55,221.43,49.62,29.646872410305065
2023-08-01,2023,8,Beans,216.58,289.44,309.13,82.7,38.18448694039757
2023-09-01,2023,9,Beans,180.57,218.6,246.29,51.88,28.731224050936454
2023-10-01,2023,10,Beans,283.1,363.42,380.77,88.99,31.43411111476117
2023-11-01,2023,11,Beans,199.95,251.03,263.33,57.23,28.62214122423545
2023-12-01,2023,12,Beans,219.43,288.88,275.04,62.53,28.49654628056953
2024-01-01,2024,1,Beans,267.67,340.87,343.85,74.69,27.90375167043312
2024-02-01,2024,2,Beans,327.03,405.77,472.71,112.21,34.311826342590486
2024-03-01,2024,3,Beans,297.64,369.92,386.68,80.66,27.099843065500924
2024-04-01,2024,4,Beans,243.47,296.68,325.58,67.66,27.789860027987007
2024-05-01,2024,5,Beans,293.37,373.2,377.43,81.94,27.9305900635409
2024-06-01,2024,6,Beans,230.37,309.9,300.25,74.7,32.42608307241261
2024-07-01,2024,7,Beans,169.0,231.32,238.47,65.9,38.99405976682854
2024-08-01,2024,8,Beans,227.21,298.23,328.51,86.16,37.92084946927975
2024-09-01,2024,9,Beans,180.72,239.27,230.09,53.96,29.858327878304625
2024-10-01,2024,10,Beans,229.41,286.75,322.68,75.31,32.82767410850699
2024-11-01,2024,11,Beans,161.37,196.22,228.2,50.84,31.505216889622055
2024-12-01,2024,12,Beans,264.65,344.32,337.79,76.41,28.872084310567057
2025-01-01,2025,1,Beans,177.96,243.11,257.62,72.4,40.68327675698091
2025-02-01,2025,2,Beans,325.43,439.8,426.38,107.66,33.08237314249665
2025-03-01,2025,3,Beans,303.36,381.88,408.5,91.83,30.27095521131487
2025-04-01,2025,4,Beans,186.4,253.76,238.84,59.9,32.13517589314598
2025-05-01,2025,5,Beans,200.18,255.88,264.88,60.2,30.07291933613781
2025-06-01,2025,6,Beans,241.82,330.42,320.16,83.47,34.51739536953297
2025-07-01,2025,7,Beans,194.88,236.27,254.99,50.75,26.041653303749328
2025-08-01,2025,8,Beans,155.39,210.51,223.17,61.45,39.54563385955734
2000-01-01,2000,1,Brinjal,40.85,54.25,55.08,13.81,33.8065267894081
2000-02-01,2000,2,Brinjal,44.85,61.58,64.22,18.05,40.245172251566885
2000-03-01,2000,3,Brinjal,42.39,52.7,54.45,11.19,26.39767304158282
2000-04-01,2000,4,Brinjal,42.66,52.84,59.28,13.4,31.411084362202622
2000-05-01,2000,5,Brinjal,39.71,51.16,54.74,13.24,33.34164356171351
2000-06-01,2000,6,Brinjal,42.03,57.52,58.38,15.92,37.877616279761405
2000-07-01,2000,7,Brinjal,42.13,57.53,56.83,15.05,35.722678085264455
2000-08-01,2000,8,Brinjal,37.73,51.22,53.71,14.74,39.06695185011437
2000-09-01,2000,9,Brinjal,36.68,44.44,49.05,10.06,27.426315631636772
2000-10-01,2000,10,Brinjal,40.56,56.57,51.87,13.66,33.67841795261845
2000-11-01,2000,11,Brinjal,41.76,57.74,55.79,15.01,35.94340051867692
2000-12-01,2000,12,Brinjal,40.93,53.46,57.7,14.65,35.79272955599913
2001-01-01,2001,1,Brinjal,44.1,60.58,61.53,16.95,38.435286994814064
2001-02-01,2001,2,Brinjal,40.72,51.21,55.2,12.49,30.67281268955626
2001-03-01,2001,3,Brinjal,44.44,53.68,63.61,14.21,31.975625617404106
2001-04-01,2001,4,Brinjal,46.9,64.7,66.27,18.58,39.616120221492054
2001-05-01,2001,5,Brinjal,46.62,56.21,63.98,13.48,28.914566892820908
2001-06-01,2001,6,Brinjal,41.24,56.39,58.82,16.36,39.67012689105991
2001-07-01,2001,7,Brinjal,44.3,56.51,63.02,15.47,34.92091439974176
2001-08-01,2001,8,Brinjal,45.39,60.97,62.14,16.16,35.60247719216304
2001-09-01,2001,9,Brinjal,43.01,55.21,58.9,14.05,32.66674571786627
2001-10-01,2001,10,Brinjal,42.22,52.62,54.85,11.52,27.285581985831392
2001-11-01,2001,11,Brinjal,41.34,53.02,52.93,11.63,28.132491213132045
2001-12-01,2001,12,Brinjal,42.8,58.26,60.75,16.71,39.0419648552223
2002-01-01,2002,1,Brinjal,46.5,62.68,60.63,15.16,32.60208042563349
2002-02-01,2002,2,Brinjal,45.08,60.61,63.1,16.78,37.2226326028558
2002-03-01,2002,3,Brinjal,52.64,71.78,66.92,16.71,31.743860668957694
2002-04-01,2002,4,Brinjal,42.72,56.98,54.25,12.9,30.196558528655125
2002-05-01,2002,5,Brinjal,43.75,53.41,60.14,13.02,29.759931977298333
2002-06-01,2002,6,Brinjal,43.47,57.93,59.02,15.01,34.52948118361816
2002-07-01,2002,7,Brinjal,47.18,56.93,64.72,13.64,28.910494043039332
2002-08-01,2002,8,Brinjal,42.29,55.32,55.23,12.98,30.692762608742942
2002-09-01,2002,9,Brinjal,47.11,60.85,61.95,14.29,30.333198188923387
2002-10-01,2002,10,Brinjal,47.02,65.6,66.83,19.19,40.81233344888675
2002-11-01,2002,11,Brinjal,44.63,56.39,57.3,12.21,27.35821788434263
2002-12-01,2002,12,Brinjal,41.12,54.13,57.85,14.87,36.1623634183769
2003-01-01,2003,1,Brinjal,51.56,67.57,68.93,16.69,32.36999152445399
2003-02-01,2003,2,Brinjal,51.65,68.74,68.68,17.06,33.029945730986
2003-03-01,2003,3,Brinjal,51.38,70.44,65.54,16.61,32.327691071056684
2003-04-01,2003,4,Brinjal,54.66,71.57,76.4,19.33,35.364004090735286
2003-05-01,2003,5,Brinjal,52.61,72.25,71.16,19.1,36.30481599540772
2003-06-01,2003,6,Brinjal,49.17,60.58,70.2,16.22,32.98752697269275
2003-07-01,2003,7,Brinjal,43.52,53.28,57.29,11.76,27.021996732544267
2003-08-01,2003,8,Brinjal,45.95,61.0,59.39,14.24,30.990139303287695
2003-09-01,2003,9,Brinjal,51.26,64.24,71.78,16.75,32.67648717033326
2003-10-01,2003,10,Brinjal,39.12,53.43,52.71,13.95,35.65941804852237
2003-11-01,2003,11,Brinjal,43.95,61.08,58.86,16.02,36.45042900926277
2003-12-01,2003,12,Brinjal,46.38,64.75,64.25,18.12,39.06847980060413
2004-01-01,2004,1,Brinjal,60.32,77.98,78.12,17.73,29.393187345511695
2004-02-01,2004,2,Brinjal,56.24,71.57,79.94,19.51,34.69054998124114
2004-03-01,2004,3,Brinjal,49.91,65.04,64.01,14.62,29.29266821745498
2004-04-01,2004,4,Brinjal,51.7,71.1,65.22,16.46,31.837462596784142
2004-05-01,2004,5,Brinjal,51.12,63.94,67.58,14.64,28.638441630591487
2004-06-01,2004,6,Brinjal,48.05,61.17,69.01,17.04,35.462985508875114
2004-07-01,2004,7,Brinjal,50.44,68.02,64.77,15.95,31.621666095031532
2004-08-01,2004,8,Brinjal,45.06,56.62,61.01,13.75,30.514801343095105
2004-09-01,2004,9,Brinjal,43.42,59.6,61.69,17.22,39.65905191374501
2004-10-01,2004,10,Brinjal,51.26,64.87,73.22,17.79,34.70535562747634
2004-11-01,2004,11,Brinjal,50.33,68.99,65.91,17.12,34.015430130279896
2004-12-01,2004,12,Brinjal,56.5,75.28,81.06,21.67,38.35391441785059
2005-01-01,2005,1,Brinjal,49.02,62.1,65.43,14.74,30.06929810424703
2005-02-01,2005,2,Brinjal,56.71,79.31,77.97,21.93,38.67036030618884
2005-03-01,2005,3,Brinjal,54.84,74.68,78.17,21.58,39.350767048200126
2005-04-01,2005,4,Brinjal,60.97,77.22,77.41,16.34,26.80002164995629
2005-05-01,2005,5,Brinjal,54.14,69.82,76.66,19.1,35.27884137635505
2005-06-01,2005,6,Brinjal,58.83,75.97,83.42,20.86,35.458039337006056
2005-07-01,2005,7,Brinjal,49.05,64.83,69.41,18.07,36.83988411848294
2005-08-01,2005,8,Brinjal,47.88,65.44,60.05,14.86,31.035858321097905
2005-09-01,2005,9,Brinjal,51.36,66.87,68.89,16.52,32.16504640761992
2005-10-01,2005,10,Brinjal,50.13,62.52,68.96,15.61,31.138976383450256
2005-11-01,2005,11,Brinjal,47.28,62.52,59.64,13.8,29.187755525051767
2005-12-01,2005,12,Brinjal,51.19,70.18,64.32,16.06,31.373253812748946
2006-01-01,2006,1,Brinjal,69.02,89.36,89.48,20.4,29.55660742305502
2006-02-01,2006,2,Brinjal,67.05,89.3,95.49,25.34,37.79263565602437
2006-03-01,2006,3,Brinjal,69.82,88.09,88.15,18.3,26.210217401579207
2006-04-01,2006,4,Brinjal,55.75,76.22,73.39,19.06,34.18827948290675
2006-05-01,2006,5,Brinjal,71.35,86.77,89.32,16.7,23.405713516869632
2006-06-01,2006,6,Brinjal,57.36,74.84,76.36,18.24,31.79910774214131
2006-07-01,2006,7,Brinjal,55.71,73.77,75.7,19.02,34.14102649250315
2006-08-01,2006,8,Brinjal,52.47,64.55,74.93,17.27,32.91398339244636
2006-09-01,2006,9,Brinjal,49.72,64.52,68.91,16.99,34.17129088638196
2006-10-01,2006,10,Brinjal,62.0,84.71,81.43,21.07,33.98381615513523
2006-11-01,2006,11,Brinjal,62.31,76.83,89.86,21.03,33.75054766402236
2006-12-01,2006,12,Brinjal,56.12,72.47,76.49,18.36,32.71555111270293
2007-01-01,2007,1,Brinjal,61.81,83.94,82.4,21.36,34.55745905604424
2007-02-01,2007,2,Brinjal,61.73,85.45,77.3,19.65,31.832120796823588
2007-03-01,2007,3,Brinjal,58.26,79.89,83.47,23.42,40.199038449985494
2007-04-01,2007,4,Brinjal,76.04,93.15,101.86,21.46,28.22195131253115
2007-05-01,2007,5,Brinjal,61.36,81.75,88.68,23.86,38.88520390286195
2007-06-01,2007,6,Brinjal,65.97,86.55,91.66,23.14,35.076496776569996
2007-07-01,2007,7,Brinjal,53.98,74.0,77.4,21.72,40.237050320395845
2007-08-01,2007,8,Brinjal,57.38,76.3,82.06,21.8,37.9922656112485
2007-09-01,2007,9,Brinjal,58.31,71.36,76.71,15.72,26.959308936187725
2007-10-01,2007,10,Brinjal,61.99,79.79,78.96,17.38,28.03673489799177
2007-11-01,2007,11,Brinjal,63.93,86.85,80.34,19.66,30.75233731841496
2007-12-01,2007,12,Brinjal,65.64,80.22,83.45,16.2,24.680035527063485
2008-01-01,2008,1,Brinjal,64.79,87.18,92.95,25.28,39.018306809219304
2008-02-01,2008,2,Brinjal,70.05,94.42,92.85,23.58,33.661622181838425
2008-03-01,2008,3,Brinjal,74.3,100.49,93.73,22.81,30.699824091757616
2008-04-01,2008,4,Brinjal,67.88,94.16,94.09,26.25,38.671127473294824
2008-05-01,2008,5,Brinjal,69.71,89.79,95.54,22.96,32.93640376358663
2008-06-01,2008,6,Brinjal,65.81,84.27,95.26,23.96,36.407785431111634
2008-07-01,2008,7,Brinjal,67.19,89.77,94.52,24.96,37.14832988788527
2008-08-01,2008,8,Brinjal,58.78,82.1,78.85,21.69,36.90024344973894
2008-09-01,2008,9,Brinjal,68.55,84.85,92.94,20.34,29.671729144085855
2008-10-01,2008,10,Brinjal,51.9,69.97,65.92,16.05,30.92479590598091
2008-11-01,2008,11,Brinjal,72.38,89.73,102.55,23.76,32.826702367087094
2008-12-01,2008,12,Brinjal,66.58,91.34,95.27,26.72,40.132111546843575
2009-01-01,2009,1,Brinjal,63.11,83.44,79.88,18.55,29.39307654400801
2009-02-01,2009,2,Brinjal,73.37,91.25,99.54,22.02,30.01222568866609
2009-03-01,2009,3,Brinjal,64.98,78.14,81.49,14.83,22.82237177228105
2009-04-01,2009,4,Brinjal,77.95,105.8,105.85,27.87,35.75364239430097
2009-05-01,2009,5,Brinjal,74.35,94.94,93.82,20.03,26.94011171471188
2009-06-01,2009,6,Brinjal,72.89,95.0,98.68,23.95,32.85768574881911
2009-07-01,2009,7,Brinjal,82.8,110.92,108.99,27.16,32.801892751337256
2009-08-01,2009,8,Brinjal,74.15,103.16,98.1,26.48,35.711347658330865
2009-09-01,2009,9,Brinjal,81.29,100.76,105.68,21.93,26.977454819221524
2009-10-01,2009,10,Brinjal,68.19,84.4,98.54,23.28,34.13985314583788
2009-11-01,2009,11,Brinjal,72.95,91.87,98.43,22.2,30.43176088860741
2009-12-01,2009,12,Brinjal,63.83,84.58,83.0,19.96,31.270513441150804
2010-01-01,2010,1,Brinjal,61.89,77.96,79.52,16.85,27.225679066603544
2010-02-01,2010,2,Brinjal,74.96,94.81,107.75,26.32,35.11201292420901
2010-03-01,2010,3,Brinjal,69.28,86.85,91.53,19.91,28.73841117434877
2010-04-01,2010,4,Brinjal,73.56,92.81,93.56,19.62,26.672068145638733
2010-05-01,2010,5,Brinjal,73.83,91.76,103.86,23.98,32.47997767848073
2010-06-01,2010,6,Brinjal,73.14,93.59,105.09,26.2,35.821662808773844
2010-07-01,2010,7,Brinjal,67.34,90.88,88.91,22.55,33.48673375893412
2010-08-01,2010,8,Brinjal,86.95,106.92,109.94,21.48,24.703824377430273
2010-09-01,2010,9,Brinjal,67.44,90.81,89.34,22.64,33.570531479045854
2010-10-01,2010,10,Brinjal,81.86,102.82,102.79,20.94,25.580227729993
2010-11-01,2010,11,Brinjal,82.26,106.02,109.2,25.35,30.81688449199551
2010-12-01,2010,12,Brinjal,73.48,101.07,101.01,27.56,37.50675352918681
2011-01-01,2011,1,Brinjal,65.13,89.36,88.42,23.76,36.480828372749315
2011-02-01,2011,2,Brinjal,86.26,106.17,115.34,24.49,28.39087828555728
2011-03-01,2011,3,Brinjal,90.4,111.43,117.53,24.08,26.63713867573155
2011-04-01,2011,4,Brinjal,99.88,137.49,134.41,36.07,36.11329984651597
2011-05-01,2011,5,Brinjal,99.96,135.03,138.96,37.04,37.05478485915881
2011-06-01,2011,6,Brinjal,84.94,114.58,115.14,29.92,35.224823140071656
2011-07-01,2011,7,Brinjal,82.93,114.15,117.63,32.96,39.74431479040782
2011-08-01,2011,8,Brinjal,75.85,102.77,95.56,23.32,30.744850698944365
2011-09-01,2011,9,Brinjal,76.56,98.5,103.68,24.53,32.040188035282085
2011-10-01,2011,10,Brinjal,73.13,92.19,91.69,18.81,25.72128302846571
2011-11-01,2011,11,Brinjal,73.07,99.54,94.06,23.73,32.475663780397184
2011-12-01,2011,12,Brinjal,66.77,86.31,84.06,18.42,27.587198461586848
2012-01-01,2012,1,Brinjal,105.5,133.49,148.55,35.52,33.66821453249808
2012-02-01,2012,2,Brinjal,95.97,124.78,127.75,30.3,31.57233346636087
2012-03-01,2012,3,Brinjal,78.47,103.88,109.3,28.12,35.835305422065225
2012-04-01,2012,4,Brinjal,97.44,119.78,135.47,30.18,30.972874617329005
2012-05-01,2012,5,Brinjal,86.09,105.37,123.63,28.41,33.00031014019033
2012-06-01,2012,6,Brinjal,82.64,112.82,116.2,31.87,38.564812966102416
2012-07-01,2012,7,Brinjal,86.64,105.91,123.47,28.05,32.37530889276444
2012-08-01,2012,8,Brinjal,93.03,123.71,121.34,29.49,31.69941771534159
2012-09-01,2012,9,Brinjal,70.12,93.28,92.95,22.99,32.78660469679877
2012-10-01,2012,10,Brinjal,75.57,99.56,95.95,22.19,29.363465180011673
2012-11-01,2012,11,Brinjal,70.99,92.9,96.79,23.86,33.6103203122689
2012-12-01,2012,12,Brinjal,70.09,88.37,99.81,24.0,34.241640402852894
2013-01-01,2013,1,Brinjal,84.89,104.78,118.7,26.85,31.629129898539404
2013-02-01,2013,2,Brinjal,82.2,105.51,113.63,27.37,33.29679647591669
2013-03-01,2013,3,Brinjal,88.58,106.79,126.8,28.22,31.858171304841605
2013-04-01,2013,4,Brinjal,101.66,129.14,141.7,33.76,33.20870233257689
2013-05-01,2013,5,Brinjal,118.92,165.95,153.41,40.76,34.275114131252835
2013-06-01,2013,6,Brinjal,95.46,125.77,124.76,29.81,31.227706654403253
2013-07-01,2013,7,Brinjal,98.66,126.95,140.09,34.86,35.333432664268535
2013-08-01,2013,8,Brinjal,73.1,95.28,93.97,21.53,29.45276408650604
2013-09-01,2013,9,Brinjal,74.09,95.21,95.07,21.05,28.411353203734368
2013-10-01,2013,10,Brinjal,108.9,132.14,140.55,27.44,25.19740569567888
2013-11-01,2013,11,Brinjal,91.89,124.66,119.03,29.96,32.60416519298597
2013-12-01,2013,12,Brinjal,103.95,142.6,133.76,34.23,32.92926125131192
2014-01-01,2014,1,Brinjal,79.89,104.1,114.75,29.53,36.96327830356953
2014-02-01,2014,2,Brinjal,96.27,119.17,122.45,24.54,25.490780626591224
2014-03-01,2014,3,Brinjal,84.92,106.23,114.47,25.43,29.945796107164263
2014-04-01,2014,4,Brinjal,94.56,115.7,135.47,31.02,32.80453383615288
2014-05-01,2014,5,Brinjal,107.19,144.07,138.38,34.03,31.747334875142386
2014-06-01,2014,6,Brinjal,96.76,119.81,124.99,25.64,26.49852573529792
2014-07-01,2014,7,Brinjal,114.44,139.37,155.11,32.8,28.661282190421012
2014-08-01,2014,8,Brinjal,118.6,149.29,160.69,36.39,30.682942088581715
2014-09-01,2014,9,Brinjal,83.88,113.51,108.62,27.19,32.41531662456292
2014-10-01,2014,10,Brinjal,96.48,133.32,128.56,34.46,35.71721007751857
2014-11-01,2014,11,Brinjal,110.16,138.71,147.82,33.11,30.05625448778641
2014-12-01,2014,12,Brinjal,102.92,137.6,139.3,35.53,34.52192526046905
2015-01-01,2015,1,Brinjal,111.96,146.09,140.64,31.4,28.045705568322997
2015-02-01,2015,2,Brinjal,99.44,125.06,140.92,33.55,33.73890412419134
2015-03-01,2015,3,Brinjal,122.49,154.29,164.5,36.9,30.12488356201848
2015-04-01,2015,4,Brinjal,87.11,110.32,117.28,26.69,30.639386247978138
2015-05-01,2015,5,Brinjal,112.32,155.24,142.78,36.69,32.66556920800462
2015-06-01,2015,6,Brinjal,84.71,117.67,116.33,32.29,38.11824091814317
2015-07-01,2015,7,Brinjal,117.65,142.95,163.64,35.64,30.29321692034261
2015-08-01,2015,8,Brinjal,95.92,118.13,120.99,23.64,24.645512254470127
2015-09-01,2015,9,Brinjal,87.49,116.9,118.55,30.24,34.56391065960606
2015-10-01,2015,10,Brinjal,101.29,125.88,133.0,28.15,27.79146234429623
2015-11-01,2015,11,Brinjal,108.58,145.7,156.95,42.74,39.362645641328385
2015-12-01,2015,12,Brinjal,86.76,119.72,123.69,34.94,40.271968335675034
2016-01-01,2016,1,Brinjal,119.81,161.03,157.79,39.6,33.052305273094674
2016-02-01,2016,2,Brinjal,110.22,135.27,157.19,36.01,32.67099195155874
2016-03-01,2016,3,Brinjal,121.56,161.42,170.03,44.16,36.327709503365
2016-04-01,2016,4,Brinjal,103.4,134.3,148.46,37.98,36.73110567591327
2016-05-01,2016,5,Brinjal,141.42,175.38,193.93,43.24,30.575568819425246
2016-06-01,2016,6,Brinjal,134.65,186.26,193.12,55.04,40.87631572497904
2016-07-01,2016,7,Brinjal,85.64,114.06,122.13,32.46,37.902804877621584
2016-08-01,2016,8,Brinjal,101.62,124.44,135.37,28.28,27.82914010122013
2016-09-01,2016,9,Brinjal,93.14,122.92,131.25,33.94,36.439728967437226
2016-10-01,2016,10,Brinjal,107.2,138.48,148.78,36.43,33.98317725449883
2016-11-01,2016,11,Brinjal,126.99,169.8,181.75,48.79,38.42031780430128
2016-12-01,2016,12,Brinjal,86.09,110.67,118.53,28.51,33.11646751484781
2017-01-01,2017,1,Brinjal,101.28,127.63,131.31,28.19,27.833700796109007
2017-02-01,2017,2,Brinjal,127.12,153.62,174.03,36.7,28.87033600508496
2017-03-01,2017,3,Brinjal,107.05,149.04,152.3,43.62,40.74727627531408
2017-04-01,2017,4,Brinjal,122.54,162.0,165.97,41.44,33.81750137301993
2017-05-01,2017,5,Brinjal,124.42,150.33,175.61,38.55,30.983739765520195
2017-06-01,2017,6,Brinjal,85.37,105.31,110.59,22.58,26.449541467094445
2017-07-01,2017,7,Brinjal,93.8,130.55,134.44,38.7,41.257951750584496
2017-08-01,2017,8,Brinjal,96.41,116.07,135.96,29.61,30.712549826211156
2017-09-01,2017,9,Brinjal,98.21,128.63,127.76,29.99,30.53657414054155
2017-10-01,2017,10,Brinjal,122.93,169.86,172.61,48.31,39.29875595968766
2017-11-01,2017,11,Brinjal,99.02,124.28,129.71,27.98,28.256889257837553
2017-12-01,2017,12,Brinjal,95.44,133.08,124.23,33.22,34.80717224730485
2018-01-01,2018,1,Brinjal,135.95,166.84,179.6,37.27,27.41447045643954
2018-02-01,2018,2,Brinjal,106.42,133.53,138.11,29.4,27.626360057921385
2018-03-01,2018,3,Brinjal,124.25,169.03,159.15,39.84,32.06436051158108
2018-04-01,2018,4,Brinjal,168.36,215.63,235.37,57.14,33.93915779332514
2018-05-01,2018,5,Brinjal,140.68,188.37,203.21,55.11,39.17398409583161
2018-06-01,2018,6,Brinjal,95.18,129.18,126.74,32.78,34.43997222108403
2018-07-01,2018,7,Brinjal,132.49,164.29,175.77,37.54,28.3341925170258
2018-08-01,2018,8,Brinjal,136.98,167.82,172.37,33.12,24.17869456950316
2018-09-01,2018,9,Brinjal,95.92,120.16,136.95,32.63,34.01789614481219
2018-10-01,2018,10,Brinjal,126.83,175.84,176.43,49.31,38.87878350643893
2018-11-01,2018,11,Brinjal,117.56,145.41,158.92,34.6,29.431754481324873
2018-12-01,2018,12,Brinjal,98.23,136.97,128.43,34.47,35.0910769713153
2019-01-01,2019,1,Brinjal,156.14,209.72,203.2,50.32,32.22746751154892
2019-02-01,2019,2,Brinjal,108.93,130.99,151.58,32.36,29.707124109864942
2019-03-01,2019,3,Brinjal,159.11,215.16,207.82,52.38,32.92060026359106
2019-04-01,2019,4,Brinjal,182.16,229.1,253.15,58.96,32.367131989936325
2019-05-01,2019,5,Brinjal,139.16,186.44,196.31,52.22,37.52512393997992
2019-06-01,2019,6,Brinjal,154.17,212.34,207.61,55.81,36.2002748911754
2019-07-01,2019,7,Brinjal,131.92,174.67,169.9,40.37,30.60185672994487
2019-08-01,2019,8,Brinjal,147.88,196.65,213.46,57.18,38.66646019308886
2019-09-01,2019,9,Brinjal,114.64,151.09,146.22,34.02,29.67548004581294
2019-10-01,2019,10,Brinjal,171.2,209.31,227.31,47.11,27.517507291175647
2019-11-01,2019,11,Brinjal,164.31,204.85,227.89,52.06,31.683992645613383
2019-12-01,2019,12,Brinjal,152.59,209.31,214.1,59.11,38.737768701901366
2020-01-01,2020,1,Brinjal,131.63,161.31,182.98,40.52,30.78323271045149
2020-02-01,2020,2,Brinjal,137.98,184.61,179.84,44.25,32.06984195547039
2020-03-01,2020,3,Brinjal,168.84,217.52,243.57,61.7,36.543451466802026
2020-04-01,2020,4,Brinjal,116.28,159.86,162.24,44.77,38.50185887353038
2020-05-01,2020,5,Brinjal,172.64,212.13,235.62,51.24,29.680242307551957
2020-06-01,2020,6,Brinjal,102.77,139.05,132.14,32.83,31.94508908719559
2020-07-01,2020,7,Brinjal,136.66,176.44,186.79,44.96,32.89914173924942
2020-08-01,2020,8,Brinjal,177.28,230.34,248.87,62.32,35.15340977357301
2020-09-01,2020,9,Brinjal,175.99,245.38,242.67,68.03,38.65558346747913
2020-10-01,2020,10,Brinjal,115.05,138.39,164.73,36.51,31.734001100390177
2020-11-01,2020,11,Brinjal,94.93,114.3,131.17,27.8,29.284705272616375
2020-12-01,2020,12,Brinjal,127.04,165.92,171.6,41.72,32.8400245276885
2021-01-01,2021,1,Brinjal,153.03,212.06,202.44,54.22,35.43093809649213
2021-02-01,2021,2,Brinjal,147.35,187.47,198.55,45.66,30.987423829369643
2021-03-01,2021,3,Brinjal,179.36,226.31,224.24,45.91,25.596551295410737
2021-04-01,2021,4,Brinjal,177.16,233.19,254.46,66.67,37.632627211206135
2021-05-01,2021,5,Brinjal,171.15,238.86,231.53,64.04,37.41744819313573
2021-06-01,2021,6,Brinjal,203.21,256.47,284.01,67.03,32.98556518598239
2021-07-01,2021,7,Brinjal,168.65,233.71,241.43,68.92,40.86567396046608
2021-08-01,2021,8,Brinjal,117.91,149.45,162.27,37.95,32.18553796494109
2021-09-01,2021,9,Brinjal,132.48,178.2,189.71,51.48,38.85866632045115
2021-10-01,2021,10,Brinjal,158.44,221.08,199.19,51.7,32.630628231110684
2021-11-01,2021,11,Brinjal,120.09,167.48,167.44,47.37,39.445383091528775
2021-12-01,2021,12,Brinjal,137.78,168.54,172.72,32.85,23.842340076687417
2022-01-01,2022,1,Brinjal,125.1,150.6,177.55,38.98,31.159047834494135
2022-02-01,2022,2,Brinjal,132.53,168.04,182.85,42.91,32.3775504583487
2022-03-01,2022,3,Brinjal,142.97,177.92,195.89,43.93,30.726704394835004
2022-04-01,2022,4,Brinjal,231.54,310.0,291.57,69.24,29.90410732309436
2022-05-01,2022,5,Brinjal,168.48,209.01,222.51,47.28,28.062661406302585
2022-06-01,2022,6,Brinjal,151.41,190.64,217.73,52.77,34.85236453842908
2022-07-01,2022,7,Brinjal,143.51,194.64,192.44,50.03,34.86165782059939
2022-08-01,2022,8,Brinjal,177.57,245.01,249.64,69.76,39.2858932894671
2022-09-01,2022,9,Brinjal,200.51,250.73,261.3,55.51,27.684390960854337
2022-10-01,2022,10,Brinjal,138.21,166.85,185.95,38.19,27.631844561287483
2022-11-01,2022,11,Brinjal,124.36,164.91,162.47,39.33,31.625899303715578
2022-12-01,2022,12,Brinjal,136.34,188.88,188.94,52.57,38.557988442138445
2023-01-01,2023,1,Brinjal,243.55,333.21,305.28,75.69,31.07779467140436
2023-02-01,2023,2,Brinjal,160.56,220.27,219.83,59.49,37.05154643027751
2023-03-01,2023,3,Brinjal,143.6,173.69,196.43,41.46,28.871846189522156
2023-04-01,2023,4,Brinjal,214.54,268.46,297.51,68.44,31.900796168175553
2023-05-01,2023,5,Brinjal,181.47,232.01,250.79,59.93,33.02472418321255
2023-06-01,2023,6,Brinjal,166.61,215.83,218.98,50.79,30.484346387163804
2023-07-01,2023,7,Brinjal,213.08,297.08,278.7,74.81,35.108862817316115
2023-08-01,2023,8,Brinjal,214.76,277.89,287.53,67.95,31.63995546658807
2023-09-01,2023,9,Brinjal,216.96,264.41,302.11,66.3,30.558614233677066
2023-10-01,2023,10,Brinjal,148.64,194.47,187.47,42.33,28.478183208972546
2023-11-01,2023,11,Brinjal,208.54,282.84,275.98,70.87,33.98387168702806
2023-12-01,2023,12,Brinjal,238.22,311.74,312.93,74.12,31.11408315251316
2024-01-01,2024,1,Brinjal,151.42,201.15,215.51,56.91,37.58417805826307
2024-02-01,2024,2,Brinjal,149.05,183.62,188.8,37.16,24.93121440374746
2024-03-01,2024,3,Brinjal,170.21,210.14,232.39,51.05,29.99234475509973
2024-04-01,2024,4,Brinjal,195.38,252.53,258.34,60.05,30.73496226074201
2024-05-01,2024,5,Brinjal,193.73,268.08,255.8,68.21,35.20877757250938
2024-06-01,2024,6,Brinjal,154.33,214.13,202.91,54.19,35.11304664482171
2024-07-01,2024,7,Brinjal,248.8,325.76,317.54,72.85,29.28053485509049
2024-08-01,2024,8,Brinjal,199.55,272.02,279.15,76.03,38.10070754161486
2024-09-01,2024,9,Brinjal,180.23,247.43,256.1,71.54,39.6937026612092
2024-10-01,2024,10,Brinjal,204.41,283.29,284.48,79.48,38.882618813845305
2024-11-01,2024,11,Brinjal,218.3,289.18,281.21,66.89,30.64130524905852
2024-12-01,2024,12,Brinjal,122.39,156.87,161.99,37.04,30.26388572278313
2025-01-01,2025,1,Brinjal,241.82,304.49,343.73,82.29,34.02942931542911
2025-02-01,2025,2,Brinjal,229.22,290.48,299.3,65.67,28.649320020364705
2025-03-01,2025,3,Brinjal,247.03,327.35,319.02,76.16,30.83025105037807
2025-04-01,2025,4,Brinjal,168.88,226.73,215.78,52.38,31.016087745092523
2025-05-01,2025,5,Brinjal,135.39,183.51,187.92,50.32,37.16667614544934
2025-06-01,2025,6,Brinjal,170.78,238.06,245.87,71.18,41.67932914900507
2025-07-01,2025,7,Brinjal,138.1,165.95,181.05,35.4,25.63358027981153
2025-08-01,2025,8,Brinjal,241.03,316.07,337.56,85.78,35.58891607313775
2000-01-01,2000,1,Cabbage,46.88,62.56,65.61,17.2,36.68934153297454
2000-02-01,2000,2,Cabbage,44.86,60.16,61.91,16.17,36.04539445966461
2000-03-01,2000,3,Cabbage,44.64,62.26,62.4,17.69,39.628047428209165
2000-04-01,2000,4,Cabbage,48.15,67.1,62.52,16.66,34.60013582526308
2000-05-01,2000,5,Cabbage,41.17,57.58,56.65,15.94,38.717418709208864
2000-06-01,2000,6,Cabbage,47.34,62.17,61.84,14.66,30.96740395563169
2000-07-01,2000,7,Cabbage,43.98,59.01,56.94,14.0,31.83257882542332
2000-08-01,2000,8,Cabbage,42.01,54.17,54.42,12.29,29.25486966229549
2000-09-01,2000,9,Cabbage,42.92,52.75,61.32,14.11,32.87503989972064
2000-10-01,2000,10,Cabbage,43.61,56.7,61.38,15.43,35.381712034597484
2000-11-01,2000,11,Cabbage,44.58,54.84,59.14,12.41,27.837532890235774
2000-12-01,2000,12,Cabbage,45.51,59.2,59.57,13.88,30.498724458966255
2001-01-01,2001,1,Cabbage,48.64,62.42,68.52,16.83,34.601080178700286
2001-02-01,2001,2,Cabbage,46.93,56.91,64.67,13.86,29.533284608385657
2001-03-01,2001,3,Cabbage,44.68,57.71,63.6,15.98,35.765363103484546
2001-04-01,2001,4,Cabbage,52.75,68.24,72.49,17.61,33.383822969055984
2001-05-01,2001,5,Cabbage,55.01,70.25,77.14,18.69,33.97557903003267
2001-06-01,2001,6,Cabbage,54.53,65.93,78.42,17.65,32.367444769035814
2001-07-01,2001,7,Cabbage,49.13,65.93,62.53,15.1,30.73472270563259
2001-08-01,2001,8,Cabbage,46.68,61.82,63.34,15.9,34.06162368975216
2001-09-01,2001,9,Cabbage,44.69,56.19,60.79,13.8,30.87932226600522
2001-10-01,2001,10,Cabbage,42.07,51.49,54.2,10.78,25.623899158784972
2001-11-01,2001,11,Cabbage,45.27,55.02,63.78,14.13,31.21265471028338
2001-12-01,2001,12,Cabbage,49.76,66.35,62.26,14.54,29.22019851246279
2002-01-01,2002,1,Cabbage,55.13,73.28,75.91,19.46,35.298321606527104
2002-02-01,2002,2,Cabbage,56.6,68.26,72.2,13.63,24.08122953846371
2002-03-01,2002,3,Cabbage,55.82,69.55,77.32,17.61,31.547775801189893
2002-04-01,2002,4,Cabbage,53.42,71.66,77.15,20.98,39.273606751016935
2002-05-01,2002,5,Cabbage,47.04,57.45,61.84,12.61,26.80691580162457
2002-06-01,2002,6,Cabbage,49.76,61.01,66.99,14.24,28.617305833388595
2002-07-01,2002,7,Cabbage,48.46,61.58,62.17,13.42,27.69288548723589
2002-08-01,2002,8,Cabbage,53.12,72.26,73.68,19.85,37.368152544893555
2002-09-01,2002,9,Cabbage,45.03,57.5,58.97,13.2,29.313725707915367
2002-10-01,2002,10,Cabbage,48.19,62.23,61.02,13.44,27.889545778074748
2002-11-01,2002,11,Cabbage,50.9,65.5,66.18,14.94,29.35161227581085
2002-12-01,2002,12,Cabbage,49.09,61.95,62.16,12.96,26.400435118282505
2003-01-01,2003,1,Cabbage,48.83,60.44,69.61,16.2,33.176258086712906
2003-02-01,2003,2,Cabbage,52.5,65.52,71.71,16.11,30.68565583684602
2003-03-01,2003,3,Cabbage,60.85,73.26,87.76,19.66,32.30890335430837
2003-04-01,2003,4,Cabbage,65.43,85.65,86.53,20.66,31.57568152883764
2003-05-01,2003,5,Cabbage,53.23,67.44,71.25,16.12,30.28361772756391
2003-06-01,2003,6,Cabbage,50.55,70.23,70.9,20.02,39.60427377987383
2003-07-01,2003,7,Cabbage,54.63,74.78,71.93,18.73,34.285128528045895
2003-08-01,2003,8,Cabbage,55.31,75.19,78.61,21.59,39.0344620602747
2003-09-01,2003,9,Cabbage,53.99,65.95,70.9,14.44,26.745644108827353
2003-10-01,2003,10,Cabbage,47.0,62.06,67.85,17.95,38.19140810338701
2003-11-01,2003,11,Cabbage,54.08,74.74,71.05,18.81,34.7817404183794
2003-12-01,2003,12,Cabbage,48.11,59.03,61.89,12.35,25.67028544941706
2004-01-01,2004,1,Cabbage,59.94,83.36,86.61,25.04,41.77503874701577
2004-02-01,2004,2,Cabbage,52.59,66.13,72.27,16.61,31.58389126470571
2004-03-01,2004,3,Cabbage,58.15,72.59,83.45,19.87,34.17019059296545
2004-04-01,2004,4,Cabbage,59.78,77.24,81.96,19.82,33.15484584334921
2004-05-01,2004,5,Cabbage,58.63,77.91,84.55,22.6,38.54675328883969
2004-06-01,2004,6,Cabbage,61.32,79.56,85.07,20.99,34.2302116271826
2004-07-01,2004,7,Cabbage,58.72,73.63,81.3,18.74,31.914114587679514
2004-08-01,2004,8,Cabbage,63.88,82.6,89.96,22.4,35.06569338495086
2004-09-01,2004,9,Cabbage,62.36,86.43,89.13,25.42,40.76324444636875
2004-10-01,2004,10,Cabbage,51.11,69.5,68.8,18.04,35.29635042780194
2004-11-01,2004,11,Cabbage,53.28,73.78,74.17,20.7,38.85127843228522
2004-12-01,2004,12,Cabbage,54.8,68.96,73.4,16.38,29.89045640427663
2005-01-01,2005,1,Cabbage,65.67,79.63,91.58,19.93,30.348667049387775
2005-02-01,2005,2,Cabbage,60.71,82.58,83.09,22.12,36.43545307947112
2005-03-01,2005,3,Cabbage,59.19,81.86,75.68,19.58,33.07985625974614
2005-04-01,2005,4,Cabbage,61.71,75.66,83.17,17.7,28.682500919622555
2005-05-01,2005,5,Cabbage,65.13,90.46,88.98,24.59,37.7552007443563
2005-06-01,2005,6,Cabbage,69.51,96.88,87.73,22.79,32.78660223478314
2005-07-01,2005,7,Cabbage,59.95,80.7,86.11,23.46,39.13254523345249
2005-08-01,2005,8,Cabbage,57.12,79.4,79.96,22.56,39.4957291741436
2005-09-01,2005,9,Cabbage,61.29,84.73,81.52,21.84,35.63381361753366
2005-10-01,2005,10,Cabbage,57.68,76.45,75.01,18.05,31.29328832647655
2005-11-01,2005,11,Cabbage,59.23,80.31,85.62,23.74,40.080972343453745
2005-12-01,2005,12,Cabbage,55.37,76.72,77.91,21.94,39.62427375063437
2006-01-01,2006,1,Cabbage,69.09,82.93,89.28,17.02,24.634499009264708
2006-02-01,2006,2,Cabbage,68.06,83.01,90.79,18.84,27.681416865388087
2006-03-01,2006,3,Cabbage,59.08,76.7,77.86,18.2,30.805635061552028
2006-04-01,2006,4,Cabbage,71.84,95.17,95.25,23.37,32.5305783260324
2006-05-01,2006,5,Cabbage,68.09,85.44,86.96,18.11,26.59711176808376
2006-06-01,2006,6,Cabbage,69.39,84.23,96.66,21.06,30.350150814021013
2006-07-01,2006,7,Cabbage,76.48,94.5,100.94,21.24,27.771930214526385
2006-08-01,2006,8,Cabbage,69.41,88.81,87.07,18.53,26.69640297305435
2006-09-01,2006,9,Cabbage,59.24,74.06,85.31,20.44,34.50365546310692
2006-10-01,2006,10,Cabbage,71.68,89.17,94.68,20.24,28.236567750324003
2006-11-01,2006,11,Cabbage,61.98,85.51,79.66,20.61,33.25260849853421
2006-12-01,2006,12,Cabbage,52.58,69.08,69.24,16.58,31.53284227302725
2007-01-01,2007,1,Cabbage,63.34,87.76,81.13,21.1,33.31223032486529
2007-02-01,2007,2,Cabbage,71.13,96.57,98.81,26.56,37.34002904536898
2007-03-01,2007,3,Cabbage,73.85,89.26,94.51,18.04,24.427861302828298
2007-04-01,2007,4,Cabbage,74.75,101.37,94.95,23.41,31.31768385594133
2007-05-01,2007,5,Cabbage,60.78,75.22,86.3,19.98,32.87260139420633
2007-06-01,2007,6,Cabbage,66.97,88.96,89.6,22.31,33.31337417743141
2007-07-01,2007,7,Cabbage,79.01,98.41,104.62,22.5,28.47737188030391
2007-08-01,2007,8,Cabbage,76.2,101.85,109.3,29.37,38.54325650491272
2007-09-01,2007,9,Cabbage,72.05,88.96,91.55,18.2,25.260200887993214
2007-10-01,2007,10,Cabbage,62.52,79.27,86.75,20.49,32.773460055246225
2007-11-01,2007,11,Cabbage,58.05,76.18,81.71,20.9,36.00338328443878
2007-12-01,2007,12,Cabbage,74.09,91.05,94.84,18.85,25.441995624246697
2008-01-01,2008,1,Cabbage,62.91,81.29,85.29,20.38,32.39543411948161
2008-02-01,2008,2,Cabbage,92.36,123.6,126.36,32.62,35.31828137908036
2008-03-01,2008,3,Cabbage,81.0,107.47,111.69,28.58,35.28390705690486
2008-04-01,2008,4,Cabbage,75.74,104.99,100.12,26.82,35.41056850994387
2008-05-01,2008,5,Cabbage,65.17,87.84,83.81,20.66,31.701654593133966
2008-06-01,2008,6,Cabbage,75.12,101.54,103.32,27.31,36.355116673167366
2008-07-01,2008,7,Cabbage,68.69,84.54,93.59,20.38,29.669486578124065
2008-08-01,2008,8,Cabbage,74.79,98.99,96.54,22.97,30.71262105546054
2008-09-01,2008,9,Cabbage,66.64,81.18,86.34,17.12,25.69023755966753
2008-10-01,2008,10,Cabbage,67.47,88.2,90.25,21.76,32.25132317871176
2008-11-01,2008,11,Cabbage,79.16,95.31,109.16,23.08,29.156102632513093
2008-12-01,2008,12,Cabbage,66.55,84.72,94.58,23.1,34.71069164434013
2009-01-01,2009,1,Cabbage,70.52,87.92,101.58,24.23,34.35899835649695
2009-02-01,2009,2,Cabbage,85.46,115.41,123.88,34.18,39.99527264770343
2009-03-01,2009,3,Cabbage,91.02,111.37,125.73,27.53,30.246066528162466
2009-04-01,2009,4,Cabbage,82.08,101.23,108.88,22.98,27.997041913935288
2009-05-01,2009,5,Cabbage,96.45,118.02,131.78,28.45,29.49711819894432
2009-06-01,2009,6,Cabbage,80.56,108.22,115.82,31.46,39.051590055126546
2009-07-01,2009,7,Cabbage,89.04,108.57,119.44,24.96,28.03231353064518
2009-08-01,2009,8,Cabbage,80.47,98.79,108.51,23.18,28.805730327165
2009-09-01,2009,9,Cabbage,69.1,94.51,89.06,22.69,32.83642136552625
2009-10-01,2009,10,Cabbage,69.57,85.23,88.46,17.28,24.83825666486034
2009-11-01,2009,11,Cabbage,74.72,98.1,95.09,21.88,29.282616056456025
2009-12-01,2009,12,Cabbage,84.76,106.37,113.82,25.33,29.88434416665388
2010-01-01,2010,1,Cabbage,96.19,132.13,121.8,30.78,31.999135046122213
2010-02-01,2010,2,Cabbage,84.24,106.45,116.14,27.06,32.122468990421424
2010-03-01,2010,3,Cabbage,94.03,117.62,119.03,24.3,25.8427886389571
2010-04-01,2010,4,Cabbage,77.77,99.69,99.4,21.78,28.005621697799025
2010-05-01,2010,5,Cabbage,80.16,104.21,101.48,22.68,28.29337787752261
2010-06-01,2010,6,Cabbage,84.41,113.36,114.98,29.76,35.25644443022814
2010-07-01,2010,7,Cabbage,73.43,90.44,103.64,23.61,32.153027164609604
2010-08-01,2010,8,Cabbage,80.34,104.75,108.47,26.27,32.698490542082965
2010-09-01,2010,9,Cabbage,73.12,90.2,95.13,19.54,26.723158201370072
2010-10-01,2010,10,Cabbage,86.48,110.42,112.74,25.1,29.024018242347083
2010-11-01,2010,11,Cabbage,74.94,99.35,95.43,22.45,29.95725919767921
2010-12-01,2010,12,Cabbage,86.04,104.47,107.81,20.1,23.361200184565103
2011-01-01,2011,1,Cabbage,95.73,121.23,123.35,26.56,27.744669649357935
2011-02-01,2011,2,Cabbage,91.96,119.44,128.08,31.8,34.58021468006233
2011-03-01,2011,3,Cabbage,88.8,111.03,113.49,23.46,26.4188891679176
2011-04-01,2011,4,Cabbage,93.29,123.98,116.69,27.04,28.984854770227493
2011-05-01,2011,5,Cabbage,92.46,116.7,119.54,25.66,27.75251162393292
2011-06-01,2011,6,Cabbage,90.4,115.15,126.78,30.56,33.80527233930051
2011-07-01,2011,7,Cabbage,92.11,122.72,127.05,32.78,35.587845415432184
2011-08-01,2011,8,Cabbage,74.44,99.04,107.65,28.91,38.83659479232296
2011-09-01,2011,9,Cabbage,74.8,90.42,106.33,23.58,31.52402202670852
2011-10-01,2011,10,Cabbage,82.99,113.46,114.75,31.12,37.498448610135426
2011-11-01,2011,11,Cabbage,77.18,97.22,103.37,23.11,29.942951615766233
2011-12-01,2011,12,Cabbage,85.35,106.73,121.03,28.53,33.42702586171546
2012-01-01,2012,1,Cabbage,93.87,113.86,124.31,25.21,26.85626200462128
2012-02-01,2012,2,Cabbage,122.09,157.03,152.73,32.79,26.85721446702067
2012-03-01,2012,3,Cabbage,114.82,158.84,154.47,41.84,36.43961292491472
2012-04-01,2012,4,Cabbage,101.06,136.52,127.85,31.12,30.79355749697457
2012-05-01,2012,5,Cabbage,100.67,124.0,130.29,26.47,26.293805211279217
2012-06-01,2012,6,Cabbage,95.74,123.73,120.16,26.21,27.37619868790611
2012-07-01,2012,7,Cabbage,81.51,107.68,118.03,31.34,38.44922285704471
2012-08-01,2012,8,Cabbage,101.17,127.62,132.48,28.88,28.545983447678708
2012-09-01,2012,9,Cabbage,72.7,94.79,96.82,23.1,31.774371699626276
2012-10-01,2012,10,Cabbage,110.41,136.48,140.4,28.03,25.38717019548031
2012-11-01,2012,11,Cabbage,94.18,120.98,120.21,26.41,28.04201736884968
2012-12-01,2012,12,Cabbage,78.38,103.44,100.82,23.75,30.301058559506817
2013-01-01,2013,1,Cabbage,110.01,141.14,146.43,33.77,30.697181440613186
2013-02-01,2013,2,Cabbage,120.17,153.04,164.91,38.8,32.28756570894091
2013-03-01,2013,3,Cabbage,108.12,140.32,139.81,31.94,29.541223139823213
2013-04-01,2013,4,Cabbage,78.14,105.54,105.07,27.16,34.758081957919174
2013-05-01,2013,5,Cabbage,118.79,149.68,164.62,38.36,32.29225331067151
2013-06-01,2013,6,Cabbage,114.66,144.92,144.33,29.97,26.13812477051738
2013-07-01,2013,7,Cabbage,92.53,120.71,122.7,29.17,31.524876769829497
2013-08-01,2013,8,Cabbage,89.44,109.44,117.53,24.04,26.87832415214205
2013-09-01,2013,9,Cabbage,104.37,128.52,132.84,26.31,25.208369063553636
2013-10-01,2013,10,Cabbage,90.37,116.92,120.81,28.49,31.525913991463987
2013-11-01,2013,11,Cabbage,93.11,116.49,131.56,30.92,33.20799784341333
2013-12-01,2013,12,Cabbage,109.98,142.86,141.65,32.28,29.35076436555341
2014-01-01,2014,1,Cabbage,103.01,142.45,146.37,41.4,40.19023377319311
2014-02-01,2014,2,Cabbage,130.63,178.28,167.86,42.44,32.4886836954117
2014-03-01,2014,3,Cabbage,110.14,148.24,147.76,37.86,34.374401330668846
2014-04-01,2014,4,Cabbage,125.43,158.32,172.59,40.02,31.906217088242773
2014-05-01,2014,5,Cabbage,99.16,120.23,124.63,23.27,23.46710017436449
2014-06-01,2014,6,Cabbage,104.47,128.65,139.95,29.83,28.553624434168245
2014-07-01,2014,7,Cabbage,97.05,118.24,123.63,23.88,24.605847907421012
2014-08-01,2014,8,Cabbage,103.01,127.93,144.2,33.05,32.0842325170056
2014-09-01,2014,9,Cabbage,120.81,168.94,159.25,43.28,35.82481928249376
2014-10-01,2014,10,Cabbage,99.77,129.74,133.35,31.78,31.853230577096745
2014-11-01,2014,11,Cabbage,95.0,121.62,126.32,28.97,30.494704742416054
2014-12-01,2014,12,Cabbage,109.32,150.12,150.43,40.96,37.467949626829835
2015-01-01,2015,1,Cabbage,89.98,115.73,124.75,30.26,33.629658113293935
2015-02-01,2015,2,Cabbage,102.56,142.68,132.12,34.84,33.97032569196013
2015-03-01,2015,3,Cabbage,123.97,154.96,159.56,33.29,26.85324929156305
2015-04-01,2015,4,Cabbage,101.05,133.78,133.77,32.73,32.389873933820944
2015-05-01,2015,5,Cabbage,100.61,138.12,139.71,38.31,38.0776880253573
2015-06-01,2015,6,Cabbage,115.16,141.25,152.33,31.63,27.46611022394041
2015-07-01,2015,7,Cabbage,112.99,140.21,157.16,35.7,31.59568847182187
2015-08-01,2015,8,Cabbage,110.02,147.53,144.06,35.78,32.52133019330105
2015-09-01,2015,9,Cabbage,92.73,123.63,127.47,32.82,35.39303850637495
2015-10-01,2015,10,Cabbage,130.54,180.0,168.93,43.93,33.652494520840726
2015-11-01,2015,11,Cabbage,149.21,194.72,197.36,46.83,31.38527485739906
2015-12-01,2015,12,Cabbage,96.69,123.16,123.32,26.55,27.458860834770057
2016-01-01,2016,1,Cabbage,114.4,148.25,143.54,31.49,27.526199714860383
2016-02-01,2016,2,Cabbage,119.09,146.3,159.89,34.0,28.549812284984228
2016-03-01,2016,3,Cabbage,102.54,136.46,130.3,30.84,30.076038544920475
2016-04-01,2016,4,Cabbage,149.04,196.68,188.0,43.3,29.052583834820293
2016-05-01,2016,5,Cabbage,120.41,166.04,161.27,43.24,35.91060882766479
2016-06-01,2016,6,Cabbage,166.63,227.81,222.06,58.31,34.99367761286826
2016-07-01,2016,7,Cabbage,102.51,129.29,141.52,32.89,32.084643366848724
2016-08-01,2016,8,Cabbage,144.55,174.68,190.69,38.13,26.37839752445692
2016-09-01,2016,9,Cabbage,107.3,133.36,142.48,30.62,28.536786079416515
2016-10-01,2016,10,Cabbage,98.55,129.47,124.4,28.39,28.80768258987053
2016-11-01,2016,11,Cabbage,95.85,120.07,127.86,28.12,29.33747591290985
2016-12-01,2016,12,Cabbage,114.46,147.76,164.18,41.51,36.265912750382014
2017-01-01,2017,1,Cabbage,100.05,138.41,130.22,34.26,34.24284433498817
2017-02-01,2017,2,Cabbage,109.72,138.6,143.32,31.24,28.472449441806923
2017-03-01,2017,3,Cabbage,159.1,192.3,199.68,36.89,23.186660473500645
2017-04-01,2017,4,Cabbage,145.1,177.07,195.41,41.14,28.352840556278046
2017-05-01,2017,5,Cabbage,102.82,125.15,133.44,26.48,25.75371936031963
2017-06-01,2017,6,Cabbage,151.6,197.34,193.63,43.89,28.951168238015672
2017-07-01,2017,7,Cabbage,135.69,172.21,189.58,45.21,33.31856929871818
2017-08-01,2017,8,Cabbage,154.54,195.74,202.94,44.8,28.989239686010297
2017-09-01,2017,9,Cabbage,131.48,178.32,177.71,46.54,35.39699163599663
2017-10-01,2017,10,Cabbage,114.47,138.81,162.63,36.25,31.667658191964534
2017-11-01,2017,11,Cabbage,139.32,182.69,199.13,51.59,37.029832737702606
2017-12-01,2017,12,Cabbage,151.29,190.88,207.75,48.03,31.746955022172635
2018-01-01,2018,1,Cabbage,141.64,171.71,196.75,42.59,30.06916826520174
2018-02-01,2018,2,Cabbage,142.24,194.19,194.61,52.16,36.67039041732957
2018-03-01,2018,3,Cabbage,131.65,164.72,177.38,39.4,29.92781623409325
2018-04-01,2018,4,Cabbage,170.58,232.32,221.04,56.1,32.88777530321532
2018-05-01,2018,5,Cabbage,170.65,231.73,237.05,63.74,37.351281950611224
2018-06-01,2018,6,Cabbage,148.47,184.0,198.92,42.99,28.955325011567982
2018-07-01,2018,7,Cabbage,146.04,203.7,195.43,53.53,36.654316177543016
2018-08-01,2018,8,Cabbage,118.61,164.08,161.59,44.23,37.29024762646688
2018-09-01,2018,9,Cabbage,127.11,165.77,164.01,37.78,29.72226439913115
2018-10-01,2018,10,Cabbage,170.73,233.06,247.32,69.46,40.68409729743027
2018-11-01,2018,11,Cabbage,126.34,166.43,161.92,37.83,29.942987222584115
2018-12-01,2018,12,Cabbage,142.34,188.81,179.15,41.64,29.253878562681912
2019-01-01,2019,1,Cabbage,209.58,274.76,279.2,67.4,32.15954186490034
2019-02-01,2019,2,Cabbage,162.58,213.38,232.84,60.53,37.23087880989125
2019-03-01,2019,3,Cabbage,162.22,204.75,225.2,52.76,32.523713152685765
2019-04-01,2019,4,Cabbage,182.78,223.09,234.29,45.91,25.11761400721413
2019-05-01,2019,5,Cabbage,155.64,193.12,210.63,46.24,29.709567135975885
2019-06-01,2019,6,Cabbage,149.81,198.14,192.76,45.64,30.465235655005905
2019-07-01,2019,7,Cabbage,103.79,126.98,150.06,34.73,33.461765621191226
2019-08-01,2019,8,Cabbage,124.3,154.31,174.4,40.06,32.22845355715724
2019-09-01,2019,9,Cabbage,129.89,174.92,163.68,39.41,30.341034459131215
2019-10-01,2019,10,Cabbage,119.0,153.87,167.54,41.7,35.041987359674486
2019-11-01,2019,11,Cabbage,156.0,188.39,216.36,46.38,29.730750172596043
2019-12-01,2019,12,Cabbage,119.84,165.9,156.76,41.49,34.621132659268476
2020-01-01,2020,1,Cabbage,156.25,209.86,198.45,47.9,30.65598038017255
2020-02-01,2020,2,Cabbage,227.68,306.15,286.67,68.73,30.187091449801716
2020-03-01,2020,3,Cabbage,194.55,267.74,261.36,70.0,35.980449251889354
2020-04-01,2020,4,Cabbage,192.89,239.94,272.58,63.37,32.85290432220213
2020-05-01,2020,5,Cabbage,168.67,204.2,224.17,45.52,26.987592940301813
2020-06-01,2020,6,Cabbage,184.31,239.18,247.42,58.99,32.005842327685784
2020-07-01,2020,7,Cabbage,182.64,234.67,261.7,65.54,35.88478105301082
2020-08-01,2020,8,Cabbage,181.63,245.17,254.25,68.08,37.48277405562184
2020-09-01,2020,9,Cabbage,134.18,179.08,181.77,46.24,34.461145877816456
2020-10-01,2020,10,Cabbage,158.41,211.18,226.6,60.48,38.179383764040296
2020-11-01,2020,11,Cabbage,127.74,176.53,174.26,47.66,37.31013205720052
2020-12-01,2020,12,Cabbage,169.69,224.76,229.91,57.64,33.96780366090892
2021-01-01,2021,1,Cabbage,191.55,250.08,244.88,55.93,29.19862740870404
2021-02-01,2021,2,Cabbage,170.42,229.23,225.93,57.16,33.540644560119375
2021-03-01,2021,3,Cabbage,149.21,189.85,192.39,41.91,28.087910939004797
2021-04-01,2021,4,Cabbage,178.26,214.23,231.84,44.78,25.120596252330163
2021-05-01,2021,5,Cabbage,259.85,329.7,336.14,73.07,28.12005844908276
2021-06-01,2021,6,Cabbage,187.43,251.39,255.05,65.79,35.101085684743275
2021-07-01,2021,7,Cabbage,152.47,185.02,195.08,37.58,24.64745546831805
2021-08-01,2021,8,Cabbage,184.77,242.72,267.69,70.43,38.117639163479375
2021-09-01,2021,9,Cabbage,144.69,193.77,184.61,44.5,30.75538685784307
2021-10-01,2021,10,Cabbage,173.03,222.29,227.31,51.77,29.919649818153022
2021-11-01,2021,11,Cabbage,135.91,168.74,191.76,44.34,32.624506935099014
2021-12-01,2021,12,Cabbage,157.67,209.64,203.4,48.85,30.98241201090125
2022-01-01,2022,1,Cabbage,143.74,200.1,198.72,55.67,38.72962381409224
2022-02-01,2022,2,Cabbage,189.45,237.67,270.0,64.39,33.98784165329023
2022-03-01,2022,3,Cabbage,191.39,251.87,269.22,69.16,36.13562038997837
2022-04-01,2022,4,Cabbage,162.6,219.72,226.39,60.46,37.18324896479154
2022-05-01,2022,5,Cabbage,144.75,185.41,183.23,39.57,27.33676867926171
2022-06-01,2022,6,Cabbage,214.57,292.11,302.84,82.9,38.63539234963306
2022-07-01,2022,7,Cabbage,212.58,285.42,274.08,67.17,31.597501365367687
2022-08-01,2022,8,Cabbage,196.41,274.56,246.95,64.34,32.75798953312483
2022-09-01,2022,9,Cabbage,172.86,223.3,235.42,56.5,32.68539124991828
2022-10-01,2022,10,Cabbage,157.21,192.81,212.83,45.61,29.012130899986705
2022-11-01,2022,11,Cabbage,127.47,160.22,172.23,38.75,30.39928579329584
2022-12-01,2022,12,Cabbage,197.21,255.39,255.35,58.16,29.49139014685353
2023-01-01,2023,1,Cabbage,205.43,247.46,258.8,47.7,23.21957687797455
2023-02-01,2023,2,Cabbage,192.59,254.5,264.86,67.09,34.835643161304766
2023-03-01,2023,3,Cabbage,247.06,299.11,339.36,72.18,29.21556333863704
2023-04-01,2023,4,Cabbage,167.84,204.52,222.02,45.43,27.06742905896743
2023-05-01,2023,5,Cabbage,206.26,248.7,296.12,66.15,32.071156757899374
2023-06-01,2023,6,Cabbage,252.73,306.49,328.12,64.58,25.552951547916138
2023-07-01,2023,7,Cabbage,157.87,213.92,220.21,59.19,37.492850134382635
2023-08-01,2023,8,Cabbage,252.54,324.64,347.83,83.7,33.143251309396014
2023-09-01,2023,9,Cabbage,154.91,203.82,194.32,44.16,28.50685655744848
2023-10-01,2023,10,Cabbage,139.16,179.32,175.01,38.0,27.30667770431323
2023-11-01,2023,11,Cabbage,154.75,204.63,211.33,53.23,34.397392958065936
2023-12-01,2023,12,Cabbage,175.39,243.97,224.1,58.65,33.43974374836436
2024-01-01,2024,1,Cabbage,153.88,201.07,194.02,43.67,28.37923812110858
2024-02-01,2024,2,Cabbage,214.7,286.81,281.98,69.7,32.463888000052165
2024-03-01,2024,3,Cabbage,240.85,316.17,309.42,71.95,29.873352761738523
2024-04-01,2024,4,Cabbage,179.66,221.6,231.95,47.11,26.221737603396633
2024-05-01,2024,5,Cabbage,200.1,247.44,263.05,55.15,27.561205616588897
2024-06-01,2024,6,Cabbage,201.19,243.67,290.67,65.98,32.7948542199641
2024-07-01,2024,7,Cabbage,262.5,329.51,379.74,92.12,35.09331996444954
2024-08-01,2024,8,Cabbage,156.78,191.87,202.08,40.2,25.641009286255077
2024-09-01,2024,9,Cabbage,175.8,241.09,220.72,55.1,31.34241675630446
2024-10-01,2024,10,Cabbage,188.6,258.66,268.76,75.11,39.82500539501304
2024-11-01,2024,11,Cabbage,233.24,312.64,335.61,90.88,38.964140385808435
2024-12-01,2024,12,Cabbage,260.43,313.85,334.15,63.57,24.409620854117865
2025-01-01,2025,1,Cabbage,340.33,436.47,473.94,114.88,33.755462711056126
2025-02-01,2025,2,Cabbage,315.59,403.66,432.41,102.45,32.462995512216644
2025-03-01,2025,3,Cabbage,226.46,284.98,302.46,67.26,29.70059626397763
2025-04-01,2025,4,Cabbage,242.86,335.35,334.04,91.84,37.81601012270027
2025-05-01,2025,5,Cabbage,248.6,333.06,326.22,81.04,32.59853877773983
2025-06-01,2025,6,Cabbage,177.27,221.49,249.58,58.26,32.86510246228777
2025-07-01,2025,7,Cabbage,174.34,228.81,239.01,59.57,34.168845836385316
2025-08-01,2025,8,Cabbage,177.94,229.56,237.12,55.4,31.13407264579485
2000-01-01,2000,1,Carrot,62.64,82.46,84.85,21.01,33.540814909299314
2000-02-01,2000,2,Carrot,61.56,74.14,85.7,18.36,29.82451295563197
2000-03-01,2000,3,Carrot,57.65,76.73,81.32,21.38,37.085798636949455
2000-04-01,2000,4,Carrot,62.25,77.99,80.65,17.07,27.42164269615631
2000-05-01,2000,5,Carrot,63.36,80.57,90.97,22.41,35.36926235911875
2000-06-01,2000,6,Carrot,64.55,82.19,84.03,18.56,28.752860181471444
2000-07-01,2000,7,Carrot,60.56,74.89,79.45,16.61,27.42729949257019
2000-08-01,2000,8,Carrot,58.15,79.8,83.14,23.32,40.10311246240333
2000-09-01,2000,9,Carrot,54.44,72.03,71.01,17.08,31.37393208315194
2000-10-01,2000,10,Carrot,58.66,72.07,76.63,15.69,26.74731205708821
2000-11-01,2000,11,Carrot,50.72,67.72,72.93,19.61,38.66317298270311
2000-12-01,2000,12,Carrot,54.13,70.63,72.73,17.55,32.42188726789716
2001-01-01,2001,1,Carrot,65.73,84.26,91.12,21.96,33.40935127133535
2001-02-01,2001,2,Carrot,58.95,78.04,76.65,18.4,31.21283933360587
2001-03-01,2001,3,Carrot,59.06,82.0,79.64,21.76,36.84382518824045
2001-04-01,2001,4,Carrot,63.17,86.84,89.32,24.91,39.43321286494718
2001-05-01,2001,5,Carrot,73.24,98.3,104.07,27.94,38.148500616465576
2001-06-01,2001,6,Carrot,63.05,76.24,86.46,18.3,29.02453762959932
2001-07-01,2001,7,Carrot,65.08,78.28,81.78,14.95,22.97169180748032
2001-08-01,2001,8,Carrot,62.72,78.0,87.44,20.0,31.887704260675605
2001-09-01,2001,9,Carrot,58.81,82.12,76.93,20.72,35.23204347552546
2001-10-01,2001,10,Carrot,57.63,72.47,79.16,18.18,31.546015016458412
2001-11-01,2001,11,Carrot,55.39,75.85,75.25,20.16,36.39639574581017
2001-12-01,2001,12,Carrot,60.49,72.88,83.35,17.62,29.12873346216984
2002-01-01,2002,1,Carrot,68.07,88.58,86.85,19.65,28.867300033347977
2002-02-01,2002,2,Carrot,65.01,90.07,88.9,24.47,37.64030512181953
2002-03-01,2002,3,Carrot,69.51,92.69,100.01,26.84,38.61309363675207
2002-04-01,2002,4,Carrot,74.47,90.43,98.6,20.05,26.923557239751258
2002-05-01,2002,5,Carrot,65.45,82.97,91.48,21.78,33.277260080580476
2002-06-01,2002,6,Carrot,69.55,91.43,90.61,21.47,30.86983340067088
2002-07-01,2002,7,Carrot,69.42,89.46,99.22,24.92,35.8973841870006
2002-08-01,2002,8,Carrot,61.9,82.23,81.07,19.75,31.906248939824007
2002-09-01,2002,9,Carrot,60.32,76.06,85.59,20.51,34.00193302066807
2002-10-01,2002,10,Carrot,64.11,89.6,82.78,22.08,34.44075114529536
2002-11-01,2002,11,Carrot,68.86,93.0,98.02,26.65,38.70165741844696
2002-12-01,2002,12,Carrot,68.89,91.08,87.29,20.3,29.4672238826769
2003-01-01,2003,1,Carrot,69.9,91.04,90.31,20.78,29.728140589212316
2003-02-01,2003,2,Carrot,68.95,89.59,99.44,25.56,37.07028706267286
2003-03-01,2003,3,Carrot,65.06,88.25,88.68,23.4,35.96674459461328
2003-04-01,2003,4,Carrot,75.42,90.94,108.78,24.44,32.4051545940671
2003-05-01,2003,5,Carrot,73.42,101.54,91.97,23.34,31.78965977981506
2003-06-01,2003,6,Carrot,66.27,85.7,94.64,23.9,36.0645298558475
2003-07-01,2003,7,Carrot,67.11,91.02,94.01,25.4,37.848252349497315
2003-08-01,2003,8,Carrot,69.32,87.46,87.77,18.3,26.399269475952863
2003-09-01,2003,9,Carrot,63.14,77.17,81.84,16.37,25.926471449997702
2003-10-01,2003,10,Carrot,65.18,78.53,88.61,18.39,28.214132841158573
2003-11-01,2003,11,Carrot,72.89,94.34,97.83,23.2,31.828739431006404
2003-12-01,2003,12,Carrot,66.98,85.63,97.05,24.36,36.36901109433995
2004-01-01,2004,1,Carrot,80.0,96.91,111.33,24.12,30.149962312547107
2004-02-01,2004,2,Carrot,81.63,106.86,103.18,23.39,28.653646142783117
2004-03-01,2004,3,Carrot,74.25,98.94,104.38,27.41,36.91577519760916
2004-04-01,2004,4,Carrot,82.99,99.85,115.05,24.46,29.473395019405928
2004-05-01,2004,5,Carrot,74.45,103.55,97.76,26.2,35.191356358151296
2004-06-01,2004,6,Carrot,71.51,85.9,92.78,17.83,24.933540856466426
2004-07-01,2004,7,Carrot,88.52,110.47,116.11,24.77,27.982345252660128
2004-08-01,2004,8,Carrot,70.33,98.11,92.11,24.78,35.2338472432145
2004-09-01,2004,9,Carrot,76.41,100.69,96.07,21.97,28.752743420045256
2004-10-01,2004,10,Carrot,79.77,101.45,101.68,21.8,27.328535378544096
2004-11-01,2004,11,Carrot,75.01,93.93,95.07,19.49,25.983167600096515
2004-12-01,2004,12,Carrot,66.67,86.98,91.35,22.49,33.73326273696904
2005-01-01,2005,1,Carrot,82.52,106.65,116.58,29.1,35.26413564695147
2005-02-01,2005,2,Carrot,93.51,113.57,121.16,23.85,25.505266276049326
2005-03-01,2005,3,Carrot,84.09,109.87,105.99,23.84,28.350543048468246
2005-04-01,2005,4,Carrot,93.7,129.32,120.96,31.44,33.55385960100363
2005-05-01,2005,5,Carrot,87.7,117.69,122.7,32.49,37.046708042522184
2005-06-01,2005,6,Carrot,71.08,88.2,91.99,19.02,26.7585442338995
2005-07-01,2005,7,Carrot,82.59,103.12,110.18,24.06,29.131820884101117
2005-08-01,2005,8,Carrot,76.48,107.05,107.37,30.73,40.18038679342731
2005-09-01,2005,9,Carrot,86.86,118.55,119.44,32.14,37.00202970063355
2005-10-01,2005,10,Carrot,82.01,112.9,104.7,26.79,32.666708124974846
2005-11-01,2005,11,Carrot,76.43,105.34,104.78,28.63,37.45906390283409
2005-12-01,2005,12,Carrot,78.61,98.42,100.98,21.09,26.82861362598445
2006-01-01,2006,1,Carrot,80.89,102.23,115.99,28.22,34.886840293187916
2006-02-01,2006,2,Carrot,95.08,125.29,132.51,33.82,35.570008866208596
2006-03-01,2006,3,Carrot,106.37,143.54,143.11,36.96,34.746606424173706
2006-04-01,2006,4,Carrot,91.96,116.0,122.55,27.32,29.708536637084997
2006-05-01,2006,5,Carrot,94.0,120.3,117.94,25.12,26.723375826195927
2006-06-01,2006,6,Carrot,88.32,112.4,117.82,26.79,30.332846090527525
2006-07-01,2006,7,Carrot,95.66,119.89,137.53,33.05,34.54940983753937
2006-08-01,2006,8,Carrot,78.94,98.77,106.5,23.7,30.02276409581442
2006-09-01,2006,9,Carrot,87.17,117.53,124.03,33.61,38.55679871882675
2006-10-01,2006,10,Carrot,82.96,105.87,117.86,28.91,34.84807756981971
2006-11-01,2006,11,Carrot,70.31,96.37,101.32,28.53,40.577385041409414
2006-12-01,2006,12,Carrot,84.89,108.91,109.26,24.2,28.507446686951717
2007-01-01,2007,1,Carrot,91.76,127.19,125.03,34.35,37.43457123521007
2007-02-01,2007,2,Carrot,97.35,133.06,133.47,35.92,36.89775357190183
2007-03-01,2007,3,Carrot,112.46,139.84,155.11,35.02,31.13993318519191
2007-04-01,2007,4,Carrot,109.74,145.66,157.29,41.74,38.03532163721375
2007-05-01,2007,5,Carrot,105.58,147.64,148.98,42.73,40.471641909791714
2007-06-01,2007,6,Carrot,90.74,120.49,118.96,28.98,31.93736837407056
2007-07-01,2007,7,Carrot,79.16,96.29,103.45,20.71,26.162170083160586
2007-08-01,2007,8,Carrot,81.05,107.16,114.03,29.54,36.446592909817504
2007-09-01,2007,9,Carrot,91.77,118.37,131.47,33.15,36.12287662321388
2007-10-01,2007,10,Carrot,84.54,113.85,107.73,26.25,31.050353619170075
2007-11-01,2007,11,Carrot,96.43,120.06,122.47,24.83,25.749221456785794
2007-12-01,2007,12,Carrot,94.98,125.23,124.86,30.06,31.64873484024548
2008-01-01,2008,1,Carrot,86.77,105.04,118.47,24.99,28.80024340181698
2008-02-01,2008,2,Carrot,97.3,133.68,130.94,35.01,35.9814635339532
2008-03-01,2008,3,Carrot,99.76,130.01,128.64,29.56,29.631084972849862
2008-04-01,2008,4,Carrot,92.0,125.35,118.24,29.79,32.38039958652219
2008-05-01,2008,5,Carrot,94.69,122.65,123.35,28.31,29.89752888633553
2008-06-01,2008,6,Carrot,118.16,144.07,165.99,36.87,31.203426537384445
2008-07-01,2008,7,Carrot,103.07,141.91,148.16,41.96,40.71015745594504
2008-08-01,2008,8,Carrot,97.57,127.28,141.07,36.61,37.52174077919362
2008-09-01,2008,9,Carrot,111.4,146.47,160.62,42.14,37.827614158335585
2008-10-01,2008,10,Carrot,88.84,109.78,122.03,27.06,30.4592183034463
2008-11-01,2008,11,Carrot,88.67,112.19,127.37,31.11,35.08510760673553
2008-12-01,2008,12,Carrot,102.33,136.17,131.38,31.44,30.72409779722682
2009-01-01,2009,1,Carrot,96.13,130.68,138.29,38.36,39.904254754754234
2009-02-01,2009,2,Carrot,118.42,156.25,167.97,43.69,36.89407457011099
2009-03-01,2009,3,Carrot,131.81,172.83,164.79,37.0,28.070686540712735
2009-04-01,2009,4,Carrot,115.33,143.24,165.17,38.88,33.71192776213668
2009-05-01,2009,5,Carrot,105.42,146.12,152.79,44.04,41.77571449846851
2009-06-01,2009,6,Carrot,117.06,147.31,158.97,36.08,30.821774456027285
2009-07-01,2009,7,Carrot,100.68,133.77,137.32,34.86,34.62451864867039
2009-08-01,2009,8,Carrot,98.1,133.33,139.99,38.56,39.30678969746209
2009-09-01,2009,9,Carrot,107.98,146.03,139.87,34.97,32.38559697573905
2009-10-01,2009,10,Carrot,100.74,127.18,138.48,32.09,31.8542467200251
2009-11-01,2009,11,Carrot,95.05,120.26,125.37,27.77,29.216171261261163
2009-12-01,2009,12,Carrot,118.17,143.09,156.92,31.83,26.935747706061008
2010-01-01,2010,1,Carrot,108.13,133.77,142.51,30.01,27.753604223060925
2010-02-01,2010,2,Carrot,104.28,125.33,133.94,25.35,24.309527896501827
2010-03-01,2010,3,Carrot,104.4,135.29,134.27,30.38,29.09958898506802
2010-04-01,2010,4,Carrot,132.45,174.63,185.99,47.86,36.13436305446353
2010-05-01,2010,5,Carrot,131.47,158.37,166.31,30.87,23.480624111489988
2010-06-01,2010,6,Carrot,116.01,145.66,166.79,40.21,34.660775225605356
2010-07-01,2010,7,Carrot,88.56,112.73,112.36,23.98,27.0776568680478
2010-08-01,2010,8,Carrot,105.92,132.0,134.2,27.18,25.66085190629541
2010-09-01,2010,9,Carrot,96.88,129.5,139.52,37.63,38.84182613354033
2010-10-01,2010,10,Carrot,116.43,155.21,149.16,35.75,30.705118349979944
2010-11-01,2010,11,Carrot,105.45,143.17,143.69,37.98,36.01703554572257
2010-12-01,2010,12,Carrot,111.28,147.52,160.22,42.59,38.27279091230148
2011-01-01,2011,1,Carrot,127.97,167.01,160.43,35.75,27.936213224807982
2011-02-01,2011,2,Carrot,116.42,140.08,165.2,36.22,31.11146614716874
2011-03-01,2011,3,Carrot,116.69,150.53,162.73,39.94,34.227410894326084
2011-04-01,2011,4,Carrot,122.3,153.85,171.68,40.47,33.09073336816568
2011-05-01,2011,5,Carrot,110.12,145.68,140.07,32.75,29.740256320145004
2011-06-01,2011,6,Carrot,120.8,164.98,151.79,37.58,31.10924577049191
2011-07-01,2011,7,Carrot,116.38,156.77,153.83,38.92,33.44214345923401
2011-08-01,2011,8,Carrot,101.22,123.7,128.48,24.87,24.57021876089828
2011-09-01,2011,9,Carrot,97.73,118.52,133.45,28.25,28.90614048281952
2011-10-01,2011,10,Carrot,138.49,183.09,178.23,42.17,30.449829987847504
2011-11-01,2011,11,Carrot,140.45,187.42,194.49,50.51,35.96295054257704
2011-12-01,2011,12,Carrot,126.08,167.79,179.42,47.52,37.69032543597285
2012-01-01,2012,1,Carrot,115.58,144.31,151.72,32.44,28.06711535982405
2012-02-01,2012,2,Carrot,127.11,160.96,167.06,36.9,29.02995119978664
2012-03-01,2012,3,Carrot,125.14,154.87,173.54,39.06,31.21301645116154
2012-04-01,2012,4,Carrot,152.62,183.65,204.39,41.4,27.12617800669768
2012-05-01,2012,5,Carrot,153.18,213.14,193.58,50.18,32.75882441648752
2012-06-01,2012,6,Carrot,111.43,148.63,141.63,33.7,30.24317486926782
2012-07-01,2012,7,Carrot,148.56,188.98,211.51,51.68,34.78726791379381
2012-08-01,2012,8,Carrot,120.95,156.83,172.18,43.56,36.0148524060749
2012-09-01,2012,9,Carrot,126.87,172.71,175.8,47.39,37.35316674299145
2012-10-01,2012,10,Carrot,108.91,151.84,141.95,37.98,34.87279875787461
2012-11-01,2012,11,Carrot,109.2,133.47,151.68,33.38,30.567737575331893
2012-12-01,2012,12,Carrot,135.28,186.18,175.3,45.46,33.604351268220526
2013-01-01,2013,1,Carrot,137.12,169.94,195.67,45.68,33.313861352201464
2013-02-01,2013,2,Carrot,117.39,145.83,159.68,35.37,30.130309114652764
2013-03-01,2013,3,Carrot,142.84,196.16,194.6,52.54,36.78238813890497
2013-04-01,2013,4,Carrot,154.58,209.79,203.96,52.29,33.827122637389934
2013-05-01,2013,5,Carrot,148.7,187.55,185.88,38.02,25.56824104355008
2013-06-01,2013,6,Carrot,131.64,164.65,175.77,38.57,29.2995827259323
2013-07-01,2013,7,Carrot,165.16,207.35,220.27,48.65,29.45626697973663
2013-08-01,2013,8,Carrot,160.06,205.4,224.72,55.0,34.362092738914946
2013-09-01,2013,9,Carrot,127.98,175.57,176.7,48.15,37.62303670648796
2013-10-01,2013,10,Carrot,121.13,161.32,165.3,42.18,34.82206321962914
2013-11-01,2013,11,Carrot,113.44,145.82,150.34,34.64,30.535939231365276
2013-12-01,2013,12,Carrot,134.65,178.14,178.01,43.42,32.24654122054124
2014-01-01,2014,1,Carrot,139.68,183.74,195.04,49.71,35.58846249394151
2014-02-01,2014,2,Carrot,169.47,225.05,237.7,61.9,36.52561720327066
2014-03-01,2014,3,Carrot,188.6,259.58,263.4,72.89,38.64791163949542
2014-04-01,2014,4,Carrot,194.03,255.26,256.87,62.04,31.974420463629095
2014-05-01,2014,5,Carrot,147.49,199.83,213.72,59.28,40.192528176467434
2014-06-01,2014,6,Carrot,162.9,211.86,206.76,46.41,28.489853597388827
2014-07-01,2014,7,Carrot,141.6,192.26,186.43,47.74,33.714665455744736
2014-08-01,2014,8,Carrot,152.9,206.5,205.22,52.96,34.63699500523544
2014-09-01,2014,9,Carrot,129.21,180.02,185.85,53.72,41.57569725586467
2014-10-01,2014,10,Carrot,111.8,140.19,149.14,32.86,29.391744730103103
2014-11-01,2014,11,Carrot,149.46,185.18,201.24,43.75,29.272026447192257
2014-12-01,2014,12,Carrot,126.88,161.72,159.45,33.7,26.560508700734005
2015-01-01,2015,1,Carrot,160.73,220.55,201.53,50.31,31.300919989473037
2015-02-01,2015,2,Carrot,136.62,179.52,174.36,40.32,29.512494867153517
2015-03-01,2015,3,Carrot,148.92,207.27,194.22,51.83,34.8038981977584
2015-04-01,2015,4,Carrot,128.91,155.37,182.36,39.96,30.998346909978352
2015-05-01,2015,5,Carrot,155.98,196.83,195.55,40.21,25.77892949164669
2015-06-01,2015,6,Carrot,159.67,203.04,204.19,43.95,27.525504148866947
2015-07-01,2015,7,Carrot,166.82,231.4,233.86,65.81,39.449682622178024
2015-08-01,2015,8,Carrot,189.81,228.82,240.09,44.64,23.518242706789575
2015-09-01,2015,9,Carrot,187.85,230.56,236.9,45.88,24.423729345898675
2015-10-01,2015,10,Carrot,156.72,204.9,218.92,55.19,35.21564879042318
2015-11-01,2015,11,Carrot,170.47,210.84,214.47,42.18,24.7433420875567
2015-12-01,2015,12,Carrot,168.44,212.8,231.15,53.54,31.78578022691746
2016-01-01,2016,1,Carrot,157.29,202.3,218.3,53.01,33.70205753572539
2016-02-01,2016,2,Carrot,152.57,197.66,219.54,56.03,36.72410256006911
2016-03-01,2016,3,Carrot,168.38,229.49,210.63,51.68,30.69246306422196
2016-04-01,2016,4,Carrot,185.36,235.39,234.02,49.34,26.618457801867823
2016-05-01,2016,5,Carrot,184.06,238.71,247.79,59.19,32.157974487680924
2016-06-01,2016,6,Carrot,205.75,272.92,259.43,60.43,29.370581107858513
2016-07-01,2016,7,Carrot,186.8,227.44,268.58,61.21,32.76764841132312
2016-08-01,2016,8,Carrot,192.59,236.72,268.4,59.97,31.13867223704645
2016-09-01,2016,9,Carrot,155.87,206.78,210.14,52.59,33.739633194563936
2016-10-01,2016,10,Carrot,146.28,190.44,202.13,50.0,34.180999329368795
2016-11-01,2016,11,Carrot,177.59,230.83,242.83,59.24,33.35771532309515
2016-12-01,2016,12,Carrot,139.1,169.73,201.47,46.5,33.429163602326675
2017-01-01,2017,1,Carrot,148.6,186.17,198.17,43.57,29.32030328377976
2017-02-01,2017,2,Carrot,149.47,200.27,209.67,55.5,37.131172053808754
2017-03-01,2017,3,Carrot,206.49,255.75,274.01,58.39,28.27738472691911
2017-04-01,2017,4,Carrot,149.24,202.34,215.23,59.54,39.89544365086863
2017-05-01,2017,5,Carrot,199.72,279.24,283.95,81.88,40.99737582747054
2017-06-01,2017,6,Carrot,172.84,230.46,250.14,67.46,39.030294474488265
2017-07-01,2017,7,Carrot,221.77,300.63,287.66,72.38,32.63740242710807
2017-08-01,2017,8,Carrot,138.71,176.4,196.77,47.88,34.518034375290625
2017-09-01,2017,9,Carrot,159.92,209.94,216.41,53.26,33.30413125054324
2017-10-01,2017,10,Carrot,200.1,268.96,271.62,70.19,35.07744373940842
2017-11-01,2017,11,Carrot,154.09,189.97,217.71,49.75,32.2863052201277
2017-12-01,2017,12,Carrot,160.55,200.09,207.45,43.22,26.91994586113618
2018-01-01,2018,1,Carrot,232.34,286.65,308.35,65.16,28.045094239005664
2018-02-01,2018,2,Carrot,243.62,294.53,351.07,79.18,32.50142332262404
2018-03-01,2018,3,Carrot,190.93,263.44,256.46,69.02,36.14935518286535
2018-04-01,2018,4,Carrot,214.55,258.92,300.92,65.37,30.468408078113224
2018-05-01,2018,5,Carrot,191.11,246.84,270.49,67.55,35.3461172381784
2018-06-01,2018,6,Carrot,200.07,252.68,276.38,64.46,32.21870734307625
2018-07-01,2018,7,Carrot,215.91,261.09,271.05,50.16,23.23189142147588
2018-08-01,2018,8,Carrot,159.62,210.46,206.84,49.03,30.71668292401771
2018-09-01,2018,9,Carrot,214.99,296.21,299.78,83.0,38.60642885416584
2018-10-01,2018,10,Carrot,234.38,299.41,336.32,83.49,35.621624873442755
2018-11-01,2018,11,Carrot,173.32,238.85,224.91,58.56,33.787194906995786
2018-12-01,2018,12,Carrot,176.55,221.92,228.35,48.58,27.51626875317544
2019-01-01,2019,1,Carrot,196.59,261.0,266.76,67.29,34.22858017774038
2019-02-01,2019,2,Carrot,254.09,325.47,343.56,80.43,31.654125839613588
2019-03-01,2019,3,Carrot,171.7,210.97,232.84,50.21,29.24284843165496
2019-04-01,2019,4,Carrot,240.47,295.08,346.99,80.56,33.50104649185076
2019-05-01,2019,5,Carrot,164.96,222.71,236.82,64.8,39.282226429300174
2019-06-01,2019,6,Carrot,250.19,346.14,357.66,101.71,40.65308739234686
2019-07-01,2019,7,Carrot,164.21,206.32,223.88,50.89,30.990785585052315
2019-08-01,2019,8,Carrot,205.15,250.45,262.53,51.34,25.02557883227939
2019-09-01,2019,9,Carrot,159.04,219.35,223.66,62.46,39.27311413913849
2019-10-01,2019,10,Carrot,218.77,295.99,275.05,66.75,30.51148214495491
2019-11-01,2019,11,Carrot,156.57,198.78,199.56,42.6,27.208260070090013
2019-12-01,2019,12,Carrot,200.01,265.66,285.88,75.76,37.87808715659859
2020-01-01,2020,1,Carrot,271.97,355.1,351.57,81.36,29.91505316209392
2020-02-01,2020,2,Carrot,202.86,282.85,292.77,84.95,41.87615011527649
2020-03-01,2020,3,Carrot,212.47,294.38,283.99,76.72,36.108610105610154
2020-04-01,2020,4,Carrot,188.77,237.09,244.17,51.86,27.47257113282241
2020-05-01,2020,5,Carrot,302.51,403.66,392.77,95.71,31.638613057878068
2020-06-01,2020,6,Carrot,228.13,286.48,301.25,65.74,28.816890011445224
2020-07-01,2020,7,Carrot,162.68,211.47,214.91,50.51,31.048665448324652
2020-08-01,2020,8,Carrot,227.56,278.76,326.33,74.98,32.94953728707274
2020-09-01,2020,9,Carrot,242.88,308.04,318.47,70.38,28.977260796582343
2020-10-01,2020,10,Carrot,190.74,241.26,269.05,64.41,33.76846295037068
2020-11-01,2020,11,Carrot,163.69,227.78,219.3,59.85,36.562993119315095
2020-12-01,2020,12,Carrot,253.64,324.01,324.97,70.85,27.93328026601472
2021-01-01,2021,1,Carrot,237.23,290.39,306.38,61.16,25.780876878608577
2021-02-01,2021,2,Carrot,172.36,208.26,236.17,49.85,28.922006891386115
2021-03-01,2021,3,Carrot,209.89,258.51,302.88,70.81,33.736703160368215
2021-04-01,2021,4,Carrot,194.61,254.23,254.93,59.97,30.81546127359268
2021-05-01,2021,5,Carrot,308.96,428.2,413.94,112.11,36.28623890269326
2021-06-01,2021,6,Carrot,251.61,325.27,362.32,92.18,36.63604918880443
2021-07-01,2021,7,Carrot,181.12,229.21,254.03,60.5,33.40325010862958
2021-08-01,2021,8,Carrot,231.96,298.95,296.01,65.52,28.24623717613503
2021-09-01,2021,9,Carrot,183.73,220.8,253.57,53.46,29.097028739438997
2021-10-01,2021,10,Carrot,161.46,198.57,204.78,40.21,24.90398556671277
2021-11-01,2021,11,Carrot,167.21,227.99,225.52,59.54,35.60789689139591
2021-12-01,2021,12,Carrot,225.49,299.68,316.09,82.39,36.53818948148943
2022-01-01,2022,1,Carrot,191.57,268.13,262.72,73.86,38.55507722760493
2022-02-01,2022,2,Carrot,296.57,365.75,376.14,74.38,25.08007381728637
2022-03-01,2022,3,Carrot,190.67,229.44,248.57,48.34,25.35269032742942
2022-04-01,2022,4,Carrot,251.09,304.47,348.61,75.45,30.04897445180037
2022-05-01,2022,5,Carrot,188.97,241.99,264.47,64.26,34.005379687051025
2022-06-01,2022,6,Carrot,272.1,357.85,350.97,82.31,30.24989700481551
2022-07-01,2022,7,Carrot,228.92,317.0,294.2,76.68,33.496403330244924
2022-08-01,2022,8,Carrot,174.24,226.25,229.6,53.68,30.808063126685532
2022-09-01,2022,9,Carrot,205.08,274.07,289.5,76.7,37.40002077237138
2022-10-01,2022,10,Carrot,319.45,420.87,410.58,96.28,30.13929249043904
2022-11-01,2022,11,Carrot,348.5,424.59,491.32,109.45,31.406016813194604
2022-12-01,2022,12,Carrot,226.55,274.32,327.45,74.33,32.809519836892584
2023-01-01,2023,1,Carrot,264.64,365.44,368.84,102.5,38.731847516683985
2023-02-01,2023,2,Carrot,254.73,307.81,348.88,73.62,28.901178148950596
2023-03-01,2023,3,Carrot,216.6,294.09,272.75,66.82,30.849477908828295
2023-04-01,2023,4,Carrot,213.46,264.11,281.85,59.52,27.88343114240085
2023-05-01,2023,5,Carrot,235.24,316.16,309.41,77.55,32.966318242510525
2023-06-01,2023,6,Carrot,180.19,221.2,253.11,56.96,31.611059653110797
2023-07-01,2023,7,Carrot,290.89,397.74,385.96,100.96,34.70726573369118
2023-08-01,2023,8,Carrot,254.13,350.27,321.24,81.62,32.11740757981837
2023-09-01,2023,9,Carrot,262.75,330.23,352.86,78.8,29.990473838068947
2023-10-01,2023,10,Carrot,299.48,413.59,413.79,114.21,38.136089843699125
2023-11-01,2023,11,Carrot,207.21,286.17,272.14,71.94,34.71838486637475
2023-12-01,2023,12,Carrot,173.41,219.87,230.99,52.02,29.99825269693057
2024-01-01,2024,1,Carrot,297.94,395.96,420.19,110.14,36.96716219132638
2024-02-01,2024,2,Carrot,212.79,279.04,285.88,69.67,32.74118485775419
2024-03-01,2024,3,Carrot,277.27,368.08,358.11,85.83,30.955375282080546
2024-04-01,2024,4,Carrot,322.12,408.05,440.45,102.13,31.70556571912153
2024-05-01,2024,5,Carrot,229.81,285.62,321.62,73.81,32.117822497792744
2024-06-01,2024,6,Carrot,315.59,402.08,454.21,112.56,35.66651805617477
2024-07-01,2024,7,Carrot,246.65,328.87,353.09,94.33,38.24446047254795
2024-08-01,2024,8,Carrot,280.7,369.81,398.47,103.44,36.85071718891443
2024-09-01,2024,9,Carrot,185.26,225.05,250.8,52.67,28.43029880692065
2024-10-01,2024,10,Carrot,226.57,275.15,313.1,67.56,29.81858594757208
2024-11-01,2024,11,Carrot,224.43,314.03,322.3,93.73,41.76356023545861
2024-12-01,2024,12,Carrot,181.11,235.16,254.48,63.71,35.17749700320413
2025-01-01,2025,1,Carrot,330.38,423.26,473.26,117.88,35.68011511589228
2025-02-01,2025,2,Carrot,277.79,377.53,362.32,92.13,33.16532878601505
2025-03-01,2025,3,Carrot,409.91,513.06,588.62,140.93,34.38070933114359
2025-04-01,2025,4,Carrot,252.41,316.45,356.44,84.04,33.29502266351466
2025-05-01,2025,5,Carrot,252.6,351.62,354.47,100.45,39.76641339413563
2025-06-01,2025,6,Carrot,276.2,381.16,367.49,98.13,35.52858959862795
2025-07-01,2025,7,Carrot,359.23,477.49,456.34,107.68,29.975216442052044
2025-08-01,2025,8,Carrot,408.7,562.51,520.95,133.03,32.549539381076734
2000-01-01,2000,1,Green Chilli,65.82,88.91,83.68,20.48,31.115115291529488
2000-02-01,2000,2,Green Chilli,78.2,95.14,101.0,19.87,25.40917466857459
2000-03-01,2000,3,Green Chilli,75.87,106.19,108.23,31.34,41.30744522545772
2000-04-01,2000,4,Green Chilli,81.86,113.24,107.56,28.54,34.864360048424075
2000-05-01,2000,5,Green Chilli,70.1,90.66,93.08,21.77,31.055590505577022
2000-06-01,2000,6,Green Chilli,69.96,85.86,89.13,17.54,25.071433574280196
2000-07-01,2000,7,Green Chilli,66.31,89.86,88.81,23.02,34.715676797350625
2000-08-01,2000,8,Green Chilli,68.88,85.97,88.42,18.32,26.59694164207079
2000-09-01,2000,9,Green Chilli,64.99,84.6,86.71,20.66,31.78945716347567
2000-10-01,2000,10,Green Chilli,64.69,78.15,87.52,18.15,28.056843319147752
2000-11-01,2000,11,Green Chilli,69.99,84.63,96.14,20.4,29.14697935850927
2000-12-01,2000,12,Green Chilli,68.14,90.98,89.42,22.06,32.37447552909373
2001-01-01,2001,1,Green Chilli,85.04,114.64,122.69,33.62,39.53429029363794
2001-02-01,2001,2,Green Chilli,75.71,99.6,103.21,25.7,33.94527282357308
2001-03-01,2001,3,Green Chilli,84.2,117.63,117.04,33.14,39.358623089521274
2001-04-01,2001,4,Green Chilli,86.71,117.43,109.95,26.98,31.11517574077299
2001-05-01,2001,5,Green Chilli,76.39,100.49,103.15,25.43,33.2896540258489
2001-06-01,2001,6,Green Chilli,74.74,97.65,104.32,26.25,35.12170842693548
2001-07-01,2001,7,Green Chilli,79.77,111.03,110.83,31.16,39.06225515575385
2001-08-01,2001,8,Green Chilli,76.84,92.83,98.3,18.72,24.3622795909948
2001-09-01,2001,9,Green Chilli,71.44,95.64,91.56,22.16,31.01899353444354
2001-10-01,2001,10,Green Chilli,70.76,85.55,89.71,16.87,23.8411195009617
2001-11-01,2001,11,Green Chilli,77.44,105.36,109.78,30.13,38.90749108020263
2001-12-01,2001,12,Green Chilli,77.91,96.39,112.86,26.72,34.29593852401678
2002-01-01,2002,1,Green Chilli,80.31,107.99,112.0,29.68,36.95674641172156
2002-02-01,2002,2,Green Chilli,84.84,104.31,116.64,25.64,30.22155796610329
2002-03-01,2002,3,Green Chilli,87.95,120.48,123.66,34.12,38.79472564556493
2002-04-01,2002,4,Green Chilli,89.49,124.12,124.74,34.94,39.04342491515821
2002-05-01,2002,5,Green Chilli,85.76,116.89,121.56,33.46,39.01581271477062
2002-06-01,2002,6,Green Chilli,84.42,102.5,118.77,26.21,31.047108449291105
2002-07-01,2002,7,Green Chilli,84.27,117.72,108.6,28.89,34.28262218746625
2002-08-01,2002,8,Green Chilli,79.28,104.55,107.97,26.98,34.031238608427586
2002-09-01,2002,9,Green Chilli,82.67,112.97,112.52,30.07,36.37348932685457
2002-10-01,2002,10,Green Chilli,70.01,86.24,101.02,23.62,33.737989232982095
2002-11-01,2002,11,Green Chilli,76.63,104.08,96.44,23.63,30.8364467748313
2002-12-01,2002,12,Green Chilli,81.39,98.75,111.72,23.84,29.29103171024486
2003-01-01,2003,1,Green Chilli,95.73,132.93,137.47,39.47,41.23050116943365
2003-02-01,2003,2,Green Chilli,94.8,127.1,122.31,29.9,31.540051118089536
2003-03-01,2003,3,Green Chilli,89.17,112.92,114.31,24.44,27.40829044713419
2003-04-01,2003,4,Green Chilli,93.98,114.45,124.38,25.43,27.058919920280992
2003-05-01,2003,5,Green Chilli,84.96,115.71,116.28,31.04,36.534796922320005
2003-06-01,2003,6,Green Chilli,84.67,115.36,118.82,32.42,38.28978588663531
2003-07-01,2003,7,Green Chilli,83.98,113.11,109.73,27.44,32.67440738936963
2003-08-01,2003,8,Green Chilli,76.57,93.4,98.92,19.59,25.58439913229838
2003-09-01,2003,9,Green Chilli,82.05,99.55,112.83,24.14,29.421048846984952
2003-10-01,2003,10,Green Chilli,91.32,121.22,126.96,32.77,35.88476140521091
2003-11-01,2003,11,Green Chilli,81.48,112.84,110.83,30.35,37.24835880171968
2003-12-01,2003,12,Green Chilli,91.4,121.71,132.07,35.49,38.829279180219714
2004-01-01,2004,1,Green Chilli,84.91,116.76,113.08,30.01,35.34326305115646
2004-02-01,2004,2,Green Chilli,87.0,118.56,112.0,28.28,32.505709763552
2004-03-01,2004,3,Green Chilli,97.65,120.01,137.74,31.22,31.97129342417468
2004-04-01,2004,4,Green Chilli,104.59,142.14,137.98,35.47,33.91334361473982
2004-05-01,2004,5,Green Chilli,99.79,121.42,136.73,29.28,29.34158799319772
2004-06-01,2004,6,Green Chilli,84.95,109.05,116.14,27.64,32.536748043851624
2004-07-01,2004,7,Green Chilli,101.23,125.18,128.74,25.73,25.417341284855
2004-08-01,2004,8,Green Chilli,84.14,102.41,119.52,26.82,31.8754078019874
2004-09-01,2004,9,Green Chilli,91.39,115.95,130.99,32.08,35.102270377207155
2004-10-01,2004,10,Green Chilli,81.25,105.64,115.71,29.42,36.20918620407852
2004-11-01,2004,11,Green Chilli,76.01,94.54,102.28,22.4,29.46976783348528
2004-12-01,2004,12,Green Chilli,96.48,121.63,122.32,25.49,26.41995603238388
2005-01-01,2005,1,Green Chilli,87.67,117.2,111.37,26.62,30.36382985761394
2005-02-01,2005,2,Green Chilli,96.26,132.42,138.84,39.37,40.899604301262926
2005-03-01,2005,3,Green Chilli,94.1,113.02,122.57,23.7,25.18594560473368
2005-04-01,2005,4,Green Chilli,97.03,126.27,129.1,30.65,31.588136052626965
2005-05-01,2005,5,Green Chilli,109.41,134.53,151.26,33.48,30.600465587729104
2005-06-01,2005,6,Green Chilli,92.83,124.17,126.38,32.44,34.94556183823996
2005-07-01,2005,7,Green Chilli,102.07,135.81,139.81,35.74,35.01515135186504
2005-08-01,2005,8,Green Chilli,95.13,124.81,135.02,34.79,36.57096965103579
2005-09-01,2005,9,Green Chilli,92.48,117.2,119.48,25.86,27.96277253160409
2005-10-01,2005,10,Green Chilli,84.8,114.3,117.38,31.04,36.603730420129224
2005-11-01,2005,11,Green Chilli,95.46,130.71,127.87,33.83,35.43889017505743
2005-12-01,2005,12,Green Chilli,98.12,129.55,125.01,29.16,29.71868149339432
2006-01-01,2006,1,Green Chilli,101.82,142.42,138.69,38.74,38.04749749803821
2006-02-01,2006,2,Green Chilli,106.65,148.81,142.66,39.08,36.6431911456248
2006-03-01,2006,3,Green Chilli,103.14,141.36,133.4,34.24,33.19756331436561
2006-04-01,2006,4,Green Chilli,88.79,109.76,121.02,26.6,29.95829489999448
2006-05-01,2006,5,Green Chilli,105.02,127.7,145.06,31.36,29.860950427584815
2006-06-01,2006,6,Green Chilli,103.84,144.46,143.07,39.92,38.44372260812538
2006-07-01,2006,7,Green Chilli,100.45,137.34,142.09,39.26,39.08408254446735
2006-08-01,2006,8,Green Chilli,91.73,112.82,118.65,24.0,26.16371289249657
2006-09-01,2006,9,Green Chilli,99.03,127.25,134.36,31.78,32.091253063462524
2006-10-01,2006,10,Green Chilli,85.11,115.25,111.06,28.04,32.94556110261884
2006-11-01,2006,11,Green Chilli,95.36,114.46,126.95,25.34,26.57295871124296
2006-12-01,2006,12,Green Chilli,106.09,130.98,141.89,30.34,28.59833292644648
2007-01-01,2007,1,Green Chilli,103.57,126.9,139.63,29.7,28.67622991577685
2007-02-01,2007,2,Green Chilli,127.14,155.18,168.44,34.67,27.26913066766504
2007-03-01,2007,3,Green Chilli,125.06,157.22,163.57,35.33,28.25041719941052
2007-04-01,2007,4,Green Chilli,103.45,124.73,143.43,30.63,29.608477903839624
2007-05-01,2007,5,Green Chilli,121.52,164.07,160.9,40.96,33.70635804282584
2007-06-01,2007,6,Green Chilli,118.51,165.37,161.99,45.17,38.114894848624715
2007-07-01,2007,7,Green Chilli,111.92,148.91,147.27,36.17,32.3176980721068
2007-08-01,2007,8,Green Chilli,113.78,148.88,161.41,41.36,36.350820574072266
2007-09-01,2007,9,Green Chilli,99.88,127.14,126.49,26.94,26.972339835462723
2007-10-01,2007,10,Green Chilli,128.93,156.9,167.39,33.21,25.75814336605649
2007-11-01,2007,11,Green Chilli,117.3,157.97,166.25,44.81,38.20116095382698
2007-12-01,2007,12,Green Chilli,108.34,142.21,146.5,36.02,33.24715410083616
2008-01-01,2008,1,Green Chilli,121.35,162.3,172.68,46.14,38.022218358287304
2008-02-01,2008,2,Green Chilli,107.32,144.94,150.65,40.48,37.71893615455073
2008-03-01,2008,3,Green Chilli,100.05,139.23,138.02,38.58,38.560681098769514
2008-04-01,2008,4,Green Chilli,114.35,158.9,160.44,45.32,39.63267194344387
2008-05-01,2008,5,Green Chilli,115.28,145.78,162.3,38.76,33.62245521993822
2008-06-01,2008,6,Green Chilli,122.46,166.18,164.13,42.7,34.86850002572267
2008-07-01,2008,7,Green Chilli,116.87,147.35,164.27,38.94,33.31904396419614
2008-08-01,2008,8,Green Chilli,99.76,130.64,136.13,33.62,33.70084833515604
2008-09-01,2008,9,Green Chilli,102.29,132.86,142.63,35.46,34.666111383213035
2008-10-01,2008,10,Green Chilli,114.13,157.27,153.1,41.06,35.976486483407975
2008-11-01,2008,11,Green Chilli,113.27,146.88,144.99,32.67,28.84256304179126
2008-12-01,2008,12,Green Chilli,109.58,136.84,147.07,32.38,29.54916084216021
2009-01-01,2009,1,Green Chilli,131.4,183.08,184.93,52.6,40.030410935760315
2009-02-01,2009,2,Green Chilli,111.21,153.69,155.25,43.26,38.899344573919095
2009-03-01,2009,3,Green Chilli,152.76,213.38,209.49,58.68,38.41317202594133
2009-04-01,2009,4,Green Chilli,124.1,154.67,155.58,31.03,25.004008860589156
2009-05-01,2009,5,Green Chilli,138.56,170.35,194.8,44.02,31.769607556576535
2009-06-01,2009,6,Green Chilli,140.51,184.54,199.8,51.66,36.766040305999354
2009-07-01,2009,7,Green Chilli,111.05,145.84,139.84,31.79,28.626718931365215
2009-08-01,2009,8,Green Chilli,129.38,165.79,183.01,45.02,34.796695937010405
2009-09-01,2009,9,Green Chilli,118.46,154.34,153.22,35.32,29.815946466362934
2009-10-01,2009,10,Green Chilli,109.77,146.8,150.65,38.96,35.492360852363255
2009-11-01,2009,11,Green Chilli,138.02,165.91,175.6,32.73,23.713937317825444
2009-12-01,2009,12,Green Chilli,122.7,151.65,173.61,39.93,32.542760763846154
2010-01-01,2010,1,Green Chilli,117.12,149.29,158.81,36.93,31.531735372493703
2010-02-01,2010,2,Green Chilli,137.04,172.6,196.22,47.37,34.56652468875898
2010-03-01,2010,3,Green Chilli,130.66,178.0,187.98,52.33,40.050482128821265
2010-04-01,2010,4,Green Chilli,146.22,188.25,189.71,42.76,29.243585526203304
2010-05-01,2010,5,Green Chilli,125.01,168.95,159.63,39.28,31.421461145939407
2010-06-01,2010,6,Green Chilli,147.47,194.46,203.43,51.48,34.90877133737618
2010-07-01,2010,7,Green Chilli,145.82,202.06,203.25,56.84,38.97953711456788
2010-08-01,2010,8,Green Chilli,143.95,184.95,191.54,44.3,30.774553126395883
2010-09-01,2010,9,Green Chilli,132.09,170.16,185.9,45.94,34.779290802263
2010-10-01,2010,10,Green Chilli,120.25,144.65,166.46,35.31,29.36380094486408
2010-11-01,2010,11,Green Chilli,113.05,145.39,146.15,32.72,28.94291999741707
2010-12-01,2010,12,Green Chilli,150.97,205.71,211.62,57.7,38.219488494741675
2011-01-01,2011,1,Green Chilli,130.82,179.18,164.85,41.2,31.493631330353672
2011-02-01,2011,2,Green Chilli,146.93,180.09,190.53,38.38,26.12126446521169
2011-03-01,2011,3,Green Chilli,150.25,195.64,210.37,52.76,35.11478528134091
2011-04-01,2011,4,Green Chilli,157.58,191.43,208.14,42.2,26.78003123490847
2011-05-01,2011,5,Green Chilli,128.98,157.69,177.91,38.82,30.09766622913147
2011-06-01,2011,6,Green Chilli,128.76,166.58,176.8,42.93,33.34107382644157
2011-07-01,2011,7,Green Chilli,128.81,167.58,167.47,38.72,30.05975463104213
2011-08-01,2011,8,Green Chilli,152.49,199.12,210.35,52.24,34.257961664396575
2011-09-01,2011,9,Green Chilli,146.16,195.2,208.28,55.58,38.02679390613443
2011-10-01,2011,10,Green Chilli,121.65,147.57,154.27,29.27,24.060810472001258
2011-11-01,2011,11,Green Chilli,135.27,181.0,178.12,44.29,32.741899355437745
2011-12-01,2011,12,Green Chilli,131.84,163.26,183.35,41.46,31.44718488532699
2012-01-01,2012,1,Green Chilli,124.21,157.67,160.58,34.92,28.11365581381868
2012-02-01,2012,2,Green Chilli,162.9,214.73,218.67,53.8,33.02637628828957
2012-03-01,2012,3,Green Chilli,145.89,178.88,188.14,37.62,25.786533836086207
2012-04-01,2012,4,Green Chilli,146.28,181.01,198.5,43.47,29.716960816953225
2012-05-01,2012,5,Green Chilli,167.79,201.35,226.68,46.23,27.552281094057395
2012-06-01,2012,6,Green Chilli,133.88,180.92,192.33,52.74,39.3934572800588
2012-07-01,2012,7,Green Chilli,133.75,182.94,167.48,41.46,30.99810766496623
2012-08-01,2012,8,Green Chilli,151.14,184.62,192.49,37.42,24.75848566991818
2012-09-01,2012,9,Green Chilli,150.42,185.53,216.36,50.53,33.59258503351614
2012-10-01,2012,10,Green Chilli,138.98,180.27,191.92,47.12,33.90413447680639
2012-11-01,2012,11,Green Chilli,162.93,224.84,208.69,53.83,33.038708010367635
2012-12-01,2012,12,Green Chilli,115.82,161.98,154.37,42.36,36.573962550541744
2013-01-01,2013,1,Green Chilli,134.66,177.21,172.54,40.22,29.867793058225857
2013-02-01,2013,2,Green Chilli,154.07,213.37,198.51,51.87,33.66649336892752
2013-03-01,2013,3,Green Chilli,132.97,167.26,179.91,40.61,30.54070050334624
2013-04-01,2013,4,Green Chilli,153.75,200.64,202.32,47.73,31.04388224788146
2013-05-01,2013,5,Green Chilli,162.09,195.82,206.6,39.12,24.1347250695755
2013-06-01,2013,6,Green Chilli,178.36,243.4,245.32,66.0,37.003791767329126
2013-07-01,2013,7,Green Chilli,181.28,239.83,233.69,55.48,30.60457270268496
2013-08-01,2013,8,Green Chilli,168.64,207.92,212.91,41.78,24.774653240836553
2013-09-01,2013,9,Green Chilli,181.87,239.79,228.29,52.17,28.685308910040735
2013-10-01,2013,10,Green Chilli,180.69,230.13,254.68,61.72,34.15793117608546
2013-11-01,2013,11,Green Chilli,156.84,202.93,206.38,47.82,30.489651562323665
2013-12-01,2013,12,Green Chilli,132.37,173.32,189.51,49.04,37.047641423554104
2014-01-01,2014,1,Green Chilli,177.14,238.05,227.38,55.58,31.37629480845952
2014-02-01,2014,2,Green Chilli,200.42,250.92,278.53,64.3,32.08261047669371
2014-03-01,2014,3,Green Chilli,155.1,210.7,197.01,48.76,31.437761806729977
2014-04-01,2014,4,Green Chilli,190.1,257.76,260.53,69.04,36.31770840730752
2014-05-01,2014,5,Green Chilli,190.26,233.35,271.73,62.28,32.73413605900554
2014-06-01,2014,6,Green Chilli,161.35,218.79,202.59,49.34,30.5794666380746
2014-07-01,2014,7,Green Chilli,200.07,240.61,257.62,49.05,24.516406999346728
2014-08-01,2014,8,Green Chilli,199.36,264.81,254.39,60.24,30.216678262099585
2014-09-01,2014,9,Green Chilli,151.08,206.94,199.0,51.89,34.34601909847822
2014-10-01,2014,10,Green Chilli,138.2,176.29,181.94,40.92,29.609240514297753
2014-11-01,2014,11,Green Chilli,176.95,214.87,224.26,42.62,24.08588636005292
2014-12-01,2014,12,Green Chilli,140.65,169.54,190.24,39.24,27.899020334859344
2015-01-01,2015,1,Green Chilli,169.66,216.87,236.32,56.94,33.56122034585621
2015-02-01,2015,2,Green Chilli,205.36,260.49,280.46,65.11,31.705282574365707
2015-03-01,2015,3,Green Chilli,188.09,236.48,258.47,59.39,31.57529290483657
2015-04-01,2015,4,Green Chilli,238.62,321.84,336.08,90.34,37.85934210906793
2015-05-01,2015,5,Green Chilli,201.25,249.94,286.65,67.04,33.31178468979643
2015-06-01,2015,6,Green Chilli,242.76,321.28,342.63,89.2,36.74409427249371
2015-07-01,2015,7,Green Chilli,191.48,259.68,251.49,64.11,33.48128604486837
2015-08-01,2015,8,Green Chilli,193.64,259.33,248.79,60.42,31.20221483050257
2015-09-01,2015,9,Green Chilli,167.5,212.97,220.44,49.2,29.37311679216908
2015-10-01,2015,10,Green Chilli,161.34,210.65,203.57,45.77,28.368644868820585
2015-11-01,2015,11,Green Chilli,178.78,229.1,241.59,56.56,31.636630698830576
2015-12-01,2015,12,Green Chilli,185.59,227.69,247.03,51.77,27.894806888945045
2016-01-01,2016,1,Green Chilli,215.91,291.22,271.52,65.46,30.318174091902133
2016-02-01,2016,2,Green Chilli,181.77,226.4,247.13,54.99,30.25250027369738
2016-03-01,2016,3,Green Chilli,193.57,257.53,254.99,62.69,32.38620014144746
2016-04-01,2016,4,Green Chilli,155.08,194.07,204.9,44.4,28.630365856096297
2016-05-01,2016,5,Green Chilli,172.08,209.88,223.93,44.82,26.046009968613458
2016-06-01,2016,6,Green Chilli,153.18,205.99,209.62,54.62,35.65737324887501
2016-07-01,2016,7,Green Chilli,204.77,278.14,295.97,82.28,40.18164761359202
2016-08-01,2016,8,Green Chilli,243.76,294.38,330.2,68.53,28.113706878197046
2016-09-01,2016,9,Green Chilli,202.07,278.15,264.22,69.12,34.2059513010584
2016-10-01,2016,10,Green Chilli,179.19,231.16,244.5,58.64,32.72502219709683
2016-11-01,2016,11,Green Chilli,225.74,277.24,303.5,64.63,28.630269943178018
2016-12-01,2016,12,Green Chilli,239.29,290.3,332.15,71.94,30.0639265895246
2017-01-01,2017,1,Green Chilli,247.4,309.76,343.52,79.24,32.02908972146737
2017-02-01,2017,2,Green Chilli,189.83,240.99,258.05,59.69,31.44390694626405
2017-03-01,2017,3,Green Chilli,210.73,256.62,304.54,69.85,33.146664857084964
2017-04-01,2017,4,Green Chilli,253.55,326.71,354.97,87.29,34.4271211093981
2017-05-01,2017,5,Green Chilli,219.0,303.9,283.29,74.6,34.06391138634183
2017-06-01,2017,6,Green Chilli,201.66,257.02,279.96,66.83,33.13992207680151
2017-07-01,2017,7,Green Chilli,217.47,273.55,273.18,55.9,25.704683080570614
2017-08-01,2017,8,Green Chilli,220.61,278.97,290.5,64.12,29.064852425160954
2017-09-01,2017,9,Green Chilli,203.11,263.18,272.81,64.88,31.943266238360373
2017-10-01,2017,10,Green Chilli,200.7,254.36,286.93,69.95,34.85299708370848
2017-11-01,2017,11,Green Chilli,200.88,246.27,268.11,56.31,28.03164673852711
2017-12-01,2017,12,Green Chilli,167.18,210.66,214.2,45.25,27.066618574818413
2018-01-01,2018,1,Green Chilli,285.89,350.7,383.36,81.14,28.38153542217797
2018-02-01,2018,2,Green Chilli,205.12,280.5,295.56,82.91,40.42022210402588
2018-03-01,2018,3,Green Chilli,184.64,235.94,234.87,50.77,27.496735541196095
2018-04-01,2018,4,Green Chilli,218.88,288.48,277.67,64.2,29.331126950325775
2018-05-01,2018,5,Green Chilli,174.45,243.49,241.93,68.26,39.12866773937075
2018-06-01,2018,6,Green Chilli,189.64,251.33,269.17,70.61,37.23368633532676
2018-07-01,2018,7,Green Chilli,220.49,301.3,304.6,82.46,37.39850451335457
2018-08-01,2018,8,Green Chilli,244.45,341.35,341.48,96.97,39.6686276667508
2018-09-01,2018,9,Green Chilli,186.68,231.86,245.79,52.14,27.93013288507988
2018-10-01,2018,10,Green Chilli,203.42,271.29,286.21,75.33,37.03173875148031
2018-11-01,2018,11,Green Chilli,188.79,251.12,236.38,54.96,29.11169600524604
2018-12-01,2018,12,Green Chilli,279.99,369.81,397.23,103.53,36.97630737658225
2019-01-01,2019,1,Green Chilli,159.31,209.65,216.44,53.74,33.732952273584665
2019-02-01,2019,2,Green Chilli,229.97,299.92,329.79,84.89,36.91349440644675
2019-03-01,2019,3,Green Chilli,246.91,322.22,311.55,69.98,28.342299484711237
2019-04-01,2019,4,Green Chilli,266.61,365.43,374.83,103.52,38.82823643965476
2019-05-01,2019,5,Green Chilli,320.01,399.65,429.36,94.5,29.53031794933973
2019-06-01,2019,6,Green Chilli,245.95,309.32,339.77,78.6,31.957701989143324
2019-07-01,2019,7,Green Chilli,273.46,359.64,342.02,77.37,28.292975830843336
2019-08-01,2019,8,Green Chilli,217.21,268.85,279.7,57.06,26.26949667625953
2019-09-01,2019,9,Green Chilli,270.61,375.96,384.73,109.73,40.54911475957475
2019-10-01,2019,10,Green Chilli,271.73,368.69,358.49,91.86,33.80560342781311
2019-11-01,2019,11,Green Chilli,188.42,256.62,249.22,64.5,34.2320166479054
2019-12-01,2019,12,Green Chilli,257.99,344.28,369.53,98.91,38.33868043773773
2020-01-01,2020,1,Green Chilli,256.44,308.43,368.34,81.94,31.95288100417993
2020-02-01,2020,2,Green Chilli,217.68,261.56,313.93,70.06,32.1848437225084
2020-03-01,2020,3,Green Chilli,311.36,405.82,422.57,102.83,33.02606852965425
2020-04-01,2020,4,Green Chilli,205.02,278.83,266.52,67.65,32.99676470746039
2020-05-01,2020,5,Green Chilli,320.38,397.29,419.0,87.77,27.39558418266303
2020-06-01,2020,6,Green Chilli,224.95,308.69,288.44,73.62,32.72725817859161
2020-07-01,2020,7,Green Chilli,212.57,290.85,299.14,82.43,38.77779612466664
2020-08-01,2020,8,Green Chilli,220.84,294.16,301.95,77.22,34.96647574421493
2020-09-01,2020,9,Green Chilli,188.29,248.78,259.55,65.88,34.988562861244425
2020-10-01,2020,10,Green Chilli,229.92,312.94,296.43,74.77,32.51999281489526
2020-11-01,2020,11,Green Chilli,219.7,305.14,275.92,70.83,32.239402713062034
2020-12-01,2020,12,Green Chilli,331.89,450.94,466.92,127.04,38.27773109231038
2021-01-01,2021,1,Green Chilli,221.95,310.27,289.04,77.71,35.012374403075285
2021-02-01,2021,2,Green Chilli,316.64,399.6,405.61,85.97,27.15069885336697
2021-03-01,2021,3,Green Chilli,186.33,250.61,239.19,58.57,31.433461367755395
2021-04-01,2021,4,Green Chilli,393.98,510.63,510.28,116.47,29.562406832223253
2021-05-01,2021,5,Green Chilli,216.64,265.28,312.75,72.38,33.41025045686371
2021-06-01,2021,6,Green Chilli,291.51,350.59,376.54,72.06,24.71955517150178
2021-07-01,2021,7,Green Chilli,345.53,456.05,467.88,116.44,33.69894547537248
2021-08-01,2021,8,Green Chilli,239.34,315.68,316.21,76.6,32.00466616333827
2021-09-01,2021,9,Green Chilli,311.09,391.72,433.24,101.39,32.591843970605304
2021-10-01,2021,10,Green Chilli,313.1,390.37,406.13,85.15,27.195775408567425
2021-11-01,2021,11,Green Chilli,212.12,262.29,292.92,65.49,30.87401901092824
2021-12-01,2021,12,Green Chilli,265.29,342.43,355.75,83.8,31.588061522084693
2022-01-01,2022,1,Green Chilli,240.17,297.98,324.09,70.87,29.508252692570807
2022-02-01,2022,2,Green Chilli,325.01,425.9,437.35,106.62,32.80513436351671
2022-03-01,2022,3,Green Chilli,301.98,393.79,435.5,112.66,37.307094076728895
2022-04-01,2022,4,Green Chilli,318.74,386.72,450.82,100.03,31.382935501369296
2022-05-01,2022,5,Green Chilli,270.17,339.99,343.13,71.39,26.42409356179681
2022-06-01,2022,6,Green Chilli,244.92,295.14,316.63,60.96,24.889749759207188
2022-07-01,2022,7,Green Chilli,357.43,447.79,486.15,109.54,30.64655159148601
2022-08-01,2022,8,Green Chilli,246.69,338.84,356.73,101.1,40.98259314013817
2022-09-01,2022,9,Green Chilli,243.14,332.49,328.44,87.33,35.91756357754233
2022-10-01,2022,10,Green Chilli,278.59,335.58,397.84,88.12,31.630700444847115
2022-11-01,2022,11,Green Chilli,187.48,239.69,251.39,58.06,30.96862013621713
2022-12-01,2022,12,Green Chilli,253.11,328.84,349.59,86.1,34.01681718746111
2023-01-01,2023,1,Green Chilli,254.27,337.06,343.29,85.9,33.78297330279887
2023-02-01,2023,2,Green Chilli,353.36,459.04,462.71,107.51,30.425053649237704
2023-03-01,2023,3,Green Chilli,280.83,338.21,385.95,81.25,28.932083847137473
2023-04-01,2023,4,Green Chilli,428.26,546.26,594.04,141.89,33.13173466311711
2023-05-01,2023,5,Green Chilli,245.57,311.67,320.23,70.38,28.65984091711491
2023-06-01,2023,6,Green Chilli,275.19,373.75,369.07,96.22,34.964920613059846
2023-07-01,2023,7,Green Chilli,244.68,299.62,325.33,67.79,27.705563304903013
2023-08-01,2023,8,Green Chilli,296.61,410.7,383.47,100.48,33.87612222240578
2023-09-01,2023,9,Green Chilli,317.32,394.78,447.41,103.78,32.70514537213369
2023-10-01,2023,10,Green Chilli,259.03,345.27,373.6,100.41,38.76383478213536
2023-11-01,2023,11,Green Chilli,313.23,389.26,451.88,107.34,34.268737263755945
2023-12-01,2023,12,Green Chilli,249.94,348.1,333.21,90.72,36.296696688526566
2024-01-01,2024,1,Green Chilli,315.42,423.09,456.69,124.47,39.461657643251016
2024-02-01,2024,2,Green Chilli,462.31,601.65,599.37,138.2,29.89335513111221
2024-03-01,2024,3,Green Chilli,239.98,310.53,316.83,73.7,30.71087977711485
2024-04-01,2024,4,Green Chilli,267.75,369.71,373.18,103.7,38.73014426511886
2024-05-01,2024,5,Green Chilli,240.28,331.74,313.24,82.21,34.214235802299065
2024-06-01,2024,6,Green Chilli,278.61,382.12,396.59,110.74,39.74730277186649
2024-07-01,2024,7,Green Chilli,255.97,312.71,358.32,79.54,31.07394183930076
2024-08-01,2024,8,Green Chilli,308.01,394.13,425.55,101.83,33.060604181486255
2024-09-01,2024,9,Green Chilli,304.11,419.66,404.89,108.16,35.56606636872633
2024-10-01,2024,10,Green Chilli,390.74,513.7,535.7,133.96,34.28365811443464
2024-11-01,2024,11,Green Chilli,335.75,416.66,467.98,106.57,31.74086917621171
2024-12-01,2024,12,Green Chilli,339.65,448.11,485.82,127.32,37.48563595299987
2025-01-01,2025,1,Green Chilli,388.71,526.23,536.63,142.72,36.71630863206282
2025-02-01,2025,2,Green Chilli,363.04,445.86,478.53,99.15,27.311032582902
2025-03-01,2025,3,Green Chilli,266.35,351.19,336.82,77.65,29.153358680924097
2025-04-01,2025,4,Green Chilli,453.73,604.77,569.83,133.57,29.438205664556964
2025-05-01,2025,5,Green Chilli,349.31,434.61,478.24,107.12,30.66616167124856
2025-06-01,2025,6,Green Chilli,343.79,437.87,457.43,103.86,30.210294013701965
2025-07-01,2025,7,Green Chilli,377.56,502.93,527.72,137.77,36.48955490794711
2025-08-01,2025,8,Green Chilli,222.39,287.54,282.33,62.55,28.12625202290929
2000-01-01,2000,1,Lime,83.0,107.15,111.53,26.34,31.734901524215033
2000-02-01,2000,2,Lime,81.05,106.63,101.65,23.09,28.488552142440295
2000-03-01,2000,3,Lime,74.42,92.6,98.47,21.11,28.36599252083778
2000-04-01,2000,4,Lime,92.54,124.27,127.37,33.28,35.96278802378644
2000-05-01,2000,5,Lime,86.74,108.95,122.89,29.18,33.6407267227038
2000-06-01,2000,6,Lime,85.14,115.39,111.56,28.34,33.28631279502843
2000-07-01,2000,7,Lime,77.39,103.84,102.65,25.86,33.41512674101726
2000-08-01,2000,8,Lime,74.65,90.25,105.41,23.18,31.051532415897633
2000-09-01,2000,9,Lime,77.46,94.3,98.67,19.03,24.567487002986056
2000-10-01,2000,10,Lime,79.68,109.56,109.97,30.08,37.75095663785562
2000-11-01,2000,11,Lime,74.19,94.35,98.87,22.42,30.219665427058327
2000-12-01,2000,12,Lime,85.7,109.9,109.13,23.82,27.79460000630104
2001-01-01,2001,1,Lime,89.98,108.67,125.27,26.99,29.995521231916833
2001-02-01,2001,2,Lime,82.0,98.66,115.6,25.13,30.646304089873063
2001-03-01,2001,3,Lime,99.93,139.77,135.89,37.9,37.92651063093101
2001-04-01,2001,4,Lime,90.83,122.39,123.42,32.08,35.31868840835802
2001-05-01,2001,5,Lime,89.8,122.06,116.06,29.26,32.58348264645585
2001-06-01,2001,6,Lime,82.02,104.75,111.33,26.02,31.723931085185217
2001-07-01,2001,7,Lime,92.79,128.07,134.21,38.35,41.32984014458439
2001-08-01,2001,8,Lime,87.27,121.72,124.76,35.97,41.2168657993975
2001-09-01,2001,9,Lime,79.2,105.57,103.07,25.12,31.717131670288296
2001-10-01,2001,10,Lime,72.52,100.46,97.45,26.44,36.4588576132686
2001-11-01,2001,11,Lime,77.81,98.33,109.85,26.28,33.77453569652269
2001-12-01,2001,12,Lime,81.44,109.35,103.4,24.94,30.62373449934369
2002-01-01,2002,1,Lime,89.39,111.52,115.1,23.92,26.759115383023403
2002-02-01,2002,2,Lime,97.72,125.66,126.47,28.34,29.001198320509292
2002-03-01,2002,3,Lime,87.93,110.63,126.16,30.46,34.64115246087517
2002-04-01,2002,4,Lime,86.74,114.5,116.46,28.74,33.13346422242999
2002-05-01,2002,5,Lime,87.38,118.37,118.64,31.13,35.6259606020135
2002-06-01,2002,6,Lime,96.29,125.49,135.55,34.23,35.548825891758334
2002-07-01,2002,7,Lime,82.52,104.97,119.43,29.68,35.966994707956005
2002-08-01,2002,8,Lime,84.62,102.9,120.17,26.92,31.8127726154897
2002-09-01,2002,9,Lime,95.81,115.84,135.03,29.62,30.915321036091186
2002-10-01,2002,10,Lime,97.34,123.24,139.69,34.12,35.052357661436545
2002-11-01,2002,11,Lime,88.99,114.15,119.74,27.96,31.419225284610313
2002-12-01,2002,12,Lime,89.46,108.8,126.29,28.09,31.39947306117476
2003-01-01,2003,1,Lime,97.21,130.98,129.71,33.14,34.091107816986096
2003-02-01,2003,2,Lime,87.26,109.61,112.85,23.97,27.469599507678765
2003-03-01,2003,3,Lime,108.69,149.74,152.85,42.6,39.194002029623675
2003-04-01,2003,4,Lime,108.13,134.78,140.41,29.47,27.254205813182452
2003-05-01,2003,5,Lime,101.55,125.15,134.72,28.39,27.95664406041944
2003-06-01,2003,6,Lime,88.78,116.74,114.3,26.74,30.119362334577225
2003-07-01,2003,7,Lime,99.91,122.91,144.1,33.6,33.63023357998841
2003-08-01,2003,8,Lime,100.55,137.94,139.78,38.31,38.100409646534416
2003-09-01,2003,9,Lime,93.95,124.25,123.49,29.92,31.84669308494616
2003-10-01,2003,10,Lime,78.99,105.01,102.86,24.95,31.586236756251733
2003-11-01,2003,11,Lime,88.54,117.11,111.28,25.65,28.96992436195576
2003-12-01,2003,12,Lime,99.88,137.26,133.66,35.58,35.62271163124586
2004-01-01,2004,1,Lime,96.38,131.34,136.56,37.57,38.9810759690019
2004-02-01,2004,2,Lime,109.78,150.29,158.7,44.71,40.72687126355323
2004-03-01,2004,3,Lime,107.84,131.0,155.24,35.28,32.715103194451785
2004-04-01,2004,4,Lime,106.05,137.94,148.09,36.97,34.86088179077625
2004-05-01,2004,5,Lime,108.41,137.61,142.62,31.71,29.25004220086505
2004-06-01,2004,6,Lime,105.72,135.89,135.2,29.82,28.206556747486992
2004-07-01,2004,7,Lime,109.77,137.08,148.44,32.99,30.0537213685694
2004-08-01,2004,8,Lime,107.04,146.3,147.82,40.02,37.38785744781629
2004-09-01,2004,9,Lime,104.67,141.62,149.14,40.71,38.893628648487
2004-10-01,2004,10,Lime,101.93,123.19,139.89,29.61,29.049319092201415
2004-11-01,2004,11,Lime,95.23,117.0,128.44,27.49,28.866923378217596
2004-12-01,2004,12,Lime,96.09,128.97,131.52,34.16,35.54996820692246
2005-01-01,2005,1,Lime,125.73,164.08,168.01,40.32,32.0686931768924
2005-02-01,2005,2,Lime,111.45,138.89,151.29,33.64,30.183911903174604
2005-03-01,2005,3,Lime,114.43,159.28,151.39,40.9,35.74234401612862
2005-04-01,2005,4,Lime,101.59,136.08,139.35,36.12,35.55464558062252
2005-05-01,2005,5,Lime,119.83,155.91,173.21,44.73,37.32785001431193
2005-06-01,2005,6,Lime,105.16,141.33,133.34,32.18,30.60095986976049
2005-07-01,2005,7,Lime,108.97,136.51,143.45,31.01,28.457347474215407
2005-08-01,2005,8,Lime,92.84,121.06,133.25,34.32,36.966784826815136
2005-09-01,2005,9,Lime,111.44,147.45,140.0,32.28,28.9662338781103
2005-10-01,2005,10,Lime,121.1,161.25,171.96,45.51,37.58048094097362
2005-11-01,2005,11,Lime,105.65,143.4,145.48,38.79,36.71553552717886
2005-12-01,2005,12,Lime,117.23,161.4,152.18,39.56,33.74559946634866
2006-01-01,2006,1,Lime,114.25,159.02,157.05,43.79,38.32819402346256
2006-02-01,2006,2,Lime,125.7,155.21,169.52,36.67,29.17261004565629
2006-03-01,2006,3,Lime,109.4,133.02,157.72,35.97,32.879311810501086
2006-04-01,2006,4,Lime,116.59,146.52,152.25,32.8,28.132748835450005
2006-05-01,2006,5,Lime,129.97,170.88,163.2,37.07,28.521944662657027
2006-06-01,2006,6,Lime,127.93,171.9,171.1,43.57,34.057661175907775
2006-07-01,2006,7,Lime,120.29,165.41,163.07,43.95,36.536672594004
2006-08-01,2006,8,Lime,112.88,136.77,145.14,28.08,24.87595244866013
2006-09-01,2006,9,Lime,105.43,128.47,141.08,29.34,27.82886481185164
2006-10-01,2006,10,Lime,125.18,159.91,157.94,33.74,26.95316587860211
2006-11-01,2006,11,Lime,111.94,154.57,142.44,36.56,32.66032458430893
2006-12-01,2006,12,Lime,120.67,168.43,161.45,44.27,36.68680145288684
2007-01-01,2007,1,Lime,143.16,191.53,200.49,52.85,36.9167107315516
2007-02-01,2007,2,Lime,136.53,188.15,183.91,49.5,36.255741407938615
2007-03-01,2007,3,Lime,123.87,172.1,158.7,41.53,33.52705778069122
2007-04-01,2007,4,Lime,116.82,147.8,146.54,30.35,25.980118147476333
2007-05-01,2007,5,Lime,125.47,164.74,164.03,38.92,31.01934245688814
2007-06-01,2007,6,Lime,139.43,167.58,192.92,40.82,29.27631838462427
2007-07-01,2007,7,Lime,144.08,172.97,188.85,36.83,25.56216993186429
2007-08-01,2007,8,Lime,119.41,163.38,154.59,39.58,33.146274896344615
2007-09-01,2007,9,Lime,105.96,133.23,143.43,32.37,30.54923504224703
2007-10-01,2007,10,Lime,117.68,142.38,166.26,36.64,31.13525566344692
2007-11-01,2007,11,Lime,127.27,160.79,164.14,35.19,27.64985648632318
2007-12-01,2007,12,Lime,120.6,167.43,165.62,45.93,38.08454553520271
2008-01-01,2008,1,Lime,136.04,178.55,184.5,45.49,33.438669921589295
2008-02-01,2008,2,Lime,152.95,202.08,219.77,57.98,37.907788226356175
2008-03-01,2008,3,Lime,147.14,199.4,196.09,50.61,34.395790134708356
2008-04-01,2008,4,Lime,147.5,201.26,200.12,53.19,36.060992501022035
2008-05-01,2008,5,Lime,125.02,168.44,172.21,45.31,36.242172258700805
2008-06-01,2008,6,Lime,147.92,205.63,193.69,51.74,34.97834303789681
2008-07-01,2008,7,Lime,126.57,171.07,183.4,50.67,40.03315158951443
2008-08-01,2008,8,Lime,102.44,133.97,148.23,38.66,37.73912754868454
2008-09-01,2008,9,Lime,117.4,145.67,166.95,38.91,33.14307228017693
2008-10-01,2008,10,Lime,121.84,166.51,154.7,38.76,31.81218662821189
2008-11-01,2008,11,Lime,132.57,178.19,181.61,47.33,35.701866408790515
2008-12-01,2008,12,Lime,125.38,156.65,168.8,37.35,29.789416342784865
2009-01-01,2009,1,Lime,170.55,228.48,233.13,60.25,35.32686289835068
2009-02-01,2009,2,Lime,169.98,215.34,243.24,59.31,34.89231974801756
2009-03-01,2009,3,Lime,143.08,185.78,191.92,45.77,31.989074651191885
2009-04-01,2009,4,Lime,142.88,197.82,185.73,48.9,34.22450012283026
2009-05-01,2009,5,Lime,141.7,174.92,199.86,45.69,32.24415508528223
2009-06-01,2009,6,Lime,139.33,170.65,196.54,44.26,31.76628739949228
2009-07-01,2009,7,Lime,155.97,213.75,214.72,58.26,37.35331323118982
2009-08-01,2009,8,Lime,127.54,174.5,166.85,43.13,33.81681526045534
2009-09-01,2009,9,Lime,127.48,160.93,170.85,38.41,30.130192869318424
2009-10-01,2009,10,Lime,137.07,176.63,175.31,38.9,28.379639323236795
2009-11-01,2009,11,Lime,112.93,155.57,149.72,39.71,35.16334440507889
2009-12-01,2009,12,Lime,141.74,185.87,194.39,48.39,34.139950515062424
2010-01-01,2010,1,Lime,147.17,181.53,204.56,45.88,31.174810644281685
2010-02-01,2010,2,Lime,129.96,164.83,187.34,46.12,35.48781510632878
2010-03-01,2010,3,Lime,148.5,201.24,196.85,50.54,34.03364711538915
2010-04-01,2010,4,Lime,128.37,174.77,163.77,40.9,31.861001899975143
2010-05-01,2010,5,Lime,151.05,199.95,192.03,44.94,29.751718138551375
2010-06-01,2010,6,Lime,153.29,209.9,211.27,57.3,37.3801047817178
2010-07-01,2010,7,Lime,164.67,228.85,210.81,55.16,33.497277283489844
2010-08-01,2010,8,Lime,147.55,177.97,206.54,44.7,30.294794784957784
2010-09-01,2010,9,Lime,136.42,190.48,185.9,51.77,37.94895327008264
2010-10-01,2010,10,Lime,165.18,228.38,214.85,56.43,34.162710883453876
2010-11-01,2010,11,Lime,139.78,178.19,181.35,39.99,28.60922262897222
2010-12-01,2010,12,Lime,162.26,212.44,213.62,50.77,31.289269512344692
2011-01-01,2011,1,Lime,185.45,225.47,233.33,43.95,23.699097493072266
2011-02-01,2011,2,Lime,176.58,229.38,233.57,54.89,31.085042991820703
2011-03-01,2011,3,Lime,173.25,212.22,237.19,51.46,29.702724558311942
2011-04-01,2011,4,Lime,137.65,169.86,172.35,33.46,24.30800994695972
2011-05-01,2011,5,Lime,179.31,222.37,239.63,51.69,28.827154744768972
2011-06-01,2011,6,Lime,188.19,249.26,267.77,70.32,37.36647145625619
2011-07-01,2011,7,Lime,183.96,242.25,262.47,68.4,37.181975874116176
2011-08-01,2011,8,Lime,156.08,215.92,209.29,56.52,36.21217567133798
2011-09-01,2011,9,Lime,166.15,209.62,207.75,42.54,25.603355038606654
2011-10-01,2011,10,Lime,148.91,205.63,196.7,52.26,35.095000271976176
2011-11-01,2011,11,Lime,183.31,222.75,243.79,49.96,27.254362961997185
2011-12-01,2011,12,Lime,139.76,190.65,176.89,44.01,31.48967409153256
2012-01-01,2012,1,Lime,176.41,241.85,228.79,58.91,33.393779607856914
2012-02-01,2012,2,Lime,193.1,255.7,269.54,69.52,36.00205282130874
2012-03-01,2012,3,Lime,191.56,268.13,269.12,77.06,40.2275839279683
2012-04-01,2012,4,Lime,147.38,199.66,203.47,54.18,36.762086604636586
2012-05-01,2012,5,Lime,174.61,220.39,234.69,52.93,30.31325221164182
2012-06-01,2012,6,Lime,166.72,210.3,220.66,48.76,29.24662353249548
2012-07-01,2012,7,Lime,188.86,231.73,236.67,45.34,24.00718838971281
2012-08-01,2012,8,Lime,138.41,183.35,199.14,52.83,38.169179850314386
2012-09-01,2012,9,Lime,167.43,218.91,212.39,48.22,28.800078361059327
2012-10-01,2012,10,Lime,148.28,207.32,206.9,58.83,39.67491254726696
2012-11-01,2012,11,Lime,167.89,211.91,221.74,48.94,29.150021353254303
2012-12-01,2012,12,Lime,132.92,171.98,190.62,48.38,36.397805899935385
2013-01-01,2013,1,Lime,215.87,293.71,298.88,80.42,37.25388555432178
2013-02-01,2013,2,Lime,166.46,223.67,212.97,51.86,31.15461302738614
2013-03-01,2013,3,Lime,219.38,284.97,291.58,68.9,31.406677269269185
2013-04-01,2013,4,Lime,223.91,288.16,317.48,78.91,35.24182249929771
2013-05-01,2013,5,Lime,163.34,210.69,224.33,54.17,33.16393218811547
2013-06-01,2013,6,Lime,202.27,260.17,291.7,73.66,36.4166527825912
2013-07-01,2013,7,Lime,170.92,229.07,242.05,64.64,37.81884049915721
2013-08-01,2013,8,Lime,167.43,228.74,229.61,61.74,36.87508996291587
2013-09-01,2013,9,Lime,201.59,243.13,259.55,49.75,24.678791270007803
2013-10-01,2013,10,Lime,144.91,201.3,205.8,58.64,40.46646852082774
2013-11-01,2013,11,Lime,199.37,255.01,287.74,72.0,36.113740224838125
2013-12-01,2013,12,Lime,220.9,288.74,290.02,68.48,31.000438659828585
2014-01-01,2014,1,Lime,186.95,245.35,248.62,60.04,32.11552173547915
2014-02-01,2014,2,Lime,167.09,211.14,241.83,59.4,35.549682476699694
2014-03-01,2014,3,Lime,210.16,255.02,266.08,50.39,23.97695851876736
2014-04-01,2014,4,Lime,181.09,246.83,257.03,70.84,39.1186486726773
2014-05-01,2014,5,Lime,254.74,337.14,330.24,78.95,30.99237222565273
2014-06-01,2014,6,Lime,163.61,198.86,225.54,48.59,29.69865552310035
2014-07-01,2014,7,Lime,184.07,229.63,232.95,47.22,25.65327014001731
2014-08-01,2014,8,Lime,177.59,223.44,237.54,52.9,29.787696498847627
2014-09-01,2014,9,Lime,203.31,268.97,289.41,75.88,37.322297318234554
2014-10-01,2014,10,Lime,183.04,238.58,239.77,56.14,30.670874852013306
2014-11-01,2014,11,Lime,231.77,323.39,304.06,81.95,35.358314122486036
2014-12-01,2014,12,Lime,205.17,281.2,275.48,73.17,35.66309125939891
2015-01-01,2015,1,Lime,234.62,296.11,339.44,83.16,35.44453352462129
2015-02-01,2015,2,Lime,183.6,224.4,253.14,55.17,30.04900324128364
2015-03-01,2015,3,Lime,159.66,217.47,206.64,52.4,32.81972139563986
2015-04-01,2015,4,Lime,217.93,281.02,288.05,66.6,30.56025762388949
2015-05-01,2015,5,Lime,279.42,346.64,365.39,76.59,27.410340201009163
2015-06-01,2015,6,Lime,223.98,285.22,306.87,72.07,32.176965721508296
2015-07-01,2015,7,Lime,152.16,193.18,216.77,52.82,34.713436702525826
2015-08-01,2015,8,Lime,243.93,297.87,308.08,59.04,24.20365506347925
2015-09-01,2015,9,Lime,177.03,223.85,221.44,45.61,25.76398024968635
2015-10-01,2015,10,Lime,165.78,215.33,237.52,60.65,36.58460816467115
2015-11-01,2015,11,Lime,225.12,270.68,300.83,60.63,26.932290808328535
2015-12-01,2015,12,Lime,202.9,267.09,277.7,69.49,34.24838134628814
2016-01-01,2016,1,Lime,189.26,249.69,240.95,56.06,29.620612057163665
2016-02-01,2016,2,Lime,197.78,265.39,252.31,61.07,30.87772733454984
2016-03-01,2016,3,Lime,231.62,286.6,332.01,77.68,33.537676566066594
2016-04-01,2016,4,Lime,170.43,207.31,240.66,53.55,31.420506119517615
2016-05-01,2016,5,Lime,215.96,285.05,304.58,78.85,36.51137409178825
2016-06-01,2016,6,Lime,234.74,322.02,323.0,87.77,37.39028823792781
2016-07-01,2016,7,Lime,226.18,308.53,301.95,79.06,34.954445594462115
2016-08-01,2016,8,Lime,268.8,340.04,337.04,69.74,25.94493082405847
2016-09-01,2016,9,Lime,212.94,262.3,272.21,54.32,25.509521222165297
2016-10-01,2016,10,Lime,202.66,280.39,288.7,81.88,40.40262488768139
2016-11-01,2016,11,Lime,234.71,283.72,310.22,62.26,26.526340366264595
2016-12-01,2016,12,Lime,226.55,300.85,286.26,67.0,29.574032410491096
2017-01-01,2017,1,Lime,254.7,311.5,367.09,84.6,33.21553466213794
2017-02-01,2017,2,Lime,210.61,286.09,302.26,83.56,39.67521025819749
2017-03-01,2017,3,Lime,287.54,357.8,403.01,92.86,32.29462603650761
2017-04-01,2017,4,Lime,204.0,258.52,291.19,70.85,34.73037513216905
2017-05-01,2017,5,Lime,282.9,340.6,355.07,64.94,22.955099697737825
2017-06-01,2017,6,Lime,228.66,277.7,289.02,54.7,23.921969770852023
2017-07-01,2017,7,Lime,274.69,331.48,354.22,68.16,24.813417010660377
2017-08-01,2017,8,Lime,194.63,260.32,262.37,66.72,34.28041191984179
2017-09-01,2017,9,Lime,234.7,290.83,327.73,74.58,31.776722719760237
2017-10-01,2017,10,Lime,251.49,323.17,333.12,76.66,30.48231322028183
2017-11-01,2017,11,Lime,231.05,299.69,307.94,72.76,31.4910056303806
2017-12-01,2017,12,Lime,218.93,278.27,301.62,71.01,32.43501007855932
2018-01-01,2018,1,Lime,265.15,363.41,374.42,103.77,39.13632316186191
2018-02-01,2018,2,Lime,196.92,247.04,265.84,59.52,30.225456923899596
2018-03-01,2018,3,Lime,200.53,260.99,265.45,62.69,31.26213969872852
2018-04-01,2018,4,Lime,324.49,438.54,407.51,98.54,30.367644498245095
2018-05-01,2018,5,Lime,190.02,230.9,257.77,54.31,28.58118693759239
2018-06-01,2018,6,Lime,284.64,382.22,411.27,112.11,39.38657975457429
2018-07-01,2018,7,Lime,270.4,371.3,346.11,88.31,32.659011590602226
2018-08-01,2018,8,Lime,222.63,306.29,284.16,72.6,32.61014570806014
2018-09-01,2018,9,Lime,177.61,217.72,237.49,49.99,28.14592188169479
2018-10-01,2018,10,Lime,234.76,319.58,303.3,76.68,32.66313142650732
2018-11-01,2018,11,Lime,311.34,406.22,417.45,100.5,32.27981233384328
2018-12-01,2018,12,Lime,284.03,391.0,408.92,115.93,40.81609660384587
2019-01-01,2019,1,Lime,275.18,381.13,358.27,94.52,34.348414002320666
2019-02-01,2019,2,Lime,243.53,329.26,306.15,74.17,30.45619412138376
2019-03-01,2019,3,Lime,298.56,411.86,393.37,104.06,34.85395402801647
2019-04-01,2019,4,Lime,325.91,440.98,419.59,104.37,32.02416862809714
2019-05-01,2019,5,Lime,209.25,281.03,279.52,71.02,33.94024662353805
2019-06-01,2019,6,Lime,275.19,378.78,372.96,100.68,36.585618450663745
2019-07-01,2019,7,Lime,237.54,320.29,322.66,83.94,35.337191488931765
2019-08-01,2019,8,Lime,251.55,311.35,314.76,61.5,24.44841007815143
2019-09-01,2019,9,Lime,314.22,377.45,423.62,86.31,27.468007298069093
2019-10-01,2019,10,Lime,312.52,392.38,422.49,94.92,30.372446444244712
2019-11-01,2019,11,Lime,326.81,419.68,424.84,95.45,29.2065636894331
2019-12-01,2019,12,Lime,239.42,330.74,319.98,85.94,35.895064783616746
2020-01-01,2020,1,Lime,257.63,320.75,322.54,64.02,24.8495808525479
2020-02-01,2020,2,Lime,290.18,365.2,382.34,83.59,28.806248257547644
2020-03-01,2020,3,Lime,341.12,425.88,463.6,103.62,30.376398224554933
2020-04-01,2020,4,Lime,380.72,468.01,499.64,103.1,27.08026185116047
2020-05-01,2020,5,Lime,254.83,326.97,340.25,78.78,30.91471533386362
2020-06-01,2020,6,Lime,360.66,439.62,467.87,93.08,25.808233292232767
2020-07-01,2020,7,Lime,219.6,295.2,292.2,74.1,33.74315403317211
2020-08-01,2020,8,Lime,301.46,373.17,387.8,79.03,26.215741320327307
2020-09-01,2020,9,Lime,323.49,411.9,405.34,85.13,26.316106737114985
2020-10-01,2020,10,Lime,238.49,287.78,336.02,73.41,30.781151922029466
2020-11-01,2020,11,Lime,326.48,413.74,432.41,96.6,29.588327129279858
2020-12-01,2020,12,Lime,330.77,436.58,456.57,115.8,35.00921032463334
2021-01-01,2021,1,Lime,346.44,447.62,486.47,120.61,34.8140991761635
2021-02-01,2021,2,Lime,352.13,485.72,449.47,115.47,32.791857327732
2021-03-01,2021,3,Lime,246.87,336.05,309.09,75.7,30.663899759428137
2021-04-01,2021,4,Lime,321.15,431.83,455.65,122.59,38.17218179287505
2021-05-01,2021,5,Lime,262.22,358.4,346.19,90.07,34.34900680763984
2021-06-01,2021,6,Lime,241.61,296.08,344.19,78.52,32.49864140613327
2021-07-01,2021,7,Lime,227.7,280.06,299.65,62.16,27.29906574481083
2021-08-01,2021,8,Lime,249.2,331.92,334.03,83.78,33.61956917352762
2021-09-01,2021,9,Lime,220.25,282.42,277.01,59.46,26.99658252141543
2021-10-01,2021,10,Lime,299.76,372.04,426.0,99.26,33.11314614586799
2021-11-01,2021,11,Lime,279.05,354.27,360.31,78.24,28.037975976356933
2021-12-01,2021,12,Lime,265.89,351.49,332.42,76.07,28.609564628393464
2022-01-01,2022,1,Lime,381.04,490.63,519.87,124.21,32.59761899075714
2022-02-01,2022,2,Lime,251.63,324.71,348.8,85.12,33.82743161489822
2022-03-01,2022,3,Lime,426.01,548.4,542.46,119.42,28.03219923659087
2022-04-01,2022,4,Lime,445.27,622.14,616.38,173.99,39.07515910006085
2022-05-01,2022,5,Lime,243.75,333.36,329.31,87.58,35.93024166964444
2022-06-01,2022,6,Lime,247.55,340.65,331.82,88.68,35.82305157622639
2022-07-01,2022,7,Lime,361.46,493.83,477.51,124.21,34.363405532173545
2022-08-01,2022,8,Lime,324.75,417.01,435.22,101.36,31.21169169770849
2022-09-01,2022,9,Lime,429.14,564.96,545.51,126.1,29.38434324827719
2022-10-01,2022,10,Lime,375.37,478.1,538.83,133.1,35.45833831730338
2022-11-01,2022,11,Lime,346.51,455.84,497.36,130.09,37.54291721944036
2022-12-01,2022,12,Lime,373.96,470.47,524.87,123.71,33.081069344028954
2023-01-01,2023,1,Lime,414.32,515.5,555.77,121.32,29.28170754930789
2023-02-01,2023,2,Lime,242.73,300.41,331.77,73.36,30.222868939616472
2023-03-01,2023,3,Lime,308.03,374.13,411.87,84.97,27.58496653411469
2023-04-01,2023,4,Lime,305.61,408.76,439.84,118.69,38.83706723043512
2023-05-01,2023,5,Lime,275.66,378.63,356.22,91.76,33.28737093253612
2023-06-01,2023,6,Lime,399.78,486.6,504.29,95.67,23.930655878068972
2023-07-01,2023,7,Lime,250.5,320.98,337.4,78.69,31.413161112510537
2023-08-01,2023,8,Lime,434.89,581.9,543.86,127.99,29.430423916295172
2023-09-01,2023,9,Lime,386.58,527.15,502.45,128.22,33.16777040515019
2023-10-01,2023,10,Lime,340.2,409.19,467.67,98.23,28.874183164555216
2023-11-01,2023,11,Lime,262.18,350.4,371.55,98.79,37.68020532450785
2023-12-01,2023,12,Lime,399.92,542.59,526.42,134.58,33.65172193145581
2024-01-01,2024,1,Lime,548.05,725.14,703.6,166.32,30.347590484884503
2024-02-01,2024,2,Lime,406.62,528.44,566.84,141.02,34.681020441439074
2024-03-01,2024,3,Lime,328.84,439.94,428.03,105.15,31.976027254583617
2024-04-01,2024,4,Lime,541.33,757.52,760.32,217.59,40.1954371279188
2024-05-01,2024,5,Lime,441.21,537.64,562.36,108.79,24.65718713148226
2024-06-01,2024,6,Lime,411.33,525.79,552.14,127.64,31.03103808838692
2024-07-01,2024,7,Lime,358.08,440.26,507.61,115.86,32.35588908738576
2024-08-01,2024,8,Lime,279.04,339.84,349.29,65.52,23.48049617241393
2024-09-01,2024,9,Lime,412.25,555.41,539.74,135.32,32.82473430570423
2024-10-01,2024,10,Lime,390.88,482.07,559.11,129.71,33.184088931618675
2024-11-01,2024,11,Lime,482.17,591.79,617.25,122.35,25.3748625225828
2024-12-01,2024,12,Lime,315.62,379.45,434.63,91.42,28.965202152841343
2025-01-01,2025,1,Lime,458.22,638.01,649.95,185.76,40.53947000578979
2025-02-01,2025,2,Lime,483.9,634.81,628.7,147.86,30.55589366482876
2025-03-01,2025,3,Lime,392.88,494.41,522.4,115.52,29.403372682912675
2025-04-01,2025,4,Lime,495.29,679.7,641.53,165.32,33.378418022084425
2025-05-01,2025,5,Lime,534.86,655.38,722.97,154.32,28.852404582058
2025-06-01,2025,6,Lime,318.27,418.14,444.57,113.08,35.52957063827234
2025-07-01,2025,7,Lime,396.67,537.83,544.68,144.58,36.44842401784254
2025-08-01,2025,8,Lime,259.31,348.34,350.26,89.99,34.70362319092084
2000-01-01,2000,1,Pumpkin,32.76,42.45,45.75,11.34,34.61527895213995
2000-02-01,2000,2,Pumpkin,31.78,43.62,43.73,11.89,37.413349863593886
2000-03-01,2000,3,Pumpkin,29.8,41.13,40.06,10.8,36.24148912251973
2000-04-01,2000,4,Pumpkin,31.35,42.75,45.44,12.74,40.63782890644687
2000-05-01,2000,5,Pumpkin,32.36,41.2,46.75,11.62,35.90841808276241
2000-06-01,2000,6,Pumpkin,32.51,39.93,44.63,9.77,30.052199162721735
2000-07-01,2000,7,Pumpkin,30.37,36.94,38.54,7.37,24.26728920879418
2000-08-01,2000,8,Pumpkin,29.56,35.52,39.39,7.9,26.725214055432833
2000-09-01,2000,9,Pumpkin,25.81,33.33,34.98,8.34,32.31293175927254
2000-10-01,2000,10,Pumpkin,30.51,37.43,44.19,10.3,33.75931248996234
2000-11-01,2000,11,Pumpkin,30.94,39.65,39.06,8.41,27.18155403505483
2000-12-01,2000,12,Pumpkin,27.62,37.09,36.52,9.19,33.27287011994888
2001-01-01,2001,1,Pumpkin,30.4,40.24,38.97,9.21,30.295952973838908
2001-02-01,2001,2,Pumpkin,35.48,49.1,47.62,12.88,36.302039734950014
2001-03-01,2001,3,Pumpkin,31.52,41.75,43.21,10.96,34.7714632885048
2001-04-01,2001,4,Pumpkin,32.9,40.44,46.83,10.74,32.64427767696755
2001-05-01,2001,5,Pumpkin,36.46,50.76,46.94,12.39,33.98235331225092
2001-06-01,2001,6,Pumpkin,32.13,41.61,46.07,11.71,36.445575955256906
2001-07-01,2001,7,Pumpkin,30.53,37.36,41.4,8.85,28.98778582448141
2001-08-01,2001,8,Pumpkin,27.27,34.03,36.46,7.98,29.262818984895542
2001-09-01,2001,9,Pumpkin,29.9,36.56,42.12,9.44,31.571800763208152
2001-10-01,2001,10,Pumpkin,28.45,35.37,36.57,7.52,26.432244526381275
2001-11-01,2001,11,Pumpkin,31.4,41.19,41.7,10.05,32.00626749596339
2001-12-01,2001,12,Pumpkin,33.52,46.02,46.37,12.67,37.798216592432595
2002-01-01,2002,1,Pumpkin,35.95,44.98,47.06,10.07,28.011048647987067
2002-02-01,2002,2,Pumpkin,36.07,46.89,47.12,10.93,30.302106176583926
2002-03-01,2002,3,Pumpkin,32.47,39.48,45.4,9.97,30.705171835011285
2002-04-01,2002,4,Pumpkin,31.35,38.37,44.5,10.08,32.1530074864195
2002-05-01,2002,5,Pumpkin,34.27,44.43,48.05,11.97,34.9284069786782
2002-06-01,2002,6,Pumpkin,34.07,47.26,46.25,12.68,37.21738415795668
2002-07-01,2002,7,Pumpkin,32.57,42.86,45.78,11.75,36.07603292590443
2002-08-01,2002,8,Pumpkin,35.1,47.06,47.58,12.22,34.8147156275908
2002-09-01,2002,9,Pumpkin,33.94,45.06,43.52,10.35,30.494901311428073
2002-10-01,2002,10,Pumpkin,28.83,37.78,37.81,8.97,31.113315597240387
2002-11-01,2002,11,Pumpkin,34.65,47.49,46.07,12.13,35.00711397658304
2002-12-01,2002,12,Pumpkin,33.09,43.21,44.41,10.72,32.396396505299165
2003-01-01,2003,1,Pumpkin,33.78,45.84,45.38,11.83,35.020618648257404
2003-02-01,2003,2,Pumpkin,39.01,46.91,53.7,11.3,28.96685730105793
2003-03-01,2003,3,Pumpkin,42.86,58.03,54.31,13.31,31.054523904517257
2003-04-01,2003,4,Pumpkin,39.28,52.2,53.65,13.64,34.72496251282456
2003-05-01,2003,5,Pumpkin,39.5,49.91,55.37,13.14,33.26573856775046
2003-06-01,2003,6,Pumpkin,33.51,42.07,44.08,9.57,28.558553988200575
2003-07-01,2003,7,Pumpkin,34.2,44.39,44.84,10.42,30.467747170329908
2003-08-01,2003,8,Pumpkin,36.65,44.14,48.17,9.51,25.948087454058783
2003-09-01,2003,9,Pumpkin,31.42,42.81,45.5,12.74,40.547292974879134
2003-10-01,2003,10,Pumpkin,32.99,39.84,47.64,10.75,32.585533235728285
2003-11-01,2003,11,Pumpkin,35.65,45.71,45.96,10.19,28.58337003262263
2003-12-01,2003,12,Pumpkin,35.98,45.67,51.16,12.44,34.574667663514
2004-01-01,2004,1,Pumpkin,39.11,49.45,52.92,12.08,30.88716213970304
2004-02-01,2004,2,Pumpkin,43.83,57.33,58.58,14.12,32.215304094674664
2004-03-01,2004,3,Pumpkin,40.03,50.37,51.58,10.94,27.32943460046315
2004-04-01,2004,4,Pumpkin,45.57,59.43,58.06,13.18,28.92247328840621
2004-05-01,2004,5,Pumpkin,40.41,55.53,53.69,14.2,35.1397299190054
2004-06-01,2004,6,Pumpkin,39.55,50.16,54.67,12.87,32.54100495321124
2004-07-01,2004,7,Pumpkin,37.7,46.66,49.56,10.41,27.61265885236378
2004-08-01,2004,8,Pumpkin,32.18,39.94,44.47,10.02,31.13725563313973
2004-09-01,2004,9,Pumpkin,40.96,56.61,58.91,16.8,41.01552486444125
2004-10-01,2004,10,Pumpkin,37.18,45.62,52.73,11.99,32.248433974088286
2004-11-01,2004,11,Pumpkin,36.01,49.16,46.47,11.8,32.76858436938526
2004-12-01,2004,12,Pumpkin,39.19,48.73,53.32,11.84,30.211711631253813
2005-01-01,2005,1,Pumpkin,45.31,56.27,63.9,14.77,32.597588617107434
2005-02-01,2005,2,Pumpkin,43.25,56.43,54.86,12.4,28.670453941146956
2005-03-01,2005,3,Pumpkin,44.12,57.66,62.36,15.89,36.015330880936354
2005-04-01,2005,4,Pumpkin,38.13,53.36,54.52,15.81,41.4633058921954
2005-05-01,2005,5,Pumpkin,38.42,53.41,49.4,12.98,33.784399311818554
2005-06-01,2005,6,Pumpkin,39.82,50.61,55.54,13.26,33.29976569621874
2005-07-01,2005,7,Pumpkin,40.13,53.57,51.38,12.34,30.74998567160311
2005-08-01,2005,8,Pumpkin,41.95,54.07,56.49,13.33,31.77584797175691
2005-09-01,2005,9,Pumpkin,38.44,48.61,53.37,12.55,32.648198105624076
2005-10-01,2005,10,Pumpkin,45.14,59.83,64.03,16.79,37.1953097135363
2005-11-01,2005,11,Pumpkin,39.96,53.19,55.21,14.24,35.635546457591445
2005-12-01,2005,12,Pumpkin,39.2,47.61,51.97,10.59,27.015237206027532
2006-01-01,2006,1,Pumpkin,42.54,51.27,54.44,10.32,24.25946342392237
2006-02-01,2006,2,Pumpkin,48.95,60.36,61.7,12.08,24.67819269010686
2006-03-01,2006,3,Pumpkin,50.86,67.54,65.08,15.45,30.377447154055925
2006-04-01,2006,4,Pumpkin,41.79,55.18,56.56,14.08,33.692190255586844
2006-05-01,2006,5,Pumpkin,47.71,60.24,66.74,15.78,33.07475775569533
2006-06-01,2006,6,Pumpkin,50.9,70.06,66.42,17.34,34.06673071369211
2006-07-01,2006,7,Pumpkin,40.64,51.83,54.89,12.72,31.299135582835667
2006-08-01,2006,8,Pumpkin,43.81,56.37,57.94,13.34,30.449599521571507
2006-09-01,2006,9,Pumpkin,42.5,58.37,60.01,16.69,39.27049583412745
2006-10-01,2006,10,Pumpkin,43.0,54.95,62.22,15.58,36.23247387796773
2006-11-01,2006,11,Pumpkin,48.46,62.17,63.19,14.22,29.343728139232063
2006-12-01,2006,12,Pumpkin,44.44,56.11,57.56,12.4,27.902727491612307
2007-01-01,2007,1,Pumpkin,46.88,58.41,64.09,14.37,30.65266499004908
2007-02-01,2007,2,Pumpkin,49.37,63.08,62.28,13.31,26.959637513393737
2007-03-01,2007,3,Pumpkin,47.24,65.5,66.26,18.64,39.458002840806856
2007-04-01,2007,4,Pumpkin,55.42,67.25,75.78,16.1,29.050831737943454
2007-05-01,2007,5,Pumpkin,47.38,64.31,67.85,18.7,39.4680467115941
2007-06-01,2007,6,Pumpkin,48.36,64.88,61.84,15.0,31.01730558869812
2007-07-01,2007,7,Pumpkin,41.73,51.89,52.58,10.51,25.18565735524238
2007-08-01,2007,8,Pumpkin,40.55,56.27,58.6,16.89,41.652178416329434
2007-09-01,2007,9,Pumpkin,40.15,52.26,50.94,11.45,28.517986256572208
2007-10-01,2007,10,Pumpkin,36.59,46.1,45.79,9.35,25.553360061874653
2007-11-01,2007,11,Pumpkin,50.08,69.78,65.67,17.65,35.243539849161635
2007-12-01,2007,12,Pumpkin,48.83,66.13,68.55,18.51,37.90694673981827
2008-01-01,2008,1,Pumpkin,46.19,60.47,66.53,17.31,37.47556294530646
2008-02-01,2008,2,Pumpkin,48.31,60.79,65.46,14.81,30.656115387879552
2008-03-01,2008,3,Pumpkin,45.26,54.67,65.01,14.58,32.21380421165662
2008-04-01,2008,4,Pumpkin,48.54,63.7,63.88,15.25,31.417322996862385
2008-05-01,2008,5,Pumpkin,58.32,70.73,73.88,13.98,23.97115231283897
2008-06-01,2008,6,Pumpkin,44.09,60.14,60.08,16.02,36.33468737879931
2008-07-01,2008,7,Pumpkin,48.18,58.4,61.18,11.61,24.097085726264577
2008-08-01,2008,8,Pumpkin,46.85,60.32,60.7,13.66,29.1568214368806
2008-09-01,2008,9,Pumpkin,45.2,56.47,58.41,12.24,27.07958610711038
2008-10-01,2008,10,Pumpkin,44.76,59.12,60.22,14.91,33.31091753593044
2008-11-01,2008,11,Pumpkin,48.64,62.7,68.18,16.8,34.53940267392542
2008-12-01,2008,12,Pumpkin,37.9,52.94,50.08,13.61,35.91019548761085
2009-01-01,2009,1,Pumpkin,66.78,81.14,92.39,19.98,29.919092663832487
2009-02-01,2009,2,Pumpkin,67.36,86.44,87.24,19.48,28.919196972688574
2009-03-01,2009,3,Pumpkin,53.0,65.4,71.06,15.23,28.735794838122946
2009-04-01,2009,4,Pumpkin,61.48,83.21,79.97,20.11,32.70977112919465
2009-05-01,2009,5,Pumpkin,56.17,72.59,77.54,18.9,33.64779482322445
2009-06-01,2009,6,Pumpkin,61.0,75.79,77.15,15.47,25.360614162927604
2009-07-01,2009,7,Pumpkin,49.58,62.06,62.14,12.52,25.252066857469025
2009-08-01,2009,8,Pumpkin,50.97,69.56,70.81,19.22,37.708381972960616
2009-09-01,2009,9,Pumpkin,56.84,79.51,72.54,19.19,33.76137621151265
2009-10-01,2009,10,Pumpkin,50.19,61.05,66.41,13.54,26.977431804280123
2009-11-01,2009,11,Pumpkin,47.08,64.17,63.64,16.83,35.74758762194642
2009-12-01,2009,12,Pumpkin,53.31,73.05,67.73,17.08,32.03895697063032
2010-01-01,2010,1,Pumpkin,58.85,77.83,81.23,20.68,35.140127204541706
2010-02-01,2010,2,Pumpkin,52.1,71.72,70.46,18.99,36.44906631657137
2010-03-01,2010,3,Pumpkin,49.99,63.2,71.79,17.51,35.02693533319597
2010-04-01,2010,4,Pumpkin,68.35,88.78,92.25,22.17,32.43594376599303
2010-05-01,2010,5,Pumpkin,62.55,78.68,89.45,21.52,34.4044214157931
2010-06-01,2010,6,Pumpkin,57.56,79.39,73.02,18.64,32.383543461529776
2010-07-01,2010,7,Pumpkin,56.05,74.54,73.59,18.02,32.1498088317416
2010-08-01,2010,8,Pumpkin,53.24,68.07,71.31,16.45,30.897763152210455
2010-09-01,2010,9,Pumpkin,53.79,65.16,72.18,14.88,27.66308298367172
2010-10-01,2010,10,Pumpkin,55.23,75.18,70.05,17.39,31.486453944497654
2010-11-01,2010,11,Pumpkin,52.93,69.4,74.16,18.85,35.613006587933896
2010-12-01,2010,12,Pumpkin,51.16,71.35,68.03,18.53,36.219632096106146
2011-01-01,2011,1,Pumpkin,64.64,86.88,81.33,19.46,30.10515144623848
2011-02-01,2011,2,Pumpkin,75.29,92.34,107.76,24.76,32.886129783331405
2011-03-01,2011,3,Pumpkin,74.2,91.79,98.02,20.7,27.897536526231093
2011-04-01,2011,4,Pumpkin,70.37,84.8,93.79,18.92,26.88641908992598
2011-05-01,2011,5,Pumpkin,53.94,66.3,70.87,14.65,27.159756841385168
2011-06-01,2011,6,Pumpkin,51.7,62.4,67.45,13.22,25.57055015367475
2011-07-01,2011,7,Pumpkin,49.83,65.37,64.1,14.9,29.901605656019154
2011-08-01,2011,8,Pumpkin,55.07,66.6,79.68,18.07,32.812724146133746
2011-09-01,2011,9,Pumpkin,52.39,69.37,67.33,15.96,30.463770826931043
2011-10-01,2011,10,Pumpkin,46.68,64.96,64.62,18.11,38.795975158579346
2011-11-01,2011,11,Pumpkin,62.36,78.88,82.55,18.35,29.42586686038028
2011-12-01,2011,12,Pumpkin,58.02,69.74,82.36,18.03,31.07543765005575
2012-01-01,2012,1,Pumpkin,73.11,96.63,98.44,24.42,33.40167774356758
2012-02-01,2012,2,Pumpkin,55.82,69.05,80.15,18.78,33.64379497707815
2012-03-01,2012,3,Pumpkin,63.59,79.73,86.97,19.76,31.07401938352039
2012-04-01,2012,4,Pumpkin,76.1,93.74,103.1,22.32,29.32979063102414
2012-05-01,2012,5,Pumpkin,62.09,86.91,83.71,23.22,37.397266230848395
2012-06-01,2012,6,Pumpkin,71.39,92.72,96.07,23.0,32.21735226593043
2012-07-01,2012,7,Pumpkin,68.08,85.31,91.7,20.43,30.008769082301583
2012-08-01,2012,8,Pumpkin,75.78,104.61,108.73,30.89,40.76268043985162
2012-09-01,2012,9,Pumpkin,67.01,85.08,95.32,23.19,34.60672346407482
2012-10-01,2012,10,Pumpkin,50.3,65.37,66.94,15.86,31.53075242395144
2012-11-01,2012,11,Pumpkin,61.38,74.39,79.01,15.32,24.959229457104172
2012-12-01,2012,12,Pumpkin,54.75,66.76,73.49,15.38,28.091272892652253
2013-01-01,2013,1,Pumpkin,56.77,69.08,81.85,18.69,32.9222601334153
2013-02-01,2013,2,Pumpkin,77.64,95.12,112.55,26.2,33.74544855042691
2013-03-01,2013,3,Pumpkin,63.53,76.74,89.79,19.74,31.07188561012811
2013-04-01,2013,4,Pumpkin,58.22,79.5,81.18,22.12,37.993751298950016
2013-05-01,2013,5,Pumpkin,69.25,96.32,99.75,28.78,41.559506773275416
2013-06-01,2013,6,Pumpkin,79.02,102.27,110.76,27.5,34.801272081407134
2013-07-01,2013,7,Pumpkin,62.56,80.75,83.07,19.35,30.930257464422212
2013-08-01,2013,8,Pumpkin,71.94,91.42,93.56,20.55,28.56543151872183
2013-09-01,2013,9,Pumpkin,62.44,75.1,85.48,17.85,28.58739816239885
2013-10-01,2013,10,Pumpkin,64.28,82.95,87.49,20.94,32.57617831957324
2013-11-01,2013,11,Pumpkin,61.95,81.79,87.0,22.44,36.22270181969037
2013-12-01,2013,12,Pumpkin,77.82,107.29,107.47,29.56,37.98504499480212
2014-01-01,2014,1,Pumpkin,74.23,102.03,107.08,30.32,40.84596410351057
2014-02-01,2014,2,Pumpkin,82.1,105.93,107.75,24.74,30.133946243670835
2014-03-01,2014,3,Pumpkin,72.18,90.99,95.91,21.27,29.467955849326888
2014-04-01,2014,4,Pumpkin,79.54,111.02,112.51,32.22,40.507869615451824
2014-05-01,2014,5,Pumpkin,65.75,82.96,90.48,20.97,31.893487614467503
2014-06-01,2014,6,Pumpkin,90.55,109.21,124.03,26.07,28.790691561908822
2014-07-01,2014,7,Pumpkin,68.64,84.08,97.67,22.24,32.40088519684557
2014-08-01,2014,8,Pumpkin,69.99,85.33,94.78,20.07,28.67548410418045
2014-09-01,2014,9,Pumpkin,60.56,84.7,77.15,20.37,33.636007866565606
2014-10-01,2014,10,Pumpkin,58.58,75.31,80.59,19.37,33.06583635056956
2014-11-01,2014,11,Pumpkin,64.31,77.63,81.1,15.05,23.402233863732132
2014-12-01,2014,12,Pumpkin,63.91,83.85,88.74,22.38,35.01793926155647
2015-01-01,2015,1,Pumpkin,63.5,78.35,81.36,16.35,25.74799094804575
2015-02-01,2015,2,Pumpkin,89.9,119.05,120.91,30.08,33.45936211416895
2015-03-01,2015,3,Pumpkin,75.6,99.78,97.23,22.91,30.304192719321797
2015-04-01,2015,4,Pumpkin,92.44,123.88,123.16,31.08,33.62177236935053
2015-05-01,2015,5,Pumpkin,101.74,135.55,145.85,38.96,38.29365215878499
2015-06-01,2015,6,Pumpkin,64.1,83.14,90.02,22.48,35.07014809649283
2015-07-01,2015,7,Pumpkin,82.34,100.97,110.85,23.57,28.62517776879066
2015-08-01,2015,8,Pumpkin,74.39,97.83,97.49,23.27,31.2810441174296
2015-09-01,2015,9,Pumpkin,72.36,88.08,93.95,18.66,25.78769238848481
2015-10-01,2015,10,Pumpkin,63.13,81.81,86.48,21.02,33.2963198220817
2015-11-01,2015,11,Pumpkin,80.31,109.77,103.39,26.27,32.71070512924277
2015-12-01,2015,12,Pumpkin,69.38,94.89,88.72,22.43,32.329154901765776
2016-01-01,2016,1,Pumpkin,84.6,114.04,121.83,33.34,39.40893686886896
2016-02-01,2016,2,Pumpkin,62.74,77.43,85.96,18.95,30.20396843486063
2016-03-01,2016,3,Pumpkin,112.05,143.35,157.97,38.61,34.45780057313648
2016-04-01,2016,4,Pumpkin,92.89,115.81,131.99,31.01,33.38353602805896
2016-05-01,2016,5,Pumpkin,111.62,152.72,148.13,38.8,34.760764414294556
2016-06-01,2016,6,Pumpkin,72.78,90.78,92.53,18.88,25.94115699208987
2016-07-01,2016,7,Pumpkin,61.68,83.05,78.53,19.11,30.982440041439617
2016-08-01,2016,8,Pumpkin,73.16,99.59,95.05,24.16,33.0234649761277
2016-09-01,2016,9,Pumpkin,74.48,97.0,98.87,23.46,31.49834653820282
2016-10-01,2016,10,Pumpkin,86.98,110.2,111.95,24.1,27.7074871148688
2016-11-01,2016,11,Pumpkin,80.26,111.4,115.89,33.38,41.58978122379613
2016-12-01,2016,12,Pumpkin,68.78,88.53,96.24,23.6,34.312250200275955
2017-01-01,2017,1,Pumpkin,121.26,158.55,161.64,38.83,32.02207486221766
2017-02-01,2017,2,Pumpkin,82.81,102.34,105.67,21.2,25.600741938483345
2017-03-01,2017,3,Pumpkin,81.02,99.23,115.62,26.41,32.59684942378496
2017-04-01,2017,4,Pumpkin,76.7,105.28,101.97,26.92,35.09773781259737
2017-05-01,2017,5,Pumpkin,71.24,90.59,89.07,18.59,26.094853881451595
2017-06-01,2017,6,Pumpkin,80.72,112.65,102.4,26.81,33.21353665320038
2017-07-01,2017,7,Pumpkin,100.88,130.36,133.87,31.24,30.96745542480628
2017-08-01,2017,8,Pumpkin,77.74,98.49,100.45,21.73,27.952112230367597
2017-09-01,2017,9,Pumpkin,81.81,113.47,103.56,26.7,32.63655709991798
2017-10-01,2017,10,Pumpkin,95.77,123.46,138.12,35.02,36.56673638223204
2017-11-01,2017,11,Pumpkin,76.17,101.63,100.78,25.03,32.86066317360749
2017-12-01,2017,12,Pumpkin,80.68,102.37,106.99,24.0,29.7471123610407
2018-01-01,2018,1,Pumpkin,91.84,115.8,125.98,29.05,31.631063119487017
2018-02-01,2018,2,Pumpkin,76.52,96.53,108.93,26.21,34.25243824825112
2018-03-01,2018,3,Pumpkin,131.81,164.21,178.34,39.47,29.944594534106265
2018-04-01,2018,4,Pumpkin,117.77,159.69,152.44,38.3,32.520987924778865
2018-05-01,2018,5,Pumpkin,88.19,116.79,115.96,28.18,31.9537000184828
2018-06-01,2018,6,Pumpkin,82.56,113.91,115.41,32.1,38.880766859536266
2018-07-01,2018,7,Pumpkin,75.05,96.44,103.59,24.97,33.271108233033665
2018-08-01,2018,8,Pumpkin,74.28,91.59,93.23,18.13,24.407613883126164
2018-09-01,2018,9,Pumpkin,76.86,106.08,100.64,26.5,34.478227324710744
2018-10-01,2018,10,Pumpkin,115.51,143.88,164.51,38.68,33.4862492543942
2018-11-01,2018,11,Pumpkin,77.78,108.52,108.52,30.74,39.521677138496855
2018-12-01,2018,12,Pumpkin,101.17,129.23,142.9,34.89,34.4864737704124
2019-01-01,2019,1,Pumpkin,80.88,101.23,103.73,21.6,26.70619843447276
2019-02-01,2019,2,Pumpkin,119.2,160.39,162.77,42.38,35.553661448270596
2019-03-01,2019,3,Pumpkin,112.46,145.35,151.72,36.08,32.082489700791655
2019-04-01,2019,4,Pumpkin,105.08,137.17,142.37,34.69,33.01291110305376
2019-05-01,2019,5,Pumpkin,135.26,189.17,190.32,54.48,40.27795336540487
2019-06-01,2019,6,Pumpkin,78.34,100.37,108.63,26.16,33.392860106126996
2019-07-01,2019,7,Pumpkin,101.61,134.19,133.8,32.39,31.87675240945536
2019-08-01,2019,8,Pumpkin,77.33,101.72,101.4,24.23,31.3332066038968
2019-09-01,2019,9,Pumpkin,117.31,160.29,165.68,45.68,38.939528650985714
2019-10-01,2019,10,Pumpkin,122.42,164.47,154.86,37.25,30.42800977943981
2019-11-01,2019,11,Pumpkin,123.97,153.21,166.24,35.76,28.845665204755015
2019-12-01,2019,12,Pumpkin,97.08,117.85,128.9,26.3,27.091031014595163
2020-01-01,2020,1,Pumpkin,106.8,140.47,146.5,36.68,34.344537130583205
2020-02-01,2020,2,Pumpkin,124.23,172.49,157.38,40.7,32.76178639476262
2020-03-01,2020,3,Pumpkin,121.96,150.49,169.97,38.27,31.37911497284768
2020-04-01,2020,4,Pumpkin,122.21,162.74,166.18,42.25,34.57161069338786
2020-05-01,2020,5,Pumpkin,91.36,110.68,128.59,28.28,30.95443196756571
2020-06-01,2020,6,Pumpkin,110.46,151.51,143.61,37.1,33.58678835163104
2020-07-01,2020,7,Pumpkin,85.66,105.49,108.77,21.47,25.064178071237365
2020-08-01,2020,8,Pumpkin,112.17,145.4,159.52,40.29,35.91866281656163
2020-09-01,2020,9,Pumpkin,91.71,111.04,117.53,22.58,24.621061366196308
2020-10-01,2020,10,Pumpkin,108.54,151.17,144.72,39.4,36.29994812976955
2020-11-01,2020,11,Pumpkin,100.95,122.11,142.2,31.2,30.90635868612314
2020-12-01,2020,12,Pumpkin,97.59,129.79,133.24,33.92,34.757623980301275
2021-01-01,2021,1,Pumpkin,98.46,119.79,129.57,26.22,26.63007654877458
2021-02-01,2021,2,Pumpkin,106.76,130.55,151.7,34.36,32.184308557223154
2021-03-01,2021,3,Pumpkin,146.75,195.18,202.49,52.09,35.49571686833603
2021-04-01,2021,4,Pumpkin,120.46,162.2,157.94,39.61,32.88225727855116
2021-05-01,2021,5,Pumpkin,110.28,152.14,143.83,37.7,34.185678105115976
2021-06-01,2021,6,Pumpkin,124.15,152.65,162.86,33.61,27.07206840751638
2021-07-01,2021,7,Pumpkin,89.21,111.65,124.75,28.99,32.4963204838914
2021-08-01,2021,8,Pumpkin,151.93,206.08,200.83,51.53,33.91691310675106
2021-09-01,2021,9,Pumpkin,106.29,131.46,138.83,28.86,27.152105417155497
2021-10-01,2021,10,Pumpkin,87.79,105.9,125.45,27.88,31.75756719721244
2021-11-01,2021,11,Pumpkin,125.61,169.57,177.97,48.16,38.34086590170694
2021-12-01,2021,12,Pumpkin,84.24,113.45,113.04,29.01,34.43728105735867
2022-01-01,2022,1,Pumpkin,105.54,129.73,150.21,34.43,32.62267138272561
2022-02-01,2022,2,Pumpkin,128.1,162.1,170.34,38.12,29.757978331008328
2022-03-01,2022,3,Pumpkin,97.82,127.65,133.59,32.8,33.53094098247701
2022-04-01,2022,4,Pumpkin,118.8,164.95,157.15,42.25,35.563943127994
2022-05-01,2022,5,Pumpkin,107.31,128.88,154.38,34.32,31.98207810821162
2022-06-01,2022,6,Pumpkin,118.08,153.02,148.65,32.76,27.74387894319195
2022-07-01,2022,7,Pumpkin,117.08,154.42,156.48,38.37,32.77243528148677
2022-08-01,2022,8,Pumpkin,133.11,164.15,167.61,32.77,24.618717888424698
2022-09-01,2022,9,Pumpkin,153.63,185.47,209.17,43.69,28.43843751973083
2022-10-01,2022,10,Pumpkin,128.58,161.2,177.25,40.64,31.6067571887096
2022-11-01,2022,11,Pumpkin,151.43,193.29,211.22,50.82,33.560038592063265
2022-12-01,2022,12,Pumpkin,99.69,123.96,135.45,30.01,30.10329009600753
2023-01-01,2023,1,Pumpkin,157.66,196.25,224.21,52.57,33.343883455611156
2023-02-01,2023,2,Pumpkin,167.18,228.02,232.85,63.26,37.83943184625442
2023-03-01,2023,3,Pumpkin,124.15,171.61,164.97,44.14,35.55373696839551
2023-04-01,2023,4,Pumpkin,128.11,163.42,173.11,40.15,31.34023000528451
2023-05-01,2023,5,Pumpkin,161.12,200.47,219.66,48.94,30.374857016598177
2023-06-01,2023,6,Pumpkin,151.79,186.91,192.97,38.15,25.133391439889692
2023-07-01,2023,7,Pumpkin,104.07,140.27,141.52,36.83,35.38960758181264
2023-08-01,2023,8,Pumpkin,122.14,156.94,153.67,33.16,27.14915085217713
2023-09-01,2023,9,Pumpkin,146.75,196.38,204.24,53.56,36.497419763257405
2023-10-01,2023,10,Pumpkin,141.11,184.47,191.32,46.78,33.15141864402335
2023-11-01,2023,11,Pumpkin,113.89,155.46,145.73,36.7,32.22404756866488
2023-12-01,2023,12,Pumpkin,174.7,229.7,234.74,57.52,32.924995463654575
2024-01-01,2024,1,Pumpkin,132.55,162.64,179.61,38.57,29.09843146100983
2024-02-01,2024,2,Pumpkin,167.12,200.76,228.0,47.26,28.27906397853998
2024-03-01,2024,3,Pumpkin,140.86,196.54,180.05,47.43,33.67170689215753
2024-04-01,2024,4,Pumpkin,150.0,204.79,199.15,51.97,34.64664356890428
2024-05-01,2024,5,Pumpkin,135.1,168.04,192.3,45.07,33.36044903001552
2024-06-01,2024,6,Pumpkin,107.25,130.56,143.09,29.58,27.580393864434622
2024-07-01,2024,7,Pumpkin,116.93,155.42,150.02,35.79,30.60802992557091
2024-08-01,2024,8,Pumpkin,101.42,130.13,141.27,34.28,33.80000611318664
2024-09-01,2024,9,Pumpkin,89.14,120.8,112.58,27.55,30.906404637194708
2024-10-01,2024,10,Pumpkin,137.02,180.42,175.41,40.89,29.842337000191936
2024-11-01,2024,11,Pumpkin,126.39,154.24,178.43,39.95,31.60848832305695
2024-12-01,2024,12,Pumpkin,132.15,183.73,175.91,47.67,36.07261742518545
2025-01-01,2025,1,Pumpkin,179.7,251.33,234.5,63.22,35.18083740632309
2025-02-01,2025,2,Pumpkin,118.12,159.62,159.46,41.42,35.06600485438126
2025-03-01,2025,3,Pumpkin,210.56,278.44,293.19,75.26,35.74276417991823
2025-04-01,2025,4,Pumpkin,119.29,146.51,163.46,35.69,29.91866047559688
2025-05-01,2025,5,Pumpkin,139.58,181.58,188.58,45.5,32.59777002595642
2025-06-01,2025,6,Pumpkin,201.37,242.06,273.64,56.48,28.047858147758777
2025-07-01,2025,7,Pumpkin,187.22,236.14,266.44,64.07,34.22175289939488
2025-08-01,2025,8,Pumpkin,102.87,133.49,129.8,28.78,27.97703122676074
2000-01-01,2000,1,Snake Gourd,36.64,48.02,50.61,12.68,34.606892448437634
2000-02-01,2000,2,Snake Gourd,34.68,45.91,49.21,12.88,37.13945461518277
2000-03-01,2000,3,Snake Gourd,33.92,41.43,46.73,10.16,29.952741884605288
2000-04-01,2000,4,Snake Gourd,37.11,46.12,50.45,11.18,30.126569316708924
2000-05-01,2000,5,Snake Gourd,33.5,46.59,48.34,13.97,41.70136805561774
2000-06-01,2000,6,Snake Gourd,37.24,51.08,49.6,13.1,35.17713432563285
2000-07-01,2000,7,Snake Gourd,36.32,48.47,50.93,13.38,36.83910561920259
2000-08-01,2000,8,Snake Gourd,33.16,40.86,44.91,9.73,29.34249293578729
2000-09-01,2000,9,Snake Gourd,32.27,45.02,44.32,12.4,38.425663384991054
2000-10-01,2000,10,Snake Gourd,33.28,42.02,44.86,10.16,30.528754420810028
2000-11-01,2000,11,Snake Gourd,36.18,46.52,45.65,9.91,27.39074795260378
2000-12-01,2000,12,Snake Gourd,35.7,47.0,51.14,13.37,37.45087548774372
2001-01-01,2001,1,Snake Gourd,41.11,50.57,58.56,13.46,32.74134580066699
2001-02-01,2001,2,Snake Gourd,37.42,45.45,50.24,10.42,27.84599720471083
2001-03-01,2001,3,Snake Gourd,36.93,48.33,52.87,13.67,37.01587593859751
2001-04-01,2001,4,Snake Gourd,37.77,51.24,48.34,12.02,31.824114842163503
2001-05-01,2001,5,Snake Gourd,37.59,46.36,52.72,11.95,31.790285208073392
2001-06-01,2001,6,Snake Gourd,37.89,52.0,51.14,13.68,36.10441777667517
2001-07-01,2001,7,Snake Gourd,37.28,49.45,53.5,14.2,38.09002658254671
2001-08-01,2001,8,Snake Gourd,39.77,53.98,51.85,13.14,33.03989680689764
2001-09-01,2001,9,Snake Gourd,38.64,53.54,48.66,12.46,32.24629335845404
2001-10-01,2001,10,Snake Gourd,36.29,50.73,49.29,13.72,37.80645410180738
2001-11-01,2001,11,Snake Gourd,35.99,47.96,50.18,13.08,36.343327748464155
2001-12-01,2001,12,Snake Gourd,39.21,48.06,53.7,11.67,29.762739702270583
2002-01-01,2002,1,Snake Gourd,40.73,53.29,52.18,12.01,29.486792323122213
2002-02-01,2002,2,Snake Gourd,41.88,54.04,55.98,13.13,31.35140556015864
2002-03-01,2002,3,Snake Gourd,43.3,57.44,60.51,15.68,36.212387500259815
2002-04-01,2002,4,Snake Gourd,40.39,53.17,53.97,13.18,32.6317587725705
2002-05-01,2002,5,Snake Gourd,38.71,50.36,50.73,11.83,30.560499714544783
2002-06-01,2002,6,Snake Gourd,42.63,58.63,59.65,16.51,38.72850403822651
2002-07-01,2002,7,Snake Gourd,38.83,49.17,52.25,11.88,30.594822058145617
2002-08-01,2002,8,Snake Gourd,41.56,55.91,53.06,12.92,31.08750941407744
2002-09-01,2002,9,Snake Gourd,42.68,55.17,57.84,13.83,32.40386034709385
2002-10-01,2002,10,Snake Gourd,40.03,55.13,52.87,13.97,34.8987386991289
2002-11-01,2002,11,Snake Gourd,35.96,46.4,49.15,11.81,32.84195538944552
2002-12-01,2002,12,Snake Gourd,41.68,50.83,60.21,13.84,33.20529461301676
2003-01-01,2003,1,Snake Gourd,46.54,60.18,61.31,14.21,30.53280934076205
2003-02-01,2003,2,Snake Gourd,49.83,61.48,65.99,13.9,27.89478648447424
2003-03-01,2003,3,Snake Gourd,45.85,58.26,66.4,16.48,35.943214954820164
2003-04-01,2003,4,Snake Gourd,44.85,54.99,56.33,10.81,24.102510362295735
2003-05-01,2003,5,Snake Gourd,48.64,63.74,65.23,15.85,32.58628168938797
2003-06-01,2003,6,Snake Gourd,45.62,58.79,60.86,14.21,31.148550748463943
2003-07-01,2003,7,Snake Gourd,39.75,50.62,53.03,12.08,30.389860654438607
2003-08-01,2003,8,Snake Gourd,38.07,50.39,51.5,12.88,33.83232510552901
2003-09-01,2003,9,Snake Gourd,41.67,50.57,57.62,12.42,29.805544023172487
2003-10-01,2003,10,Snake Gourd,40.38,53.32,56.69,14.62,36.205952932261184
2003-11-01,2003,11,Snake Gourd,37.73,47.39,52.78,12.36,32.758990832253296
2003-12-01,2003,12,Snake Gourd,37.8,50.01,54.67,14.54,38.465506705008714
2004-01-01,2004,1,Snake Gourd,50.7,61.62,73.21,16.71,32.95851487472411
2004-02-01,2004,2,Snake Gourd,45.11,60.28,60.68,15.37,34.07219225849643
2004-03-01,2004,3,Snake Gourd,52.88,64.06,76.26,17.28,32.677699172278416
2004-04-01,2004,4,Snake Gourd,41.03,51.0,55.91,12.42,30.270459979380988
2004-05-01,2004,5,Snake Gourd,46.79,58.15,63.16,13.86,29.621650733809073
2004-06-01,2004,6,Snake Gourd,54.48,74.31,69.95,17.65,32.39715051918039
2004-07-01,2004,7,Snake Gourd,47.31,61.59,64.93,15.95,33.71373131741425
2004-08-01,2004,8,Snake Gourd,50.56,64.95,64.5,14.16,28.006273721768743
2004-09-01,2004,9,Snake Gourd,46.49,64.17,61.07,16.13,34.69555883940881
2004-10-01,2004,10,Snake Gourd,38.48,48.69,55.78,13.76,35.7587428307099
2004-11-01,2004,11,Snake Gourd,38.17,48.82,49.0,10.74,28.137206871346944
2004-12-01,2004,12,Snake Gourd,45.42,59.34,65.43,16.97,37.36231316091334
2005-01-01,2005,1,Snake Gourd,47.29,61.68,65.66,16.38,34.637270802979906
2005-02-01,2005,2,Snake Gourd,52.25,71.89,65.76,16.58,31.7319966851738
2005-03-01,2005,3,Snake Gourd,57.02,71.19,75.48,16.31,28.60394843221951
2005-04-01,2005,4,Snake Gourd,49.72,69.47,64.62,17.33,34.85511895591521
2005-05-01,2005,5,Snake Gourd,49.63,68.72,62.77,16.11,32.46014011658247
2005-06-01,2005,6,Snake Gourd,54.4,76.16,74.99,21.17,38.91536964086463
2005-07-01,2005,7,Snake Gourd,50.86,67.18,66.96,16.21,31.871742289142173
2005-08-01,2005,8,Snake Gourd,38.97,48.41,53.27,11.87,30.45924952720162
2005-09-01,2005,9,Snake Gourd,48.82,68.31,61.52,16.1,32.97822003641942
2005-10-01,2005,10,Snake Gourd,38.29,51.69,53.64,14.38,37.5553994374525
2005-11-01,2005,11,Snake Gourd,43.85,55.9,58.82,13.51,30.80950784604824
2005-12-01,2005,12,Snake Gourd,44.28,60.16,60.32,15.96,36.04327903505186
2006-01-01,2006,1,Snake Gourd,48.66,62.04,62.85,13.79,28.339440321742043
2006-02-01,2006,2,Snake Gourd,49.31,61.25,67.96,15.29,31.007846262733185
2006-03-01,2006,3,Snake Gourd,57.15,76.25,79.62,20.79,36.377889102556246
2006-04-01,2006,4,Snake Gourd,49.06,61.42,62.34,12.82,26.131214571515343
2006-05-01,2006,5,Snake Gourd,51.88,63.99,75.1,17.66,34.04002690819794
2006-06-01,2006,6,Snake Gourd,50.17,63.04,66.37,14.54,28.98140525930783
2006-07-01,2006,7,Snake Gourd,41.68,54.33,57.9,14.43,34.62083824175085
2006-08-01,2006,8,Snake Gourd,51.25,63.14,74.1,17.37,33.89261679489406
2006-09-01,2006,9,Snake Gourd,43.17,52.59,54.22,10.24,23.720121102337032
2006-10-01,2006,10,Snake Gourd,51.56,63.24,70.22,15.17,29.42197551983025
2006-11-01,2006,11,Snake Gourd,53.15,72.58,73.78,20.03,37.685724015571
2006-12-01,2006,12,Snake Gourd,45.62,58.81,60.72,14.15,31.01702977415657
2007-01-01,2007,1,Snake Gourd,58.74,76.56,76.38,17.73,30.18380969729367
2007-02-01,2007,2,Snake Gourd,60.76,77.15,82.97,19.3,31.76426635242536
2007-03-01,2007,3,Snake Gourd,53.42,64.78,73.86,15.9,29.76407756630931
2007-04-01,2007,4,Snake Gourd,57.79,76.72,73.77,17.45,30.19548330942497
2007-05-01,2007,5,Snake Gourd,64.2,82.65,83.57,18.91,29.454782780712176
2007-06-01,2007,6,Snake Gourd,50.51,65.9,71.63,18.26,36.15118560446327
2007-07-01,2007,7,Snake Gourd,51.99,65.81,70.29,16.06,30.890496459902938
2007-08-01,2007,8,Snake Gourd,53.22,69.5,74.48,18.77,35.26862970945188
2007-09-01,2007,9,Snake Gourd,44.65,54.43,62.74,13.94,31.22053478043722
2007-10-01,2007,10,Snake Gourd,47.61,64.17,68.65,18.8,39.48741968615903
2007-11-01,2007,11,Snake Gourd,45.12,56.45,63.32,14.77,32.73485652735699
2007-12-01,2007,12,Snake Gourd,46.42,59.97,64.91,16.02,34.510912298767124
2008-01-01,2008,1,Snake Gourd,55.44,74.79,77.49,20.7,37.33759498990803
2008-02-01,2008,2,Snake Gourd,53.26,69.89,76.01,19.69,36.969513763586626
2008-03-01,2008,3,Snake Gourd,56.61,69.24,78.76,17.39,30.718899984278423
2008-04-01,2008,4,Snake Gourd,62.74,83.87,85.67,22.03,35.11310947862691
2008-05-01,2008,5,Snake Gourd,64.4,78.27,91.03,20.25,31.44405055271653
2008-06-01,2008,6,Snake Gourd,55.5,68.93,69.86,13.9,25.044999918919064
2008-07-01,2008,7,Snake Gourd,55.75,68.53,72.08,14.56,26.116545082430346
2008-08-01,2008,8,Snake Gourd,63.39,86.14,89.39,24.38,38.46026429994589
2008-09-01,2008,9,Snake Gourd,49.27,60.31,70.99,16.38,33.245315109975415
2008-10-01,2008,10,Snake Gourd,48.97,65.57,64.72,16.17,33.020149029714055
2008-11-01,2008,11,Snake Gourd,46.25,60.64,64.77,16.45,35.56749066488504
2008-12-01,2008,12,Snake Gourd,53.07,65.55,75.18,17.3,32.59839344565019
2009-01-01,2009,1,Snake Gourd,49.34,68.87,64.51,17.35,35.16409573551736
2009-02-01,2009,2,Snake Gourd,59.95,78.46,75.93,17.24,28.757249779399864
2009-03-01,2009,3,Snake Gourd,53.54,67.44,74.43,17.4,32.49900541836866
2009-04-01,2009,4,Snake Gourd,61.41,85.9,83.12,23.1,37.6159621951438
2009-05-01,2009,5,Snake Gourd,58.23,77.39,73.9,17.42,29.915799560708297
2009-06-01,2009,6,Snake Gourd,58.09,72.37,81.93,19.06,32.811098620935404
2009-07-01,2009,7,Snake Gourd,58.53,72.32,77.9,16.58,28.327305096010424
2009-08-01,2009,8,Snake Gourd,58.71,78.53,82.13,21.62,36.825009666139216
2009-09-01,2009,9,Snake Gourd,62.87,78.26,79.89,16.21,25.783321483503286
2009-10-01,2009,10,Snake Gourd,48.29,60.85,61.4,12.84,26.589300912609417
2009-11-01,2009,11,Snake Gourd,53.11,65.41,71.5,15.34,28.883395060449896
2009-12-01,2009,12,Snake Gourd,67.17,84.67,96.68,23.51,35.000692272305685
2010-01-01,2010,1,Snake Gourd,69.07,83.27,96.13,20.63,29.868206358467702
2010-02-01,2010,2,Snake Gourd,64.23,84.26,82.02,18.91,29.441025313676917
2010-03-01,2010,3,Snake Gourd,67.03,84.33,91.88,21.07,31.4336395141884
2010-04-01,2010,4,Snake Gourd,73.95,102.02,100.19,27.15,36.713946296218666
2010-05-01,2010,5,Snake Gourd,60.37,80.68,83.98,21.96,36.37562303193137
2010-06-01,2010,6,Snake Gourd,66.36,89.26,88.79,22.67,34.16209439105728
2010-07-01,2010,7,Snake Gourd,73.43,96.6,103.68,26.71,36.37472916419833
2010-08-01,2010,8,Snake Gourd,63.57,76.41,81.86,15.56,24.47691603442499
2010-09-01,2010,9,Snake Gourd,63.61,85.66,86.63,22.53,35.41890360178651
2010-10-01,2010,10,Snake Gourd,63.67,88.74,84.89,23.14,36.34358984829614
2010-11-01,2010,11,Snake Gourd,58.12,76.66,74.72,17.57,30.230505453362948
2010-12-01,2010,12,Snake Gourd,65.59,79.69,92.82,20.66,31.49865604717785
2011-01-01,2011,1,Snake Gourd,83.97,117.5,116.57,33.06,39.37115711425853
2011-02-01,2011,2,Snake Gourd,78.48,100.99,112.58,28.3,36.06009676338333
2011-03-01,2011,3,Snake Gourd,74.09,96.26,95.54,21.81,29.437131276648294
2011-04-01,2011,4,Snake Gourd,90.67,119.85,122.09,30.3,33.417852191626565
2011-05-01,2011,5,Snake Gourd,80.43,105.18,103.31,23.82,29.61577817259956
2011-06-01,2011,6,Snake Gourd,63.8,85.81,83.52,20.86,32.69587351743963
2011-07-01,2011,7,Snake Gourd,79.26,101.96,108.52,25.98,32.778156979362876
2011-08-01,2011,8,Snake Gourd,54.17,66.93,68.52,13.56,25.03225949370594
2011-09-01,2011,9,Snake Gourd,86.98,119.85,115.74,30.81,35.42189535307501
2011-10-01,2011,10,Snake Gourd,58.22,76.06,74.16,16.89,29.010599432154876
2011-11-01,2011,11,Snake Gourd,59.16,73.13,81.97,18.39,31.085140153583247
2011-12-01,2011,12,Snake Gourd,71.3,89.21,96.5,21.56,30.238386762430903
2012-01-01,2012,1,Snake Gourd,82.53,113.61,118.57,33.56,40.663951697623055
2012-02-01,2012,2,Snake Gourd,72.11,95.03,103.19,27.0,37.44274380426597
2012-03-01,2012,3,Snake Gourd,75.91,94.31,107.44,24.97,32.894173502603735
2012-04-01,2012,4,Snake Gourd,74.09,93.14,104.13,24.54,33.121834091194366
2012-05-01,2012,5,Snake Gourd,84.93,117.72,112.77,30.31,35.688171802458726
2012-06-01,2012,6,Snake Gourd,74.56,96.63,99.75,23.63,31.692554060415688
2012-07-01,2012,7,Snake Gourd,83.56,106.49,114.22,26.79,32.06075627003797
2012-08-01,2012,8,Snake Gourd,67.75,86.81,88.41,19.86,29.313609869210524
2012-09-01,2012,9,Snake Gourd,67.84,81.88,85.54,15.87,23.393243818921253
2012-10-01,2012,10,Snake Gourd,60.2,82.28,76.5,19.19,31.877023460093916
2012-11-01,2012,11,Snake Gourd,66.93,81.4,90.16,18.85,28.163711095605713
2012-12-01,2012,12,Snake Gourd,71.4,97.52,94.86,24.79,34.71983932795612
2013-01-01,2013,1,Snake Gourd,81.05,110.97,105.1,26.98,33.28805269826935
2013-02-01,2013,2,Snake Gourd,97.16,122.19,133.22,30.54,31.43265599767806
2013-03-01,2013,3,Snake Gourd,70.0,84.61,95.32,19.96,28.514244979650027
2013-04-01,2013,4,Snake Gourd,85.78,116.12,120.17,32.36,37.72436730663639
2013-05-01,2013,5,Snake Gourd,83.91,104.2,120.3,28.34,33.774241718219855
2013-06-01,2013,6,Snake Gourd,72.16,98.25,96.26,25.1,34.78376554356216
2013-07-01,2013,7,Snake Gourd,85.38,106.94,109.97,23.08,27.03206016390236
2013-08-01,2013,8,Snake Gourd,67.51,88.04,95.48,24.25,35.920551147161675
2013-09-01,2013,9,Snake Gourd,86.07,115.99,118.91,31.38,36.45865405059365
2013-10-01,2013,10,Snake Gourd,85.22,112.86,115.4,28.91,33.92392170391727
2013-11-01,2013,11,Snake Gourd,67.53,90.62,88.86,22.21,32.88903762914611
2013-12-01,2013,12,Snake Gourd,70.87,91.28,95.15,22.34,31.522461517621675
2014-01-01,2014,1,Snake Gourd,85.3,107.17,117.86,27.22,31.91086528620717
2014-02-01,2014,2,Snake Gourd,92.49,118.63,123.53,28.59,30.91141646511356
2014-03-01,2014,3,Snake Gourd,79.43,104.23,114.25,29.81,37.52985329239167
2014-04-01,2014,4,Snake Gourd,73.26,91.19,94.95,19.81,27.04064013016635
2014-05-01,2014,5,Snake Gourd,74.32,95.18,100.59,23.57,31.714166154243607
2014-06-01,2014,6,Snake Gourd,78.14,100.16,101.73,22.8,29.17836040650063
2014-07-01,2014,7,Snake Gourd,77.96,106.25,106.29,28.31,36.31344751994931
2014-08-01,2014,8,Snake Gourd,83.5,108.08,118.91,29.99,35.91612465134772
2014-09-01,2014,9,Snake Gourd,91.48,125.71,121.67,32.21,35.20984345229181
2014-10-01,2014,10,Snake Gourd,81.39,103.39,106.43,23.52,28.897863499369087
2014-11-01,2014,11,Snake Gourd,81.23,104.94,110.0,26.24,32.303296438143
2014-12-01,2014,12,Snake Gourd,84.06,116.66,112.53,30.53,36.31925253479355
2015-01-01,2015,1,Snake Gourd,110.96,140.74,148.03,33.43,30.127946892621765
2015-02-01,2015,2,Snake Gourd,108.08,150.79,137.01,35.82,33.14208628600455
2015-03-01,2015,3,Snake Gourd,90.42,113.01,118.31,25.24,27.914147407490148
2015-04-01,2015,4,Snake Gourd,73.44,101.51,105.04,29.84,40.63175295240611
2015-05-01,2015,5,Snake Gourd,113.41,152.14,153.81,39.56,34.882254755087956
2015-06-01,2015,6,Snake Gourd,70.79,91.47,99.06,24.47,34.566980411102676
2015-07-01,2015,7,Snake Gourd,99.41,127.69,126.34,27.61,27.773837869592725
2015-08-01,2015,8,Snake Gourd,102.88,124.01,145.8,32.03,31.133328991709767
2015-09-01,2015,9,Snake Gourd,86.21,107.57,117.09,26.12,30.29807412356557
2015-10-01,2015,10,Snake Gourd,79.29,97.12,111.7,25.12,31.681130431163535
2015-11-01,2015,11,Snake Gourd,90.25,124.53,128.65,36.34,40.26588336190209
2015-12-01,2015,12,Snake Gourd,93.48,130.72,131.72,37.74,40.37222895568148
2016-01-01,2016,1,Snake Gourd,125.74,166.48,165.11,40.06,31.85936705951403
2016-02-01,2016,2,Snake Gourd,133.45,164.84,191.95,44.95,33.683002110901384
2016-03-01,2016,3,Snake Gourd,90.31,110.28,127.83,28.74,31.82368306534928
2016-04-01,2016,4,Snake Gourd,113.28,146.33,156.71,38.24,33.75703234725252
2016-05-01,2016,5,Snake Gourd,86.52,117.86,122.44,33.63,38.86958059456704
2016-06-01,2016,6,Snake Gourd,123.22,168.74,176.52,49.41,40.09897735840175
2016-07-01,2016,7,Snake Gourd,85.46,104.32,110.91,22.16,25.930229428704155
2016-08-01,2016,8,Snake Gourd,85.78,111.27,111.88,25.79,30.065248233564656
2016-09-01,2016,9,Snake Gourd,87.84,120.71,114.5,29.76,33.87974285093026
2016-10-01,2016,10,Snake Gourd,76.86,102.82,104.79,26.94,35.05069600481915
2016-11-01,2016,11,Snake Gourd,94.27,117.56,121.73,25.38,26.922640370594703
2016-12-01,2016,12,Snake Gourd,106.94,129.7,150.05,32.94,30.802290254076816
2017-01-01,2017,1,Snake Gourd,132.17,179.7,166.23,40.8,30.86931159165348
2017-02-01,2017,2,Snake Gourd,120.45,149.74,169.46,39.15,32.50308634031852
2017-03-01,2017,3,Snake Gourd,97.24,122.16,127.74,27.71,28.496474191203017
2017-04-01,2017,4,Snake Gourd,118.19,161.23,149.32,37.08,31.373186079037076
2017-05-01,2017,5,Snake Gourd,101.4,130.37,136.71,32.14,31.69622120688243
2017-06-01,2017,6,Snake Gourd,103.19,143.6,131.44,34.33,33.26869534965079
2017-07-01,2017,7,Snake Gourd,114.98,147.93,163.44,40.7,35.39742964217286
2017-08-01,2017,8,Snake Gourd,80.45,112.38,107.33,29.4,36.54439211386934
2017-09-01,2017,9,Snake Gourd,78.86,106.21,100.47,24.48,31.04231417408804
2017-10-01,2017,10,Snake Gourd,88.17,113.75,121.75,29.58,33.54878808122027
2017-11-01,2017,11,Snake Gourd,82.99,113.99,118.51,33.26,40.07706943358304
2017-12-01,2017,12,Snake Gourd,133.82,165.01,193.92,45.64,34.10548938462907
2018-01-01,2018,1,Snake Gourd,112.48,142.42,155.76,36.61,32.54797959816892
2018-02-01,2018,2,Snake Gourd,85.69,116.36,114.49,29.74,34.70645967270431
2018-03-01,2018,3,Snake Gourd,86.99,116.17,111.95,27.07,31.118483597558804
2018-04-01,2018,4,Snake Gourd,93.98,119.8,129.05,30.44,32.38983572054084
2018-05-01,2018,5,Snake Gourd,92.41,112.74,126.4,27.16,29.39072677120791
2018-06-01,2018,6,Snake Gourd,131.85,171.34,176.0,41.82,31.717837149914946
2018-07-01,2018,7,Snake Gourd,142.07,192.0,205.35,56.6,39.83948768952792
2018-08-01,2018,8,Snake Gourd,144.09,175.51,201.9,44.61,30.959795294749604
2018-09-01,2018,9,Snake Gourd,99.06,132.23,124.09,29.1,29.376106020486553
2018-10-01,2018,10,Snake Gourd,85.92,107.52,112.27,23.97,27.89801222298391
2018-11-01,2018,11,Snake Gourd,97.22,129.65,123.39,29.3,30.137800722278623
2018-12-01,2018,12,Snake Gourd,107.32,142.81,153.44,40.81,38.02642748189762
2019-01-01,2019,1,Snake Gourd,139.82,180.25,183.49,42.05,30.07435983810625
2019-02-01,2019,2,Snake Gourd,105.53,141.82,135.36,33.06,31.327554887183844
2019-03-01,2019,3,Snake Gourd,135.49,168.37,180.03,38.71,28.570353110670077
2019-04-01,2019,4,Snake Gourd,99.5,127.54,141.33,34.94,35.11554259744462
2019-05-01,2019,5,Snake Gourd,96.93,129.8,124.02,29.98,30.92950487000426
2019-06-01,2019,6,Snake Gourd,159.07,220.08,210.64,56.29,35.38691432267912
2019-07-01,2019,7,Snake Gourd,118.27,161.16,159.37,42.0,35.51193412367116
2019-08-01,2019,8,Snake Gourd,138.65,174.77,200.48,48.97,35.31912346258675
2019-09-01,2019,9,Snake Gourd,127.26,174.33,179.22,49.52,38.91243209772741
2019-10-01,2019,10,Snake Gourd,130.42,170.89,167.78,38.92,29.84202588404702
2019-11-01,2019,11,Snake Gourd,94.49,122.72,126.72,30.23,31.992769612901245
2019-12-01,2019,12,Snake Gourd,137.99,190.01,176.55,45.29,32.82119514370958
2020-01-01,2020,1,Snake Gourd,122.71,154.74,161.78,35.55,28.970720421546392
2020-02-01,2020,2,Snake Gourd,105.61,137.63,151.18,38.8,36.73891038830566
2020-03-01,2020,3,Snake Gourd,107.28,149.87,153.05,44.18,41.1819153785278
2020-04-01,2020,4,Snake Gourd,177.72,237.13,247.96,64.82,36.473083235942354
2020-05-01,2020,5,Snake Gourd,161.22,205.25,224.72,53.76,33.34571805872841
2020-06-01,2020,6,Snake Gourd,117.49,164.23,150.53,39.89,33.95179678968696
2020-07-01,2020,7,Snake Gourd,140.32,191.88,202.94,57.09,40.68554683185089
2020-08-01,2020,8,Snake Gourd,121.46,150.08,153.82,30.49,25.102893872144023
2020-09-01,2020,9,Snake Gourd,153.44,210.6,213.41,58.56,38.16473008033754
2020-10-01,2020,10,Snake Gourd,89.42,117.97,125.0,32.06,35.85323657656389
2020-11-01,2020,11,Snake Gourd,101.81,123.13,138.09,28.8,28.287959642510906
2020-12-01,2020,12,Snake Gourd,138.49,175.88,194.99,46.94,33.89411950745937
2021-01-01,2021,1,Snake Gourd,111.53,143.49,161.62,41.03,36.78827509345011
2021-02-01,2021,2,Snake Gourd,133.33,170.28,192.12,47.87,35.90337065673842
2021-03-01,2021,3,Snake Gourd,130.07,170.03,183.79,46.84,36.011350802375034
2021-04-01,2021,4,Snake Gourd,169.43,214.61,214.23,44.99,26.55372333487379
2021-05-01,2021,5,Snake Gourd,123.82,162.72,173.36,44.22,35.71310312299861
2021-06-01,2021,6,Snake Gourd,154.13,186.75,214.04,46.26,30.0136053892134
2021-07-01,2021,7,Snake Gourd,172.08,225.27,223.25,52.18,30.323087910804325
2021-08-01,2021,8,Snake Gourd,137.75,166.94,178.94,35.19,25.54626094645303
2021-09-01,2021,9,Snake Gourd,128.72,176.89,163.0,41.22,32.02297077146459
2021-10-01,2021,10,Snake Gourd,130.59,156.95,164.61,30.19,23.118138358114436
2021-11-01,2021,11,Snake Gourd,130.94,163.34,187.59,44.53,34.00791659697832
2021-12-01,2021,12,Snake Gourd,114.03,149.77,160.45,41.08,36.025575703257296
2022-01-01,2022,1,Snake Gourd,106.18,143.97,142.1,36.85,34.70518486985791
2022-02-01,2022,2,Snake Gourd,135.4,182.39,177.04,44.31,32.72523432405146
2022-03-01,2022,3,Snake Gourd,123.12,158.99,177.28,45.02,36.56592221741211
2022-04-01,2022,4,Snake Gourd,115.79,140.04,158.39,33.42,28.86257115245604
2022-05-01,2022,5,Snake Gourd,154.26,198.7,205.17,47.68,30.90883514272323
2022-06-01,2022,6,Snake Gourd,146.97,203.09,191.36,50.26,34.19743199467102
2022-07-01,2022,7,Snake Gourd,168.92,210.4,223.98,48.27,28.575640199123733
2022-08-01,2022,8,Snake Gourd,133.21,180.12,183.66,48.68,36.54377558458405
2022-09-01,2022,9,Snake Gourd,120.64,163.75,153.13,37.8,31.332865274481694
2022-10-01,2022,10,Snake Gourd,128.12,156.79,184.26,42.4,33.093948568569644
2022-11-01,2022,11,Snake Gourd,92.84,116.85,120.35,25.76,27.74663103551159
2022-12-01,2022,12,Snake Gourd,99.63,134.09,129.07,31.95,32.06862183215715
2023-01-01,2023,1,Snake Gourd,138.48,179.42,190.93,46.7,33.723256987827135
2023-02-01,2023,2,Snake Gourd,204.87,254.43,266.69,55.69,27.183078448245983
2023-03-01,2023,3,Snake Gourd,124.42,172.7,174.05,48.96,39.35055509519764
2023-04-01,2023,4,Snake Gourd,125.29,151.68,160.39,30.74,24.535059034991587
2023-05-01,2023,5,Snake Gourd,109.89,151.84,152.5,42.28,38.47480346273231
2023-06-01,2023,6,Snake Gourd,173.55,224.43,244.41,60.87,35.0734456505643
2023-07-01,2023,7,Snake Gourd,120.92,167.83,161.48,43.74,36.17264623499319
2023-08-01,2023,8,Snake Gourd,118.95,161.63,168.04,45.88,38.570795652967085
2023-09-01,2023,9,Snake Gourd,122.29,146.96,169.25,35.82,29.291005567907785
2023-10-01,2023,10,Snake Gourd,120.48,153.87,171.91,42.41,35.200833996651724
2023-11-01,2023,11,Snake Gourd,183.77,240.3,253.42,63.09,34.33093849325869
2023-12-01,2023,12,Snake Gourd,121.38,165.57,153.17,37.99,31.298375928179333
2024-01-01,2024,1,Snake Gourd,147.31,177.25,194.83,38.73,26.291476280309357
2024-02-01,2024,2,Snake Gourd,189.37,235.45,255.2,55.95,29.54531892838415
2024-03-01,2024,3,Snake Gourd,132.44,184.56,181.53,50.6,38.20595121870189
2024-04-01,2024,4,Snake Gourd,133.47,162.68,191.33,43.54,32.62153845692781
2024-05-01,2024,5,Snake Gourd,146.19,182.43,208.58,49.32,33.73689463239987
2024-06-01,2024,6,Snake Gourd,169.38,229.51,217.71,54.23,32.01674813038839
2024-07-01,2024,7,Snake Gourd,224.46,294.46,317.95,81.74,36.41627175609384
2024-08-01,2024,8,Snake Gourd,188.0,254.14,240.49,59.32,31.553174705758135
2024-09-01,2024,9,Snake Gourd,140.48,177.9,202.05,49.5,35.236307491238975
2024-10-01,2024,10,Snake Gourd,136.71,191.37,180.88,49.41,36.14217237790038
2024-11-01,2024,11,Snake Gourd,116.62,141.75,161.9,35.2,30.183476090313764
2024-12-01,2024,12,Snake Gourd,151.15,190.81,213.09,50.8,33.60897544890807
2025-01-01,2025,1,Snake Gourd,209.82,267.5,281.42,64.64,30.807344005650556
2025-02-01,2025,2,Snake Gourd,188.03,251.74,244.03,59.86,31.835328492619
2025-03-01,2025,3,Snake Gourd,244.98,318.13,328.81,78.49,32.039337072684674
2025-04-01,2025,4,Snake Gourd,164.02,209.72,209.6,45.64,27.825857928388043
2025-05-01,2025,5,Snake Gourd,160.64,202.14,210.9,45.88,28.560739192766945
2025-06-01,2025,6,Snake Gourd,156.66,208.7,198.24,46.81,29.879975820263105
2025-07-01,2025,7,Snake Gourd,200.1,273.85,265.99,69.82,34.89253628558906
2025-08-01,2025,8,Snake Gourd,246.06,338.07,327.69,86.82,35.28406271475952
2000-01-01,2000,1,Tomato,48.52,66.73,63.78,16.74,34.50116549636129
2000-02-01,2000,2,Tomato,59.92,79.06,84.93,22.08,36.84907067912102
2000-03-01,2000,3,Tomato,59.45,78.65,84.68,22.22,37.37588330381277
2000-04-01,2000,4,Tomato,59.62,72.16,76.93,14.93,25.041890235004637
2000-05-01,2000,5,Tomato,59.44,79.4,75.18,17.85,30.030232116029413
2000-06-01,2000,6,Tomato,50.55,66.46,64.58,14.97,29.614184739496064
2000-07-01,2000,7,Tomato,58.2,73.0,74.12,15.36,26.391707230743588
2000-08-01,2000,8,Tomato,57.54,73.71,81.41,20.02,34.793126880210494
2000-09-01,2000,9,Tomato,55.85,77.55,72.6,19.22,34.41354626043641
2000-10-01,2000,10,Tomato,46.53,64.45,67.45,19.42,41.73642437905786
2000-11-01,2000,11,Tomato,54.19,74.33,76.13,21.04,38.826280076988226
2000-12-01,2000,12,Tomato,53.22,71.41,67.61,16.29,30.60873617298727
2001-01-01,2001,1,Tomato,55.69,71.1,71.46,15.59,27.994203637630388
2001-02-01,2001,2,Tomato,61.02,84.6,83.77,23.16,37.95470672778314
2001-03-01,2001,3,Tomato,58.64,73.79,83.83,20.17,34.39625785085633
2001-04-01,2001,4,Tomato,66.64,83.01,87.69,18.71,28.07618836106188
2001-05-01,2001,5,Tomato,57.07,71.29,75.61,16.38,28.701544241205113
2001-06-01,2001,6,Tomato,64.89,82.47,87.35,20.02,30.85216388940686
2001-07-01,2001,7,Tomato,64.82,83.61,83.59,18.78,28.97249464286541
2001-08-01,2001,8,Tomato,62.59,81.48,83.52,19.91,31.810142498574052
2001-09-01,2001,9,Tomato,61.81,81.38,88.06,22.91,37.0651398396055
2001-10-01,2001,10,Tomato,49.43,65.53,67.15,16.91,34.20992472198114
2001-11-01,2001,11,Tomato,57.43,76.52,79.55,20.6,35.86969202561027
2001-12-01,2001,12,Tomato,52.83,66.93,73.97,17.62,33.35219884119091
2002-01-01,2002,1,Tomato,60.74,74.14,85.67,19.16,31.544235192237085
2002-02-01,2002,2,Tomato,59.65,75.36,76.52,16.29,27.309258492441753
2002-03-01,2002,3,Tomato,64.64,87.37,81.41,19.75,30.553789366043677
2002-04-01,2002,4,Tomato,68.74,82.58,87.34,16.22,23.596125114743796
2002-05-01,2002,5,Tomato,63.45,79.88,83.91,18.44,29.062207939782603
2002-06-01,2002,6,Tomato,64.29,85.58,92.18,24.59,38.24850171332755
2002-07-01,2002,7,Tomato,53.7,68.34,70.79,15.87,29.55301759214601
2002-08-01,2002,8,Tomato,58.81,80.08,78.68,20.57,34.9769852457316
2002-09-01,2002,9,Tomato,57.99,79.78,82.54,23.17,39.95509578359064
2002-10-01,2002,10,Tomato,60.88,75.67,87.32,20.61,33.85342665337277
2002-11-01,2002,11,Tomato,62.99,80.14,85.55,19.85,31.51288853327745
2002-12-01,2002,12,Tomato,64.61,90.19,88.77,24.87,38.49243384548236
2003-01-01,2003,1,Tomato,68.08,94.0,93.18,25.51,37.47056775768544
2003-02-01,2003,2,Tomato,68.0,83.78,94.71,21.24,31.23524818345855
2003-03-01,2003,3,Tomato,72.32,91.73,101.16,24.13,33.36555120913826
2003-04-01,2003,4,Tomato,67.83,85.73,94.17,22.12,32.610891035100934
2003-05-01,2003,5,Tomato,71.43,98.54,97.77,26.72,37.407199485930995
2003-06-01,2003,6,Tomato,61.45,80.35,80.22,18.83,30.64274915744644
2003-07-01,2003,7,Tomato,66.44,82.51,92.38,21.01,31.622468960763157
2003-08-01,2003,8,Tomato,62.54,84.62,86.43,22.99,36.76041451804522
2003-09-01,2003,9,Tomato,63.0,82.18,80.67,18.43,29.253921819171712
2003-10-01,2003,10,Tomato,62.74,77.11,82.76,17.2,27.41468375090253
2003-11-01,2003,11,Tomato,71.95,95.07,101.46,26.31,36.56700963584484
2003-12-01,2003,12,Tomato,56.64,69.12,76.6,16.22,28.636955090121656
2004-01-01,2004,1,Tomato,73.58,95.78,98.9,23.76,32.29133964210432
2004-02-01,2004,2,Tomato,70.9,90.62,97.13,22.97,32.39769760550408
2004-03-01,2004,3,Tomato,69.06,89.84,99.54,25.63,37.112601922093944
2004-04-01,2004,4,Tomato,83.75,105.8,109.13,23.71,28.310413957714676
2004-05-01,2004,5,Tomato,73.18,87.97,102.19,21.9,29.926168452899077
2004-06-01,2004,6,Tomato,80.33,110.99,104.37,27.35,34.04701351050229
2004-07-01,2004,7,Tomato,64.11,87.06,82.13,20.48,31.94504454056381
2004-08-01,2004,8,Tomato,80.51,109.11,101.15,24.62,30.58001418455573
2004-09-01,2004,9,Tomato,69.73,91.36,97.65,24.78,35.5370205979914
2004-10-01,2004,10,Tomato,77.48,95.06,103.48,21.79,28.123350382872506
2004-11-01,2004,11,Tomato,67.63,92.16,92.35,24.62,36.403908910381624
2004-12-01,2004,12,Tomato,64.15,89.61,80.31,20.81,32.439544131653726
2005-01-01,2005,1,Tomato,68.98,88.18,86.29,18.26,26.4714026219156
2005-02-01,2005,2,Tomato,79.5,110.01,100.9,25.96,32.65404697604154
2005-03-01,2005,3,Tomato,84.25,109.46,112.9,26.93,31.964353751508902
2005-04-01,2005,4,Tomato,81.34,113.28,109.55,30.07,36.96823583939533
2005-05-01,2005,5,Tomato,83.55,112.76,116.87,31.27,37.42664580892183
2005-06-01,2005,6,Tomato,80.16,106.23,104.74,25.33,31.59926197696859
2005-07-01,2005,7,Tomato,83.68,105.06,113.45,25.57,30.556846848892388
2005-08-01,2005,8,Tomato,66.31,84.04,90.02,20.72,31.24712524939639
2005-09-01,2005,9,Tomato,62.63,83.87,88.96,23.78,37.96896380494363
2005-10-01,2005,10,Tomato,67.86,83.08,88.25,17.8,26.23043585258495
2005-11-01,2005,11,Tomato,69.54,85.59,88.3,17.4,25.021534337741812
2005-12-01,2005,12,Tomato,74.91,103.97,105.61,29.88,39.887812190879465
2006-01-01,2006,1,Tomato,84.02,105.01,121.78,29.38,34.967823175644874
2006-02-01,2006,2,Tomato,84.81,105.32,118.28,26.99,31.824039825445315
2006-03-01,2006,3,Tomato,85.04,102.52,115.31,23.87,28.06911092531641
2006-04-01,2006,4,Tomato,93.95,113.25,134.23,29.79,31.70832175803964
2006-05-01,2006,5,Tomato,83.63,116.8,107.78,28.66,34.269957826189376
2006-06-01,2006,6,Tomato,70.31,87.26,101.35,23.99,34.1202757498567
2006-07-01,2006,7,Tomato,80.89,109.51,106.82,27.28,33.72476978023269
2006-08-01,2006,8,Tomato,75.78,95.67,104.88,24.49,32.3171914526373
2006-09-01,2006,9,Tomato,78.88,108.94,110.12,30.65,38.85644161201621
2006-10-01,2006,10,Tomato,77.15,99.63,109.12,27.22,35.281872609367966
2006-11-01,2006,11,Tomato,74.04,98.17,94.91,22.5,30.388937886361575
2006-12-01,2006,12,Tomato,81.9,108.92,118.51,31.82,38.85221141366127
2007-01-01,2007,1,Tomato,74.78,94.19,95.55,20.09,26.8654361253863
2007-02-01,2007,2,Tomato,89.94,107.98,115.75,21.93,24.38289483778648
2007-03-01,2007,3,Tomato,85.91,113.65,119.01,30.42,35.4091078930184
2007-04-01,2007,4,Tomato,81.79,105.7,117.98,30.05,36.74038789535653
2007-05-01,2007,5,Tomato,87.56,110.1,111.07,23.02,26.29051360151484
2007-06-01,2007,6,Tomato,96.19,132.72,131.48,35.91,37.33232422047591
2007-07-01,2007,7,Tomato,80.97,100.89,112.14,25.54,31.54250766641019
2007-08-01,2007,8,Tomato,82.27,98.83,118.44,26.36,32.04080218694276
2007-09-01,2007,9,Tomato,79.55,100.16,101.66,21.36,26.85100332997696
2007-10-01,2007,10,Tomato,82.28,110.05,106.28,25.88,31.453534937366385
2007-11-01,2007,11,Tomato,91.22,120.41,127.45,32.71,35.85832508405494
2007-12-01,2007,12,Tomato,88.82,122.53,127.04,35.97,40.49759007251737
2008-01-01,2008,1,Tomato,107.32,142.76,138.38,33.25,30.98208070995089
2008-02-01,2008,2,Tomato,82.05,100.99,117.18,27.04,32.95547476480833
2008-03-01,2008,3,Tomato,99.1,121.29,143.65,33.37,33.673023538825895
2008-04-01,2008,4,Tomato,84.1,116.84,119.08,33.86,40.261545467841295
2008-05-01,2008,5,Tomato,90.15,122.24,121.12,31.53,34.975002800884305
2008-06-01,2008,6,Tomato,89.66,122.51,124.71,33.95,37.865226561201695
2008-07-01,2008,7,Tomato,88.43,110.7,125.56,29.7,33.585849162219645
2008-08-01,2008,8,Tomato,93.58,124.76,117.15,27.38,29.258357278951397
2008-09-01,2008,9,Tomato,83.88,112.34,112.53,28.56,34.048600323557075
2008-10-01,2008,10,Tomato,79.22,109.53,109.06,30.08,37.97016161302497
2008-11-01,2008,11,Tomato,76.58,93.32,96.44,18.3,23.896547536500997
2008-12-01,2008,12,Tomato,93.29,120.77,120.02,27.1,29.049170276374447
2009-01-01,2009,1,Tomato,100.17,131.79,130.28,30.86,30.807596278729875
2009-02-01,2009,2,Tomato,96.58,135.19,121.55,31.79,32.91568345860068
2009-03-01,2009,3,Tomato,111.66,147.81,161.63,43.06,38.56346179163372
2009-04-01,2009,4,Tomato,113.42,146.61,143.72,31.75,27.993274560681925
2009-05-01,2009,5,Tomato,123.62,159.7,168.22,40.34,32.632233754866725
2009-06-01,2009,6,Tomato,84.95,115.34,116.27,30.85,36.31543694474757
2009-07-01,2009,7,Tomato,104.86,136.08,133.36,29.86,28.476036166282505
2009-08-01,2009,8,Tomato,100.62,139.33,136.4,37.25,37.020436274660824
2009-09-01,2009,9,Tomato,107.63,131.93,150.7,33.68,31.29236152340284
2009-10-01,2009,10,Tomato,80.88,112.34,108.69,29.64,36.64683896285984
2009-11-01,2009,11,Tomato,114.56,145.88,156.62,36.69,32.02685751845537
2009-12-01,2009,12,Tomato,93.14,122.64,117.55,26.96,28.945642102595983
2010-01-01,2010,1,Tomato,105.07,144.33,145.23,39.71,37.7938157477722
2010-02-01,2010,2,Tomato,121.25,149.66,174.79,40.97,33.789662853886306
2010-03-01,2010,3,Tomato,99.41,127.64,135.63,32.22,32.41119363123063
2010-04-01,2010,4,Tomato,103.9,137.77,138.37,34.17,32.887360069913306
2010-05-01,2010,5,Tomato,101.95,142.35,135.65,37.05,36.34130814977131
2010-06-01,2010,6,Tomato,109.89,145.6,144.36,35.09,31.93190287387126
2010-07-01,2010,7,Tomato,107.67,142.32,136.55,31.76,29.49751137966808
2010-08-01,2010,8,Tomato,96.42,128.5,130.23,32.94,34.16300128292752
2010-09-01,2010,9,Tomato,86.43,106.43,118.43,26.0,30.08211259734745
2010-10-01,2010,10,Tomato,90.67,114.42,122.69,27.88,30.748835613945495
2010-11-01,2010,11,Tomato,113.95,152.48,162.15,43.36,38.05174370184844
2010-12-01,2010,12,Tomato,91.76,119.75,117.63,26.93,29.348267929089
2011-01-01,2011,1,Tomato,116.17,142.43,151.65,30.87,26.573102717480666
2011-02-01,2011,2,Tomato,111.79,153.86,154.53,42.4,37.928224413431955
2011-03-01,2011,3,Tomato,112.29,153.62,161.49,45.26,40.306313735583096
2011-04-01,2011,4,Tomato,143.51,176.94,207.72,48.82,34.0185115890798
2011-05-01,2011,5,Tomato,140.42,191.63,194.69,52.74,37.55872556706626
2011-06-01,2011,6,Tomato,114.02,144.62,165.23,40.9,35.87086838197827
2011-07-01,2011,7,Tomato,97.54,124.19,133.16,31.13,31.915079029035233
2011-08-01,2011,8,Tomato,106.71,146.41,135.89,34.44,32.27435828473593
2011-09-01,2011,9,Tomato,96.41,133.17,133.62,36.98,38.35697712169161
2011-10-01,2011,10,Tomato,107.19,138.15,147.23,35.5,33.11873018123875
2011-11-01,2011,11,Tomato,119.33,160.96,166.16,44.23,37.06525009197176
2011-12-01,2011,12,Tomato,102.0,123.22,139.47,29.34,28.764677681688543
2012-01-01,2012,1,Tomato,105.67,132.67,136.98,29.15,27.585854465927444
2012-02-01,2012,2,Tomato,154.67,187.08,213.93,45.84,29.63727313811784
2012-03-01,2012,3,Tomato,118.19,162.12,166.63,46.18,39.0726465245397
2012-04-01,2012,4,Tomato,119.91,148.54,157.28,33.0,27.52061752929903
2012-05-01,2012,5,Tomato,109.02,132.84,136.51,25.66,23.536944104802693
2012-06-01,2012,6,Tomato,149.11,181.49,208.66,45.96,30.82286176456189
2012-07-01,2012,7,Tomato,130.47,166.1,183.81,44.48,34.09210232842621
2012-08-01,2012,8,Tomato,146.83,204.17,188.33,49.42,33.65794888105368
2012-09-01,2012,9,Tomato,109.25,134.74,144.26,30.25,27.68876184095026
2012-10-01,2012,10,Tomato,109.2,141.8,157.17,40.28,36.886413107680305
2012-11-01,2012,11,Tomato,106.26,134.59,148.48,35.27,33.19213891197166
2012-12-01,2012,12,Tomato,118.18,145.69,148.36,28.84,24.403431711430265
2013-01-01,2013,1,Tomato,155.24,193.49,217.45,50.23,32.356330613031034
2013-02-01,2013,2,Tomato,146.54,200.11,212.15,59.59,40.66463718804614
2013-03-01,2013,3,Tomato,105.06,132.37,138.92,30.58,29.1071491460602
2013-04-01,2013,4,Tomato,127.24,176.67,172.55,47.37,37.228829590671495
2013-05-01,2013,5,Tomato,152.0,193.88,215.02,52.45,34.50655624568668
2013-06-01,2013,6,Tomato,102.25,141.1,129.86,33.23,32.49874572249807
2013-07-01,2013,7,Tomato,118.45,157.23,154.34,37.33,31.515380738386877
2013-08-01,2013,8,Tomato,130.08,174.47,170.56,42.43,32.61836360826905
2013-09-01,2013,9,Tomato,137.09,172.08,173.56,35.73,26.063151168465115
2013-10-01,2013,10,Tomato,132.78,161.39,183.97,39.9,30.04968364988428
2013-11-01,2013,11,Tomato,100.84,135.54,138.71,36.28,35.97775091456673
2013-12-01,2013,12,Tomato,114.77,138.61,159.93,34.5,30.060094048885556
2014-01-01,2014,1,Tomato,134.69,172.75,170.08,36.73,27.27000722399048
2014-02-01,2014,2,Tomato,171.27,228.75,220.11,53.16,31.038692684829392
2014-03-01,2014,3,Tomato,133.84,169.12,170.34,35.89,26.815580681723937
2014-04-01,2014,4,Tomato,135.9,180.09,182.0,45.14,33.21557526447736
2014-05-01,2014,5,Tomato,115.72,159.39,165.16,46.55,40.22637381059989
2014-06-01,2014,6,Tomato,147.37,179.87,195.21,40.17,27.25790374031096
2014-07-01,2014,7,Tomato,138.62,183.36,190.62,48.37,34.89392952392907
2014-08-01,2014,8,Tomato,178.26,233.53,227.17,52.09,29.2213456628825
2014-09-01,2014,9,Tomato,129.42,164.17,177.95,41.64,32.17429131950911
2014-10-01,2014,10,Tomato,159.93,211.94,219.23,55.65,34.79645169983636
2014-11-01,2014,11,Tomato,122.45,150.57,166.38,36.02,29.41606417634612
2014-12-01,2014,12,Tomato,138.54,166.37,198.42,43.86,31.65870386985429
2015-01-01,2015,1,Tomato,152.29,203.03,211.04,54.74,35.9445558181392
2015-02-01,2015,2,Tomato,139.63,174.83,191.36,43.47,31.132255867466977
2015-03-01,2015,3,Tomato,169.51,205.15,228.78,47.46,27.99833166283307
2015-04-01,2015,4,Tomato,162.16,214.48,218.09,54.12,33.37442441143043
2015-05-01,2015,5,Tomato,132.58,181.43,189.57,52.92,39.91549259655106
2015-06-01,2015,6,Tomato,145.92,185.0,201.35,47.26,32.387587453681846
2015-07-01,2015,7,Tomato,115.71,149.51,144.97,31.53,27.249133826692745
2015-08-01,2015,8,Tomato,164.98,222.71,219.49,56.12,34.01622377486739
2015-09-01,2015,9,Tomato,128.12,167.68,173.27,42.36,33.06272786237288
2015-10-01,2015,10,Tomato,175.89,214.48,254.71,58.71,33.37879732855914
2015-11-01,2015,11,Tomato,109.8,146.56,156.04,41.5,37.79595829147696
2015-12-01,2015,12,Tomato,105.46,138.16,147.35,37.3,35.36882669369742
2016-01-01,2016,1,Tomato,179.77,235.28,237.06,56.4,31.373404142290624
2016-02-01,2016,2,Tomato,146.6,182.25,185.69,37.37,25.491114944669203
2016-03-01,2016,3,Tomato,177.35,239.62,225.58,55.25,31.15306955000307
2016-04-01,2016,4,Tomato,164.7,213.97,232.62,58.6,35.57982053441376
2016-05-01,2016,5,Tomato,143.09,197.44,191.31,51.28,35.837559691411215
2016-06-01,2016,6,Tomato,124.58,153.48,166.18,35.25,28.295048727686044
2016-07-01,2016,7,Tomato,151.44,201.29,206.07,52.24,34.495486994527866
2016-08-01,2016,8,Tomato,172.43,240.82,217.42,56.69,32.877090484781945
2016-09-01,2016,9,Tomato,127.6,163.03,184.91,46.37,36.340096912149754
2016-10-01,2016,10,Tomato,166.26,200.43,237.53,52.72,31.709351792763268
2016-11-01,2016,11,Tomato,115.94,152.52,151.38,36.01,31.059141746470804
2016-12-01,2016,12,Tomato,170.94,214.86,228.54,50.76,29.694612323264113
2017-01-01,2017,1,Tomato,158.36,220.76,225.42,64.73,40.87519520384238
2017-02-01,2017,2,Tomato,149.6,206.1,200.37,53.64,35.85559100562099
2017-03-01,2017,3,Tomato,141.62,176.43,181.13,37.16,26.23921321902752
2017-04-01,2017,4,Tomato,166.89,204.47,221.07,45.88,27.49114537051629
2017-05-01,2017,5,Tomato,214.65,288.42,298.61,78.87,36.74351887094392
2017-06-01,2017,6,Tomato,177.16,220.01,246.73,56.21,31.728363214967704
2017-07-01,2017,7,Tomato,139.17,177.22,188.59,43.74,31.429164741564463
2017-08-01,2017,8,Tomato,151.25,193.19,195.13,42.91,28.37022917670798
2017-09-01,2017,9,Tomato,196.36,235.97,272.98,58.11,29.59358851416351
2017-10-01,2017,10,Tomato,128.38,154.79,171.42,34.72,27.044689948052696
2017-11-01,2017,11,Tomato,126.77,170.56,180.23,48.62,38.35289236184242
2017-12-01,2017,12,Tomato,183.59,237.58,243.11,56.76,30.91669975668622
2018-01-01,2018,1,Tomato,188.68,238.9,258.62,60.08,31.842255754581423
2018-02-01,2018,2,Tomato,174.45,213.88,245.93,55.46,31.79132600095959
2018-03-01,2018,3,Tomato,241.51,330.14,327.38,87.25,36.126853493911845
2018-04-01,2018,4,Tomato,141.74,171.97,177.49,32.99,23.27499416184975
2018-05-01,2018,5,Tomato,135.49,180.81,173.07,41.45,30.592641085953883
2018-06-01,2018,6,Tomato,206.11,271.27,276.16,67.6,32.79800456163962
2018-07-01,2018,7,Tomato,201.23,249.22,263.34,55.05,27.356742356138568
2018-08-01,2018,8,Tomato,132.23,164.93,176.76,38.62,29.206663233257785
2018-09-01,2018,9,Tomato,202.85,250.11,267.75,56.08,27.646030245979663
2018-10-01,2018,10,Tomato,167.15,215.17,236.87,58.87,35.2198413282433
2018-11-01,2018,11,Tomato,130.24,173.15,173.87,43.27,33.22325458902443
2018-12-01,2018,12,Tomato,175.7,241.53,238.62,64.38,36.64198256005546
2019-01-01,2019,1,Tomato,224.1,288.32,284.82,62.47,27.87593579833298
2019-02-01,2019,2,Tomato,203.32,278.92,267.44,69.86,34.359613240402695
2019-03-01,2019,3,Tomato,213.14,277.52,286.33,68.78,32.269854429082095
2019-04-01,2019,4,Tomato,178.39,249.09,252.52,72.42,40.596423232006714
2019-05-01,2019,5,Tomato,243.87,303.07,353.59,84.46,34.63319201492926
2019-06-01,2019,6,Tomato,137.43,167.65,185.34,39.06,28.421721296862913
2019-07-01,2019,7,Tomato,148.24,206.47,198.07,54.03,36.447627868572674
2019-08-01,2019,8,Tomato,150.88,190.92,203.34,46.25,30.653479153314457
2019-09-01,2019,9,Tomato,214.05,286.25,297.25,77.7,36.29991296430134
2019-10-01,2019,10,Tomato,150.06,198.97,214.53,56.69,37.7781968691211
2019-11-01,2019,11,Tomato,193.97,245.6,257.51,57.58,29.684987531583474
2019-12-01,2019,12,Tomato,147.73,194.61,185.96,42.56,28.8092947882659
2020-01-01,2020,1,Tomato,179.87,250.14,228.42,59.41,33.02939176661379
2020-02-01,2020,2,Tomato,217.16,295.07,287.42,74.09,34.11768552326141
2020-03-01,2020,3,Tomato,183.31,234.98,240.42,54.39,29.671032856345615
2020-04-01,2020,4,Tomato,195.85,249.92,255.26,56.74,28.971136598858006
2020-05-01,2020,5,Tomato,169.94,211.71,217.46,44.65,26.27396359070049
2020-06-01,2020,6,Tomato,220.23,296.31,303.31,79.58,36.13493341736665
2020-07-01,2020,7,Tomato,164.26,201.77,218.46,45.86,27.919135566093047
2020-08-01,2020,8,Tomato,205.15,248.91,274.0,56.3,27.443320768549462
2020-09-01,2020,9,Tomato,150.28,184.65,190.17,37.13,24.707196761247832
2020-10-01,2020,10,Tomato,214.78,293.6,270.01,67.03,31.208664117392622
2020-11-01,2020,11,Tomato,159.37,192.6,203.98,38.92,24.42114298729812
2020-12-01,2020,12,Tomato,174.86,244.05,230.39,62.36,35.662795572002985
2021-01-01,2021,1,Tomato,171.92,215.22,247.66,59.52,34.62073370129497
2021-02-01,2021,2,Tomato,194.8,262.07,277.66,75.06,38.53180773521163
2021-03-01,2021,3,Tomato,264.26,329.87,333.79,67.57,25.5695051958279
2021-04-01,2021,4,Tomato,264.11,342.36,357.14,85.64,32.42587087733487
2021-05-01,2021,5,Tomato,265.86,350.75,373.09,96.06,36.13178510050963
2021-06-01,2021,6,Tomato,234.33,305.83,319.79,78.48,33.491216023891084
2021-07-01,2021,7,Tomato,161.89,204.05,207.7,43.99,27.172754850358366
2021-08-01,2021,8,Tomato,153.54,207.16,200.99,50.54,32.91648240427094
2021-09-01,2021,9,Tomato,245.24,325.64,315.27,75.21,30.66790463712908
2021-10-01,2021,10,Tomato,179.63,248.98,260.41,75.07,41.79143695850528
2021-11-01,2021,11,Tomato,197.76,253.51,269.88,63.94,32.33210339193801
2021-12-01,2021,12,Tomato,184.1,251.13,241.74,62.34,33.862013111345405
2022-01-01,2022,1,Tomato,183.23,227.64,241.9,51.54,28.128566212647375
2022-02-01,2022,2,Tomato,182.3,254.24,251.08,70.36,38.59570016692256
2022-03-01,2022,3,Tomato,283.13,376.38,408.05,109.08,38.52645833134662
2022-04-01,2022,4,Tomato,330.38,449.72,468.0,128.48,38.88854080496979
2022-05-01,2022,5,Tomato,188.19,249.02,242.4,57.52,30.564838426676005
2022-06-01,2022,6,Tomato,209.73,288.25,266.31,67.55,32.20806169453026
2022-07-01,2022,7,Tomato,198.82,241.61,262.15,53.06,26.687442567426533
2022-08-01,2022,8,Tomato,171.95,219.96,231.94,54.0,31.404459782227516
2022-09-01,2022,9,Tomato,183.07,220.12,236.23,45.1,24.63537191491128
2022-10-01,2022,10,Tomato,169.84,231.48,239.48,65.64,38.64811666973818
2022-11-01,2022,11,Tomato,155.21,213.11,198.78,50.74,32.691171515255775
2022-12-01,2022,12,Tomato,255.43,356.73,367.88,106.88,41.84315004378888
2023-01-01,2023,1,Tomato,244.69,342.21,348.68,100.76,41.178617361307225
2023-02-01,2023,2,Tomato,177.36,225.84,226.62,48.87,27.554111663220755
2023-03-01,2023,3,Tomato,166.81,214.87,209.82,45.54,27.300505185237583
2023-04-01,2023,4,Tomato,245.98,302.19,322.87,66.55,27.0550341267444
2023-05-01,2023,5,Tomato,297.46,383.73,421.79,105.3,35.399705708429465
2023-06-01,2023,6,Tomato,187.0,254.7,259.45,70.07,37.47056819755711
2023-07-01,2023,7,Tomato,166.75,224.85,230.32,60.83,36.479738243035534
2023-08-01,2023,8,Tomato,255.41,323.74,353.76,83.34,32.62987642227147
2023-09-01,2023,9,Tomato,255.75,330.68,353.14,86.16,33.689136387434445
2023-10-01,2023,10,Tomato,286.95,362.0,388.84,88.47,30.83114450909758
2023-11-01,2023,11,Tomato,225.7,304.81,307.17,80.29,35.57375473028147
2023-12-01,2023,12,Tomato,298.76,366.63,418.94,94.02,31.4700657818765
2024-01-01,2024,1,Tomato,205.34,256.56,267.89,56.88,27.700385847674173
2024-02-01,2024,2,Tomato,273.06,338.88,362.1,77.43,28.356394800998025
2024-03-01,2024,3,Tomato,245.44,321.51,323.91,77.27,31.482223157503604
2024-04-01,2024,4,Tomato,315.75,431.83,452.5,126.42,40.037992070311304
2024-05-01,2024,5,Tomato,298.11,383.47,392.04,89.65,30.072781834630906
2024-06-01,2024,6,Tomato,281.3,374.78,363.56,87.87,31.237102297510734
2024-07-01,2024,7,Tomato,291.3,368.32,399.42,92.57,31.778224586946585
2024-08-01,2024,8,Tomato,186.0,226.77,250.49,52.63,28.29568371199801
2024-09-01,2024,9,Tomato,198.86,242.95,252.81,49.02,24.650495499097104
2024-10-01,2024,10,Tomato,304.76,399.05,421.77,105.65,34.666611541340224
2024-11-01,2024,11,Tomato,161.17,199.24,223.99,50.45,31.302332132324796
2024-12-01,2024,12,Tomato,260.19,332.0,330.84,71.23,27.37613767779789
2025-01-01,2025,1,Tomato,263.22,335.54,349.17,79.13,30.062293874973832
2025-02-01,2025,2,Tomato,311.95,375.12,396.33,73.78,23.651218576304352
2025-03-01,2025,3,Tomato,192.12,238.99,240.76,47.76,24.859449896184728
2025-04-01,2025,4,Tomato,316.34,411.31,454.44,116.54,36.840097098028366
2025-05-01,2025,5,Tomato,197.17,264.33,272.45,71.22,36.12109543992725
2025-06-01,2025,6,Tomato,194.21,261.32,279.52,76.21,39.24100754801114
2025-07-01,2025,7,Tomato,226.98,298.64,319.38,82.03,36.13973207342846
2025-08-01,2025,8,Tomato,208.7,252.6,289.64,62.42,29.908945898923868
