productname,date,farmprice,retailpricepettah,retailpricedambulla,averagespread
Beans,1/1/2000,50.64,64.7,65.25,14.34
Carrot,1/1/2000,62.64,82.46,84.85,21.01
Cabbage,1/1/2000,46.88,62.56,65.61,17.2
Tomato,1/1/2000,48.52,66.73,63.78,16.74
Brinjal,1/1/2000,40.85,54.25,55.08,13.81
Pumpkin,1/1/2000,32.76,42.45,45.75,11.34
Snake Gourd,1/1/2000,36.64,48.02,50.61,12.68
Green Chilli,1/1/2000,65.82,88.91,83.68,20.48
Lime,1/1/2000,83,107.15,111.53,26.34
Beans,2/1/2000,47.56,62.8,64.52,16.1
Carrot,2/1/2000,61.56,74.14,85.7,18.36
Cabbage,2/1/2000,44.86,60.16,61.91,16.17
Tomato,2/1/2000,59.92,79.06,84.93,22.08
Brinjal,2/1/2000,44.85,61.58,64.22,18.05
Pumpkin,2/1/2000,31.78,43.62,43.73,11.89
Snake Gourd,2/1/2000,34.68,45.91,49.21,12.88
Green Chilli,2/1/2000,78.2,95.14,101,19.87
Lime,2/1/2000,81.05,106.63,101.65,23.09
Beans,3/1/2000,55.79,72.08,73.53,17.02
Carrot,3/1/2000,57.65,76.73,81.32,21.38
Cabbage,3/1/2000,44.64,62.26,62.4,17.69
Tomato,3/1/2000,59.45,78.65,84.68,22.22
Brinjal,3/1/2000,42.39,52.7,54.45,11.19
Pumpkin,3/1/2000,29.8,41.13,40.06,10.8
Snake Gourd,3/1/2000,33.92,41.43,46.73,10.16
Green Chilli,3/1/2000,75.87,106.19,108.23,31.34
Lime,3/1/2000,74.42,92.6,98.47,21.11
Beans,4/1/2000,55.54,72.53,71.72,16.58
Carrot,4/1/2000,62.25,77.99,80.65,17.07
Cabbage,4/1/2000,48.15,67.1,62.52,16.66
Tomato,4/1/2000,59.62,72.16,76.93,14.93
Brinjal,4/1/2000,42.66,52.84,59.28,13.4
Pumpkin,4/1/2000,31.35,42.75,45.44,12.74
Snake Gourd,4/1/2000,37.11,46.12,50.45,11.18
Green Chilli,4/1/2000,81.86,113.24,107.56,28.54
Lime,4/1/2000,92.54,124.27,127.37,33.28
Beans,5/1/2000,46.64,59.6,64.71,15.51
Carrot,5/1/2000,63.36,80.57,90.97,22.41
Cabbage,5/1/2000,41.17,57.58,56.65,15.94
Tomato,5/1/2000,59.44,79.4,75.18,17.85
Brinjal,5/1/2000,39.71,51.16,54.74,13.24
Pumpkin,5/1/2000,32.36,41.2,46.75,11.62
Snake Gourd,5/1/2000,33.5,46.59,48.34,13.97
Green Chilli,5/1/2000,70.1,90.66,93.08,21.77
Lime,5/1/2000,86.74,108.95,122.89,29.18
Beans,6/1/2000,53.84,69.66,74.2,18.09
Carrot,6/1/2000,64.55,82.19,84.03,18.56
Cabbage,6/1/2000,47.34,62.17,61.84,14.66
Tomato,6/1/2000,50.55,66.46,64.58,14.97
Brinjal,6/1/2000,42.03,57.52,58.38,15.92
Pumpkin,6/1/2000,32.51,39.93,44.63,9.77
Snake Gourd,6/1/2000,37.24,51.08,49.6,13.1
Green Chilli,6/1/2000,69.96,85.86,89.13,17.54
Lime,6/1/2000,85.14,115.39,111.56,28.34
Beans,7/1/2000,42.95,53.38,53.71,10.6
Carrot,7/1/2000,60.56,74.89,79.45,16.61
Cabbage,7/1/2000,43.98,59.01,56.94,14
Tomato,7/1/2000,58.2,73,74.12,15.36
Brinjal,7/1/2000,42.13,57.53,56.83,15.05
Pumpkin,7/1/2000,30.37,36.94,38.54,7.37
Snake Gourd,7/1/2000,36.32,48.47,50.93,13.38
Green Chilli,7/1/2000,66.31,89.86,88.81,23.02
Lime,7/1/2000,77.39,103.84,102.65,25.86
Beans,8/1/2000,46.73,65.21,59.48,15.61
Carrot,8/1/2000,58.15,79.8,83.14,23.32
Cabbage,8/1/2000,42.01,54.17,54.42,12.29
Tomato,8/1/2000,57.54,73.71,81.41,20.02
Brinjal,8/1/2000,37.73,51.22,53.71,14.74
Pumpkin,8/1/2000,29.56,35.52,39.39,7.9
Snake Gourd,8/1/2000,33.16,40.86,44.91,9.73
Green Chilli,8/1/2000,68.88,85.97,88.42,18.32
Lime,8/1/2000,74.65,90.25,105.41,23.18
Beans,9/1/2000,47.85,64.9,63.68,16.44
Carrot,9/1/2000,54.44,72.03,71.01,17.08
Cabbage,9/1/2000,42.92,52.75,61.32,14.11
Tomato,9/1/2000,55.85,77.55,72.6,19.22
Brinjal,9/1/2000,36.68,44.44,49.05,10.06
Pumpkin,9/1/2000,25.81,33.33,34.98,8.34
Snake Gourd,9/1/2000,32.27,45.02,44.32,12.4
Green Chilli,9/1/2000,64.99,84.6,86.71,20.66
Lime,9/1/2000,77.46,94.3,98.67,19.03
Beans,10/1/2000,44.2,54.79,60.06,13.22
Carrot,10/1/2000,58.66,72.07,76.63,15.69
Cabbage,10/1/2000,43.61,56.7,61.38,15.43
Tomato,10/1/2000,46.53,64.45,67.45,19.42
Brinjal,10/1/2000,40.56,56.57,51.87,13.66
Pumpkin,10/1/2000,30.51,37.43,44.19,10.3
Snake Gourd,10/1/2000,33.28,42.02,44.86,10.16
Green Chilli,10/1/2000,64.69,78.15,87.52,18.15
Lime,10/1/2000,79.68,109.56,109.97,30.08
Beans,11/1/2000,51.53,66.44,67,15.19
Carrot,11/1/2000,50.72,67.72,72.93,19.61
Cabbage,11/1/2000,44.58,54.84,59.14,12.41
Tomato,11/1/2000,54.19,74.33,76.13,21.04
Brinjal,11/1/2000,41.76,57.74,55.79,15.01
Pumpkin,11/1/2000,30.94,39.65,39.06,8.41
Snake Gourd,11/1/2000,36.18,46.52,45.65,9.91
Green Chilli,11/1/2000,69.99,84.63,96.14,20.4
Lime,11/1/2000,74.19,94.35,98.87,22.42
Beans,12/1/2000,45.46,60.89,64.4,17.19
Carrot,12/1/2000,54.13,70.63,72.73,17.55
Cabbage,12/1/2000,45.51,59.2,59.57,13.88
Tomato,12/1/2000,53.22,71.41,67.61,16.29
Brinjal,12/1/2000,40.93,53.46,57.7,14.65
Pumpkin,12/1/2000,27.62,37.09,36.52,9.19
Snake Gourd,12/1/2000,35.7,47,51.14,13.37
Green Chilli,12/1/2000,68.14,90.98,89.42,22.06
Lime,12/1/2000,85.7,109.9,109.13,23.82
Beans,1/1/2001,58.04,70.39,72.81,13.56
Carrot,1/1/2001,65.73,84.26,91.12,21.96
Cabbage,1/1/2001,48.64,62.42,68.52,16.83
Tomato,1/1/2001,55.69,71.1,71.46,15.59
Brinjal,1/1/2001,44.1,60.58,61.53,16.95
Pumpkin,1/1/2001,30.4,40.24,38.97,9.21
Snake Gourd,1/1/2001,41.11,50.57,58.56,13.46
Green Chilli,1/1/2001,85.04,114.64,122.69,33.62
Lime,1/1/2001,89.98,108.67,125.27,26.99
Beans,2/1/2001,55.2,69.92,76.99,18.25
Carrot,2/1/2001,58.95,78.04,76.65,18.4
Cabbage,2/1/2001,46.93,56.91,64.67,13.86
Tomato,2/1/2001,61.02,84.6,83.77,23.16
Brinjal,2/1/2001,40.72,51.21,55.2,12.49
Pumpkin,2/1/2001,35.48,49.1,47.62,12.88
Snake Gourd,2/1/2001,37.42,45.45,50.24,10.42
Green Chilli,2/1/2001,75.71,99.6,103.21,25.7
Lime,2/1/2001,82,98.66,115.6,25.13
Beans,3/1/2001,56.36,77.03,76.13,20.22
Carrot,3/1/2001,59.06,82,79.64,21.76
Cabbage,3/1/2001,44.68,57.71,63.6,15.98
Tomato,3/1/2001,58.64,73.79,83.83,20.17
Brinjal,3/1/2001,44.44,53.68,63.61,14.21
Pumpkin,3/1/2001,31.52,41.75,43.21,10.96
Snake Gourd,3/1/2001,36.93,48.33,52.87,13.67
Green Chilli,3/1/2001,84.2,117.63,117.04,33.14
Lime,3/1/2001,99.93,139.77,135.89,37.9
Beans,4/1/2001,58.46,72.71,82.88,19.33
Carrot,4/1/2001,63.17,86.84,89.32,24.91
Cabbage,4/1/2001,52.75,68.24,72.49,17.61
Tomato,4/1/2001,66.64,83.01,87.69,18.71
Brinjal,4/1/2001,46.9,64.7,66.27,18.58
Pumpkin,4/1/2001,32.9,40.44,46.83,10.74
Snake Gourd,4/1/2001,37.77,51.24,48.34,12.02
Green Chilli,4/1/2001,86.71,117.43,109.95,26.98
Lime,4/1/2001,90.83,122.39,123.42,32.08
Beans,5/1/2001,53.66,68.43,73.84,17.48
Carrot,5/1/2001,73.24,98.3,104.07,27.94
Cabbage,5/1/2001,55.01,70.25,77.14,18.69
Tomato,5/1/2001,57.07,71.29,75.61,16.38
Brinjal,5/1/2001,46.62,56.21,63.98,13.48
Pumpkin,5/1/2001,36.46,50.76,46.94,12.39
Snake Gourd,5/1/2001,37.59,46.36,52.72,11.95
Green Chilli,5/1/2001,76.39,100.49,103.15,25.43
Lime,5/1/2001,89.8,122.06,116.06,29.26
Beans,6/1/2001,55.65,77.84,76.97,21.76
Carrot,6/1/2001,63.05,76.24,86.46,18.3
Cabbage,6/1/2001,54.53,65.93,78.42,17.65
Tomato,6/1/2001,64.89,82.47,87.35,20.02
Brinjal,6/1/2001,41.24,56.39,58.82,16.36
Pumpkin,6/1/2001,32.13,41.61,46.07,11.71
Snake Gourd,6/1/2001,37.89,52,51.14,13.68
Green Chilli,6/1/2001,74.74,97.65,104.32,26.25
Lime,6/1/2001,82.02,104.75,111.33,26.02
Beans,7/1/2001,58.58,73.25,76.99,16.54
Carrot,7/1/2001,65.08,78.28,81.78,14.95
Cabbage,7/1/2001,49.13,65.93,62.53,15.1
Tomato,7/1/2001,64.82,83.61,83.59,18.78
Brinjal,7/1/2001,44.3,56.51,63.02,15.47
Pumpkin,7/1/2001,30.53,37.36,41.4,8.85
Snake Gourd,7/1/2001,37.28,49.45,53.5,14.2
Green Chilli,7/1/2001,79.77,111.03,110.83,31.16
Lime,7/1/2001,92.79,128.07,134.21,38.35
Beans,8/1/2001,55.64,74.15,73.93,18.4
Carrot,8/1/2001,62.72,78,87.44,20
Cabbage,8/1/2001,46.68,61.82,63.34,15.9
Tomato,8/1/2001,62.59,81.48,83.52,19.91
Brinjal,8/1/2001,45.39,60.97,62.14,16.16
Pumpkin,8/1/2001,27.27,34.03,36.46,7.98
Snake Gourd,8/1/2001,39.77,53.98,51.85,13.14
Green Chilli,8/1/2001,76.84,92.83,98.3,18.72
Lime,8/1/2001,87.27,121.72,124.76,35.97
Beans,9/1/2001,48.03,64.79,60.28,14.51
Carrot,9/1/2001,58.81,82.12,76.93,20.72
Cabbage,9/1/2001,44.69,56.19,60.79,13.8
Tomato,9/1/2001,61.81,81.38,88.06,22.91
Brinjal,9/1/2001,43.01,55.21,58.9,14.05
Pumpkin,9/1/2001,29.9,36.56,42.12,9.44
Snake Gourd,9/1/2001,38.64,53.54,48.66,12.46
Green Chilli,9/1/2001,71.44,95.64,91.56,22.16
Lime,9/1/2001,79.2,105.57,103.07,25.12
Beans,10/1/2001,51.34,64.22,73.61,17.57
Carrot,10/1/2001,57.63,72.47,79.16,18.18
Cabbage,10/1/2001,42.07,51.49,54.2,10.78
Tomato,10/1/2001,49.43,65.53,67.15,16.91
Brinjal,10/1/2001,42.22,52.62,54.85,11.52
Pumpkin,10/1/2001,28.45,35.37,36.57,7.52
Snake Gourd,10/1/2001,36.29,50.73,49.29,13.72
Green Chilli,10/1/2001,70.76,85.55,89.71,16.87
Lime,10/1/2001,72.52,100.46,97.45,26.44
Beans,11/1/2001,47.57,63.41,68.56,18.42
Carrot,11/1/2001,55.39,75.85,75.25,20.16
Cabbage,11/1/2001,45.27,55.02,63.78,14.13
Tomato,11/1/2001,57.43,76.52,79.55,20.6
Brinjal,11/1/2001,41.34,53.02,52.93,11.63
Pumpkin,11/1/2001,31.4,41.19,41.7,10.05
Snake Gourd,11/1/2001,35.99,47.96,50.18,13.08
Green Chilli,11/1/2001,77.44,105.36,109.78,30.13
Lime,11/1/2001,77.81,98.33,109.85,26.28
Beans,12/1/2001,54.05,66.99,76.73,17.81
Carrot,12/1/2001,60.49,72.88,83.35,17.62
Cabbage,12/1/2001,49.76,66.35,62.26,14.54
Tomato,12/1/2001,52.83,66.93,73.97,17.62
Brinjal,12/1/2001,42.8,58.26,60.75,16.71
Pumpkin,12/1/2001,33.52,46.02,46.37,12.67
Snake Gourd,12/1/2001,39.21,48.06,53.7,11.67
Green Chilli,12/1/2001,77.91,96.39,112.86,26.72
Lime,12/1/2001,81.44,109.35,103.4,24.94
Beans,1/1/2002,62.01,79.95,88.9,22.42
Carrot,1/1/2002,68.07,88.58,86.85,19.65
Cabbage,1/1/2002,55.13,73.28,75.91,19.46
Tomato,1/1/2002,60.74,74.14,85.67,19.16
Brinjal,1/1/2002,46.5,62.68,60.63,15.16
Pumpkin,1/1/2002,35.95,44.98,47.06,10.07
Snake Gourd,1/1/2002,40.73,53.29,52.18,12.01
Green Chilli,1/1/2002,80.31,107.99,112,29.68
Lime,1/1/2002,89.39,111.52,115.1,23.92
Beans,2/1/2002,57.23,77.13,82.22,22.44
Carrot,2/1/2002,65.01,90.07,88.9,24.47
Cabbage,2/1/2002,56.6,68.26,72.2,13.63
Tomato,2/1/2002,59.65,75.36,76.52,16.29
Brinjal,2/1/2002,45.08,60.61,63.1,16.78
Pumpkin,2/1/2002,36.07,46.89,47.12,10.93
Snake Gourd,2/1/2002,41.88,54.04,55.98,13.13
Green Chilli,2/1/2002,84.84,104.31,116.64,25.64
Lime,2/1/2002,97.72,125.66,126.47,28.34
Beans,3/1/2002,58.92,81.57,75.63,19.68
Carrot,3/1/2002,69.51,92.69,100.01,26.84
Cabbage,3/1/2002,55.82,69.55,77.32,17.61
Tomato,3/1/2002,64.64,87.37,81.41,19.75
Brinjal,3/1/2002,52.64,71.78,66.92,16.71
Pumpkin,3/1/2002,32.47,39.48,45.4,9.97
Snake Gourd,3/1/2002,43.3,57.44,60.51,15.68
Green Chilli,3/1/2002,87.95,120.48,123.66,34.12
Lime,3/1/2002,87.93,110.63,126.16,30.46
Beans,4/1/2002,65.98,82.71,83.01,16.88
Carrot,4/1/2002,74.47,90.43,98.6,20.05
Cabbage,4/1/2002,53.42,71.66,77.15,20.98
Tomato,4/1/2002,68.74,82.58,87.34,16.22
Brinjal,4/1/2002,42.72,56.98,54.25,12.9
Pumpkin,4/1/2002,31.35,38.37,44.5,10.08
Snake Gourd,4/1/2002,40.39,53.17,53.97,13.18
Green Chilli,4/1/2002,89.49,124.12,124.74,34.94
Lime,4/1/2002,86.74,114.5,116.46,28.74
Beans,5/1/2002,55.05,70.56,70.84,15.65
Carrot,5/1/2002,65.45,82.97,91.48,21.78
Cabbage,5/1/2002,47.04,57.45,61.84,12.61
Tomato,5/1/2002,63.45,79.88,83.91,18.44
Brinjal,5/1/2002,43.75,53.41,60.14,13.02
Pumpkin,5/1/2002,34.27,44.43,48.05,11.97
Snake Gourd,5/1/2002,38.71,50.36,50.73,11.83
Green Chilli,5/1/2002,85.76,116.89,121.56,33.46
Lime,5/1/2002,87.38,118.37,118.64,31.13
Beans,6/1/2002,59.67,82.74,84.65,24.02
Carrot,6/1/2002,69.55,91.43,90.61,21.47
Cabbage,6/1/2002,49.76,61.01,66.99,14.24
Tomato,6/1/2002,64.29,85.58,92.18,24.59
Brinjal,6/1/2002,43.47,57.93,59.02,15.01
Pumpkin,6/1/2002,34.07,47.26,46.25,12.68
Snake Gourd,6/1/2002,42.63,58.63,59.65,16.51
Green Chilli,6/1/2002,84.42,102.5,118.77,26.21
Lime,6/1/2002,96.29,125.49,135.55,34.23
Beans,7/1/2002,50.95,70.91,73.4,21.2
Carrot,7/1/2002,69.42,89.46,99.22,24.92
Cabbage,7/1/2002,48.46,61.58,62.17,13.42
Tomato,7/1/2002,53.7,68.34,70.79,15.87
Brinjal,7/1/2002,47.18,56.93,64.72,13.64
Pumpkin,7/1/2002,32.57,42.86,45.78,11.75
Snake Gourd,7/1/2002,38.83,49.17,52.25,11.88
Green Chilli,7/1/2002,84.27,117.72,108.6,28.89
Lime,7/1/2002,82.52,104.97,119.43,29.68
Beans,8/1/2002,59.16,74.12,77.04,16.42
Carrot,8/1/2002,61.9,82.23,81.07,19.75
Cabbage,8/1/2002,53.12,72.26,73.68,19.85
Tomato,8/1/2002,58.81,80.08,78.68,20.57
Brinjal,8/1/2002,42.29,55.32,55.23,12.98
Pumpkin,8/1/2002,35.1,47.06,47.58,12.22
Snake Gourd,8/1/2002,41.56,55.91,53.06,12.92
Green Chilli,8/1/2002,79.28,104.55,107.97,26.98
Lime,8/1/2002,84.62,102.9,120.17,26.92
Beans,9/1/2002,54.1,68.43,74.24,17.24
Carrot,9/1/2002,60.32,76.06,85.59,20.51
Cabbage,9/1/2002,45.03,57.5,58.97,13.2
Tomato,9/1/2002,57.99,79.78,82.54,23.17
Brinjal,9/1/2002,47.11,60.85,61.95,14.29
Pumpkin,9/1/2002,33.94,45.06,43.52,10.35
Snake Gourd,9/1/2002,42.68,55.17,57.84,13.83
Green Chilli,9/1/2002,82.67,112.97,112.52,30.07
Lime,9/1/2002,95.81,115.84,135.03,29.62
Beans,10/1/2002,59.37,74.7,82.4,19.18
Carrot,10/1/2002,64.11,89.6,82.78,22.08
Cabbage,10/1/2002,48.19,62.23,61.02,13.44
Tomato,10/1/2002,60.88,75.67,87.32,20.61
Brinjal,10/1/2002,47.02,65.6,66.83,19.19
Pumpkin,10/1/2002,28.83,37.78,37.81,8.97
Snake Gourd,10/1/2002,40.03,55.13,52.87,13.97
Green Chilli,10/1/2002,70.01,86.24,101.02,23.62
Lime,10/1/2002,97.34,123.24,139.69,34.12
Beans,11/1/2002,50.92,66.74,65.5,15.2
Carrot,11/1/2002,68.86,93,98.02,26.65
Cabbage,11/1/2002,50.9,65.5,66.18,14.94
Tomato,11/1/2002,62.99,80.14,85.55,19.85
Brinjal,11/1/2002,44.63,56.39,57.3,12.21
Pumpkin,11/1/2002,34.65,47.49,46.07,12.13
Snake Gourd,11/1/2002,35.96,46.4,49.15,11.81
Green Chilli,11/1/2002,76.63,104.08,96.44,23.63
Lime,11/1/2002,88.99,114.15,119.74,27.96
Beans,12/1/2002,54.64,68.53,76.63,17.94
Carrot,12/1/2002,68.89,91.08,87.29,20.3
Cabbage,12/1/2002,49.09,61.95,62.16,12.96
Tomato,12/1/2002,64.61,90.19,88.77,24.87
Brinjal,12/1/2002,41.12,54.13,57.85,14.87
Pumpkin,12/1/2002,33.09,43.21,44.41,10.72
Snake Gourd,12/1/2002,41.68,50.83,60.21,13.84
Green Chilli,12/1/2002,81.39,98.75,111.72,23.84
Lime,12/1/2002,89.46,108.8,126.29,28.09
Beans,1/1/2003,66.17,81.5,91.92,20.54
Carrot,1/1/2003,69.9,91.04,90.31,20.78
Cabbage,1/1/2003,48.83,60.44,69.61,16.2
Tomato,1/1/2003,68.08,94,93.18,25.51
Brinjal,1/1/2003,51.56,67.57,68.93,16.69
Pumpkin,1/1/2003,33.78,45.84,45.38,11.83
Snake Gourd,1/1/2003,46.54,60.18,61.31,14.21
Green Chilli,1/1/2003,95.73,132.93,137.47,39.47
Lime,1/1/2003,97.21,130.98,129.71,33.14
Beans,2/1/2003,55.62,76.11,77.37,21.12
Carrot,2/1/2003,68.95,89.59,99.44,25.56
Cabbage,2/1/2003,52.5,65.52,71.71,16.11
Tomato,2/1/2003,68,83.78,94.71,21.24
Brinjal,2/1/2003,51.65,68.74,68.68,17.06
Pumpkin,2/1/2003,39.01,46.91,53.7,11.3
Snake Gourd,2/1/2003,49.83,61.48,65.99,13.9
Green Chilli,2/1/2003,94.8,127.1,122.31,29.9
Lime,2/1/2003,87.26,109.61,112.85,23.97
Beans,3/1/2003,58.14,72.13,83.09,19.47
Carrot,3/1/2003,65.06,88.25,88.68,23.4
Cabbage,3/1/2003,60.85,73.26,87.76,19.66
Tomato,3/1/2003,72.32,91.73,101.16,24.13
Brinjal,3/1/2003,51.38,70.44,65.54,16.61
Pumpkin,3/1/2003,42.86,58.03,54.31,13.31
Snake Gourd,3/1/2003,45.85,58.26,66.4,16.48
Green Chilli,3/1/2003,89.17,112.92,114.31,24.44
Lime,3/1/2003,108.69,149.74,152.85,42.6
Beans,4/1/2003,63.25,79.7,80.59,16.9
Carrot,4/1/2003,75.42,90.94,108.78,24.44
Cabbage,4/1/2003,65.43,85.65,86.53,20.66
Tomato,4/1/2003,67.83,85.73,94.17,22.12
Brinjal,4/1/2003,54.66,71.57,76.4,19.33
Pumpkin,4/1/2003,39.28,52.2,53.65,13.64
Snake Gourd,4/1/2003,44.85,54.99,56.33,10.81
Green Chilli,4/1/2003,93.98,114.45,124.38,25.43
Lime,4/1/2003,108.13,134.78,140.41,29.47
Beans,5/1/2003,60.67,83.78,83.21,22.82
Carrot,5/1/2003,73.42,101.54,91.97,23.34
Cabbage,5/1/2003,53.23,67.44,71.25,16.12
Tomato,5/1/2003,71.43,98.54,97.77,26.72
Brinjal,5/1/2003,52.61,72.25,71.16,19.1
Pumpkin,5/1/2003,39.5,49.91,55.37,13.14
Snake Gourd,5/1/2003,48.64,63.74,65.23,15.85
Green Chilli,5/1/2003,84.96,115.71,116.28,31.04
Lime,5/1/2003,101.55,125.15,134.72,28.39
Beans,6/1/2003,61.91,75,88,19.59
Carrot,6/1/2003,66.27,85.7,94.64,23.9
Cabbage,6/1/2003,50.55,70.23,70.9,20.02
Tomato,6/1/2003,61.45,80.35,80.22,18.83
Brinjal,6/1/2003,49.17,60.58,70.2,16.22
Pumpkin,6/1/2003,33.51,42.07,44.08,9.57
Snake Gourd,6/1/2003,45.62,58.79,60.86,14.21
Green Chilli,6/1/2003,84.67,115.36,118.82,32.42
Lime,6/1/2003,88.78,116.74,114.3,26.74
Beans,7/1/2003,59.47,77.57,78.69,18.66
Carrot,7/1/2003,67.11,91.02,94.01,25.4
Cabbage,7/1/2003,54.63,74.78,71.93,18.73
Tomato,7/1/2003,66.44,82.51,92.38,21.01
Brinjal,7/1/2003,43.52,53.28,57.29,11.76
Pumpkin,7/1/2003,34.2,44.39,44.84,10.42
Snake Gourd,7/1/2003,39.75,50.62,53.03,12.08
Green Chilli,7/1/2003,83.98,113.11,109.73,27.44
Lime,7/1/2003,99.91,122.91,144.1,33.6
Beans,8/1/2003,57.78,76.14,73.75,17.16
Carrot,8/1/2003,69.32,87.46,87.77,18.3
Cabbage,8/1/2003,55.31,75.19,78.61,21.59
Tomato,8/1/2003,62.54,84.62,86.43,22.99
Brinjal,8/1/2003,45.95,61,59.39,14.24
Pumpkin,8/1/2003,36.65,44.14,48.17,9.51
Snake Gourd,8/1/2003,38.07,50.39,51.5,12.88
Green Chilli,8/1/2003,76.57,93.4,98.92,19.59
Lime,8/1/2003,100.55,137.94,139.78,38.31
Beans,9/1/2003,62.78,78.82,84.96,19.11
Carrot,9/1/2003,63.14,77.17,81.84,16.37
Cabbage,9/1/2003,53.99,65.95,70.9,14.44
Tomato,9/1/2003,63,82.18,80.67,18.43
Brinjal,9/1/2003,51.26,64.24,71.78,16.75
Pumpkin,9/1/2003,31.42,42.81,45.5,12.74
Snake Gourd,9/1/2003,41.67,50.57,57.62,12.42
Green Chilli,9/1/2003,82.05,99.55,112.83,24.14
Lime,9/1/2003,93.95,124.25,123.49,29.92
Beans,10/1/2003,51.99,66.34,72.02,17.19
Carrot,10/1/2003,65.18,78.53,88.61,18.39
Cabbage,10/1/2003,47,62.06,67.85,17.95
Tomato,10/1/2003,62.74,77.11,82.76,17.2
Brinjal,10/1/2003,39.12,53.43,52.71,13.95
Pumpkin,10/1/2003,32.99,39.84,47.64,10.75
Snake Gourd,10/1/2003,40.38,53.32,56.69,14.62
Green Chilli,10/1/2003,91.32,121.22,126.96,32.77
Lime,10/1/2003,78.99,105.01,102.86,24.95
Beans,11/1/2003,54.58,75.51,76.8,21.58
Carrot,11/1/2003,72.89,94.34,97.83,23.2
Cabbage,11/1/2003,54.08,74.74,71.05,18.81
Tomato,11/1/2003,71.95,95.07,101.46,26.31
Brinjal,11/1/2003,43.95,61.08,58.86,16.02
Pumpkin,11/1/2003,35.65,45.71,45.96,10.19
Snake Gourd,11/1/2003,37.73,47.39,52.78,12.36
Green Chilli,11/1/2003,81.48,112.84,110.83,30.35
Lime,11/1/2003,88.54,117.11,111.28,25.65
Beans,12/1/2003,53.94,73.65,69.48,17.63
Carrot,12/1/2003,66.98,85.63,97.05,24.36
Cabbage,12/1/2003,48.11,59.03,61.89,12.35
Tomato,12/1/2003,56.64,69.12,76.6,16.22
Brinjal,12/1/2003,46.38,64.75,64.25,18.12
Pumpkin,12/1/2003,35.98,45.67,51.16,12.44
Snake Gourd,12/1/2003,37.8,50.01,54.67,14.54
Green Chilli,12/1/2003,91.4,121.71,132.07,35.49
Lime,12/1/2003,99.88,137.26,133.66,35.58
Beans,1/1/2004,61.34,74.93,82.85,17.55
Carrot,1/1/2004,80,96.91,111.33,24.12
Cabbage,1/1/2004,59.94,83.36,86.61,25.04
Tomato,1/1/2004,73.58,95.78,98.9,23.76
Brinjal,1/1/2004,60.32,77.98,78.12,17.73
Pumpkin,1/1/2004,39.11,49.45,52.92,12.08
Snake Gourd,1/1/2004,50.7,61.62,73.21,16.71
Green Chilli,1/1/2004,84.91,116.76,113.08,30.01
Lime,1/1/2004,96.38,131.34,136.56,37.57
Beans,2/1/2004,69.08,96.05,91.5,24.7
Carrot,2/1/2004,81.63,106.86,103.18,23.39
Cabbage,2/1/2004,52.59,66.13,72.27,16.61
Tomato,2/1/2004,70.9,90.62,97.13,22.97
Brinjal,2/1/2004,56.24,71.57,79.94,19.51
Pumpkin,2/1/2004,43.83,57.33,58.58,14.12
Snake Gourd,2/1/2004,45.11,60.28,60.68,15.37
Green Chilli,2/1/2004,87,118.56,112,28.28
Lime,2/1/2004,109.78,150.29,158.7,44.71
Beans,3/1/2004,76.45,100.65,97.16,22.46
Carrot,3/1/2004,74.25,98.94,104.38,27.41
Cabbage,3/1/2004,58.15,72.59,83.45,19.87
Tomato,3/1/2004,69.06,89.84,99.54,25.63
Brinjal,3/1/2004,49.91,65.04,64.01,14.62
Pumpkin,3/1/2004,40.03,50.37,51.58,10.94
Snake Gourd,3/1/2004,52.88,64.06,76.26,17.28
Green Chilli,3/1/2004,97.65,120.01,137.74,31.22
Lime,3/1/2004,107.84,131,155.24,35.28
Beans,4/1/2004,70.89,93.28,100.75,26.12
Carrot,4/1/2004,82.99,99.85,115.05,24.46
Cabbage,4/1/2004,59.78,77.24,81.96,19.82
Tomato,4/1/2004,83.75,105.8,109.13,23.71
Brinjal,4/1/2004,51.7,71.1,65.22,16.46
Pumpkin,4/1/2004,45.57,59.43,58.06,13.18
Snake Gourd,4/1/2004,41.03,51,55.91,12.42
Green Chilli,4/1/2004,104.59,142.14,137.98,35.47
Lime,4/1/2004,106.05,137.94,148.09,36.97
Beans,5/1/2004,66.47,82.51,93.21,21.39
Carrot,5/1/2004,74.45,103.55,97.76,26.2
Cabbage,5/1/2004,58.63,77.91,84.55,22.6
Tomato,5/1/2004,73.18,87.97,102.19,21.9
Brinjal,5/1/2004,51.12,63.94,67.58,14.64
Pumpkin,5/1/2004,40.41,55.53,53.69,14.2
Snake Gourd,5/1/2004,46.79,58.15,63.16,13.86
Green Chilli,5/1/2004,99.79,121.42,136.73,29.28
Lime,5/1/2004,108.41,137.61,142.62,31.71
Beans,6/1/2004,61.98,74.91,84.72,17.84
Carrot,6/1/2004,71.51,85.9,92.78,17.83
Cabbage,6/1/2004,61.32,79.56,85.07,20.99
Tomato,6/1/2004,80.33,110.99,104.37,27.35
Brinjal,6/1/2004,48.05,61.17,69.01,17.04
Pumpkin,6/1/2004,39.55,50.16,54.67,12.87
Snake Gourd,6/1/2004,54.48,74.31,69.95,17.65
Green Chilli,6/1/2004,84.95,109.05,116.14,27.64
Lime,6/1/2004,105.72,135.89,135.2,29.82
Beans,7/1/2004,69.75,85,98.73,22.12
Carrot,7/1/2004,88.52,110.47,116.11,24.77
Cabbage,7/1/2004,58.72,73.63,81.3,18.74
Tomato,7/1/2004,64.11,87.06,82.13,20.48
Brinjal,7/1/2004,50.44,68.02,64.77,15.95
Pumpkin,7/1/2004,37.7,46.66,49.56,10.41
Snake Gourd,7/1/2004,47.31,61.59,64.93,15.95
Green Chilli,7/1/2004,101.23,125.18,128.74,25.73
Lime,7/1/2004,109.77,137.08,148.44,32.99
Beans,8/1/2004,59.34,74.02,75.57,15.45
Carrot,8/1/2004,70.33,98.11,92.11,24.78
Cabbage,8/1/2004,63.88,82.6,89.96,22.4
Tomato,8/1/2004,80.51,109.11,101.15,24.62
Brinjal,8/1/2004,45.06,56.62,61.01,13.75
Pumpkin,8/1/2004,32.18,39.94,44.47,10.02
Snake Gourd,8/1/2004,50.56,64.95,64.5,14.16
Green Chilli,8/1/2004,84.14,102.41,119.52,26.82
Lime,8/1/2004,107.04,146.3,147.82,40.02
Beans,9/1/2004,64.12,85.25,81.62,19.31
Carrot,9/1/2004,76.41,100.69,96.07,21.97
Cabbage,9/1/2004,62.36,86.43,89.13,25.42
Tomato,9/1/2004,69.73,91.36,97.65,24.78
Brinjal,9/1/2004,43.42,59.6,61.69,17.22
Pumpkin,9/1/2004,40.96,56.61,58.91,16.8
Snake Gourd,9/1/2004,46.49,64.17,61.07,16.13
Green Chilli,9/1/2004,91.39,115.95,130.99,32.08
Lime,9/1/2004,104.67,141.62,149.14,40.71
Beans,10/1/2004,59.34,78.67,84.01,22
Carrot,10/1/2004,79.77,101.45,101.68,21.8
Cabbage,10/1/2004,51.11,69.5,68.8,18.04
Tomato,10/1/2004,77.48,95.06,103.48,21.79
Brinjal,10/1/2004,51.26,64.87,73.22,17.79
Pumpkin,10/1/2004,37.18,45.62,52.73,11.99
Snake Gourd,10/1/2004,38.48,48.69,55.78,13.76
Green Chilli,10/1/2004,81.25,105.64,115.71,29.42
Lime,10/1/2004,101.93,123.19,139.89,29.61
Beans,11/1/2004,60.71,78.06,85.85,21.24
Carrot,11/1/2004,75.01,93.93,95.07,19.49
Cabbage,11/1/2004,53.28,73.78,74.17,20.7
Tomato,11/1/2004,67.63,92.16,92.35,24.62
Brinjal,11/1/2004,50.33,68.99,65.91,17.12
Pumpkin,11/1/2004,36.01,49.16,46.47,11.8
Snake Gourd,11/1/2004,38.17,48.82,49,10.74
Green Chilli,11/1/2004,76.01,94.54,102.28,22.4
Lime,11/1/2004,95.23,117,128.44,27.49
Beans,12/1/2004,61.38,81.72,88.72,23.84
Carrot,12/1/2004,66.67,86.98,91.35,22.49
Cabbage,12/1/2004,54.8,68.96,73.4,16.38
Tomato,12/1/2004,64.15,89.61,80.31,20.81
Brinjal,12/1/2004,56.5,75.28,81.06,21.67
Pumpkin,12/1/2004,39.19,48.73,53.32,11.84
Snake Gourd,12/1/2004,45.42,59.34,65.43,16.97
Green Chilli,12/1/2004,96.48,121.63,122.32,25.49
Lime,12/1/2004,96.09,128.97,131.52,34.16
Beans,1/1/2005,66.14,86.45,86.9,20.54
Carrot,1/1/2005,82.52,106.65,116.58,29.1
Cabbage,1/1/2005,65.67,79.63,91.58,19.93
Tomato,1/1/2005,68.98,88.18,86.29,18.26
Brinjal,1/1/2005,49.02,62.1,65.43,14.74
Pumpkin,1/1/2005,45.31,56.27,63.9,14.77
Snake Gourd,1/1/2005,47.29,61.68,65.66,16.38
Green Chilli,1/1/2005,87.67,117.2,111.37,26.62
Lime,1/1/2005,125.73,164.08,168.01,40.32
Beans,2/1/2005,80.29,101.11,115.73,28.13
Carrot,2/1/2005,93.51,113.57,121.16,23.85
Cabbage,2/1/2005,60.71,82.58,83.09,22.12
Tomato,2/1/2005,79.5,110.01,100.9,25.96
Brinjal,2/1/2005,56.71,79.31,77.97,21.93
Pumpkin,2/1/2005,43.25,56.43,54.86,12.4
Snake Gourd,2/1/2005,52.25,71.89,65.76,16.58
Green Chilli,2/1/2005,96.26,132.42,138.84,39.37
Lime,2/1/2005,111.45,138.89,151.29,33.64
Beans,3/1/2005,62.83,76.44,87.69,19.24
Carrot,3/1/2005,84.09,109.87,105.99,23.84
Cabbage,3/1/2005,59.19,81.86,75.68,19.58
Tomato,3/1/2005,84.25,109.46,112.9,26.93
Brinjal,3/1/2005,54.84,74.68,78.17,21.58
Pumpkin,3/1/2005,44.12,57.66,62.36,15.89
Snake Gourd,3/1/2005,57.02,71.19,75.48,16.31
Green Chilli,3/1/2005,94.1,113.02,122.57,23.7
Lime,3/1/2005,114.43,159.28,151.39,40.9
Beans,4/1/2005,75.47,92.27,104.24,22.78
Carrot,4/1/2005,93.7,129.32,120.96,31.44
Cabbage,4/1/2005,61.71,75.66,83.17,17.7
Tomato,4/1/2005,81.34,113.28,109.55,30.07
Brinjal,4/1/2005,60.97,77.22,77.41,16.34
Pumpkin,4/1/2005,38.13,53.36,54.52,15.81
Snake Gourd,4/1/2005,49.72,69.47,64.62,17.33
Green Chilli,4/1/2005,97.03,126.27,129.1,30.65
Lime,4/1/2005,101.59,136.08,139.35,36.12
Beans,5/1/2005,61.6,77.55,77.15,15.75
Carrot,5/1/2005,87.7,117.69,122.7,32.49
Cabbage,5/1/2005,65.13,90.46,88.98,24.59
Tomato,5/1/2005,83.55,112.76,116.87,31.27
Brinjal,5/1/2005,54.14,69.82,76.66,19.1
Pumpkin,5/1/2005,38.42,53.41,49.4,12.98
Snake Gourd,5/1/2005,49.63,68.72,62.77,16.11
Green Chilli,5/1/2005,109.41,134.53,151.26,33.48
Lime,5/1/2005,119.83,155.91,173.21,44.73
Beans,6/1/2005,73.72,101.06,100.2,26.91
Carrot,6/1/2005,71.08,88.2,91.99,19.02
Cabbage,6/1/2005,69.51,96.88,87.73,22.79
Tomato,6/1/2005,80.16,106.23,104.74,25.33
Brinjal,6/1/2005,58.83,75.97,83.42,20.86
Pumpkin,6/1/2005,39.82,50.61,55.54,13.26
Snake Gourd,6/1/2005,54.4,76.16,74.99,21.17
Green Chilli,6/1/2005,92.83,124.17,126.38,32.44
Lime,6/1/2005,105.16,141.33,133.34,32.18
Beans,7/1/2005,61.71,85.73,87.29,24.8
Carrot,7/1/2005,82.59,103.12,110.18,24.06
Cabbage,7/1/2005,59.95,80.7,86.11,23.46
Tomato,7/1/2005,83.68,105.06,113.45,25.57
Brinjal,7/1/2005,49.05,64.83,69.41,18.07
Pumpkin,7/1/2005,40.13,53.57,51.38,12.34
Snake Gourd,7/1/2005,50.86,67.18,66.96,16.21
Green Chilli,7/1/2005,102.07,135.81,139.81,35.74
Lime,7/1/2005,108.97,136.51,143.45,31.01
Beans,8/1/2005,58.91,74.21,81.81,19.1
Carrot,8/1/2005,76.48,107.05,107.37,30.73
Cabbage,8/1/2005,57.12,79.4,79.96,22.56
Tomato,8/1/2005,66.31,84.04,90.02,20.72
Brinjal,8/1/2005,47.88,65.44,60.05,14.86
Pumpkin,8/1/2005,41.95,54.07,56.49,13.33
Snake Gourd,8/1/2005,38.97,48.41,53.27,11.87
Green Chilli,8/1/2005,95.13,124.81,135.02,34.79
Lime,8/1/2005,92.84,121.06,133.25,34.32
Beans,9/1/2005,66.6,92.71,90.48,25
Carrot,9/1/2005,86.86,118.55,119.44,32.14
Cabbage,9/1/2005,61.29,84.73,81.52,21.84
Tomato,9/1/2005,62.63,83.87,88.96,23.78
Brinjal,9/1/2005,51.36,66.87,68.89,16.52
Pumpkin,9/1/2005,38.44,48.61,53.37,12.55
Snake Gourd,9/1/2005,48.82,68.31,61.52,16.1
Green Chilli,9/1/2005,92.48,117.2,119.48,25.86
Lime,9/1/2005,111.44,147.45,140,32.28
Beans,10/1/2005,71.41,93.91,94.99,23.04
Carrot,10/1/2005,82.01,112.9,104.7,26.79
Cabbage,10/1/2005,57.68,76.45,75.01,18.05
Tomato,10/1/2005,67.86,83.08,88.25,17.8
Brinjal,10/1/2005,50.13,62.52,68.96,15.61
Pumpkin,10/1/2005,45.14,59.83,64.03,16.79
Snake Gourd,10/1/2005,38.29,51.69,53.64,14.38
Green Chilli,10/1/2005,84.8,114.3,117.38,31.04
Lime,10/1/2005,121.1,161.25,171.96,45.51
Beans,11/1/2005,71.15,98.3,103.01,29.5
Carrot,11/1/2005,76.43,105.34,104.78,28.63
Cabbage,11/1/2005,59.23,80.31,85.62,23.74
Tomato,11/1/2005,69.54,85.59,88.3,17.4
Brinjal,11/1/2005,47.28,62.52,59.64,13.8
Pumpkin,11/1/2005,39.96,53.19,55.21,14.24
Snake Gourd,11/1/2005,43.85,55.9,58.82,13.51
Green Chilli,11/1/2005,95.46,130.71,127.87,33.83
Lime,11/1/2005,105.65,143.4,145.48,38.79
Beans,12/1/2005,62.84,84.35,80.16,19.41
Carrot,12/1/2005,78.61,98.42,100.98,21.09
Cabbage,12/1/2005,55.37,76.72,77.91,21.94
Tomato,12/1/2005,74.91,103.97,105.61,29.88
Brinjal,12/1/2005,51.19,70.18,64.32,16.06
Pumpkin,12/1/2005,39.2,47.61,51.97,10.59
Snake Gourd,12/1/2005,44.28,60.16,60.32,15.96
Green Chilli,12/1/2005,98.12,129.55,125.01,29.16
Lime,12/1/2005,117.23,161.4,152.18,39.56
Beans,1/1/2006,60.05,82.96,81.82,22.34
Carrot,1/1/2006,80.89,102.23,115.99,28.22
Cabbage,1/1/2006,69.09,82.93,89.28,17.02
Tomato,1/1/2006,84.02,105.01,121.78,29.38
Brinjal,1/1/2006,69.02,89.36,89.48,20.4
Pumpkin,1/1/2006,42.54,51.27,54.44,10.32
Snake Gourd,1/1/2006,48.66,62.04,62.85,13.79
Green Chilli,1/1/2006,101.82,142.42,138.69,38.74
Lime,1/1/2006,114.25,159.02,157.05,43.79
Beans,2/1/2006,68.48,93.65,93.3,24.99
Carrot,2/1/2006,95.08,125.29,132.51,33.82
Cabbage,2/1/2006,68.06,83.01,90.79,18.84
Tomato,2/1/2006,84.81,105.32,118.28,26.99
Brinjal,2/1/2006,67.05,89.3,95.49,25.34
Pumpkin,2/1/2006,48.95,60.36,61.7,12.08
Snake Gourd,2/1/2006,49.31,61.25,67.96,15.29
Green Chilli,2/1/2006,106.65,148.81,142.66,39.08
Lime,2/1/2006,125.7,155.21,169.52,36.67
Beans,3/1/2006,73.04,93.73,101.3,24.47
Carrot,3/1/2006,106.37,143.54,143.11,36.96
Cabbage,3/1/2006,59.08,76.7,77.86,18.2
Tomato,3/1/2006,85.04,102.52,115.31,23.87
Brinjal,3/1/2006,69.82,88.09,88.15,18.3
Pumpkin,3/1/2006,50.86,67.54,65.08,15.45
Snake Gourd,3/1/2006,57.15,76.25,79.62,20.79
Green Chilli,3/1/2006,103.14,141.36,133.4,34.24
Lime,3/1/2006,109.4,133.02,157.72,35.97
Beans,4/1/2006,70.2,95.08,100.25,27.46
Carrot,4/1/2006,91.96,116,122.55,27.32
Cabbage,4/1/2006,71.84,95.17,95.25,23.37
Tomato,4/1/2006,93.95,113.25,134.23,29.79
Brinjal,4/1/2006,55.75,76.22,73.39,19.06
Pumpkin,4/1/2006,41.79,55.18,56.56,14.08
Snake Gourd,4/1/2006,49.06,61.42,62.34,12.82
Green Chilli,4/1/2006,88.79,109.76,121.02,26.6
Lime,4/1/2006,116.59,146.52,152.25,32.8
Beans,5/1/2006,79.8,101.09,106.57,24.03
Carrot,5/1/2006,94,120.3,117.94,25.12
Cabbage,5/1/2006,68.09,85.44,86.96,18.11
Tomato,5/1/2006,83.63,116.8,107.78,28.66
Brinjal,5/1/2006,71.35,86.77,89.32,16.7
Pumpkin,5/1/2006,47.71,60.24,66.74,15.78
Snake Gourd,5/1/2006,51.88,63.99,75.1,17.66
Green Chilli,5/1/2006,105.02,127.7,145.06,31.36
Lime,5/1/2006,129.97,170.88,163.2,37.07
Beans,6/1/2006,71.98,89.91,90.68,18.31
Carrot,6/1/2006,88.32,112.4,117.82,26.79
Cabbage,6/1/2006,69.39,84.23,96.66,21.06
Tomato,6/1/2006,70.31,87.26,101.35,23.99
Brinjal,6/1/2006,57.36,74.84,76.36,18.24
Pumpkin,6/1/2006,50.9,70.06,66.42,17.34
Snake Gourd,6/1/2006,50.17,63.04,66.37,14.54
Green Chilli,6/1/2006,103.84,144.46,143.07,39.92
Lime,6/1/2006,127.93,171.9,171.1,43.57
Beans,7/1/2006,65.72,83.19,85.16,18.45
Carrot,7/1/2006,95.66,119.89,137.53,33.05
Cabbage,7/1/2006,76.48,94.5,100.94,21.24
Tomato,7/1/2006,80.89,109.51,106.82,27.28
Brinjal,7/1/2006,55.71,73.77,75.7,19.02
Pumpkin,7/1/2006,40.64,51.83,54.89,12.72
Snake Gourd,7/1/2006,41.68,54.33,57.9,14.43
Green Chilli,7/1/2006,100.45,137.34,142.09,39.26
Lime,7/1/2006,120.29,165.41,163.07,43.95
Beans,8/1/2006,74.12,102.19,96.07,25.01
Carrot,8/1/2006,78.94,98.77,106.5,23.7
Cabbage,8/1/2006,69.41,88.81,87.07,18.53
Tomato,8/1/2006,75.78,95.67,104.88,24.49
Brinjal,8/1/2006,52.47,64.55,74.93,17.27
Pumpkin,8/1/2006,43.81,56.37,57.94,13.34
Snake Gourd,8/1/2006,51.25,63.14,74.1,17.37
Green Chilli,8/1/2006,91.73,112.82,118.65,24
Lime,8/1/2006,112.88,136.77,145.14,28.08
Beans,9/1/2006,67.21,91.77,90.48,23.92
Carrot,9/1/2006,87.17,117.53,124.03,33.61
Cabbage,9/1/2006,59.24,74.06,85.31,20.44
Tomato,9/1/2006,78.88,108.94,110.12,30.65
Brinjal,9/1/2006,49.72,64.52,68.91,16.99
Pumpkin,9/1/2006,42.5,58.37,60.01,16.69
Snake Gourd,9/1/2006,43.17,52.59,54.22,10.24
Green Chilli,9/1/2006,99.03,127.25,134.36,31.78
Lime,9/1/2006,105.43,128.47,141.08,29.34
Beans,10/1/2006,65.88,90.33,87.97,23.27
Carrot,10/1/2006,82.96,105.87,117.86,28.91
Cabbage,10/1/2006,71.68,89.17,94.68,20.24
Tomato,10/1/2006,77.15,99.63,109.12,27.22
Brinjal,10/1/2006,62,84.71,81.43,21.07
Pumpkin,10/1/2006,43,54.95,62.22,15.58
Snake Gourd,10/1/2006,51.56,63.24,70.22,15.17
Green Chilli,10/1/2006,85.11,115.25,111.06,28.04
Lime,10/1/2006,125.18,159.91,157.94,33.74
Beans,11/1/2006,75.5,99.33,103.21,25.77
Carrot,11/1/2006,70.31,96.37,101.32,28.53
Cabbage,11/1/2006,61.98,85.51,79.66,20.61
Tomato,11/1/2006,74.04,98.17,94.91,22.5
Brinjal,11/1/2006,62.31,76.83,89.86,21.03
Pumpkin,11/1/2006,48.46,62.17,63.19,14.22
Snake Gourd,11/1/2006,53.15,72.58,73.78,20.03
Green Chilli,11/1/2006,95.36,114.46,126.95,25.34
Lime,11/1/2006,111.94,154.57,142.44,36.56
Beans,12/1/2006,68.69,88.38,94.52,22.76
Carrot,12/1/2006,84.89,108.91,109.26,24.2
Cabbage,12/1/2006,52.58,69.08,69.24,16.58
Tomato,12/1/2006,81.9,108.92,118.51,31.82
Brinjal,12/1/2006,56.12,72.47,76.49,18.36
Pumpkin,12/1/2006,44.44,56.11,57.56,12.4
Snake Gourd,12/1/2006,45.62,58.81,60.72,14.15
Green Chilli,12/1/2006,106.09,130.98,141.89,30.34
Lime,12/1/2006,120.67,168.43,161.45,44.27
Beans,1/1/2007,82,110.46,107.89,27.17
Carrot,1/1/2007,91.76,127.19,125.03,34.35
Cabbage,1/1/2007,63.34,87.76,81.13,21.1
Tomato,1/1/2007,74.78,94.19,95.55,20.09
Brinjal,1/1/2007,61.81,83.94,82.4,21.36
Pumpkin,1/1/2007,46.88,58.41,64.09,14.37
Snake Gourd,1/1/2007,58.74,76.56,76.38,17.73
Green Chilli,1/1/2007,103.57,126.9,139.63,29.7
Lime,1/1/2007,143.16,191.53,200.49,52.85
Beans,2/1/2007,74.91,97.63,99.92,23.86
Carrot,2/1/2007,97.35,133.06,133.47,35.92
Cabbage,2/1/2007,71.13,96.57,98.81,26.56
Tomato,2/1/2007,89.94,107.98,115.75,21.93
Brinjal,2/1/2007,61.73,85.45,77.3,19.65
Pumpkin,2/1/2007,49.37,63.08,62.28,13.31
Snake Gourd,2/1/2007,60.76,77.15,82.97,19.3
Green Chilli,2/1/2007,127.14,155.18,168.44,34.67
Lime,2/1/2007,136.53,188.15,183.91,49.5
Beans,3/1/2007,76.26,99.33,107.62,27.21
Carrot,3/1/2007,112.46,139.84,155.11,35.02
Cabbage,3/1/2007,73.85,89.26,94.51,18.04
Tomato,3/1/2007,85.91,113.65,119.01,30.42
Brinjal,3/1/2007,58.26,79.89,83.47,23.42
Pumpkin,3/1/2007,47.24,65.5,66.26,18.64
Snake Gourd,3/1/2007,53.42,64.78,73.86,15.9
Green Chilli,3/1/2007,125.06,157.22,163.57,35.33
Lime,3/1/2007,123.87,172.1,158.7,41.53
Beans,4/1/2007,92.99,118.33,123.21,27.78
Carrot,4/1/2007,109.74,145.66,157.29,41.74
Cabbage,4/1/2007,74.75,101.37,94.95,23.41
Tomato,4/1/2007,81.79,105.7,117.98,30.05
Brinjal,4/1/2007,76.04,93.15,101.86,21.46
Pumpkin,4/1/2007,55.42,67.25,75.78,16.1
Snake Gourd,4/1/2007,57.79,76.72,73.77,17.45
Green Chilli,4/1/2007,103.45,124.73,143.43,30.63
Lime,4/1/2007,116.82,147.8,146.54,30.35
Beans,5/1/2007,75.03,103.12,102.51,27.79
Carrot,5/1/2007,105.58,147.64,148.98,42.73
Cabbage,5/1/2007,60.78,75.22,86.3,19.98
Tomato,5/1/2007,87.56,110.1,111.07,23.02
Brinjal,5/1/2007,61.36,81.75,88.68,23.86
Pumpkin,5/1/2007,47.38,64.31,67.85,18.7
Snake Gourd,5/1/2007,64.2,82.65,83.57,18.91
Green Chilli,5/1/2007,121.52,164.07,160.9,40.96
Lime,5/1/2007,125.47,164.74,164.03,38.92
Beans,6/1/2007,82.24,109.13,104.17,24.41
Carrot,6/1/2007,90.74,120.49,118.96,28.98
Cabbage,6/1/2007,66.97,88.96,89.6,22.31
Tomato,6/1/2007,96.19,132.72,131.48,35.91
Brinjal,6/1/2007,65.97,86.55,91.66,23.14
Pumpkin,6/1/2007,48.36,64.88,61.84,15
Snake Gourd,6/1/2007,50.51,65.9,71.63,18.26
Green Chilli,6/1/2007,118.51,165.37,161.99,45.17
Lime,6/1/2007,139.43,167.58,192.92,40.82
Beans,7/1/2007,79.85,107.72,113.39,30.71
Carrot,7/1/2007,79.16,96.29,103.45,20.71
Cabbage,7/1/2007,79.01,98.41,104.62,22.5
Tomato,7/1/2007,80.97,100.89,112.14,25.54
Brinjal,7/1/2007,53.98,74,77.4,21.72
Pumpkin,7/1/2007,41.73,51.89,52.58,10.51
Snake Gourd,7/1/2007,51.99,65.81,70.29,16.06
Green Chilli,7/1/2007,111.92,148.91,147.27,36.17
Lime,7/1/2007,144.08,172.97,188.85,36.83
Beans,8/1/2007,75.65,97.58,108.33,27.3
Carrot,8/1/2007,81.05,107.16,114.03,29.54
Cabbage,8/1/2007,76.2,101.85,109.3,29.37
Tomato,8/1/2007,82.27,98.83,118.44,26.36
Brinjal,8/1/2007,57.38,76.3,82.06,21.8
Pumpkin,8/1/2007,40.55,56.27,58.6,16.89
Snake Gourd,8/1/2007,53.22,69.5,74.48,18.77
Green Chilli,8/1/2007,113.78,148.88,161.41,41.36
Lime,8/1/2007,119.41,163.38,154.59,39.58
Beans,9/1/2007,89.48,113.26,124.56,29.43
Carrot,9/1/2007,91.77,118.37,131.47,33.15
Cabbage,9/1/2007,72.05,88.96,91.55,18.2
Tomato,9/1/2007,79.55,100.16,101.66,21.36
Brinjal,9/1/2007,58.31,71.36,76.71,15.72
Pumpkin,9/1/2007,40.15,52.26,50.94,11.45
Snake Gourd,9/1/2007,44.65,54.43,62.74,13.94
Green Chilli,9/1/2007,99.88,127.14,126.49,26.94
Lime,9/1/2007,105.96,133.23,143.43,32.37
Beans,10/1/2007,83.98,103.71,116.21,25.98
Carrot,10/1/2007,84.54,113.85,107.73,26.25
Cabbage,10/1/2007,62.52,79.27,86.75,20.49
Tomato,10/1/2007,82.28,110.05,106.28,25.88
Brinjal,10/1/2007,61.99,79.79,78.96,17.38
Pumpkin,10/1/2007,36.59,46.1,45.79,9.35
Snake Gourd,10/1/2007,47.61,64.17,68.65,18.8
Green Chilli,10/1/2007,128.93,156.9,167.39,33.21
Lime,10/1/2007,117.68,142.38,166.26,36.64
Beans,11/1/2007,89.33,122.23,123.93,33.75
Carrot,11/1/2007,96.43,120.06,122.47,24.83
Cabbage,11/1/2007,58.05,76.18,81.71,20.9
Tomato,11/1/2007,91.22,120.41,127.45,32.71
Brinjal,11/1/2007,63.93,86.85,80.34,19.66
Pumpkin,11/1/2007,50.08,69.78,65.67,17.65
Snake Gourd,11/1/2007,45.12,56.45,63.32,14.77
Green Chilli,11/1/2007,117.3,157.97,166.25,44.81
Lime,11/1/2007,127.27,160.79,164.14,35.19
Beans,12/1/2007,78.53,99.43,99.95,21.16
Carrot,12/1/2007,94.98,125.23,124.86,30.06
Cabbage,12/1/2007,74.09,91.05,94.84,18.85
Tomato,12/1/2007,88.82,122.53,127.04,35.97
Brinjal,12/1/2007,65.64,80.22,83.45,16.2
Pumpkin,12/1/2007,48.83,66.13,68.55,18.51
Snake Gourd,12/1/2007,46.42,59.97,64.91,16.02
Green Chilli,12/1/2007,108.34,142.21,146.5,36.02
Lime,12/1/2007,120.6,167.43,165.62,45.93
Beans,1/1/2008,67.62,84.85,90.62,20.11
Carrot,1/1/2008,86.77,105.04,118.47,24.99
Cabbage,1/1/2008,62.91,81.29,85.29,20.38
Tomato,1/1/2008,107.32,142.76,138.38,33.25
Brinjal,1/1/2008,64.79,87.18,92.95,25.28
Pumpkin,1/1/2008,46.19,60.47,66.53,17.31
Snake Gourd,1/1/2008,55.44,74.79,77.49,20.7
Green Chilli,1/1/2008,121.35,162.3,172.68,46.14
Lime,1/1/2008,136.04,178.55,184.5,45.49
Beans,2/1/2008,85.36,107.32,107.35,21.97
Carrot,2/1/2008,97.3,133.68,130.94,35.01
Cabbage,2/1/2008,92.36,123.6,126.36,32.62
Tomato,2/1/2008,82.05,100.99,117.18,27.04
Brinjal,2/1/2008,70.05,94.42,92.85,23.58
Pumpkin,2/1/2008,48.31,60.79,65.46,14.81
Snake Gourd,2/1/2008,53.26,69.89,76.01,19.69
Green Chilli,2/1/2008,107.32,144.94,150.65,40.48
Lime,2/1/2008,152.95,202.08,219.77,57.98
Beans,3/1/2008,85.01,114.81,117.75,31.27
Carrot,3/1/2008,99.76,130.01,128.64,29.56
Cabbage,3/1/2008,81,107.47,111.69,28.58
Tomato,3/1/2008,99.1,121.29,143.65,33.37
Brinjal,3/1/2008,74.3,100.49,93.73,22.81
Pumpkin,3/1/2008,45.26,54.67,65.01,14.58
Snake Gourd,3/1/2008,56.61,69.24,78.76,17.39
Green Chilli,3/1/2008,100.05,139.23,138.02,38.58
Lime,3/1/2008,147.14,199.4,196.09,50.61
Beans,4/1/2008,82.79,105.02,113.36,26.4
Carrot,4/1/2008,92,125.35,118.24,29.79
Cabbage,4/1/2008,75.74,104.99,100.12,26.82
Tomato,4/1/2008,84.1,116.84,119.08,33.86
Brinjal,4/1/2008,67.88,94.16,94.09,26.25
Pumpkin,4/1/2008,48.54,63.7,63.88,15.25
Snake Gourd,4/1/2008,62.74,83.87,85.67,22.03
Green Chilli,4/1/2008,114.35,158.9,160.44,45.32
Lime,4/1/2008,147.5,201.26,200.12,53.19
Beans,5/1/2008,84.34,111.56,116.2,29.54
Carrot,5/1/2008,94.69,122.65,123.35,28.31
Cabbage,5/1/2008,65.17,87.84,83.81,20.66
Tomato,5/1/2008,90.15,122.24,121.12,31.53
Brinjal,5/1/2008,69.71,89.79,95.54,22.96
Pumpkin,5/1/2008,58.32,70.73,73.88,13.98
Snake Gourd,5/1/2008,64.4,78.27,91.03,20.25
Green Chilli,5/1/2008,115.28,145.78,162.3,38.76
Lime,5/1/2008,125.02,168.44,172.21,45.31
Beans,6/1/2008,86.75,116.66,117.81,30.48
Carrot,6/1/2008,118.16,144.07,165.99,36.87
Cabbage,6/1/2008,75.12,101.54,103.32,27.31
Tomato,6/1/2008,89.66,122.51,124.71,33.95
Brinjal,6/1/2008,65.81,84.27,95.26,23.96
Pumpkin,6/1/2008,44.09,60.14,60.08,16.02
Snake Gourd,6/1/2008,55.5,68.93,69.86,13.9
Green Chilli,6/1/2008,122.46,166.18,164.13,42.7
Lime,6/1/2008,147.92,205.63,193.69,51.74
Beans,7/1/2008,96.56,121.89,135.73,32.25
Carrot,7/1/2008,103.07,141.91,148.16,41.96
Cabbage,7/1/2008,68.69,84.54,93.59,20.38
Tomato,7/1/2008,88.43,110.7,125.56,29.7
Brinjal,7/1/2008,67.19,89.77,94.52,24.96
Pumpkin,7/1/2008,48.18,58.4,61.18,11.61
Snake Gourd,7/1/2008,55.75,68.53,72.08,14.56
Green Chilli,7/1/2008,116.87,147.35,164.27,38.94
Lime,7/1/2008,126.57,171.07,183.4,50.67
Beans,8/1/2008,78.25,104.12,108.4,28.01
Carrot,8/1/2008,97.57,127.28,141.07,36.61
Cabbage,8/1/2008,74.79,98.99,96.54,22.97
Tomato,8/1/2008,93.58,124.76,117.15,27.38
Brinjal,8/1/2008,58.78,82.1,78.85,21.69
Pumpkin,8/1/2008,46.85,60.32,60.7,13.66
Snake Gourd,8/1/2008,63.39,86.14,89.39,24.38
Green Chilli,8/1/2008,99.76,130.64,136.13,33.62
Lime,8/1/2008,102.44,133.97,148.23,38.66
Beans,9/1/2008,75.05,91.79,97.34,19.52
Carrot,9/1/2008,111.4,146.47,160.62,42.14
Cabbage,9/1/2008,66.64,81.18,86.34,17.12
Tomato,9/1/2008,83.88,112.34,112.53,28.56
Brinjal,9/1/2008,68.55,84.85,92.94,20.34
Pumpkin,9/1/2008,45.2,56.47,58.41,12.24
Snake Gourd,9/1/2008,49.27,60.31,70.99,16.38
Green Chilli,9/1/2008,102.29,132.86,142.63,35.46
Lime,9/1/2008,117.4,145.67,166.95,38.91
Beans,10/1/2008,78.6,95.78,101.8,20.19
Carrot,10/1/2008,88.84,109.78,122.03,27.06
Cabbage,10/1/2008,67.47,88.2,90.25,21.76
Tomato,10/1/2008,79.22,109.53,109.06,30.08
Brinjal,10/1/2008,51.9,69.97,65.92,16.05
Pumpkin,10/1/2008,44.76,59.12,60.22,14.91
Snake Gourd,10/1/2008,48.97,65.57,64.72,16.17
Green Chilli,10/1/2008,114.13,157.27,153.1,41.06
Lime,10/1/2008,121.84,166.51,154.7,38.76
Beans,11/1/2008,85.02,107.81,116.17,26.97
Carrot,11/1/2008,88.67,112.19,127.37,31.11
Cabbage,11/1/2008,79.16,95.31,109.16,23.08
Tomato,11/1/2008,76.58,93.32,96.44,18.3
Brinjal,11/1/2008,72.38,89.73,102.55,23.76
Pumpkin,11/1/2008,48.64,62.7,68.18,16.8
Snake Gourd,11/1/2008,46.25,60.64,64.77,16.45
Green Chilli,11/1/2008,113.27,146.88,144.99,32.67
Lime,11/1/2008,132.57,178.19,181.61,47.33
Beans,12/1/2008,81.54,113.09,108.55,29.28
Carrot,12/1/2008,102.33,136.17,131.38,31.44
Cabbage,12/1/2008,66.55,84.72,94.58,23.1
Tomato,12/1/2008,93.29,120.77,120.02,27.1
Brinjal,12/1/2008,66.58,91.34,95.27,26.72
Pumpkin,12/1/2008,37.9,52.94,50.08,13.61
Snake Gourd,12/1/2008,53.07,65.55,75.18,17.3
Green Chilli,12/1/2008,109.58,136.84,147.07,32.38
Lime,12/1/2008,125.38,156.65,168.8,37.35
Beans,1/1/2009,77.02,107.26,100.46,26.84
Carrot,1/1/2009,96.13,130.68,138.29,38.36
Cabbage,1/1/2009,70.52,87.92,101.58,24.23
Tomato,1/1/2009,100.17,131.79,130.28,30.86
Brinjal,1/1/2009,63.11,83.44,79.88,18.55
Pumpkin,1/1/2009,66.78,81.14,92.39,19.98
Snake Gourd,1/1/2009,49.34,68.87,64.51,17.35
Green Chilli,1/1/2009,131.4,183.08,184.93,52.6
Lime,1/1/2009,170.55,228.48,233.13,60.25
Beans,2/1/2009,90.6,116.84,124.22,29.93
Carrot,2/1/2009,118.42,156.25,167.97,43.69
Cabbage,2/1/2009,85.46,115.41,123.88,34.18
Tomato,2/1/2009,96.58,135.19,121.55,31.79
Brinjal,2/1/2009,73.37,91.25,99.54,22.02
Pumpkin,2/1/2009,67.36,86.44,87.24,19.48
Snake Gourd,2/1/2009,59.95,78.46,75.93,17.24
Green Chilli,2/1/2009,111.21,153.69,155.25,43.26
Lime,2/1/2009,169.98,215.34,243.24,59.31
Beans,3/1/2009,85.54,107.31,121.87,29.05
Carrot,3/1/2009,131.81,172.83,164.79,37
Cabbage,3/1/2009,91.02,111.37,125.73,27.53
Tomato,3/1/2009,111.66,147.81,161.63,43.06
Brinjal,3/1/2009,64.98,78.14,81.49,14.83
Pumpkin,3/1/2009,53,65.4,71.06,15.23
Snake Gourd,3/1/2009,53.54,67.44,74.43,17.4
Green Chilli,3/1/2009,152.76,213.38,209.49,58.68
Lime,3/1/2009,143.08,185.78,191.92,45.77
Beans,4/1/2009,101.02,134.57,126.95,29.74
Carrot,4/1/2009,115.33,143.24,165.17,38.88
Cabbage,4/1/2009,82.08,101.23,108.88,22.98
Tomato,4/1/2009,113.42,146.61,143.72,31.75
Brinjal,4/1/2009,77.95,105.8,105.85,27.87
Pumpkin,4/1/2009,61.48,83.21,79.97,20.11
Snake Gourd,4/1/2009,61.41,85.9,83.12,23.1
Green Chilli,4/1/2009,124.1,154.67,155.58,31.03
Lime,4/1/2009,142.88,197.82,185.73,48.9
Beans,5/1/2009,93.85,130.66,122.2,32.58
Carrot,5/1/2009,105.42,146.12,152.79,44.04
Cabbage,5/1/2009,96.45,118.02,131.78,28.45
Tomato,5/1/2009,123.62,159.7,168.22,40.34
Brinjal,5/1/2009,74.35,94.94,93.82,20.03
Pumpkin,5/1/2009,56.17,72.59,77.54,18.9
Snake Gourd,5/1/2009,58.23,77.39,73.9,17.42
Green Chilli,5/1/2009,138.56,170.35,194.8,44.02
Lime,5/1/2009,141.7,174.92,199.86,45.69
Beans,6/1/2009,87.45,122.31,114.87,31.14
Carrot,6/1/2009,117.06,147.31,158.97,36.08
Cabbage,6/1/2009,80.56,108.22,115.82,31.46
Tomato,6/1/2009,84.95,115.34,116.27,30.85
Brinjal,6/1/2009,72.89,95,98.68,23.95
Pumpkin,6/1/2009,61,75.79,77.15,15.47
Snake Gourd,6/1/2009,58.09,72.37,81.93,19.06
Green Chilli,6/1/2009,140.51,184.54,199.8,51.66
Lime,6/1/2009,139.33,170.65,196.54,44.26
Beans,7/1/2009,87.73,113.38,121.07,29.49
Carrot,7/1/2009,100.68,133.77,137.32,34.86
Cabbage,7/1/2009,89.04,108.57,119.44,24.96
Tomato,7/1/2009,104.86,136.08,133.36,29.86
Brinjal,7/1/2009,82.8,110.92,108.99,27.16
Pumpkin,7/1/2009,49.58,62.06,62.14,12.52
Snake Gourd,7/1/2009,58.53,72.32,77.9,16.58
Green Chilli,7/1/2009,111.05,145.84,139.84,31.79
Lime,7/1/2009,155.97,213.75,214.72,58.26
Beans,8/1/2009,101.92,126.16,131.18,26.75
Carrot,8/1/2009,98.1,133.33,139.99,38.56
Cabbage,8/1/2009,80.47,98.79,108.51,23.18
Tomato,8/1/2009,100.62,139.33,136.4,37.25
Brinjal,8/1/2009,74.15,103.16,98.1,26.48
Pumpkin,8/1/2009,50.97,69.56,70.81,19.22
Snake Gourd,8/1/2009,58.71,78.53,82.13,21.62
Green Chilli,8/1/2009,129.38,165.79,183.01,45.02
Lime,8/1/2009,127.54,174.5,166.85,43.13
Beans,9/1/2009,77.85,100.78,105.67,25.38
Carrot,9/1/2009,107.98,146.03,139.87,34.97
Cabbage,9/1/2009,69.1,94.51,89.06,22.69
Tomato,9/1/2009,107.63,131.93,150.7,33.68
Brinjal,9/1/2009,81.29,100.76,105.68,21.93
Pumpkin,9/1/2009,56.84,79.51,72.54,19.19
Snake Gourd,9/1/2009,62.87,78.26,79.89,16.21
Green Chilli,9/1/2009,118.46,154.34,153.22,35.32
Lime,9/1/2009,127.48,160.93,170.85,38.41
Beans,10/1/2009,76.11,102.85,103.46,27.04
Carrot,10/1/2009,100.74,127.18,138.48,32.09
Cabbage,10/1/2009,69.57,85.23,88.46,17.28
Tomato,10/1/2009,80.88,112.34,108.69,29.64
Brinjal,10/1/2009,68.19,84.4,98.54,23.28
Pumpkin,10/1/2009,50.19,61.05,66.41,13.54
Snake Gourd,10/1/2009,48.29,60.85,61.4,12.84
Green Chilli,10/1/2009,109.77,146.8,150.65,38.96
Lime,10/1/2009,137.07,176.63,175.31,38.9
Beans,11/1/2009,75.26,92.02,105.17,23.33
Carrot,11/1/2009,95.05,120.26,125.37,27.77
Cabbage,11/1/2009,74.72,98.1,95.09,21.88
Tomato,11/1/2009,114.56,145.88,156.62,36.69
Brinjal,11/1/2009,72.95,91.87,98.43,22.2
Pumpkin,11/1/2009,47.08,64.17,63.64,16.83
Snake Gourd,11/1/2009,53.11,65.41,71.5,15.34
Green Chilli,11/1/2009,138.02,165.91,175.6,32.73
Lime,11/1/2009,112.93,155.57,149.72,39.71
Beans,12/1/2009,80.76,111.06,109.72,29.63
Carrot,12/1/2009,118.17,143.09,156.92,31.83
Cabbage,12/1/2009,84.76,106.37,113.82,25.33
Tomato,12/1/2009,93.14,122.64,117.55,26.96
Brinjal,12/1/2009,63.83,84.58,83,19.96
Pumpkin,12/1/2009,53.31,73.05,67.73,17.08
Snake Gourd,12/1/2009,67.17,84.67,96.68,23.51
Green Chilli,12/1/2009,122.7,151.65,173.61,39.93
Lime,12/1/2009,141.74,185.87,194.39,48.39
Beans,1/1/2010,88.38,121.54,127.95,36.37
Carrot,1/1/2010,108.13,133.77,142.51,30.01
Cabbage,1/1/2010,96.19,132.13,121.8,30.78
Tomato,1/1/2010,105.07,144.33,145.23,39.71
Brinjal,1/1/2010,61.89,77.96,79.52,16.85
Pumpkin,1/1/2010,58.85,77.83,81.23,20.68
Snake Gourd,1/1/2010,69.07,83.27,96.13,20.63
Green Chilli,1/1/2010,117.12,149.29,158.81,36.93
Lime,1/1/2010,147.17,181.53,204.56,45.88
Beans,2/1/2010,99.78,119.77,138.79,29.5
Carrot,2/1/2010,104.28,125.33,133.94,25.35
Cabbage,2/1/2010,84.24,106.45,116.14,27.06
Tomato,2/1/2010,121.25,149.66,174.79,40.97
Brinjal,2/1/2010,74.96,94.81,107.75,26.32
Pumpkin,2/1/2010,52.1,71.72,70.46,18.99
Snake Gourd,2/1/2010,64.23,84.26,82.02,18.91
Green Chilli,2/1/2010,137.04,172.6,196.22,47.37
Lime,2/1/2010,129.96,164.83,187.34,46.12
Beans,3/1/2010,94.49,128.47,136.98,38.24
Carrot,3/1/2010,104.4,135.29,134.27,30.38
Cabbage,3/1/2010,94.03,117.62,119.03,24.3
Tomato,3/1/2010,99.41,127.64,135.63,32.22
Brinjal,3/1/2010,69.28,86.85,91.53,19.91
Pumpkin,3/1/2010,49.99,63.2,71.79,17.51
Snake Gourd,3/1/2010,67.03,84.33,91.88,21.07
Green Chilli,3/1/2010,130.66,178,187.98,52.33
Lime,3/1/2010,148.5,201.24,196.85,50.54
Beans,4/1/2010,96.26,127.23,139.19,36.95
Carrot,4/1/2010,132.45,174.63,185.99,47.86
Cabbage,4/1/2010,77.77,99.69,99.4,21.78
Tomato,4/1/2010,103.9,137.77,138.37,34.17
Brinjal,4/1/2010,73.56,92.81,93.56,19.62
Pumpkin,4/1/2010,68.35,88.78,92.25,22.17
Snake Gourd,4/1/2010,73.95,102.02,100.19,27.15
Green Chilli,4/1/2010,146.22,188.25,189.71,42.76
Lime,4/1/2010,128.37,174.77,163.77,40.9
Beans,5/1/2010,85.56,106.08,122.74,28.85
Carrot,5/1/2010,131.47,158.37,166.31,30.87
Cabbage,5/1/2010,80.16,104.21,101.48,22.68
Tomato,5/1/2010,101.95,142.35,135.65,37.05
Brinjal,5/1/2010,73.83,91.76,103.86,23.98
Pumpkin,5/1/2010,62.55,78.68,89.45,21.52
Snake Gourd,5/1/2010,60.37,80.68,83.98,21.96
Green Chilli,5/1/2010,125.01,168.95,159.63,39.28
Lime,5/1/2010,151.05,199.95,192.03,44.94
Beans,6/1/2010,104.19,130.7,150.34,36.33
Carrot,6/1/2010,116.01,145.66,166.79,40.21
Cabbage,6/1/2010,84.41,113.36,114.98,29.76
Tomato,6/1/2010,109.89,145.6,144.36,35.09
Brinjal,6/1/2010,73.14,93.59,105.09,26.2
Pumpkin,6/1/2010,57.56,79.39,73.02,18.64
Snake Gourd,6/1/2010,66.36,89.26,88.79,22.67
Green Chilli,6/1/2010,147.47,194.46,203.43,51.48
Lime,6/1/2010,153.29,209.9,211.27,57.3
Beans,7/1/2010,93.76,114.16,132.8,29.72
Carrot,7/1/2010,88.56,112.73,112.36,23.98
Cabbage,7/1/2010,73.43,90.44,103.64,23.61
Tomato,7/1/2010,107.67,142.32,136.55,31.76
Brinjal,7/1/2010,67.34,90.88,88.91,22.55
Pumpkin,7/1/2010,56.05,74.54,73.59,18.02
Snake Gourd,7/1/2010,73.43,96.6,103.68,26.71
Green Chilli,7/1/2010,145.82,202.06,203.25,56.84
Lime,7/1/2010,164.67,228.85,210.81,55.16
Beans,8/1/2010,114.5,155.95,161.81,44.38
Carrot,8/1/2010,105.92,132,134.2,27.18
Cabbage,8/1/2010,80.34,104.75,108.47,26.27
Tomato,8/1/2010,96.42,128.5,130.23,32.94
Brinjal,8/1/2010,86.95,106.92,109.94,21.48
Pumpkin,8/1/2010,53.24,68.07,71.31,16.45
Snake Gourd,8/1/2010,63.57,76.41,81.86,15.56
Green Chilli,8/1/2010,143.95,184.95,191.54,44.3
Lime,8/1/2010,147.55,177.97,206.54,44.7
Beans,9/1/2010,80.21,104.01,111.39,27.49
Carrot,9/1/2010,96.88,129.5,139.52,37.63
Cabbage,9/1/2010,73.12,90.2,95.13,19.54
Tomato,9/1/2010,86.43,106.43,118.43,26
Brinjal,9/1/2010,67.44,90.81,89.34,22.64
Pumpkin,9/1/2010,53.79,65.16,72.18,14.88
Snake Gourd,9/1/2010,63.61,85.66,86.63,22.53
Green Chilli,9/1/2010,132.09,170.16,185.9,45.94
Lime,9/1/2010,136.42,190.48,185.9,51.77
Beans,10/1/2010,85.22,112.47,107.9,24.97
Carrot,10/1/2010,116.43,155.21,149.16,35.75
Cabbage,10/1/2010,86.48,110.42,112.74,25.1
Tomato,10/1/2010,90.67,114.42,122.69,27.88
Brinjal,10/1/2010,81.86,102.82,102.79,20.94
Pumpkin,10/1/2010,55.23,75.18,70.05,17.39
Snake Gourd,10/1/2010,63.67,88.74,84.89,23.14
Green Chilli,10/1/2010,120.25,144.65,166.46,35.31
Lime,10/1/2010,165.18,228.38,214.85,56.43
Beans,11/1/2010,100.55,125.91,133.23,29.02
Carrot,11/1/2010,105.45,143.17,143.69,37.98
Cabbage,11/1/2010,74.94,99.35,95.43,22.45
Tomato,11/1/2010,113.95,152.48,162.15,43.36
Brinjal,11/1/2010,82.26,106.02,109.2,25.35
Pumpkin,11/1/2010,52.93,69.4,74.16,18.85
Snake Gourd,11/1/2010,58.12,76.66,74.72,17.57
Green Chilli,11/1/2010,113.05,145.39,146.15,32.72
Lime,11/1/2010,139.78,178.19,181.35,39.99
Beans,12/1/2010,82.3,109.71,104.2,24.66
Carrot,12/1/2010,111.28,147.52,160.22,42.59
Cabbage,12/1/2010,86.04,104.47,107.81,20.1
Tomato,12/1/2010,91.76,119.75,117.63,26.93
Brinjal,12/1/2010,73.48,101.07,101.01,27.56
Pumpkin,12/1/2010,51.16,71.35,68.03,18.53
Snake Gourd,12/1/2010,65.59,79.69,92.82,20.66
Green Chilli,12/1/2010,150.97,205.71,211.62,57.7
Lime,12/1/2010,162.26,212.44,213.62,50.77
Beans,1/1/2011,100.53,135.62,133.76,34.16
Carrot,1/1/2011,127.97,167.01,160.43,35.75
Cabbage,1/1/2011,95.73,121.23,123.35,26.56
Tomato,1/1/2011,116.17,142.43,151.65,30.87
Brinjal,1/1/2011,65.13,89.36,88.42,23.76
Pumpkin,1/1/2011,64.64,86.88,81.33,19.46
Snake Gourd,1/1/2011,83.97,117.5,116.57,33.06
Green Chilli,1/1/2011,130.82,179.18,164.85,41.2
Lime,1/1/2011,185.45,225.47,233.33,43.95
Beans,2/1/2011,118.36,151.67,149.81,32.38
Carrot,2/1/2011,116.42,140.08,165.2,36.22
Cabbage,2/1/2011,91.96,119.44,128.08,31.8
Tomato,2/1/2011,111.79,153.86,154.53,42.4
Brinjal,2/1/2011,86.26,106.17,115.34,24.49
Pumpkin,2/1/2011,75.29,92.34,107.76,24.76
Snake Gourd,2/1/2011,78.48,100.99,112.58,28.3
Green Chilli,2/1/2011,146.93,180.09,190.53,38.38
Lime,2/1/2011,176.58,229.38,233.57,54.89
Beans,3/1/2011,119.79,164,167.72,46.07
Carrot,3/1/2011,116.69,150.53,162.73,39.94
Cabbage,3/1/2011,88.8,111.03,113.49,23.46
Tomato,3/1/2011,112.29,153.62,161.49,45.26
Brinjal,3/1/2011,90.4,111.43,117.53,24.08
Pumpkin,3/1/2011,74.2,91.79,98.02,20.7
Snake Gourd,3/1/2011,74.09,96.26,95.54,21.81
Green Chilli,3/1/2011,150.25,195.64,210.37,52.76
Lime,3/1/2011,173.25,212.22,237.19,51.46
Beans,4/1/2011,113.29,158.04,143.9,37.68
Carrot,4/1/2011,122.3,153.85,171.68,40.47
Cabbage,4/1/2011,93.29,123.98,116.69,27.04
Tomato,4/1/2011,143.51,176.94,207.72,48.82
Brinjal,4/1/2011,99.88,137.49,134.41,36.07
Pumpkin,4/1/2011,70.37,84.8,93.79,18.92
Snake Gourd,4/1/2011,90.67,119.85,122.09,30.3
Green Chilli,4/1/2011,157.58,191.43,208.14,42.2
Lime,4/1/2011,137.65,169.86,172.35,33.46
Beans,5/1/2011,104.04,127.4,144.49,31.9
Carrot,5/1/2011,110.12,145.68,140.07,32.75
Cabbage,5/1/2011,92.46,116.7,119.54,25.66
Tomato,5/1/2011,140.42,191.63,194.69,52.74
Brinjal,5/1/2011,99.96,135.03,138.96,37.04
Pumpkin,5/1/2011,53.94,66.3,70.87,14.65
Snake Gourd,5/1/2011,80.43,105.18,103.31,23.82
Green Chilli,5/1/2011,128.98,157.69,177.91,38.82
Lime,5/1/2011,179.31,222.37,239.63,51.69
Beans,6/1/2011,100.32,129.33,130.42,29.56
Carrot,6/1/2011,120.8,164.98,151.79,37.58
Cabbage,6/1/2011,90.4,115.15,126.78,30.56
Tomato,6/1/2011,114.02,144.62,165.23,40.9
Brinjal,6/1/2011,84.94,114.58,115.14,29.92
Pumpkin,6/1/2011,51.7,62.4,67.45,13.22
Snake Gourd,6/1/2011,63.8,85.81,83.52,20.86
Green Chilli,6/1/2011,128.76,166.58,176.8,42.93
Lime,6/1/2011,188.19,249.26,267.77,70.32
Beans,7/1/2011,93.5,118.42,118.45,24.94
Carrot,7/1/2011,116.38,156.77,153.83,38.92
Cabbage,7/1/2011,92.11,122.72,127.05,32.78
Tomato,7/1/2011,97.54,124.19,133.16,31.13
Brinjal,7/1/2011,82.93,114.15,117.63,32.96
Pumpkin,7/1/2011,49.83,65.37,64.1,14.9
Snake Gourd,7/1/2011,79.26,101.96,108.52,25.98
Green Chilli,7/1/2011,128.81,167.58,167.47,38.72
Lime,7/1/2011,183.96,242.25,262.47,68.4
Beans,8/1/2011,111.5,152.06,143.99,36.53
Carrot,8/1/2011,101.22,123.7,128.48,24.87
Cabbage,8/1/2011,74.44,99.04,107.65,28.91
Tomato,8/1/2011,106.71,146.41,135.89,34.44
Brinjal,8/1/2011,75.85,102.77,95.56,23.32
Pumpkin,8/1/2011,55.07,66.6,79.68,18.07
Snake Gourd,8/1/2011,54.17,66.93,68.52,13.56
Green Chilli,8/1/2011,152.49,199.12,210.35,52.24
Lime,8/1/2011,156.08,215.92,209.29,56.52
Beans,9/1/2011,91.12,121.58,131.32,35.33
Carrot,9/1/2011,97.73,118.52,133.45,28.25
Cabbage,9/1/2011,74.8,90.42,106.33,23.58
Tomato,9/1/2011,96.41,133.17,133.62,36.98
Brinjal,9/1/2011,76.56,98.5,103.68,24.53
Pumpkin,9/1/2011,52.39,69.37,67.33,15.96
Snake Gourd,9/1/2011,86.98,119.85,115.74,30.81
Green Chilli,9/1/2011,146.16,195.2,208.28,55.58
Lime,9/1/2011,166.15,209.62,207.75,42.54
Beans,10/1/2011,98.53,129.39,141.38,36.85
Carrot,10/1/2011,138.49,183.09,178.23,42.17
Cabbage,10/1/2011,82.99,113.46,114.75,31.12
Tomato,10/1/2011,107.19,138.15,147.23,35.5
Brinjal,10/1/2011,73.13,92.19,91.69,18.81
Pumpkin,10/1/2011,46.68,64.96,64.62,18.11
Snake Gourd,10/1/2011,58.22,76.06,74.16,16.89
Green Chilli,10/1/2011,121.65,147.57,154.27,29.27
Lime,10/1/2011,148.91,205.63,196.7,52.26
Beans,11/1/2011,105.76,145.3,132.53,33.16
Carrot,11/1/2011,140.45,187.42,194.49,50.51
Cabbage,11/1/2011,77.18,97.22,103.37,23.11
Tomato,11/1/2011,119.33,160.96,166.16,44.23
Brinjal,11/1/2011,73.07,99.54,94.06,23.73
Pumpkin,11/1/2011,62.36,78.88,82.55,18.35
Snake Gourd,11/1/2011,59.16,73.13,81.97,18.39
Green Chilli,11/1/2011,135.27,181,178.12,44.29
Lime,11/1/2011,183.31,222.75,243.79,49.96
Beans,12/1/2011,85.35,108.07,119.74,28.56
Carrot,12/1/2011,126.08,167.79,179.42,47.52
Cabbage,12/1/2011,85.35,106.73,121.03,28.53
Tomato,12/1/2011,102,123.22,139.47,29.34
Brinjal,12/1/2011,66.77,86.31,84.06,18.42
Pumpkin,12/1/2011,58.02,69.74,82.36,18.03
Snake Gourd,12/1/2011,71.3,89.21,96.5,21.56
Green Chilli,12/1/2011,131.84,163.26,183.35,41.46
Lime,12/1/2011,139.76,190.65,176.89,44.01
Beans,1/1/2012,101.73,135.55,136.7,34.39
Carrot,1/1/2012,115.58,144.31,151.72,32.44
Cabbage,1/1/2012,93.87,113.86,124.31,25.21
Tomato,1/1/2012,105.67,132.67,136.98,29.15
Brinjal,1/1/2012,105.5,133.49,148.55,35.52
Pumpkin,1/1/2012,73.11,96.63,98.44,24.42
Snake Gourd,1/1/2012,82.53,113.61,118.57,33.56
Green Chilli,1/1/2012,124.21,157.67,160.58,34.92
Lime,1/1/2012,176.41,241.85,228.79,58.91
Beans,2/1/2012,95.13,116.53,122.74,24.51
Carrot,2/1/2012,127.11,160.96,167.06,36.9
Cabbage,2/1/2012,122.09,157.03,152.73,32.79
Tomato,2/1/2012,154.67,187.08,213.93,45.84
Brinjal,2/1/2012,95.97,124.78,127.75,30.3
Pumpkin,2/1/2012,55.82,69.05,80.15,18.78
Snake Gourd,2/1/2012,72.11,95.03,103.19,27
Green Chilli,2/1/2012,162.9,214.73,218.67,53.8
Lime,2/1/2012,193.1,255.7,269.54,69.52
Beans,3/1/2012,90.6,125.44,124,34.12
Carrot,3/1/2012,125.14,154.87,173.54,39.06
Cabbage,3/1/2012,114.82,158.84,154.47,41.84
Tomato,3/1/2012,118.19,162.12,166.63,46.18
Brinjal,3/1/2012,78.47,103.88,109.3,28.12
Pumpkin,3/1/2012,63.59,79.73,86.97,19.76
Snake Gourd,3/1/2012,75.91,94.31,107.44,24.97
Green Chilli,3/1/2012,145.89,178.88,188.14,37.62
Lime,3/1/2012,191.56,268.13,269.12,77.06
Beans,4/1/2012,120.51,149.51,166.43,37.46
Carrot,4/1/2012,152.62,183.65,204.39,41.4
Cabbage,4/1/2012,101.06,136.52,127.85,31.12
Tomato,4/1/2012,119.91,148.54,157.28,33
Brinjal,4/1/2012,97.44,119.78,135.47,30.18
Pumpkin,4/1/2012,76.1,93.74,103.1,22.32
Snake Gourd,4/1/2012,74.09,93.14,104.13,24.54
Green Chilli,4/1/2012,146.28,181.01,198.5,43.47
Lime,4/1/2012,147.38,199.66,203.47,54.18
Beans,5/1/2012,119.1,151.1,159.42,36.16
Carrot,5/1/2012,153.18,213.14,193.58,50.18
Cabbage,5/1/2012,100.67,124,130.29,26.47
Tomato,5/1/2012,109.02,132.84,136.51,25.66
Brinjal,5/1/2012,86.09,105.37,123.63,28.41
Pumpkin,5/1/2012,62.09,86.91,83.71,23.22
Snake Gourd,5/1/2012,84.93,117.72,112.77,30.31
Green Chilli,5/1/2012,167.79,201.35,226.68,46.23
Lime,5/1/2012,174.61,220.39,234.69,52.93
Beans,6/1/2012,104.07,128.06,150.34,35.13
Carrot,6/1/2012,111.43,148.63,141.63,33.7
Cabbage,6/1/2012,95.74,123.73,120.16,26.21
Tomato,6/1/2012,149.11,181.49,208.66,45.96
Brinjal,6/1/2012,82.64,112.82,116.2,31.87
Pumpkin,6/1/2012,71.39,92.72,96.07,23
Snake Gourd,6/1/2012,74.56,96.63,99.75,23.63
Green Chilli,6/1/2012,133.88,180.92,192.33,52.74
Lime,6/1/2012,166.72,210.3,220.66,48.76
Beans,7/1/2012,94.85,122.89,124.15,28.67
Carrot,7/1/2012,148.56,188.98,211.51,51.68
Cabbage,7/1/2012,81.51,107.68,118.03,31.34
Tomato,7/1/2012,130.47,166.1,183.81,44.48
Brinjal,7/1/2012,86.64,105.91,123.47,28.05
Pumpkin,7/1/2012,68.08,85.31,91.7,20.43
Snake Gourd,7/1/2012,83.56,106.49,114.22,26.79
Green Chilli,7/1/2012,133.75,182.94,167.48,41.46
Lime,7/1/2012,188.86,231.73,236.67,45.34
Beans,8/1/2012,89.44,117.33,118.05,28.25
Carrot,8/1/2012,120.95,156.83,172.18,43.56
Cabbage,8/1/2012,101.17,127.62,132.48,28.88
Tomato,8/1/2012,146.83,204.17,188.33,49.42
Brinjal,8/1/2012,93.03,123.71,121.34,29.49
Pumpkin,8/1/2012,75.78,104.61,108.73,30.89
Snake Gourd,8/1/2012,67.75,86.81,88.41,19.86
Green Chilli,8/1/2012,151.14,184.62,192.49,37.42
Lime,8/1/2012,138.41,183.35,199.14,52.83
Beans,9/1/2012,116.62,146.33,148.63,30.86
Carrot,9/1/2012,126.87,172.71,175.8,47.39
Cabbage,9/1/2012,72.7,94.79,96.82,23.1
Tomato,9/1/2012,109.25,134.74,144.26,30.25
Brinjal,9/1/2012,70.12,93.28,92.95,22.99
Pumpkin,9/1/2012,67.01,85.08,95.32,23.19
Snake Gourd,9/1/2012,67.84,81.88,85.54,15.87
Green Chilli,9/1/2012,150.42,185.53,216.36,50.53
Lime,9/1/2012,167.43,218.91,212.39,48.22
Beans,10/1/2012,112.03,151.37,147.16,37.24
Carrot,10/1/2012,108.91,151.84,141.95,37.98
Cabbage,10/1/2012,110.41,136.48,140.4,28.03
Tomato,10/1/2012,109.2,141.8,157.17,40.28
Brinjal,10/1/2012,75.57,99.56,95.95,22.19
Pumpkin,10/1/2012,50.3,65.37,66.94,15.86
Snake Gourd,10/1/2012,60.2,82.28,76.5,19.19
Green Chilli,10/1/2012,138.98,180.27,191.92,47.12
Lime,10/1/2012,148.28,207.32,206.9,58.83
Beans,11/1/2012,107.13,141.1,136.64,31.74
Carrot,11/1/2012,109.2,133.47,151.68,33.38
Cabbage,11/1/2012,94.18,120.98,120.21,26.41
Tomato,11/1/2012,106.26,134.59,148.48,35.27
Brinjal,11/1/2012,70.99,92.9,96.79,23.86
Pumpkin,11/1/2012,61.38,74.39,79.01,15.32
Snake Gourd,11/1/2012,66.93,81.4,90.16,18.85
Green Chilli,11/1/2012,162.93,224.84,208.69,53.83
Lime,11/1/2012,167.89,211.91,221.74,48.94
Beans,12/1/2012,111.65,150.1,145.92,36.36
Carrot,12/1/2012,135.28,186.18,175.3,45.46
Cabbage,12/1/2012,78.38,103.44,100.82,23.75
Tomato,12/1/2012,118.18,145.69,148.36,28.84
Brinjal,12/1/2012,70.09,88.37,99.81,24
Pumpkin,12/1/2012,54.75,66.76,73.49,15.38
Snake Gourd,12/1/2012,71.4,97.52,94.86,24.79
Green Chilli,12/1/2012,115.82,161.98,154.37,42.36
Lime,12/1/2012,132.92,171.98,190.62,48.38
Beans,1/1/2013,95.83,123.29,134.38,33.01
Carrot,1/1/2013,137.12,169.94,195.67,45.68
Cabbage,1/1/2013,110.01,141.14,146.43,33.77
Tomato,1/1/2013,155.24,193.49,217.45,50.23
Brinjal,1/1/2013,84.89,104.78,118.7,26.85
Pumpkin,1/1/2013,56.77,69.08,81.85,18.69
Snake Gourd,1/1/2013,81.05,110.97,105.1,26.98
Green Chilli,1/1/2013,134.66,177.21,172.54,40.22
Lime,1/1/2013,215.87,293.71,298.88,80.42
Beans,2/1/2013,112.73,146.44,160.86,40.92
Carrot,2/1/2013,117.39,145.83,159.68,35.37
Cabbage,2/1/2013,120.17,153.04,164.91,38.8
Tomato,2/1/2013,146.54,200.11,212.15,59.59
Brinjal,2/1/2013,82.2,105.51,113.63,27.37
Pumpkin,2/1/2013,77.64,95.12,112.55,26.2
Snake Gourd,2/1/2013,97.16,122.19,133.22,30.54
Green Chilli,2/1/2013,154.07,213.37,198.51,51.87
Lime,2/1/2013,166.46,223.67,212.97,51.86
Beans,3/1/2013,111.17,137.29,157.32,36.13
Carrot,3/1/2013,142.84,196.16,194.6,52.54
Cabbage,3/1/2013,108.12,140.32,139.81,31.94
Tomato,3/1/2013,105.06,132.37,138.92,30.58
Brinjal,3/1/2013,88.58,106.79,126.8,28.22
Pumpkin,3/1/2013,63.53,76.74,89.79,19.74
Snake Gourd,3/1/2013,70,84.61,95.32,19.96
Green Chilli,3/1/2013,132.97,167.26,179.91,40.61
Lime,3/1/2013,219.38,284.97,291.58,68.9
Beans,4/1/2013,124.18,156.74,176.1,42.24
Carrot,4/1/2013,154.58,209.79,203.96,52.29
Cabbage,4/1/2013,78.14,105.54,105.07,27.16
Tomato,4/1/2013,127.24,176.67,172.55,47.37
Brinjal,4/1/2013,101.66,129.14,141.7,33.76
Pumpkin,4/1/2013,58.22,79.5,81.18,22.12
Snake Gourd,4/1/2013,85.78,116.12,120.17,32.36
Green Chilli,4/1/2013,153.75,200.64,202.32,47.73
Lime,4/1/2013,223.91,288.16,317.48,78.91
Beans,5/1/2013,135.22,168.62,188.65,43.42
Carrot,5/1/2013,148.7,187.55,185.88,38.02
Cabbage,5/1/2013,118.79,149.68,164.62,38.36
Tomato,5/1/2013,152,193.88,215.02,52.45
Brinjal,5/1/2013,118.92,165.95,153.41,40.76
Pumpkin,5/1/2013,69.25,96.32,99.75,28.78
Snake Gourd,5/1/2013,83.91,104.2,120.3,28.34
Green Chilli,5/1/2013,162.09,195.82,206.6,39.12
Lime,5/1/2013,163.34,210.69,224.33,54.17
Beans,6/1/2013,119.45,148.21,153.64,31.47
Carrot,6/1/2013,131.64,164.65,175.77,38.57
Cabbage,6/1/2013,114.66,144.92,144.33,29.97
Tomato,6/1/2013,102.25,141.1,129.86,33.23
Brinjal,6/1/2013,95.46,125.77,124.76,29.81
Pumpkin,6/1/2013,79.02,102.27,110.76,27.5
Snake Gourd,6/1/2013,72.16,98.25,96.26,25.1
Green Chilli,6/1/2013,178.36,243.4,245.32,66
Lime,6/1/2013,202.27,260.17,291.7,73.66
Beans,7/1/2013,120.04,161.79,159.27,40.49
Carrot,7/1/2013,165.16,207.35,220.27,48.65
Cabbage,7/1/2013,92.53,120.71,122.7,29.17
Tomato,7/1/2013,118.45,157.23,154.34,37.33
Brinjal,7/1/2013,98.66,126.95,140.09,34.86
Pumpkin,7/1/2013,62.56,80.75,83.07,19.35
Snake Gourd,7/1/2013,85.38,106.94,109.97,23.08
Green Chilli,7/1/2013,181.28,239.83,233.69,55.48
Lime,7/1/2013,170.92,229.07,242.05,64.64
Beans,8/1/2013,131.06,172.69,186.34,48.46
Carrot,8/1/2013,160.06,205.4,224.72,55
Cabbage,8/1/2013,89.44,109.44,117.53,24.04
Tomato,8/1/2013,130.08,174.47,170.56,42.43
Brinjal,8/1/2013,73.1,95.28,93.97,21.53
Pumpkin,8/1/2013,71.94,91.42,93.56,20.55
Snake Gourd,8/1/2013,67.51,88.04,95.48,24.25
Green Chilli,8/1/2013,168.64,207.92,212.91,41.78
Lime,8/1/2013,167.43,228.74,229.61,61.74
Beans,9/1/2013,106.43,133.26,150.1,35.25
Carrot,9/1/2013,127.98,175.57,176.7,48.15
Cabbage,9/1/2013,104.37,128.52,132.84,26.31
Tomato,9/1/2013,137.09,172.08,173.56,35.73
Brinjal,9/1/2013,74.09,95.21,95.07,21.05
Pumpkin,9/1/2013,62.44,75.1,85.48,17.85
Snake Gourd,9/1/2013,86.07,115.99,118.91,31.38
Green Chilli,9/1/2013,181.87,239.79,228.29,52.17
Lime,9/1/2013,201.59,243.13,259.55,49.75
Beans,10/1/2013,114.46,154.88,144.97,35.47
Carrot,10/1/2013,121.13,161.32,165.3,42.18
Cabbage,10/1/2013,90.37,116.92,120.81,28.49
Tomato,10/1/2013,132.78,161.39,183.97,39.9
Brinjal,10/1/2013,108.9,132.14,140.55,27.44
Pumpkin,10/1/2013,64.28,82.95,87.49,20.94
Snake Gourd,10/1/2013,85.22,112.86,115.4,28.91
Green Chilli,10/1/2013,180.69,230.13,254.68,61.72
Lime,10/1/2013,144.91,201.3,205.8,58.64
Beans,11/1/2013,98.9,126.55,141.58,35.16
Carrot,11/1/2013,113.44,145.82,150.34,34.64
Cabbage,11/1/2013,93.11,116.49,131.56,30.92
Tomato,11/1/2013,100.84,135.54,138.71,36.28
Brinjal,11/1/2013,91.89,124.66,119.03,29.96
Pumpkin,11/1/2013,61.95,81.79,87,22.44
Snake Gourd,11/1/2013,67.53,90.62,88.86,22.21
Green Chilli,11/1/2013,156.84,202.93,206.38,47.82
Lime,11/1/2013,199.37,255.01,287.74,72
Beans,12/1/2013,122.64,161.27,157.51,36.75
Carrot,12/1/2013,134.65,178.14,178.01,43.42
Cabbage,12/1/2013,109.98,142.86,141.65,32.28
Tomato,12/1/2013,114.77,138.61,159.93,34.5
Brinjal,12/1/2013,103.95,142.6,133.76,34.23
Pumpkin,12/1/2013,77.82,107.29,107.47,29.56
Snake Gourd,12/1/2013,70.87,91.28,95.15,22.34
Green Chilli,12/1/2013,132.37,173.32,189.51,49.04
Lime,12/1/2013,220.9,288.74,290.02,68.48
Beans,1/1/2014,112.36,155.45,152.08,41.4
Carrot,1/1/2014,139.68,183.74,195.04,49.71
Cabbage,1/1/2014,103.01,142.45,146.37,41.4
Tomato,1/1/2014,134.69,172.75,170.08,36.73
Brinjal,1/1/2014,79.89,104.1,114.75,29.53
Pumpkin,1/1/2014,74.23,102.03,107.08,30.32
Snake Gourd,1/1/2014,85.3,107.17,117.86,27.22
Green Chilli,1/1/2014,177.14,238.05,227.38,55.58
Lime,1/1/2014,186.95,245.35,248.62,60.04
Beans,2/1/2014,142.26,191.49,185.54,46.26
Carrot,2/1/2014,169.47,225.05,237.7,61.9
Cabbage,2/1/2014,130.63,178.28,167.86,42.44
Tomato,2/1/2014,171.27,228.75,220.11,53.16
Brinjal,2/1/2014,96.27,119.17,122.45,24.54
Pumpkin,2/1/2014,82.1,105.93,107.75,24.74
Snake Gourd,2/1/2014,92.49,118.63,123.53,28.59
Green Chilli,2/1/2014,200.42,250.92,278.53,64.3
Lime,2/1/2014,167.09,211.14,241.83,59.4
Beans,3/1/2014,132.53,177.24,169.17,40.67
Carrot,3/1/2014,188.6,259.58,263.4,72.89
Cabbage,3/1/2014,110.14,148.24,147.76,37.86
Tomato,3/1/2014,133.84,169.12,170.34,35.89
Brinjal,3/1/2014,84.92,106.23,114.47,25.43
Pumpkin,3/1/2014,72.18,90.99,95.91,21.27
Snake Gourd,3/1/2014,79.43,104.23,114.25,29.81
Green Chilli,3/1/2014,155.1,210.7,197.01,48.76
Lime,3/1/2014,210.16,255.02,266.08,50.39
Beans,4/1/2014,114.09,139.23,149.75,30.4
Carrot,4/1/2014,194.03,255.26,256.87,62.04
Cabbage,4/1/2014,125.43,158.32,172.59,40.02
Tomato,4/1/2014,135.9,180.09,182,45.14
Brinjal,4/1/2014,94.56,115.7,135.47,31.02
Pumpkin,4/1/2014,79.54,111.02,112.51,32.22
Snake Gourd,4/1/2014,73.26,91.19,94.95,19.81
Green Chilli,4/1/2014,190.1,257.76,260.53,69.04
Lime,4/1/2014,181.09,246.83,257.03,70.84
Beans,5/1/2014,121.61,158.5,174.73,45
Carrot,5/1/2014,147.49,199.83,213.72,59.28
Cabbage,5/1/2014,99.16,120.23,124.63,23.27
Tomato,5/1/2014,115.72,159.39,165.16,46.55
Brinjal,5/1/2014,107.19,144.07,138.38,34.03
Pumpkin,5/1/2014,65.75,82.96,90.48,20.97
Snake Gourd,5/1/2014,74.32,95.18,100.59,23.57
Green Chilli,5/1/2014,190.26,233.35,271.73,62.28
Lime,5/1/2014,254.74,337.14,330.24,78.95
Beans,6/1/2014,110.3,154.01,156.4,44.9
Carrot,6/1/2014,162.9,211.86,206.76,46.41
Cabbage,6/1/2014,104.47,128.65,139.95,29.83
Tomato,6/1/2014,147.37,179.87,195.21,40.17
Brinjal,6/1/2014,96.76,119.81,124.99,25.64
Pumpkin,6/1/2014,90.55,109.21,124.03,26.07
Snake Gourd,6/1/2014,78.14,100.16,101.73,22.8
Green Chilli,6/1/2014,161.35,218.79,202.59,49.34
Lime,6/1/2014,163.61,198.86,225.54,48.59
Beans,7/1/2014,108.33,150.31,153.37,43.51
Carrot,7/1/2014,141.6,192.26,186.43,47.74
Cabbage,7/1/2014,97.05,118.24,123.63,23.88
Tomato,7/1/2014,138.62,183.36,190.62,48.37
Brinjal,7/1/2014,114.44,139.37,155.11,32.8
Pumpkin,7/1/2014,68.64,84.08,97.67,22.24
Snake Gourd,7/1/2014,77.96,106.25,106.29,28.31
Green Chilli,7/1/2014,200.07,240.61,257.62,49.05
Lime,7/1/2014,184.07,229.63,232.95,47.22
Beans,8/1/2014,128.93,167.65,185.09,47.44
Carrot,8/1/2014,152.9,206.5,205.22,52.96
Cabbage,8/1/2014,103.01,127.93,144.2,33.05
Tomato,8/1/2014,178.26,233.53,227.17,52.09
Brinjal,8/1/2014,118.6,149.29,160.69,36.39
Pumpkin,8/1/2014,69.99,85.33,94.78,20.07
Snake Gourd,8/1/2014,83.5,108.08,118.91,29.99
Green Chilli,8/1/2014,199.36,264.81,254.39,60.24
Lime,8/1/2014,177.59,223.44,237.54,52.9
Beans,9/1/2014,94.54,129.97,125.86,33.37
Carrot,9/1/2014,129.21,180.02,185.85,53.72
Cabbage,9/1/2014,120.81,168.94,159.25,43.28
Tomato,9/1/2014,129.42,164.17,177.95,41.64
Brinjal,9/1/2014,83.88,113.51,108.62,27.19
Pumpkin,9/1/2014,60.56,84.7,77.15,20.37
Snake Gourd,9/1/2014,91.48,125.71,121.67,32.21
Green Chilli,9/1/2014,151.08,206.94,199,51.89
Lime,9/1/2014,203.31,268.97,289.41,75.88
Beans,10/1/2014,112.86,150.4,154.76,39.72
Carrot,10/1/2014,111.8,140.19,149.14,32.86
Cabbage,10/1/2014,99.77,129.74,133.35,31.78
Tomato,10/1/2014,159.93,211.94,219.23,55.65
Brinjal,10/1/2014,96.48,133.32,128.56,34.46
Pumpkin,10/1/2014,58.58,75.31,80.59,19.37
Snake Gourd,10/1/2014,81.39,103.39,106.43,23.52
Green Chilli,10/1/2014,138.2,176.29,181.94,40.92
Lime,10/1/2014,183.04,238.58,239.77,56.14
Beans,11/1/2014,121.36,147.65,158.86,31.9
Carrot,11/1/2014,149.46,185.18,201.24,43.75
Cabbage,11/1/2014,95,121.62,126.32,28.97
Tomato,11/1/2014,122.45,150.57,166.38,36.02
Brinjal,11/1/2014,110.16,138.71,147.82,33.11
Pumpkin,11/1/2014,64.31,77.63,81.1,15.05
Snake Gourd,11/1/2014,81.23,104.94,110,26.24
Green Chilli,11/1/2014,176.95,214.87,224.26,42.62
Lime,11/1/2014,231.77,323.39,304.06,81.95
Beans,12/1/2014,123.07,148.91,169.16,35.97
Carrot,12/1/2014,126.88,161.72,159.45,33.7
Cabbage,12/1/2014,109.32,150.12,150.43,40.96
Tomato,12/1/2014,138.54,166.37,198.42,43.86
Brinjal,12/1/2014,102.92,137.6,139.3,35.53
Pumpkin,12/1/2014,63.91,83.85,88.74,22.38
Snake Gourd,12/1/2014,84.06,116.66,112.53,30.53
Green Chilli,12/1/2014,140.65,169.54,190.24,39.24
Lime,12/1/2014,205.17,281.2,275.48,73.17
Beans,1/1/2015,123.33,148.03,165.8,33.59
Carrot,1/1/2015,160.73,220.55,201.53,50.31
Cabbage,1/1/2015,89.98,115.73,124.75,30.26
Tomato,1/1/2015,152.29,203.03,211.04,54.74
Brinjal,1/1/2015,111.96,146.09,140.64,31.4
Pumpkin,1/1/2015,63.5,78.35,81.36,16.35
Snake Gourd,1/1/2015,110.96,140.74,148.03,33.43
Green Chilli,1/1/2015,169.66,216.87,236.32,56.94
Lime,1/1/2015,234.62,296.11,339.44,83.16
Beans,2/1/2015,149.93,180.71,211.25,46.05
Carrot,2/1/2015,136.62,179.52,174.36,40.32
Cabbage,2/1/2015,102.56,142.68,132.12,34.84
Tomato,2/1/2015,139.63,174.83,191.36,43.47
Brinjal,2/1/2015,99.44,125.06,140.92,33.55
Pumpkin,2/1/2015,89.9,119.05,120.91,30.08
Snake Gourd,2/1/2015,108.08,150.79,137.01,35.82
Green Chilli,2/1/2015,205.36,260.49,280.46,65.11
Lime,2/1/2015,183.6,224.4,253.14,55.17
Beans,3/1/2015,150.17,197.48,189.03,43.09
Carrot,3/1/2015,148.92,207.27,194.22,51.83
Cabbage,3/1/2015,123.97,154.96,159.56,33.29
Tomato,3/1/2015,169.51,205.15,228.78,47.46
Brinjal,3/1/2015,122.49,154.29,164.5,36.9
Pumpkin,3/1/2015,75.6,99.78,97.23,22.91
Snake Gourd,3/1/2015,90.42,113.01,118.31,25.24
Green Chilli,3/1/2015,188.09,236.48,258.47,59.39
Lime,3/1/2015,159.66,217.47,206.64,52.4
Beans,4/1/2015,160.22,220.89,204.36,52.4
Carrot,4/1/2015,128.91,155.37,182.36,39.96
Cabbage,4/1/2015,101.05,133.78,133.77,32.73
Tomato,4/1/2015,162.16,214.48,218.09,54.12
Brinjal,4/1/2015,87.11,110.32,117.28,26.69
Pumpkin,4/1/2015,92.44,123.88,123.16,31.08
Snake Gourd,4/1/2015,73.44,101.51,105.04,29.84
Green Chilli,4/1/2015,238.62,321.84,336.08,90.34
Lime,4/1/2015,217.93,281.02,288.05,66.6
Beans,5/1/2015,113.06,141.1,143.1,29.04
Carrot,5/1/2015,155.98,196.83,195.55,40.21
Cabbage,5/1/2015,100.61,138.12,139.71,38.31
Tomato,5/1/2015,132.58,181.43,189.57,52.92
Brinjal,5/1/2015,112.32,155.24,142.78,36.69
Pumpkin,5/1/2015,101.74,135.55,145.85,38.96
Snake Gourd,5/1/2015,113.41,152.14,153.81,39.56
Green Chilli,5/1/2015,201.25,249.94,286.65,67.04
Lime,5/1/2015,279.42,346.64,365.39,76.59
Beans,6/1/2015,108.38,136.05,142.97,31.13
Carrot,6/1/2015,159.67,203.04,204.19,43.95
Cabbage,6/1/2015,115.16,141.25,152.33,31.63
Tomato,6/1/2015,145.92,185,201.35,47.26
Brinjal,6/1/2015,84.71,117.67,116.33,32.29
Pumpkin,6/1/2015,64.1,83.14,90.02,22.48
Snake Gourd,6/1/2015,70.79,91.47,99.06,24.47
Green Chilli,6/1/2015,242.76,321.28,342.63,89.2
Lime,6/1/2015,223.98,285.22,306.87,72.07
Beans,7/1/2015,103.3,134.01,144.91,36.16
Carrot,7/1/2015,166.82,231.4,233.86,65.81
Cabbage,7/1/2015,112.99,140.21,157.16,35.7
Tomato,7/1/2015,115.71,149.51,144.97,31.53
Brinjal,7/1/2015,117.65,142.95,163.64,35.64
Pumpkin,7/1/2015,82.34,100.97,110.85,23.57
Snake Gourd,7/1/2015,99.41,127.69,126.34,27.61
Green Chilli,7/1/2015,191.48,259.68,251.49,64.11
Lime,7/1/2015,152.16,193.18,216.77,52.82
Beans,8/1/2015,141.17,170.99,177.21,32.93
Carrot,8/1/2015,189.81,228.82,240.09,44.64
Cabbage,8/1/2015,110.02,147.53,144.06,35.78
Tomato,8/1/2015,164.98,222.71,219.49,56.12
Brinjal,8/1/2015,95.92,118.13,120.99,23.64
Pumpkin,8/1/2015,74.39,97.83,97.49,23.27
Snake Gourd,8/1/2015,102.88,124.01,145.8,32.03
Green Chilli,8/1/2015,193.64,259.33,248.79,60.42
Lime,8/1/2015,243.93,297.87,308.08,59.04
Beans,9/1/2015,140.68,171.6,180.65,35.44
Carrot,9/1/2015,187.85,230.56,236.9,45.88
Cabbage,9/1/2015,92.73,123.63,127.47,32.82
Tomato,9/1/2015,128.12,167.68,173.27,42.36
Brinjal,9/1/2015,87.49,116.9,118.55,30.24
Pumpkin,9/1/2015,72.36,88.08,93.95,18.66
Snake Gourd,9/1/2015,86.21,107.57,117.09,26.12
Green Chilli,9/1/2015,167.5,212.97,220.44,49.2
Lime,9/1/2015,177.03,223.85,221.44,45.61
Beans,10/1/2015,113.2,151.85,163.4,44.42
Carrot,10/1/2015,156.72,204.9,218.92,55.19
Cabbage,10/1/2015,130.54,180,168.93,43.93
Tomato,10/1/2015,175.89,214.48,254.71,58.71
Brinjal,10/1/2015,101.29,125.88,133,28.15
Pumpkin,10/1/2015,63.13,81.81,86.48,21.02
Snake Gourd,10/1/2015,79.29,97.12,111.7,25.12
Green Chilli,10/1/2015,161.34,210.65,203.57,45.77
Lime,10/1/2015,165.78,215.33,237.52,60.65
Beans,11/1/2015,103.15,129.23,129.04,25.98
Carrot,11/1/2015,170.47,210.84,214.47,42.18
Cabbage,11/1/2015,149.21,194.72,197.36,46.83
Tomato,11/1/2015,109.8,146.56,156.04,41.5
Brinjal,11/1/2015,108.58,145.7,156.95,42.74
Pumpkin,11/1/2015,80.31,109.77,103.39,26.27
Snake Gourd,11/1/2015,90.25,124.53,128.65,36.34
Green Chilli,11/1/2015,178.78,229.1,241.59,56.56
Lime,11/1/2015,225.12,270.68,300.83,60.63
Beans,12/1/2015,127.92,174.15,161.23,39.77
Carrot,12/1/2015,168.44,212.8,231.15,53.54
Cabbage,12/1/2015,96.69,123.16,123.32,26.55
Tomato,12/1/2015,105.46,138.16,147.35,37.3
Brinjal,12/1/2015,86.76,119.72,123.69,34.94
Pumpkin,12/1/2015,69.38,94.89,88.72,22.43
Snake Gourd,12/1/2015,93.48,130.72,131.72,37.74
Green Chilli,12/1/2015,185.59,227.69,247.03,51.77
Lime,12/1/2015,202.9,267.09,277.7,69.49
Beans,1/1/2016,126.12,154.34,171.84,36.97
Carrot,1/1/2016,157.29,202.3,218.3,53.01
Cabbage,1/1/2016,114.4,148.25,143.54,31.49
Tomato,1/1/2016,179.77,235.28,237.06,56.4
Brinjal,1/1/2016,119.81,161.03,157.79,39.6
Pumpkin,1/1/2016,84.6,114.04,121.83,33.34
Snake Gourd,1/1/2016,125.74,166.48,165.11,40.06
Green Chilli,1/1/2016,215.91,291.22,271.52,65.46
Lime,1/1/2016,189.26,249.69,240.95,56.06
Beans,2/1/2016,168.45,210.43,230.18,51.86
Carrot,2/1/2016,152.57,197.66,219.54,56.03
Cabbage,2/1/2016,119.09,146.3,159.89,34
Tomato,2/1/2016,146.6,182.25,185.69,37.37
Brinjal,2/1/2016,110.22,135.27,157.19,36.01
Pumpkin,2/1/2016,62.74,77.43,85.96,18.95
Snake Gourd,2/1/2016,133.45,164.84,191.95,44.95
Green Chilli,2/1/2016,181.77,226.4,247.13,54.99
Lime,2/1/2016,197.78,265.39,252.31,61.07
Beans,3/1/2016,143.84,173,192.89,39.1
Carrot,3/1/2016,168.38,229.49,210.63,51.68
Cabbage,3/1/2016,102.54,136.46,130.3,30.84
Tomato,3/1/2016,177.35,239.62,225.58,55.25
Brinjal,3/1/2016,121.56,161.42,170.03,44.16
Pumpkin,3/1/2016,112.05,143.35,157.97,38.61
Snake Gourd,3/1/2016,90.31,110.28,127.83,28.74
Green Chilli,3/1/2016,193.57,257.53,254.99,62.69
Lime,3/1/2016,231.62,286.6,332.01,77.68
Beans,4/1/2016,168.31,202.06,216.32,40.88
Carrot,4/1/2016,185.36,235.39,234.02,49.34
Cabbage,4/1/2016,149.04,196.68,188,43.3
Tomato,4/1/2016,164.7,213.97,232.62,58.6
Brinjal,4/1/2016,103.4,134.3,148.46,37.98
Pumpkin,4/1/2016,92.89,115.81,131.99,31.01
Snake Gourd,4/1/2016,113.28,146.33,156.71,38.24
Green Chilli,4/1/2016,155.08,194.07,204.9,44.4
Lime,4/1/2016,170.43,207.31,240.66,53.55
Beans,5/1/2016,125.35,153.67,176.95,39.96
Carrot,5/1/2016,184.06,238.71,247.79,59.19
Cabbage,5/1/2016,120.41,166.04,161.27,43.24
Tomato,5/1/2016,143.09,197.44,191.31,51.28
Brinjal,5/1/2016,141.42,175.38,193.93,43.24
Pumpkin,5/1/2016,111.62,152.72,148.13,38.8
Snake Gourd,5/1/2016,86.52,117.86,122.44,33.63
Green Chilli,5/1/2016,172.08,209.88,223.93,44.82
Lime,5/1/2016,215.96,285.05,304.58,78.85
Beans,6/1/2016,143.32,183.25,197.98,47.3
Carrot,6/1/2016,205.75,272.92,259.43,60.43
Cabbage,6/1/2016,166.63,227.81,222.06,58.31
Tomato,6/1/2016,124.58,153.48,166.18,35.25
Brinjal,6/1/2016,134.65,186.26,193.12,55.04
Pumpkin,6/1/2016,72.78,90.78,92.53,18.88
Snake Gourd,6/1/2016,123.22,168.74,176.52,49.41
Green Chilli,6/1/2016,153.18,205.99,209.62,54.62
Lime,6/1/2016,234.74,322.02,323,87.77
Beans,7/1/2016,121.73,169.35,157.78,41.83
Carrot,7/1/2016,186.8,227.44,268.58,61.21
Cabbage,7/1/2016,102.51,129.29,141.52,32.89
Tomato,7/1/2016,151.44,201.29,206.07,52.24
Brinjal,7/1/2016,85.64,114.06,122.13,32.46
Pumpkin,7/1/2016,61.68,83.05,78.53,19.11
Snake Gourd,7/1/2016,85.46,104.32,110.91,22.16
Green Chilli,7/1/2016,204.77,278.14,295.97,82.28
Lime,7/1/2016,226.18,308.53,301.95,79.06
Beans,8/1/2016,141.65,189.01,199.69,52.7
Carrot,8/1/2016,192.59,236.72,268.4,59.97
Cabbage,8/1/2016,144.55,174.68,190.69,38.13
Tomato,8/1/2016,172.43,240.82,217.42,56.69
Brinjal,8/1/2016,101.62,124.44,135.37,28.28
Pumpkin,8/1/2016,73.16,99.59,95.05,24.16
Snake Gourd,8/1/2016,85.78,111.27,111.88,25.79
Green Chilli,8/1/2016,243.76,294.38,330.2,68.53
Lime,8/1/2016,268.8,340.04,337.04,69.74
Beans,9/1/2016,126.53,160.8,165.53,36.64
Carrot,9/1/2016,155.87,206.78,210.14,52.59
Cabbage,9/1/2016,107.3,133.36,142.48,30.62
Tomato,9/1/2016,127.6,163.03,184.91,46.37
Brinjal,9/1/2016,93.14,122.92,131.25,33.94
Pumpkin,9/1/2016,74.48,97,98.87,23.46
Snake Gourd,9/1/2016,87.84,120.71,114.5,29.76
Green Chilli,9/1/2016,202.07,278.15,264.22,69.12
Lime,9/1/2016,212.94,262.3,272.21,54.32
Beans,10/1/2016,128.38,175.79,164.13,41.58
Carrot,10/1/2016,146.28,190.44,202.13,50
Cabbage,10/1/2016,98.55,129.47,124.4,28.39
Tomato,10/1/2016,166.26,200.43,237.53,52.72
Brinjal,10/1/2016,107.2,138.48,148.78,36.43
Pumpkin,10/1/2016,86.98,110.2,111.95,24.1
Snake Gourd,10/1/2016,76.86,102.82,104.79,26.94
Green Chilli,10/1/2016,179.19,231.16,244.5,58.64
Lime,10/1/2016,202.66,280.39,288.7,81.88
Beans,11/1/2016,125.59,175.49,165.58,44.95
Carrot,11/1/2016,177.59,230.83,242.83,59.24
Cabbage,11/1/2016,95.85,120.07,127.86,28.12
Tomato,11/1/2016,115.94,152.52,151.38,36.01
Brinjal,11/1/2016,126.99,169.8,181.75,48.79
Pumpkin,11/1/2016,80.26,111.4,115.89,33.38
Snake Gourd,11/1/2016,94.27,117.56,121.73,25.38
Green Chilli,11/1/2016,225.74,277.24,303.5,64.63
Lime,11/1/2016,234.71,283.72,310.22,62.26
Beans,12/1/2016,144.9,201.14,187.76,49.55
Carrot,12/1/2016,139.1,169.73,201.47,46.5
Cabbage,12/1/2016,114.46,147.76,164.18,41.51
Tomato,12/1/2016,170.94,214.86,228.54,50.76
Brinjal,12/1/2016,86.09,110.67,118.53,28.51
Pumpkin,12/1/2016,68.78,88.53,96.24,23.6
Snake Gourd,12/1/2016,106.94,129.7,150.05,32.94
Green Chilli,12/1/2016,239.29,290.3,332.15,71.94
Lime,12/1/2016,226.55,300.85,286.26,67
Beans,1/1/2017,117,145.98,166.46,39.22
Carrot,1/1/2017,148.6,186.17,198.17,43.57
Cabbage,1/1/2017,100.05,138.41,130.22,34.26
Tomato,1/1/2017,158.36,220.76,225.42,64.73
Brinjal,1/1/2017,101.28,127.63,131.31,28.19
Pumpkin,1/1/2017,121.26,158.55,161.64,38.83
Snake Gourd,1/1/2017,132.17,179.7,166.23,40.8
Green Chilli,1/1/2017,247.4,309.76,343.52,79.24
Lime,1/1/2017,254.7,311.5,367.09,84.6
Beans,2/1/2017,183.55,243.75,264.4,70.52
Carrot,2/1/2017,149.47,200.27,209.67,55.5
Cabbage,2/1/2017,109.72,138.6,143.32,31.24
Tomato,2/1/2017,149.6,206.1,200.37,53.64
Brinjal,2/1/2017,127.12,153.62,174.03,36.7
Pumpkin,2/1/2017,82.81,102.34,105.67,21.2
Snake Gourd,2/1/2017,120.45,149.74,169.46,39.15
Green Chilli,2/1/2017,189.83,240.99,258.05,59.69
Lime,2/1/2017,210.61,286.09,302.26,83.56
Beans,3/1/2017,148.45,194.14,192.87,45.06
Carrot,3/1/2017,206.49,255.75,274.01,58.39
Cabbage,3/1/2017,159.1,192.3,199.68,36.89
Tomato,3/1/2017,141.62,176.43,181.13,37.16
Brinjal,3/1/2017,107.05,149.04,152.3,43.62
Pumpkin,3/1/2017,81.02,99.23,115.62,26.41
Snake Gourd,3/1/2017,97.24,122.16,127.74,27.71
Green Chilli,3/1/2017,210.73,256.62,304.54,69.85
Lime,3/1/2017,287.54,357.8,403.01,92.86
Beans,4/1/2017,119.54,145.79,167.04,36.87
Carrot,4/1/2017,149.24,202.34,215.23,59.54
Cabbage,4/1/2017,145.1,177.07,195.41,41.14
Tomato,4/1/2017,166.89,204.47,221.07,45.88
Brinjal,4/1/2017,122.54,162,165.97,41.44
Pumpkin,4/1/2017,76.7,105.28,101.97,26.92
Snake Gourd,4/1/2017,118.19,161.23,149.32,37.08
Green Chilli,4/1/2017,253.55,326.71,354.97,87.29
Lime,4/1/2017,204,258.52,291.19,70.85
Beans,5/1/2017,186.47,226.66,244.21,48.96
Carrot,5/1/2017,199.72,279.24,283.95,81.88
Cabbage,5/1/2017,102.82,125.15,133.44,26.48
Tomato,5/1/2017,214.65,288.42,298.61,78.87
Brinjal,5/1/2017,124.42,150.33,175.61,38.55
Pumpkin,5/1/2017,71.24,90.59,89.07,18.59
Snake Gourd,5/1/2017,101.4,130.37,136.71,32.14
Green Chilli,5/1/2017,219,303.9,283.29,74.6
Lime,5/1/2017,282.9,340.6,355.07,64.94
Beans,6/1/2017,164.08,219.5,229.87,60.6
Carrot,6/1/2017,172.84,230.46,250.14,67.46
Cabbage,6/1/2017,151.6,197.34,193.63,43.89
Tomato,6/1/2017,177.16,220.01,246.73,56.21
Brinjal,6/1/2017,85.37,105.31,110.59,22.58
Pumpkin,6/1/2017,80.72,112.65,102.4,26.81
Snake Gourd,6/1/2017,103.19,143.6,131.44,34.33
Green Chilli,6/1/2017,201.66,257.02,279.96,66.83
Lime,6/1/2017,228.66,277.7,289.02,54.7
Beans,7/1/2017,163.44,205.19,216.63,47.47
Carrot,7/1/2017,221.77,300.63,287.66,72.38
Cabbage,7/1/2017,135.69,172.21,189.58,45.21
Tomato,7/1/2017,139.17,177.22,188.59,43.74
Brinjal,7/1/2017,93.8,130.55,134.44,38.7
Pumpkin,7/1/2017,100.88,130.36,133.87,31.24
Snake Gourd,7/1/2017,114.98,147.93,163.44,40.7
Green Chilli,7/1/2017,217.47,273.55,273.18,55.9
Lime,7/1/2017,274.69,331.48,354.22,68.16
Beans,8/1/2017,146.3,199.87,188.97,48.12
Carrot,8/1/2017,138.71,176.4,196.77,47.88
Cabbage,8/1/2017,154.54,195.74,202.94,44.8
Tomato,8/1/2017,151.25,193.19,195.13,42.91
Brinjal,8/1/2017,96.41,116.07,135.96,29.61
Pumpkin,8/1/2017,77.74,98.49,100.45,21.73
Snake Gourd,8/1/2017,80.45,112.38,107.33,29.4
Green Chilli,8/1/2017,220.61,278.97,290.5,64.12
Lime,8/1/2017,194.63,260.32,262.37,66.72
Beans,9/1/2017,157.81,200.44,205.62,45.22
Carrot,9/1/2017,159.92,209.94,216.41,53.26
Cabbage,9/1/2017,131.48,178.32,177.71,46.54
Tomato,9/1/2017,196.36,235.97,272.98,58.11
Brinjal,9/1/2017,98.21,128.63,127.76,29.99
Pumpkin,9/1/2017,81.81,113.47,103.56,26.7
Snake Gourd,9/1/2017,78.86,106.21,100.47,24.48
Green Chilli,9/1/2017,203.11,263.18,272.81,64.88
Lime,9/1/2017,234.7,290.83,327.73,74.58
Beans,10/1/2017,122.6,167.31,160.1,41.1
Carrot,10/1/2017,200.1,268.96,271.62,70.19
Cabbage,10/1/2017,114.47,138.81,162.63,36.25
Tomato,10/1/2017,128.38,154.79,171.42,34.72
Brinjal,10/1/2017,122.93,169.86,172.61,48.31
Pumpkin,10/1/2017,95.77,123.46,138.12,35.02
Snake Gourd,10/1/2017,88.17,113.75,121.75,29.58
Green Chilli,10/1/2017,200.7,254.36,286.93,69.95
Lime,10/1/2017,251.49,323.17,333.12,76.66
Beans,11/1/2017,152.09,190.38,197.81,42
Carrot,11/1/2017,154.09,189.97,217.71,49.75
Cabbage,11/1/2017,139.32,182.69,199.13,51.59
Tomato,11/1/2017,126.77,170.56,180.23,48.62
Brinjal,11/1/2017,99.02,124.28,129.71,27.98
Pumpkin,11/1/2017,76.17,101.63,100.78,25.03
Snake Gourd,11/1/2017,82.99,113.99,118.51,33.26
Green Chilli,11/1/2017,200.88,246.27,268.11,56.31
Lime,11/1/2017,231.05,299.69,307.94,72.76
Beans,12/1/2017,155.45,196.07,204.79,44.98
Carrot,12/1/2017,160.55,200.09,207.45,43.22
Cabbage,12/1/2017,151.29,190.88,207.75,48.03
Tomato,12/1/2017,183.59,237.58,243.11,56.76
Brinjal,12/1/2017,95.44,133.08,124.23,33.22
Pumpkin,12/1/2017,80.68,102.37,106.99,24
Snake Gourd,12/1/2017,133.82,165.01,193.92,45.64
Green Chilli,12/1/2017,167.18,210.66,214.2,45.25
Lime,12/1/2017,218.93,278.27,301.62,71.01
Beans,1/1/2018,205.01,271.23,270.26,65.74
Carrot,1/1/2018,232.34,286.65,308.35,65.16
Cabbage,1/1/2018,141.64,171.71,196.75,42.59
Tomato,1/1/2018,188.68,238.9,258.62,60.08
Brinjal,1/1/2018,135.95,166.84,179.6,37.27
Pumpkin,1/1/2018,91.84,115.8,125.98,29.05
Snake Gourd,1/1/2018,112.48,142.42,155.76,36.61
Green Chilli,1/1/2018,285.89,350.7,383.36,81.14
Lime,1/1/2018,265.15,363.41,374.42,103.77
Beans,2/1/2018,197.84,247.83,256.16,54.16
Carrot,2/1/2018,243.62,294.53,351.07,79.18
Cabbage,2/1/2018,142.24,194.19,194.61,52.16
Tomato,2/1/2018,174.45,213.88,245.93,55.46
Brinjal,2/1/2018,106.42,133.53,138.11,29.4
Pumpkin,2/1/2018,76.52,96.53,108.93,26.21
Snake Gourd,2/1/2018,85.69,116.36,114.49,29.74
Green Chilli,2/1/2018,205.12,280.5,295.56,82.91
Lime,2/1/2018,196.92,247.04,265.84,59.52
Beans,3/1/2018,167.63,210.11,222.98,48.92
Carrot,3/1/2018,190.93,263.44,256.46,69.02
Cabbage,3/1/2018,131.65,164.72,177.38,39.4
Tomato,3/1/2018,241.51,330.14,327.38,87.25
Brinjal,3/1/2018,124.25,169.03,159.15,39.84
Pumpkin,3/1/2018,131.81,164.21,178.34,39.47
Snake Gourd,3/1/2018,86.99,116.17,111.95,27.07
Green Chilli,3/1/2018,184.64,235.94,234.87,50.77
Lime,3/1/2018,200.53,260.99,265.45,62.69
Beans,4/1/2018,191.97,256.12,248.03,60.1
Carrot,4/1/2018,214.55,258.92,300.92,65.37
Cabbage,4/1/2018,170.58,232.32,221.04,56.1
Tomato,4/1/2018,141.74,171.97,177.49,32.99
Brinjal,4/1/2018,168.36,215.63,235.37,57.14
Pumpkin,4/1/2018,117.77,159.69,152.44,38.3
Snake Gourd,4/1/2018,93.98,119.8,129.05,30.44
Green Chilli,4/1/2018,218.88,288.48,277.67,64.2
Lime,4/1/2018,324.49,438.54,407.51,98.54
Beans,5/1/2018,171.51,212.16,238.85,54
Carrot,5/1/2018,191.11,246.84,270.49,67.55
Cabbage,5/1/2018,170.65,231.73,237.05,63.74
Tomato,5/1/2018,135.49,180.81,173.07,41.45
Brinjal,5/1/2018,140.68,188.37,203.21,55.11
Pumpkin,5/1/2018,88.19,116.79,115.96,28.18
Snake Gourd,5/1/2018,92.41,112.74,126.4,27.16
Green Chilli,5/1/2018,174.45,243.49,241.93,68.26
Lime,5/1/2018,190.02,230.9,257.77,54.31
Beans,6/1/2018,121.72,150.41,172.23,39.6
Carrot,6/1/2018,200.07,252.68,276.38,64.46
Cabbage,6/1/2018,148.47,184,198.92,42.99
Tomato,6/1/2018,206.11,271.27,276.16,67.6
Brinjal,6/1/2018,95.18,129.18,126.74,32.78
Pumpkin,6/1/2018,82.56,113.91,115.41,32.1
Snake Gourd,6/1/2018,131.85,171.34,176,41.82
Green Chilli,6/1/2018,189.64,251.33,269.17,70.61
Lime,6/1/2018,284.64,382.22,411.27,112.11
Beans,7/1/2018,152.96,186.01,201.03,40.56
Carrot,7/1/2018,215.91,261.09,271.05,50.16
Cabbage,7/1/2018,146.04,203.7,195.43,53.53
Tomato,7/1/2018,201.23,249.22,263.34,55.05
Brinjal,7/1/2018,132.49,164.29,175.77,37.54
Pumpkin,7/1/2018,75.05,96.44,103.59,24.97
Snake Gourd,7/1/2018,142.07,192,205.35,56.6
Green Chilli,7/1/2018,220.49,301.3,304.6,82.46
Lime,7/1/2018,270.4,371.3,346.11,88.31
Beans,8/1/2018,154.47,195.44,217.78,52.14
Carrot,8/1/2018,159.62,210.46,206.84,49.03
Cabbage,8/1/2018,118.61,164.08,161.59,44.23
Tomato,8/1/2018,132.23,164.93,176.76,38.62
Brinjal,8/1/2018,136.98,167.82,172.37,33.12
Pumpkin,8/1/2018,74.28,91.59,93.23,18.13
Snake Gourd,8/1/2018,144.09,175.51,201.9,44.61
Green Chilli,8/1/2018,244.45,341.35,341.48,96.97
Lime,8/1/2018,222.63,306.29,284.16,72.6
Beans,9/1/2018,150.76,187.07,208.58,47.07
Carrot,9/1/2018,214.99,296.21,299.78,83
Cabbage,9/1/2018,127.11,165.77,164.01,37.78
Tomato,9/1/2018,202.85,250.11,267.75,56.08
Brinjal,9/1/2018,95.92,120.16,136.95,32.63
Pumpkin,9/1/2018,76.86,106.08,100.64,26.5
Snake Gourd,9/1/2018,99.06,132.23,124.09,29.1
Green Chilli,9/1/2018,186.68,231.86,245.79,52.14
Lime,9/1/2018,177.61,217.72,237.49,49.99
Beans,10/1/2018,153.36,205.47,196.95,47.85
Carrot,10/1/2018,234.38,299.41,336.32,83.49
Cabbage,10/1/2018,170.73,233.06,247.32,69.46
Tomato,10/1/2018,167.15,215.17,236.87,58.87
Brinjal,10/1/2018,126.83,175.84,176.43,49.31
Pumpkin,10/1/2018,115.51,143.88,164.51,38.68
Snake Gourd,10/1/2018,85.92,107.52,112.27,23.97
Green Chilli,10/1/2018,203.42,271.29,286.21,75.33
Lime,10/1/2018,234.76,319.58,303.3,76.68
Beans,11/1/2018,124.35,163.33,158.28,36.46
Carrot,11/1/2018,173.32,238.85,224.91,58.56
Cabbage,11/1/2018,126.34,166.43,161.92,37.83
Tomato,11/1/2018,130.24,173.15,173.87,43.27
Brinjal,11/1/2018,117.56,145.41,158.92,34.6
Pumpkin,11/1/2018,77.78,108.52,108.52,30.74
Snake Gourd,11/1/2018,97.22,129.65,123.39,29.3
Green Chilli,11/1/2018,188.79,251.12,236.38,54.96
Lime,11/1/2018,311.34,406.22,417.45,100.5
Beans,12/1/2018,120.28,160.89,163.66,41.99
Carrot,12/1/2018,176.55,221.92,228.35,48.58
Cabbage,12/1/2018,142.34,188.81,179.15,41.64
Tomato,12/1/2018,175.7,241.53,238.62,64.38
Brinjal,12/1/2018,98.23,136.97,128.43,34.47
Pumpkin,12/1/2018,101.17,129.23,142.9,34.89
Snake Gourd,12/1/2018,107.32,142.81,153.44,40.81
Green Chilli,12/1/2018,279.99,369.81,397.23,103.53
Lime,12/1/2018,284.03,391,408.92,115.93
Beans,1/1/2019,163.43,225.04,216.38,57.28
Carrot,1/1/2019,196.59,261,266.76,67.29
Cabbage,1/1/2019,209.58,274.76,279.2,67.4
Tomato,1/1/2019,224.1,288.32,284.82,62.47
Brinjal,1/1/2019,156.14,209.72,203.2,50.32
Pumpkin,1/1/2019,80.88,101.23,103.73,21.6
Snake Gourd,1/1/2019,139.82,180.25,183.49,42.05
Green Chilli,1/1/2019,159.31,209.65,216.44,53.74
Lime,1/1/2019,275.18,381.13,358.27,94.52
Beans,2/1/2019,205.86,251.13,265.91,52.66
Carrot,2/1/2019,254.09,325.47,343.56,80.43
Cabbage,2/1/2019,162.58,213.38,232.84,60.53
Tomato,2/1/2019,203.32,278.92,267.44,69.86
Brinjal,2/1/2019,108.93,130.99,151.58,32.36
Pumpkin,2/1/2019,119.2,160.39,162.77,42.38
Snake Gourd,2/1/2019,105.53,141.82,135.36,33.06
Green Chilli,2/1/2019,229.97,299.92,329.79,84.89
Lime,2/1/2019,243.53,329.26,306.15,74.17
Beans,3/1/2019,184.81,224.55,246.29,50.61
Carrot,3/1/2019,171.7,210.97,232.84,50.21
Cabbage,3/1/2019,162.22,204.75,225.2,52.76
Tomato,3/1/2019,213.14,277.52,286.33,68.78
Brinjal,3/1/2019,159.11,215.16,207.82,52.38
Pumpkin,3/1/2019,112.46,145.35,151.72,36.08
Snake Gourd,3/1/2019,135.49,168.37,180.03,38.71
Green Chilli,3/1/2019,246.91,322.22,311.55,69.98
Lime,3/1/2019,298.56,411.86,393.37,104.06
Beans,4/1/2019,205.75,268.35,290.42,73.64
Carrot,4/1/2019,240.47,295.08,346.99,80.56
Cabbage,4/1/2019,182.78,223.09,234.29,45.91
Tomato,4/1/2019,178.39,249.09,252.52,72.42
Brinjal,4/1/2019,182.16,229.1,253.15,58.96
Pumpkin,4/1/2019,105.08,137.17,142.37,34.69
Snake Gourd,4/1/2019,99.5,127.54,141.33,34.94
Green Chilli,4/1/2019,266.61,365.43,374.83,103.52
Lime,4/1/2019,325.91,440.98,419.59,104.37
Beans,5/1/2019,153.34,192.66,214.06,50.02
Carrot,5/1/2019,164.96,222.71,236.82,64.8
Cabbage,5/1/2019,155.64,193.12,210.63,46.24
Tomato,5/1/2019,243.87,303.07,353.59,84.46
Brinjal,5/1/2019,139.16,186.44,196.31,52.22
Pumpkin,5/1/2019,135.26,189.17,190.32,54.48
Snake Gourd,5/1/2019,96.93,129.8,124.02,29.98
Green Chilli,5/1/2019,320.01,399.65,429.36,94.5
Lime,5/1/2019,209.25,281.03,279.52,71.02
Beans,6/1/2019,140.7,189.84,195.54,51.99
Carrot,6/1/2019,250.19,346.14,357.66,101.71
Cabbage,6/1/2019,149.81,198.14,192.76,45.64
Tomato,6/1/2019,137.43,167.65,185.34,39.06
Brinjal,6/1/2019,154.17,212.34,207.61,55.81
Pumpkin,6/1/2019,78.34,100.37,108.63,26.16
Snake Gourd,6/1/2019,159.07,220.08,210.64,56.29
Green Chilli,6/1/2019,245.95,309.32,339.77,78.6
Lime,6/1/2019,275.19,378.78,372.96,100.68
Beans,7/1/2019,157.73,219.63,218.05,61.11
Carrot,7/1/2019,164.21,206.32,223.88,50.89
Cabbage,7/1/2019,103.79,126.98,150.06,34.73
Tomato,7/1/2019,148.24,206.47,198.07,54.03
Brinjal,7/1/2019,131.92,174.67,169.9,40.37
Pumpkin,7/1/2019,101.61,134.19,133.8,32.39
Snake Gourd,7/1/2019,118.27,161.16,159.37,42
Green Chilli,7/1/2019,273.46,359.64,342.02,77.37
Lime,7/1/2019,237.54,320.29,322.66,83.94
Beans,8/1/2019,142.85,195.75,200.65,55.35
Carrot,8/1/2019,205.15,250.45,262.53,51.34
Cabbage,8/1/2019,124.3,154.31,174.4,40.06
Tomato,8/1/2019,150.88,190.92,203.34,46.25
Brinjal,8/1/2019,147.88,196.65,213.46,57.18
Pumpkin,8/1/2019,77.33,101.72,101.4,24.23
Snake Gourd,8/1/2019,138.65,174.77,200.48,48.97
Green Chilli,8/1/2019,217.21,268.85,279.7,57.06
Lime,8/1/2019,251.55,311.35,314.76,61.5
Beans,9/1/2019,118.34,164.54,170.31,49.08
Carrot,9/1/2019,159.04,219.35,223.66,62.46
Cabbage,9/1/2019,129.89,174.92,163.68,39.41
Tomato,9/1/2019,214.05,286.25,297.25,77.7
Brinjal,9/1/2019,114.64,151.09,146.22,34.02
Pumpkin,9/1/2019,117.31,160.29,165.68,45.68
Snake Gourd,9/1/2019,127.26,174.33,179.22,49.52
Green Chilli,9/1/2019,270.61,375.96,384.73,109.73
Lime,9/1/2019,314.22,377.45,423.62,86.31
Beans,10/1/2019,153.63,201.86,214.7,54.65
Carrot,10/1/2019,218.77,295.99,275.05,66.75
Cabbage,10/1/2019,119,153.87,167.54,41.7
Tomato,10/1/2019,150.06,198.97,214.53,56.69
Brinjal,10/1/2019,171.2,209.31,227.31,47.11
Pumpkin,10/1/2019,122.42,164.47,154.86,37.25
Snake Gourd,10/1/2019,130.42,170.89,167.78,38.92
Green Chilli,10/1/2019,271.73,368.69,358.49,91.86
Lime,10/1/2019,312.52,392.38,422.49,94.92
Beans,11/1/2019,181.94,229.91,262.06,64.04
Carrot,11/1/2019,156.57,198.78,199.56,42.6
Cabbage,11/1/2019,156,188.39,216.36,46.38
Tomato,11/1/2019,193.97,245.6,257.51,57.58
Brinjal,11/1/2019,164.31,204.85,227.89,52.06
Pumpkin,11/1/2019,123.97,153.21,166.24,35.76
Snake Gourd,11/1/2019,94.49,122.72,126.72,30.23
Green Chilli,11/1/2019,188.42,256.62,249.22,64.5
Lime,11/1/2019,326.81,419.68,424.84,95.45
Beans,12/1/2019,176.38,220.71,225.68,46.82
Carrot,12/1/2019,200.01,265.66,285.88,75.76
Cabbage,12/1/2019,119.84,165.9,156.76,41.49
Tomato,12/1/2019,147.73,194.61,185.96,42.56
Brinjal,12/1/2019,152.59,209.31,214.1,59.11
Pumpkin,12/1/2019,97.08,117.85,128.9,26.3
Snake Gourd,12/1/2019,137.99,190.01,176.55,45.29
Green Chilli,12/1/2019,257.99,344.28,369.53,98.91
Lime,12/1/2019,239.42,330.74,319.98,85.94
Beans,1/1/2020,160.48,215.04,214.16,54.12
Carrot,1/1/2020,271.97,355.1,351.57,81.36
Cabbage,1/1/2020,156.25,209.86,198.45,47.9
Tomato,1/1/2020,179.87,250.14,228.42,59.41
Brinjal,1/1/2020,131.63,161.31,182.98,40.52
Pumpkin,1/1/2020,106.8,140.47,146.5,36.68
Snake Gourd,1/1/2020,122.71,154.74,161.78,35.55
Green Chilli,1/1/2020,256.44,308.43,368.34,81.94
Lime,1/1/2020,257.63,320.75,322.54,64.02
Beans,2/1/2020,183.42,232.77,230.35,48.14
Carrot,2/1/2020,202.86,282.85,292.77,84.95
Cabbage,2/1/2020,227.68,306.15,286.67,68.73
Tomato,2/1/2020,217.16,295.07,287.42,74.09
Brinjal,2/1/2020,137.98,184.61,179.84,44.25
Pumpkin,2/1/2020,124.23,172.49,157.38,40.7
Snake Gourd,2/1/2020,105.61,137.63,151.18,38.8
Green Chilli,2/1/2020,217.68,261.56,313.93,70.06
Lime,2/1/2020,290.18,365.2,382.34,83.59
Beans,3/1/2020,201.31,274.94,260.3,66.31
Carrot,3/1/2020,212.47,294.38,283.99,76.72
Cabbage,3/1/2020,194.55,267.74,261.36,70
Tomato,3/1/2020,183.31,234.98,240.42,54.39
Brinjal,3/1/2020,168.84,217.52,243.57,61.7
Pumpkin,3/1/2020,121.96,150.49,169.97,38.27
Snake Gourd,3/1/2020,107.28,149.87,153.05,44.18
Green Chilli,3/1/2020,311.36,405.82,422.57,102.83
Lime,3/1/2020,341.12,425.88,463.6,103.62
Beans,4/1/2020,189.25,230.46,274.35,63.16
Carrot,4/1/2020,188.77,237.09,244.17,51.86
Cabbage,4/1/2020,192.89,239.94,272.58,63.37
Tomato,4/1/2020,195.85,249.92,255.26,56.74
Brinjal,4/1/2020,116.28,159.86,162.24,44.77
Pumpkin,4/1/2020,122.21,162.74,166.18,42.25
Snake Gourd,4/1/2020,177.72,237.13,247.96,64.82
Green Chilli,4/1/2020,205.02,278.83,266.52,67.65
Lime,4/1/2020,380.72,468.01,499.64,103.1
Beans,5/1/2020,199.63,276.86,253.64,65.62
Carrot,5/1/2020,302.51,403.66,392.77,95.71
Cabbage,5/1/2020,168.67,204.2,224.17,45.52
Tomato,5/1/2020,169.94,211.71,217.46,44.65
Brinjal,5/1/2020,172.64,212.13,235.62,51.24
Pumpkin,5/1/2020,91.36,110.68,128.59,28.28
Snake Gourd,5/1/2020,161.22,205.25,224.72,53.76
Green Chilli,5/1/2020,320.38,397.29,419,87.77
Lime,5/1/2020,254.83,326.97,340.25,78.78
Beans,6/1/2020,173.97,228.65,233.4,57.06
Carrot,6/1/2020,228.13,286.48,301.25,65.74
Cabbage,6/1/2020,184.31,239.18,247.42,58.99
Tomato,6/1/2020,220.23,296.31,303.31,79.58
Brinjal,6/1/2020,102.77,139.05,132.14,32.83
Pumpkin,6/1/2020,110.46,151.51,143.61,37.1
Snake Gourd,6/1/2020,117.49,164.23,150.53,39.89
Green Chilli,6/1/2020,224.95,308.69,288.44,73.62
Lime,6/1/2020,360.66,439.62,467.87,93.08
Beans,7/1/2020,179.59,233.81,250.09,62.36
Carrot,7/1/2020,162.68,211.47,214.91,50.51
Cabbage,7/1/2020,182.64,234.67,261.7,65.54
Tomato,7/1/2020,164.26,201.77,218.46,45.86
Brinjal,7/1/2020,136.66,176.44,186.79,44.96
Pumpkin,7/1/2020,85.66,105.49,108.77,21.47
Snake Gourd,7/1/2020,140.32,191.88,202.94,57.09
Green Chilli,7/1/2020,212.57,290.85,299.14,82.43
Lime,7/1/2020,219.6,295.2,292.2,74.1
Beans,8/1/2020,196.65,235.98,274.6,58.64
Carrot,8/1/2020,227.56,278.76,326.33,74.98
Cabbage,8/1/2020,181.63,245.17,254.25,68.08
Tomato,8/1/2020,205.15,248.91,274,56.3
Brinjal,8/1/2020,177.28,230.34,248.87,62.32
Pumpkin,8/1/2020,112.17,145.4,159.52,40.29
Snake Gourd,8/1/2020,121.46,150.08,153.82,30.49
Green Chilli,8/1/2020,220.84,294.16,301.95,77.22
Lime,8/1/2020,301.46,373.17,387.8,79.03
Beans,9/1/2020,130.23,166.96,186.67,46.59
Carrot,9/1/2020,242.88,308.04,318.47,70.38
Cabbage,9/1/2020,134.18,179.08,181.77,46.24
Tomato,9/1/2020,150.28,184.65,190.17,37.13
Brinjal,9/1/2020,175.99,245.38,242.67,68.03
Pumpkin,9/1/2020,91.71,111.04,117.53,22.58
Snake Gourd,9/1/2020,153.44,210.6,213.41,58.56
Green Chilli,9/1/2020,188.29,248.78,259.55,65.88
Lime,9/1/2020,323.49,411.9,405.34,85.13
Beans,10/1/2020,140.36,178.87,200.6,49.37
Carrot,10/1/2020,190.74,241.26,269.05,64.41
Cabbage,10/1/2020,158.41,211.18,226.6,60.48
Tomato,10/1/2020,214.78,293.6,270.01,67.03
Brinjal,10/1/2020,115.05,138.39,164.73,36.51
Pumpkin,10/1/2020,108.54,151.17,144.72,39.4
Snake Gourd,10/1/2020,89.42,117.97,125,32.06
Green Chilli,10/1/2020,229.92,312.94,296.43,74.77
Lime,10/1/2020,238.49,287.78,336.02,73.41
Beans,11/1/2020,189.7,239.23,242.53,51.18
Carrot,11/1/2020,163.69,227.78,219.3,59.85
Cabbage,11/1/2020,127.74,176.53,174.26,47.66
Tomato,11/1/2020,159.37,192.6,203.98,38.92
Brinjal,11/1/2020,94.93,114.3,131.17,27.8
Pumpkin,11/1/2020,100.95,122.11,142.2,31.2
Snake Gourd,11/1/2020,101.81,123.13,138.09,28.8
Green Chilli,11/1/2020,219.7,305.14,275.92,70.83
Lime,11/1/2020,326.48,413.74,432.41,96.6
Beans,12/1/2020,201.49,280.28,257.69,67.49
Carrot,12/1/2020,253.64,324.01,324.97,70.85
Cabbage,12/1/2020,169.69,224.76,229.91,57.64
Tomato,12/1/2020,174.86,244.05,230.39,62.36
Brinjal,12/1/2020,127.04,165.92,171.6,41.72
Pumpkin,12/1/2020,97.59,129.79,133.24,33.92
Snake Gourd,12/1/2020,138.49,175.88,194.99,46.94
Green Chilli,12/1/2020,331.89,450.94,466.92,127.04
Lime,12/1/2020,330.77,436.58,456.57,115.8
Beans,1/1/2021,214.94,266.01,284.67,60.4
Carrot,1/1/2021,237.23,290.39,306.38,61.16
Cabbage,1/1/2021,191.55,250.08,244.88,55.93
Tomato,1/1/2021,171.92,215.22,247.66,59.52
Brinjal,1/1/2021,153.03,212.06,202.44,54.22
Pumpkin,1/1/2021,98.46,119.79,129.57,26.22
Snake Gourd,1/1/2021,111.53,143.49,161.62,41.03
Green Chilli,1/1/2021,221.95,310.27,289.04,77.71
Lime,1/1/2021,346.44,447.62,486.47,120.61
Beans,2/1/2021,197.3,259.39,279.65,72.22
Carrot,2/1/2021,172.36,208.26,236.17,49.85
Cabbage,2/1/2021,170.42,229.23,225.93,57.16
Tomato,2/1/2021,194.8,262.07,277.66,75.06
Brinjal,2/1/2021,147.35,187.47,198.55,45.66
Pumpkin,2/1/2021,106.76,130.55,151.7,34.36
Snake Gourd,2/1/2021,133.33,170.28,192.12,47.87
Green Chilli,2/1/2021,316.64,399.6,405.61,85.97
Lime,2/1/2021,352.13,485.72,449.47,115.47
Beans,3/1/2021,178.11,238.25,234.32,58.17
Carrot,3/1/2021,209.89,258.51,302.88,70.81
Cabbage,3/1/2021,149.21,189.85,192.39,41.91
Tomato,3/1/2021,264.26,329.87,333.79,67.57
Brinjal,3/1/2021,179.36,226.31,224.24,45.91
Pumpkin,3/1/2021,146.75,195.18,202.49,52.09
Snake Gourd,3/1/2021,130.07,170.03,183.79,46.84
Green Chilli,3/1/2021,186.33,250.61,239.19,58.57
Lime,3/1/2021,246.87,336.05,309.09,75.7
Beans,4/1/2021,167.46,219.27,236.19,60.27
Carrot,4/1/2021,194.61,254.23,254.93,59.97
Cabbage,4/1/2021,178.26,214.23,231.84,44.78
Tomato,4/1/2021,264.11,342.36,357.14,85.64
Brinjal,4/1/2021,177.16,233.19,254.46,66.67
Pumpkin,4/1/2021,120.46,162.2,157.94,39.61
Snake Gourd,4/1/2021,169.43,214.61,214.23,44.99
Green Chilli,4/1/2021,393.98,510.63,510.28,116.47
Lime,4/1/2021,321.15,431.83,455.65,122.59
Beans,5/1/2021,149.91,204.74,195.26,50.09
Carrot,5/1/2021,308.96,428.2,413.94,112.11
Cabbage,5/1/2021,259.85,329.7,336.14,73.07
Tomato,5/1/2021,265.86,350.75,373.09,96.06
Brinjal,5/1/2021,171.15,238.86,231.53,64.04
Pumpkin,5/1/2021,110.28,152.14,143.83,37.7
Snake Gourd,5/1/2021,123.82,162.72,173.36,44.22
Green Chilli,5/1/2021,216.64,265.28,312.75,72.38
Lime,5/1/2021,262.22,358.4,346.19,90.07
Beans,6/1/2021,160.16,223.87,231.79,67.67
Carrot,6/1/2021,251.61,325.27,362.32,92.18
Cabbage,6/1/2021,187.43,251.39,255.05,65.79
Tomato,6/1/2021,234.33,305.83,319.79,78.48
Brinjal,6/1/2021,203.21,256.47,284.01,67.03
Pumpkin,6/1/2021,124.15,152.65,162.86,33.61
Snake Gourd,6/1/2021,154.13,186.75,214.04,46.26
Green Chilli,6/1/2021,291.51,350.59,376.54,72.06
Lime,6/1/2021,241.61,296.08,344.19,78.52
Beans,7/1/2021,221.25,268.89,317.02,71.7
Carrot,7/1/2021,181.12,229.21,254.03,60.5
Cabbage,7/1/2021,152.47,185.02,195.08,37.58
Tomato,7/1/2021,161.89,204.05,207.7,43.99
Brinjal,7/1/2021,168.65,233.71,241.43,68.92
Pumpkin,7/1/2021,89.21,111.65,124.75,28.99
Snake Gourd,7/1/2021,172.08,225.27,223.25,52.18
Green Chilli,7/1/2021,345.53,456.05,467.88,116.44
Lime,7/1/2021,227.7,280.06,299.65,62.16
Beans,8/1/2021,160.76,224.65,216.81,59.97
Carrot,8/1/2021,231.96,298.95,296.01,65.52
Cabbage,8/1/2021,184.77,242.72,267.69,70.43
Tomato,8/1/2021,153.54,207.16,200.99,50.54
Brinjal,8/1/2021,117.91,149.45,162.27,37.95
Pumpkin,8/1/2021,151.93,206.08,200.83,51.53
Snake Gourd,8/1/2021,137.75,166.94,178.94,35.19
Green Chilli,8/1/2021,239.34,315.68,316.21,76.6
Lime,8/1/2021,249.2,331.92,334.03,83.78
Beans,9/1/2021,237.7,309.62,328.4,81.31
Carrot,9/1/2021,183.73,220.8,253.57,53.46
Cabbage,9/1/2021,144.69,193.77,184.61,44.5
Tomato,9/1/2021,245.24,325.64,315.27,75.21
Brinjal,9/1/2021,132.48,178.2,189.71,51.48
Pumpkin,9/1/2021,106.29,131.46,138.83,28.86
Snake Gourd,9/1/2021,128.72,176.89,163,41.22
Green Chilli,9/1/2021,311.09,391.72,433.24,101.39
Lime,9/1/2021,220.25,282.42,277.01,59.46
Beans,10/1/2021,213.33,284.15,307.15,82.32
Carrot,10/1/2021,161.46,198.57,204.78,40.21
Cabbage,10/1/2021,173.03,222.29,227.31,51.77
Tomato,10/1/2021,179.63,248.98,260.41,75.07
Brinjal,10/1/2021,158.44,221.08,199.19,51.7
Pumpkin,10/1/2021,87.79,105.9,125.45,27.88
Snake Gourd,10/1/2021,130.59,156.95,164.61,30.19
Green Chilli,10/1/2021,313.1,390.37,406.13,85.15
Lime,10/1/2021,299.76,372.04,426,99.26
Beans,11/1/2021,194.25,243.73,246.09,50.66
Carrot,11/1/2021,167.21,227.99,225.52,59.54
Cabbage,11/1/2021,135.91,168.74,191.76,44.34
Tomato,11/1/2021,197.76,253.51,269.88,63.94
Brinjal,11/1/2021,120.09,167.48,167.44,47.37
Pumpkin,11/1/2021,125.61,169.57,177.97,48.16
Snake Gourd,11/1/2021,130.94,163.34,187.59,44.53
Green Chilli,11/1/2021,212.12,262.29,292.92,65.49
Lime,11/1/2021,279.05,354.27,360.31,78.24
Beans,12/1/2021,191.55,264.99,247.29,64.59
Carrot,12/1/2021,225.49,299.68,316.09,82.39
Cabbage,12/1/2021,157.67,209.64,203.4,48.85
Tomato,12/1/2021,184.1,251.13,241.74,62.34
Brinjal,12/1/2021,137.78,168.54,172.72,32.85
Pumpkin,12/1/2021,84.24,113.45,113.04,29.01
Snake Gourd,12/1/2021,114.03,149.77,160.45,41.08
Green Chilli,12/1/2021,265.29,342.43,355.75,83.8
Lime,12/1/2021,265.89,351.49,332.42,76.07
Beans,1/1/2022,183.5,230.77,254.31,59.04
Carrot,1/1/2022,191.57,268.13,262.72,73.86
Cabbage,1/1/2022,143.74,200.1,198.72,55.67
Tomato,1/1/2022,183.23,227.64,241.9,51.54
Brinjal,1/1/2022,125.1,150.6,177.55,38.98
Pumpkin,1/1/2022,105.54,129.73,150.21,34.43
Snake Gourd,1/1/2022,106.18,143.97,142.1,36.85
Green Chilli,1/1/2022,240.17,297.98,324.09,70.87
Lime,1/1/2022,381.04,490.63,519.87,124.21
Beans,2/1/2022,194.99,237.09,264.85,55.98
Carrot,2/1/2022,296.57,365.75,376.14,74.38
Cabbage,2/1/2022,189.45,237.67,270,64.39
Tomato,2/1/2022,182.3,254.24,251.08,70.36
Brinjal,2/1/2022,132.53,168.04,182.85,42.91
Pumpkin,2/1/2022,128.1,162.1,170.34,38.12
Snake Gourd,2/1/2022,135.4,182.39,177.04,44.31
Green Chilli,2/1/2022,325.01,425.9,437.35,106.62
Lime,2/1/2022,251.63,324.71,348.8,85.12
Beans,3/1/2022,303.36,396,394.32,91.8
Carrot,3/1/2022,190.67,229.44,248.57,48.34
Cabbage,3/1/2022,191.39,251.87,269.22,69.16
Tomato,3/1/2022,283.13,376.38,408.05,109.08
Brinjal,3/1/2022,142.97,177.92,195.89,43.93
Pumpkin,3/1/2022,97.82,127.65,133.59,32.8
Snake Gourd,3/1/2022,123.12,158.99,177.28,45.02
Green Chilli,3/1/2022,301.98,393.79,435.5,112.66
Lime,3/1/2022,426.01,548.4,542.46,119.42
Beans,4/1/2022,267.38,367.2,341.39,86.92
Carrot,4/1/2022,251.09,304.47,348.61,75.45
Cabbage,4/1/2022,162.6,219.72,226.39,60.46
Tomato,4/1/2022,330.38,449.72,468,128.48
Brinjal,4/1/2022,231.54,310,291.57,69.24
Pumpkin,4/1/2022,118.8,164.95,157.15,42.25
Snake Gourd,4/1/2022,115.79,140.04,158.39,33.42
Green Chilli,4/1/2022,318.74,386.72,450.82,100.03
Lime,4/1/2022,445.27,622.14,616.38,173.99
Beans,5/1/2022,202.87,245.64,263.81,51.85
Carrot,5/1/2022,188.97,241.99,264.47,64.26
Cabbage,5/1/2022,144.75,185.41,183.23,39.57
Tomato,5/1/2022,188.19,249.02,242.4,57.52
Brinjal,5/1/2022,168.48,209.01,222.51,47.28
Pumpkin,5/1/2022,107.31,128.88,154.38,34.32
Snake Gourd,5/1/2022,154.26,198.7,205.17,47.68
Green Chilli,5/1/2022,270.17,339.99,343.13,71.39
Lime,5/1/2022,243.75,333.36,329.31,87.58
Beans,6/1/2022,182.88,232.69,243.57,55.25
Carrot,6/1/2022,272.1,357.85,350.97,82.31
Cabbage,6/1/2022,214.57,292.11,302.84,82.9
Tomato,6/1/2022,209.73,288.25,266.31,67.55
Brinjal,6/1/2022,151.41,190.64,217.73,52.77
Pumpkin,6/1/2022,118.08,153.02,148.65,32.76
Snake Gourd,6/1/2022,146.97,203.09,191.36,50.26
Green Chilli,6/1/2022,244.92,295.14,316.63,60.96
Lime,6/1/2022,247.55,340.65,331.82,88.68
Beans,7/1/2022,151.03,181.88,200.08,39.95
Carrot,7/1/2022,228.92,317,294.2,76.68
Cabbage,7/1/2022,212.58,285.42,274.08,67.17
Tomato,7/1/2022,198.82,241.61,262.15,53.06
Brinjal,7/1/2022,143.51,194.64,192.44,50.03
Pumpkin,7/1/2022,117.08,154.42,156.48,38.37
Snake Gourd,7/1/2022,168.92,210.4,223.98,48.27
Green Chilli,7/1/2022,357.43,447.79,486.15,109.54
Lime,7/1/2022,361.46,493.83,477.51,124.21
Beans,8/1/2022,267.82,335.37,381.89,90.81
Carrot,8/1/2022,174.24,226.25,229.6,53.68
Cabbage,8/1/2022,196.41,274.56,246.95,64.34
Tomato,8/1/2022,171.95,219.96,231.94,54
Brinjal,8/1/2022,177.57,245.01,249.64,69.76
Pumpkin,8/1/2022,133.11,164.15,167.61,32.77
Snake Gourd,8/1/2022,133.21,180.12,183.66,48.68
Green Chilli,8/1/2022,246.69,338.84,356.73,101.1
Lime,8/1/2022,324.75,417.01,435.22,101.36
Beans,9/1/2022,221.95,292.16,310.34,79.3
Carrot,9/1/2022,205.08,274.07,289.5,76.7
Cabbage,9/1/2022,172.86,223.3,235.42,56.5
Tomato,9/1/2022,183.07,220.12,236.23,45.1
Brinjal,9/1/2022,200.51,250.73,261.3,55.51
Pumpkin,9/1/2022,153.63,185.47,209.17,43.69
Snake Gourd,9/1/2022,120.64,163.75,153.13,37.8
Green Chilli,9/1/2022,243.14,332.49,328.44,87.33
Lime,9/1/2022,429.14,564.96,545.51,126.1
Beans,10/1/2022,143.11,171.9,184.48,35.08
Carrot,10/1/2022,319.45,420.87,410.58,96.28
Cabbage,10/1/2022,157.21,192.81,212.83,45.61
Tomato,10/1/2022,169.84,231.48,239.48,65.64
Brinjal,10/1/2022,138.21,166.85,185.95,38.19
Pumpkin,10/1/2022,128.58,161.2,177.25,40.64
Snake Gourd,10/1/2022,128.12,156.79,184.26,42.4
Green Chilli,10/1/2022,278.59,335.58,397.84,88.12
Lime,10/1/2022,375.37,478.1,538.83,133.1
Beans,11/1/2022,169.34,222.72,222.88,53.46
Carrot,11/1/2022,348.5,424.59,491.32,109.45
Cabbage,11/1/2022,127.47,160.22,172.23,38.75
Tomato,11/1/2022,155.21,213.11,198.78,50.74
Brinjal,11/1/2022,124.36,164.91,162.47,39.33
Pumpkin,11/1/2022,151.43,193.29,211.22,50.82
Snake Gourd,11/1/2022,92.84,116.85,120.35,25.76
Green Chilli,11/1/2022,187.48,239.69,251.39,58.06
Lime,11/1/2022,346.51,455.84,497.36,130.09
Beans,12/1/2022,201.58,259.66,279.15,67.82
Carrot,12/1/2022,226.55,274.32,327.45,74.33
Cabbage,12/1/2022,197.21,255.39,255.35,58.16
Tomato,12/1/2022,255.43,356.73,367.88,106.88
Brinjal,12/1/2022,136.34,188.88,188.94,52.57
Pumpkin,12/1/2022,99.69,123.96,135.45,30.01
Snake Gourd,12/1/2022,99.63,134.09,129.07,31.95
Green Chilli,12/1/2022,253.11,328.84,349.59,86.1
Lime,12/1/2022,373.96,470.47,524.87,123.71
Beans,1/1/2023,229.26,288.04,296.82,63.17
Carrot,1/1/2023,264.64,365.44,368.84,102.5
Cabbage,1/1/2023,205.43,247.46,258.8,47.7
Tomato,1/1/2023,244.69,342.21,348.68,100.76
Brinjal,1/1/2023,243.55,333.21,305.28,75.69
Pumpkin,1/1/2023,157.66,196.25,224.21,52.57
Snake Gourd,1/1/2023,138.48,179.42,190.93,46.7
Green Chilli,1/1/2023,254.27,337.06,343.29,85.9
Lime,1/1/2023,414.32,515.5,555.77,121.32
Beans,2/1/2023,178.45,245.84,258.51,73.73
Carrot,2/1/2023,254.73,307.81,348.88,73.62
Cabbage,2/1/2023,192.59,254.5,264.86,67.09
Tomato,2/1/2023,177.36,225.84,226.62,48.87
Brinjal,2/1/2023,160.56,220.27,219.83,59.49
Pumpkin,2/1/2023,167.18,228.02,232.85,63.26
Snake Gourd,2/1/2023,204.87,254.43,266.69,55.69
Green Chilli,2/1/2023,353.36,459.04,462.71,107.51
Lime,2/1/2023,242.73,300.41,331.77,73.36
Beans,3/1/2023,200.94,256.7,275.22,65.02
Carrot,3/1/2023,216.6,294.09,272.75,66.82
Cabbage,3/1/2023,247.06,299.11,339.36,72.18
Tomato,3/1/2023,166.81,214.87,209.82,45.54
Brinjal,3/1/2023,143.6,173.69,196.43,41.46
Pumpkin,3/1/2023,124.15,171.61,164.97,44.14
Snake Gourd,3/1/2023,124.42,172.7,174.05,48.96
Green Chilli,3/1/2023,280.83,338.21,385.95,81.25
Lime,3/1/2023,308.03,374.13,411.87,84.97
Beans,4/1/2023,174.04,239.66,250.6,71.09
Carrot,4/1/2023,213.46,264.11,281.85,59.52
Cabbage,4/1/2023,167.84,204.52,222.02,45.43
Tomato,4/1/2023,245.98,302.19,322.87,66.55
Brinjal,4/1/2023,214.54,268.46,297.51,68.44
Pumpkin,4/1/2023,128.11,163.42,173.11,40.15
Snake Gourd,4/1/2023,125.29,151.68,160.39,30.74
Green Chilli,4/1/2023,428.26,546.26,594.04,141.89
Lime,4/1/2023,305.61,408.76,439.84,118.69
Beans,5/1/2023,183.34,248.28,237.82,59.71
Carrot,5/1/2023,235.24,316.16,309.41,77.55
Cabbage,5/1/2023,206.26,248.7,296.12,66.15
Tomato,5/1/2023,297.46,383.73,421.79,105.3
Brinjal,5/1/2023,181.47,232.01,250.79,59.93
Pumpkin,5/1/2023,161.12,200.47,219.66,48.94
Snake Gourd,5/1/2023,109.89,151.84,152.5,42.28
Green Chilli,5/1/2023,245.57,311.67,320.23,70.38
Lime,5/1/2023,275.66,378.63,356.22,91.76
Beans,6/1/2023,188.3,260.68,253.81,68.94
Carrot,6/1/2023,180.19,221.2,253.11,56.96
Cabbage,6/1/2023,252.73,306.49,328.12,64.58
Tomato,6/1/2023,187,254.7,259.45,70.07
Brinjal,6/1/2023,166.61,215.83,218.98,50.79
Pumpkin,6/1/2023,151.79,186.91,192.97,38.15
Snake Gourd,6/1/2023,173.55,224.43,244.41,60.87
Green Chilli,6/1/2023,275.19,373.75,369.07,96.22
Lime,6/1/2023,399.78,486.6,504.29,95.67
Beans,7/1/2023,167.37,212.55,221.43,49.62
Carrot,7/1/2023,290.89,397.74,385.96,100.96
Cabbage,7/1/2023,157.87,213.92,220.21,59.19
Tomato,7/1/2023,166.75,224.85,230.32,60.83
Brinjal,7/1/2023,213.08,297.08,278.7,74.81
Pumpkin,7/1/2023,104.07,140.27,141.52,36.83
Snake Gourd,7/1/2023,120.92,167.83,161.48,43.74
Green Chilli,7/1/2023,244.68,299.62,325.33,67.79
Lime,7/1/2023,250.5,320.98,337.4,78.69
Beans,8/1/2023,216.58,289.44,309.13,82.7
Carrot,8/1/2023,254.13,350.27,321.24,81.62
Cabbage,8/1/2023,252.54,324.64,347.83,83.7
Tomato,8/1/2023,255.41,323.74,353.76,83.34
Brinjal,8/1/2023,214.76,277.89,287.53,67.95
Pumpkin,8/1/2023,122.14,156.94,153.67,33.16
Snake Gourd,8/1/2023,118.95,161.63,168.04,45.88
Green Chilli,8/1/2023,296.61,410.7,383.47,100.48
Lime,8/1/2023,434.89,581.9,543.86,127.99
Beans,9/1/2023,180.57,218.6,246.29,51.88
Carrot,9/1/2023,262.75,330.23,352.86,78.8
Cabbage,9/1/2023,154.91,203.82,194.32,44.16
Tomato,9/1/2023,255.75,330.68,353.14,86.16
Brinjal,9/1/2023,216.96,264.41,302.11,66.3
Pumpkin,9/1/2023,146.75,196.38,204.24,53.56
Snake Gourd,9/1/2023,122.29,146.96,169.25,35.82
Green Chilli,9/1/2023,317.32,394.78,447.41,103.78
Lime,9/1/2023,386.58,527.15,502.45,128.22
Beans,10/1/2023,283.1,363.42,380.77,88.99
Carrot,10/1/2023,299.48,413.59,413.79,114.21
Cabbage,10/1/2023,139.16,179.32,175.01,38
Tomato,10/1/2023,286.95,362,388.84,88.47
Brinjal,10/1/2023,148.64,194.47,187.47,42.33
Pumpkin,10/1/2023,141.11,184.47,191.32,46.78
Snake Gourd,10/1/2023,120.48,153.87,171.91,42.41
Green Chilli,10/1/2023,259.03,345.27,373.6,100.41
Lime,10/1/2023,340.2,409.19,467.67,98.23
Beans,11/1/2023,199.95,251.03,263.33,57.23
Carrot,11/1/2023,207.21,286.17,272.14,71.94
Cabbage,11/1/2023,154.75,204.63,211.33,53.23
Tomato,11/1/2023,225.7,304.81,307.17,80.29
Brinjal,11/1/2023,208.54,282.84,275.98,70.87
Pumpkin,11/1/2023,113.89,155.46,145.73,36.7
Snake Gourd,11/1/2023,183.77,240.3,253.42,63.09
Green Chilli,11/1/2023,313.23,389.26,451.88,107.34
Lime,11/1/2023,262.18,350.4,371.55,98.79
Beans,12/1/2023,219.43,288.88,275.04,62.53
Carrot,12/1/2023,173.41,219.87,230.99,52.02
Cabbage,12/1/2023,175.39,243.97,224.1,58.65
Tomato,12/1/2023,298.76,366.63,418.94,94.02
Brinjal,12/1/2023,238.22,311.74,312.93,74.12
Pumpkin,12/1/2023,174.7,229.7,234.74,57.52
Snake Gourd,12/1/2023,121.38,165.57,153.17,37.99
Green Chilli,12/1/2023,249.94,348.1,333.21,90.72
Lime,12/1/2023,399.92,542.59,526.42,134.58
Beans,1/1/2024,267.67,340.87,343.85,74.69
Carrot,1/1/2024,297.94,395.96,420.19,110.14
Cabbage,1/1/2024,153.88,201.07,194.02,43.67
Tomato,1/1/2024,205.34,256.56,267.89,56.88
Brinjal,1/1/2024,151.42,201.15,215.51,56.91
Pumpkin,1/1/2024,132.55,162.64,179.61,38.57
Snake Gourd,1/1/2024,147.31,177.25,194.83,38.73
Green Chilli,1/1/2024,315.42,423.09,456.69,124.47
Lime,1/1/2024,548.05,725.14,703.6,166.32
Beans,2/1/2024,327.03,405.77,472.71,112.21
Carrot,2/1/2024,212.79,279.04,285.88,69.67
Cabbage,2/1/2024,214.7,286.81,281.98,69.7
Tomato,2/1/2024,273.06,338.88,362.1,77.43
Brinjal,2/1/2024,149.05,183.62,188.8,37.16
Pumpkin,2/1/2024,167.12,200.76,228,47.26
Snake Gourd,2/1/2024,189.37,235.45,255.2,55.95
Green Chilli,2/1/2024,462.31,601.65,599.37,138.2
Lime,2/1/2024,406.62,528.44,566.84,141.02
Beans,3/1/2024,297.64,369.92,386.68,80.66
Carrot,3/1/2024,277.27,368.08,358.11,85.83
Cabbage,3/1/2024,240.85,316.17,309.42,71.95
Tomato,3/1/2024,245.44,321.51,323.91,77.27
Brinjal,3/1/2024,170.21,210.14,232.39,51.05
Pumpkin,3/1/2024,140.86,196.54,180.05,47.43
Snake Gourd,3/1/2024,132.44,184.56,181.53,50.6
Green Chilli,3/1/2024,239.98,310.53,316.83,73.7
Lime,3/1/2024,328.84,439.94,428.03,105.15
Beans,4/1/2024,243.47,296.68,325.58,67.66
Carrot,4/1/2024,322.12,408.05,440.45,102.13
Cabbage,4/1/2024,179.66,221.6,231.95,47.11
Tomato,4/1/2024,315.75,431.83,452.5,126.42
Brinjal,4/1/2024,195.38,252.53,258.34,60.05
Pumpkin,4/1/2024,150,204.79,199.15,51.97
Snake Gourd,4/1/2024,133.47,162.68,191.33,43.54
Green Chilli,4/1/2024,267.75,369.71,373.18,103.7
Lime,4/1/2024,541.33,757.52,760.32,217.59
Beans,5/1/2024,293.37,373.2,377.43,81.94
Carrot,5/1/2024,229.81,285.62,321.62,73.81
Cabbage,5/1/2024,200.1,247.44,263.05,55.15
Tomato,5/1/2024,298.11,383.47,392.04,89.65
Brinjal,5/1/2024,193.73,268.08,255.8,68.21
Pumpkin,5/1/2024,135.1,168.04,192.3,45.07
Snake Gourd,5/1/2024,146.19,182.43,208.58,49.32
Green Chilli,5/1/2024,240.28,331.74,313.24,82.21
Lime,5/1/2024,441.21,537.64,562.36,108.79
Beans,6/1/2024,230.37,309.9,300.25,74.7
Carrot,6/1/2024,315.59,402.08,454.21,112.56
Cabbage,6/1/2024,201.19,243.67,290.67,65.98
Tomato,6/1/2024,281.3,374.78,363.56,87.87
Brinjal,6/1/2024,154.33,214.13,202.91,54.19
Pumpkin,6/1/2024,107.25,130.56,143.09,29.58
Snake Gourd,6/1/2024,169.38,229.51,217.71,54.23
Green Chilli,6/1/2024,278.61,382.12,396.59,110.74
Lime,6/1/2024,411.33,525.79,552.14,127.64
Beans,7/1/2024,169,231.32,238.47,65.9
Carrot,7/1/2024,246.65,328.87,353.09,94.33
Cabbage,7/1/2024,262.5,329.51,379.74,92.12
Tomato,7/1/2024,291.3,368.32,399.42,92.57
Brinjal,7/1/2024,248.8,325.76,317.54,72.85
Pumpkin,7/1/2024,116.93,155.42,150.02,35.79
Snake Gourd,7/1/2024,224.46,294.46,317.95,81.74
Green Chilli,7/1/2024,255.97,312.71,358.32,79.54
Lime,7/1/2024,358.08,440.26,507.61,115.86
Beans,8/1/2024,227.21,298.23,328.51,86.16
Carrot,8/1/2024,280.7,369.81,398.47,103.44
Cabbage,8/1/2024,156.78,191.87,202.08,40.2
Tomato,8/1/2024,186,226.77,250.49,52.63
Brinjal,8/1/2024,199.55,272.02,279.15,76.03
Pumpkin,8/1/2024,101.42,130.13,141.27,34.28
Snake Gourd,8/1/2024,188,254.14,240.49,59.32
Green Chilli,8/1/2024,308.01,394.13,425.55,101.83
Lime,8/1/2024,279.04,339.84,349.29,65.52
Beans,9/1/2024,180.72,239.27,230.09,53.96
Carrot,9/1/2024,185.26,225.05,250.8,52.67
Cabbage,9/1/2024,175.8,241.09,220.72,55.1
Tomato,9/1/2024,198.86,242.95,252.81,49.02
Brinjal,9/1/2024,180.23,247.43,256.1,71.54
Pumpkin,9/1/2024,89.14,120.8,112.58,27.55
Snake Gourd,9/1/2024,140.48,177.9,202.05,49.5
Green Chilli,9/1/2024,304.11,419.66,404.89,108.16
Lime,9/1/2024,412.25,555.41,539.74,135.32
Beans,10/1/2024,229.41,286.75,322.68,75.31
Carrot,10/1/2024,226.57,275.15,313.1,67.56
Cabbage,10/1/2024,188.6,258.66,268.76,75.11
Tomato,10/1/2024,304.76,399.05,421.77,105.65
Brinjal,10/1/2024,204.41,283.29,284.48,79.48
Pumpkin,10/1/2024,137.02,180.42,175.41,40.89
Snake Gourd,10/1/2024,136.71,191.37,180.88,49.41
Green Chilli,10/1/2024,390.74,513.7,535.7,133.96
Lime,10/1/2024,390.88,482.07,559.11,129.71
Beans,11/1/2024,161.37,196.22,228.2,50.84
Carrot,11/1/2024,224.43,314.03,322.3,93.73
Cabbage,11/1/2024,233.24,312.64,335.61,90.88
Tomato,11/1/2024,161.17,199.24,223.99,50.45
Brinjal,11/1/2024,218.3,289.18,281.21,66.89
Pumpkin,11/1/2024,126.39,154.24,178.43,39.95
Snake Gourd,11/1/2024,116.62,141.75,161.9,35.2
Green Chilli,11/1/2024,335.75,416.66,467.98,106.57
Lime,11/1/2024,482.17,591.79,617.25,122.35
Beans,12/1/2024,264.65,344.32,337.79,76.41
Carrot,12/1/2024,181.11,235.16,254.48,63.71
Cabbage,12/1/2024,260.43,313.85,334.15,63.57
Tomato,12/1/2024,260.19,332,330.84,71.23
Brinjal,12/1/2024,122.39,156.87,161.99,37.04
Pumpkin,12/1/2024,132.15,183.73,175.91,47.67
Snake Gourd,12/1/2024,151.15,190.81,213.09,50.8
Green Chilli,12/1/2024,339.65,448.11,485.82,127.32
Lime,12/1/2024,315.62,379.45,434.63,91.42
Beans,1/1/2025,177.96,243.11,257.62,72.4
Carrot,1/1/2025,330.38,423.26,473.26,117.88
Cabbage,1/1/2025,340.33,436.47,473.94,114.88
Tomato,1/1/2025,263.22,335.54,349.17,79.13
Brinjal,1/1/2025,241.82,304.49,343.73,82.29
Pumpkin,1/1/2025,179.7,251.33,234.5,63.22
Snake Gourd,1/1/2025,209.82,267.5,281.42,64.64
Green Chilli,1/1/2025,388.71,526.23,536.63,142.72
Lime,1/1/2025,458.22,638.01,649.95,185.76
Beans,2/1/2025,325.43,439.8,426.38,107.66
Carrot,2/1/2025,277.79,377.53,362.32,92.13
Cabbage,2/1/2025,315.59,403.66,432.41,102.45
Tomato,2/1/2025,311.95,375.12,396.33,73.78
Brinjal,2/1/2025,229.22,290.48,299.3,65.67
Pumpkin,2/1/2025,118.12,159.62,159.46,41.42
Snake Gourd,2/1/2025,188.03,251.74,244.03,59.86
Green Chilli,2/1/2025,363.04,445.86,478.53,99.15
Lime,2/1/2025,483.9,634.81,628.7,147.86
Beans,3/1/2025,303.36,381.88,408.5,91.83
Carrot,3/1/2025,409.91,513.06,588.62,140.93
Cabbage,3/1/2025,226.46,284.98,302.46,67.26
Tomato,3/1/2025,192.12,238.99,240.76,47.76
Brinjal,3/1/2025,247.03,327.35,319.02,76.16
Pumpkin,3/1/2025,210.56,278.44,293.19,75.26
Snake Gourd,3/1/2025,244.98,318.13,328.81,78.49
Green Chilli,3/1/2025,266.35,351.19,336.82,77.65
Lime,3/1/2025,392.88,494.41,522.4,115.52
Beans,4/1/2025,186.4,253.76,238.84,59.9
Carrot,4/1/2025,252.41,316.45,356.44,84.04
Cabbage,4/1/2025,242.86,335.35,334.04,91.84
Tomato,4/1/2025,316.34,411.31,454.44,116.54
Brinjal,4/1/2025,168.88,226.73,215.78,52.38
Pumpkin,4/1/2025,119.29,146.51,163.46,35.69
Snake Gourd,4/1/2025,164.02,209.72,209.6,45.64
Green Chilli,4/1/2025,453.73,604.77,569.83,133.57
Lime,4/1/2025,495.29,679.7,641.53,165.32
Beans,5/1/2025,200.18,255.88,264.88,60.2
Carrot,5/1/2025,252.6,351.62,354.47,100.45
Cabbage,5/1/2025,248.6,333.06,326.22,81.04
Tomato,5/1/2025,197.17,264.33,272.45,71.22
Brinjal,5/1/2025,135.39,183.51,187.92,50.32
Pumpkin,5/1/2025,139.58,181.58,188.58,45.5
Snake Gourd,5/1/2025,160.64,202.14,210.9,45.88
Green Chilli,5/1/2025,349.31,434.61,478.24,107.12
Lime,5/1/2025,534.86,655.38,722.97,154.32
Beans,6/1/2025,241.82,330.42,320.16,83.47
Carrot,6/1/2025,276.2,381.16,367.49,98.13
Cabbage,6/1/2025,177.27,221.49,249.58,58.26
Tomato,6/1/2025,194.21,261.32,279.52,76.21
Brinjal,6/1/2025,170.78,238.06,245.87,71.18
Pumpkin,6/1/2025,201.37,242.06,273.64,56.48
Snake Gourd,6/1/2025,156.66,208.7,198.24,46.81
Green Chilli,6/1/2025,343.79,437.87,457.43,103.86
Lime,6/1/2025,318.27,418.14,444.57,113.08
Beans,7/1/2025,194.88,236.27,254.99,50.75
Carrot,7/1/2025,359.23,477.49,456.34,107.68
Cabbage,7/1/2025,174.34,228.81,239.01,59.57
Tomato,7/1/2025,226.98,298.64,319.38,82.03
Brinjal,7/1/2025,138.1,165.95,181.05,35.4
Pumpkin,7/1/2025,187.22,236.14,266.44,64.07
Snake Gourd,7/1/2025,200.1,273.85,265.99,69.82
Green Chilli,7/1/2025,377.56,502.93,527.72,137.77
Lime,7/1/2025,396.67,537.83,544.68,144.58
Beans,8/1/2025,155.39,210.51,223.17,61.45
Carrot,8/1/2025,408.7,562.51,520.95,133.03
Cabbage,8/1/2025,177.94,229.56,237.12,55.4
Tomato,8/1/2025,208.7,252.6,289.64,62.42
Brinjal,8/1/2025,241.03,316.07,337.56,85.78
Pumpkin,8/1/2025,102.87,133.49,129.8,28.78
Snake Gourd,8/1/2025,246.06,338.07,327.69,86.82
Green Chilli,8/1/2025,222.39,287.54,282.33,62.55
Lime,8/1/2025,259.31,348.34,350.26,89.99
